relative_path,in_same_path_drift,in_four_root_reconciliation,historical_variant_count,historical_variant_sha256,historical_copy_roots,working_vs_runtime,working_sha256_at_freeze,recovery_sha256_at_freeze,runtime_sha256_at_freeze,custody_status,decision_rationale,decision_evidence
.gitignore,True,False,2,3da3b072e4fa50524936a52692b191d986d31050f2c4fe1a05dae9d18260e16b;8990aa900988cd65b9ce0dac05761928fe223d8d3251b50a7252b8f8086c1ffd,forensic_a;forensic_b;visual_recovery;workspace_outer,,,,,REVIEWED_ACTIVE_RETAIN_HISTORICAL_NO_PORT,Both preserved variants omit runtime-control ignores and the reviewed corrective-plan exception; forensic_b additionally ignores build/dist. Retain the active policy and preserve both old bytes without porting either variant.,audit/GATE0_GITIGNORE_DECISION_2026-09-30.json; exact variant hashes; current HEAD hash; git check-ignore probes
config/acceptance_policy_manifest.json,False,True,0,,,CHANGED,08b028ae4ce3188868a3009d3d556c3df61b6dcd47370c10d83a4d3102e6fb31,65d88e28ee4f1201cea95a0777afd5aebcd26b2dd638764a2393f5ab17e4d923,65d88e28ee4f1201cea95a0777afd5aebcd26b2dd638764a2393f5ab17e4d923,REVIEWED_EXACT_POLICY_MANIFEST_PORT,Ported the preserved 15-minute strict L2 maximum gap requirement exactly; all authority fields remain false.,audit/GATE0_SELECTED_SAFETY_SOURCE_RECONCILIATION_2026-09-30.json
config/collection_launch_runtime.json,False,True,0,,,RUNTIME_ONLY,,,b5abb8736eda54c79155febe3f0246a331833a29990bf26e4f6722d1f945ba84,REVIEWED_STALE_COLLECTION_RUNTIME_CONFIG_NO_PORT,"Historical 2026-09-16 read-only launch runtime names a personal interpreter and a lock hash that differs from the canonical Expansion uv.lock; preservation only, no active launch authority.",audit/GATE0_COLLECTION_RUNTIME_CONFIG_SOURCE_RECONCILIATION_2026-09-30.json
config/collection_prestart_runtime_candidate.json,False,True,0,,,RUNTIME_ONLY,,,48dc1134a1489b9cb066ea55481490693077e25a049d4b06288bd796e3c0c715,REVIEWED_STALE_COLLECTION_RUNTIME_CONFIG_NO_PORT,Historical candidate explicitly says CANDIDATE_NOT_ADOPTED and names an older lock and personal interpreter; preservation only.,audit/GATE0_COLLECTION_RUNTIME_CONFIG_SOURCE_RECONCILIATION_2026-09-30.json
config/collection_verification_batches.json,False,True,0,,,RUNTIME_ONLY,,3f9f44b2572e26504e74bcb23fcf8a28281ee76916da72b3394e485844d69b8d,3f9f44b2572e26504e74bcb23fcf8a28281ee76916da72b3394e485844d69b8d,REVIEWED_STALE_COLLECTION_RUNTIME_CONFIG_NO_PORT,Historical batch manifest enumerates 2411 old test node IDs; 118 of 129 referenced test paths are absent in the canonical checkout; no current verification authority.,audit/GATE0_COLLECTION_RUNTIME_CONFIG_SOURCE_RECONCILIATION_2026-09-30.json
config/collection_verification_scope.json,False,True,0,,,RUNTIME_ONLY,,3cd182480eba6f926f3b48dd03c2856db28fadefc3ebfe7bbe9abdd4e23749e8,3cd182480eba6f926f3b48dd03c2856db28fadefc3ebfe7bbe9abdd4e23749e8,REVIEWED_STALE_COLLECTION_RUNTIME_CONFIG_NO_PORT,"Historical 2411-node test scope spans 129 paths, 118 absent in the canonical checkout; preserve as evidence, not an active test plan.",audit/GATE0_COLLECTION_RUNTIME_CONFIG_SOURCE_RECONCILIATION_2026-09-30.json
config/corrective_artifact_retention.json,True,False,1,45c32dfe8207e277a0e449511a994b727ab5d08c14c0df7976aee9ed5bae66db,forensic_b;visual_recovery,,,,,REVIEWED_OMITTED_VARIANT_NO_PORT,"Historical 45c32dfe8207e277a0e449511a994b727ab5d08c14c0df7976aee9ed5bae66db reviewed against selected 24bfd020399006c025d48e95552ac4a2c02e6b7bf8641ca8fee6eb6e8a7f7300. Selected policy reduces scheduler log limit and requires 14-day retention, mode 0600, no symlinks, and no secret content; historical policy omits these runtime log guards. Retain selected active bytes; no authority or provider use authorized.",audit/GATE0_UNION_OMISSION_GAP_2026-09-30.json; audit/GATE0_OMITTED_UNION_NON_ORCHESTRATION_RECONCILIATION_2026-09-30.json
config/crypto_wizards_dashboard_research_specialist.json,False,True,0,,,RUNTIME_ONLY,,,477130c9b237b6dbf296d4370e037aabc9bd5e9a8456b85d1b8f1a890eb48608,REVIEWED_DEPENDENT_RUNTIME_CONFIG_DEFERRED_NO_PORT,"Runtime-only research declaration awaiting authenticated browser capture; the candidate agent registry and governance routes are absent from the active source. The exact saved bytes grant no order, policy, critic, or teacher-vote authority. Retain as preserved candidate until its consumer and evidence contract are reviewed.",audit/GATE0_WIZARD_RUNTIME_CONFIG_DECISION_2026-09-30.json; exact LocalRuntime and Mac savepoint SHA-256; runtime consumer check
config/crypto_wizards_keychain_reference.json,False,True,0,,,RUNTIME_ONLY,,,ba2cf25796ef3941669b6abfa89d1b642d7ba85542cb749fd34d8b1dd7a3ced3,REVIEWED_DEPENDENT_RUNTIME_CONFIG_DEFERRED_NO_PORT,"Runtime-only non-secret macOS Keychain service selector. The daily runner exists in active source, but its Keychain selector and credential-flow code exist only in LocalRuntime; copying this file alone would have no governed authentication effect. Retain exact saved bytes pending the runner and credential-flow review.",audit/GATE0_WIZARD_RUNTIME_CONFIG_DECISION_2026-09-30.json; exact LocalRuntime and Mac savepoint SHA-256; runtime consumer check
config/human_evidence_research_sources.json,False,True,0,,,RUNTIME_ONLY,,028cc87ce64cee7e433b260f8a43e6fb8ae1c62122fa6ade8a797fc9b5671164,028cc87ce64cee7e433b260f8a43e6fb8ae1c62122fa6ade8a797fc9b5671164,REVIEWED_MISSING_RETAINED_EVIDENCE_NO_PORT,"Only the preserved runtime-only human-evidence research module reads this register. All five pinned inputs are absent from current Expansion, LocalRuntime, Mac savepoints, recovery, and this clone; Gate 3 locators point into the old unmounted CodexWorkspace. The active dashboard has no consumer. Keep as retained display candidate, not current gate evidence.",audit/GATE0_DASHBOARD_COLLECTION_CONFIG_REVIEW_2026-09-30.json
config/math_desk_source_exclusions.csv,False,True,0,,,RUNTIME_ONLY,,5000787676c6441f8118fb65698163d3873a01fb7c225b78355ca8452b0137e5,5000787676c6441f8118fb65698163d3873a01fb7c225b78355ca8452b0137e5,REVIEWED_USER_EXCLUSIONS_PRESERVE_NO_PORT,"Eleven user exclusions are preserved as source decisions, but the active checkout has no math_desk readers; copying this file alone would not enforce an active retrieval boundary.",audit/GATE0_RESEARCH_MATH_DESK_CONFIG_SOURCE_RECONCILIATION_2026-09-30.json
config/math_desk_visual_equation_reviews.csv,False,True,0,,,RUNTIME_ONLY,,dac0a64ccda046c3d441f1c8239f6fed308b08dc83cbbf257a738b2c1811121c,dac0a64ccda046c3d441f1c8239f6fed308b08dc83cbbf257a738b2c1811121c,REVIEWED_HISTORICAL_MACHINE_REVIEWS_NO_PORT,"Machine visual review rows remain historical; the active visual-review producer is absent and none of their referenced image files is present in the checked active, LocalRuntime, or forensic_b roots.",audit/GATE0_RESEARCH_MATH_DESK_CONFIG_SOURCE_RECONCILIATION_2026-09-30.json
config/personal_self_directed_declaration.example.json,False,True,0,,,RUNTIME_ONLY,,2377db99128cc2f4ab53d9cabc8dbd3f9400a54322b875e75895bdfbc51ac331,2377db99128cc2f4ab53d9cabc8dbd3f9400a54322b875e75895bdfbc51ac331,REVIEWED_UNADOPTED_PERSONAL_LANE_EXAMPLE_NO_PORT,"Placeholder declaration for preserved personal-trader graph v3. Active source has no declaration model or path consumer, and preserved graph accepts an optional declaration path without loading this example. Current order authority is governed separately by active live-canary/external-effect/acceptance policies. Copying the example would not adopt or qualify the lane.",audit/GATE0_FINAL_CONFIG_REVIEW_2026-09-30.json
config/research_assertion_attack_manifest.csv,False,True,0,,,RUNTIME_ONLY,,998ad96981e2bdb7c72ee59f6e6d032123966fc40038ef80ca303ad738629cac,998ad96981e2bdb7c72ee59f6e6d032123966fc40038ef80ca303ad738629cac,REVIEWED_ABSENT_ASSERTION_SUITE_NO_PORT,"All proposed pytest paths are absent from the active checkout, so the manifest is a preserved LocalRuntime plan rather than active test coverage.",audit/GATE0_RESEARCH_MATH_DESK_CONFIG_SOURCE_RECONCILIATION_2026-09-30.json
config/research_paper_assessments.yaml,True,False,1,8ed4f963f5d4ae848102fbac25b32b2f56596245022485d32d2db6bec3546302,forensic_b,,,,,REVIEWED_ACTIVE_RETAIN_FORENSIC_NO_PORT,The forensic variant appends two paper assessments but no revisions to the active 23. The active builder requires exact assessment/inventory ID equality and the active test fixture asserts 23; porting only this YAML would break that contract. The additional forensic paper intake needs its own source and inventory review.,audit/GATE0_RESEARCH_MATH_DESK_CONFIG_SOURCE_RECONCILIATION_2026-09-30.json
config/research_rag.json,False,True,0,,,RUNTIME_ONLY,,a656e47d895e5514b2be0d625181d38db43f4e706c599f936ffeaa199e7f0854,a656e47d895e5514b2be0d625181d38db43f4e706c599f936ffeaa199e7f0854,REVIEWED_STALE_RAG_RUNTIME_NO_PORT,The active checkout lacks the research_rag package; the LocalRuntime read-only pilot points to a missing index and cannot become active by copying its config.,audit/GATE0_RESEARCH_MATH_DESK_CONFIG_SOURCE_RECONCILIATION_2026-09-30.json
config/research_rag_sources.json,False,True,0,,,RUNTIME_ONLY,,15c55ccdcc428aa5674a371cc6742796431a876001bc949a393e69b347df5346,15c55ccdcc428aa5674a371cc6742796431a876001bc949a393e69b347df5346,REVIEWED_STALE_RAG_SOURCES_NO_PORT,"All corpus entry roots are absent on this host and the active corpus reader is absent. Retain declared exclusions and omissions as historical pilot scope, without adopting the tags or source claims.",audit/GATE0_RESEARCH_MATH_DESK_CONFIG_SOURCE_RECONCILIATION_2026-09-30.json
config/research_tool_runtime.json,False,True,0,,,RUNTIME_ONLY,,1a7ab5896a3b1691d64c7cc3bd91a072c9b76aa01160d0263f5decebb3deddb4,1a7ab5896a3b1691d64c7cc3bd91a072c9b76aa01160d0263f5decebb3deddb4,REVIEWED_STALE_TOOL_RUNTIME_NO_PORT,"The active tooling reader is absent. This dated LocalRuntime declaration pins old absolute receipt, interpreter, browser, and state paths; only the MATLAB application root still exists on this host.",audit/GATE0_RESEARCH_MATH_DESK_CONFIG_SOURCE_RECONCILIATION_2026-09-30.json
config/research_validation_surface_registry.json,False,True,0,,,RUNTIME_ONLY,,e8776363e05c0c3e23210561341c10458b7677e07a102ac1df3b141041241c66,e8776363e05c0c3e23210561341c10458b7677e07a102ac1df3b141041241c66,REVIEWED_ABSENT_VALIDATION_SURFACE_NO_PORT,All registered decide source and test paths exist in LocalRuntime but none exists in the active checkout; porting the registry alone would assert a nonexistent active surface.,audit/GATE0_RESEARCH_MATH_DESK_CONFIG_SOURCE_RECONCILIATION_2026-09-30.json
config/risk_desk_visual_reviews.csv,False,True,0,,,RUNTIME_ONLY,,548e39bd37a34939a81cd06aa7d77d3ebdc23a384601ce21cac27532a0d3450c,548e39bd37a34939a81cd06aa7d77d3ebdc23a384601ce21cac27532a0d3450c,REVIEWED_EVIDENCE_BLOCKED_RISK_DESK_VISUAL_NO_PORT,"Nine machine-only annotations deny scientific and promotion authority, but the active checkout has no direct consumer. The sole preserved risk-census parser and full-video rescrub script are outside active source; the Math Desk group remains dependency/evidence blocked. None of the nine declared image paths exists at its registered location in LocalRuntime, the Mac savepoint, or active checkout, so current binding cannot be verified by copying this CSV.",audit/GATE0_FINAL_CONFIG_REVIEW_2026-09-30.json
config/seven_day_wizard_credit_budget.json,False,True,0,,,RUNTIME_ONLY,,,68982fdd8e48cc7ad6fe3d700b6c97ea7e34cf4eab6e3580fc75f58f9af9ac56,REVIEWED_UNCONSUMED_CREDIT_POLICY_NO_PORT,"No active or preserved code loads this JSON. It declares a 200-credit reserve and 800-credit scheduled ceiling, while the active executable budget defaults to 100 reserve and computes 424 scheduled credits; Stage 1 separately requires a bound 300-credit full-sweep reservation on each qualifying day. Copying the JSON would not enforce its policy or prove seven-day acceptance.",audit/GATE0_DASHBOARD_COLLECTION_CONFIG_REVIEW_2026-09-30.json
config/strategy_desk_index.json,False,True,0,,,RUNTIME_ONLY,,7d439f05902f19c500f701f5ca9675bc5269d72e6b31493e880f88b3510f17ad,7d439f05902f19c500f701f5ca9675bc5269d72e6b31493e880f88b3510f17ad,REVIEWED_UNADOPTED_STRATEGY_DESK_ARCHIVE_NO_PORT,"Non-executable seven-mode organization index; declares no runtime consumer, no active strategy configuration change, and no live or gate authority. Retain exact source for later strategy/mathematics reconciliation without adopting its scenario settings.",audit/GATE0_STRATEGY_DESK_ARCHIVE_DECISION_2026-09-30.json; exact LocalRuntime and Mac savepoint hashes; manifest bindings; authority fields
config/strategy_desk_reviews/ou_spread_retired_20260909.json,False,True,0,,,RUNTIME_ONLY,,754f7e837a923be10b9b7c6d305d7e928371f8a9825a03696f30d94cdab21a38,754f7e837a923be10b9b7c6d305d7e928371f8a9825a03696f30d94cdab21a38,REVIEWED_UNADOPTED_STRATEGY_DESK_ARCHIVE_NO_PORT,"Retired OU review retains closed terminal failure, no runtime consumer, and false authority flags. Preserve as negative research evidence; do not reactivate or treat passing cells as strategy acceptance.",audit/GATE0_STRATEGY_DESK_ARCHIVE_DECISION_2026-09-30.json; exact LocalRuntime and Mac savepoint hashes; manifest bindings; authority fields
config/strategy_desk_reviews/ou_zscore_retired_20260909.json,False,True,0,,,RUNTIME_ONLY,,62cc78fa22d66ead5d6255be5d66d006514cfcd98d3dee7c19c8cc4b2a62f7a7,62cc78fa22d66ead5d6255be5d66d006514cfcd98d3dee7c19c8cc4b2a62f7a7,REVIEWED_UNADOPTED_STRATEGY_DESK_ARCHIVE_NO_PORT,"Retired OU review retains closed terminal failure, no runtime consumer, and false authority flags. Preserve as negative research evidence; do not reactivate or treat passing cells as strategy acceptance.",audit/GATE0_STRATEGY_DESK_ARCHIVE_DECISION_2026-09-30.json; exact LocalRuntime and Mac savepoint hashes; manifest bindings; authority fields
config/strategy_desks/copula_research_20260909.json,False,True,0,,,RUNTIME_ONLY,,08330e8e464370d015dc1e5cf16a9b64530a30369f66568408992172fc2aecc4,08330e8e464370d015dc1e5cf16a9b64530a30369f66568408992172fc2aecc4,REVIEWED_UNADOPTED_STRATEGY_DESK_ARCHIVE_NO_PORT,"Offline research scenario with no paper/live or workflow authority; the matching manifest binds its exact bytes. Numerical settings are scenario inputs and not active risk or execution defaults. Preserve pending data, math, and risk review.",audit/GATE0_STRATEGY_DESK_ARCHIVE_DECISION_2026-09-30.json; exact LocalRuntime and Mac savepoint hashes; manifest bindings; authority fields
config/strategy_desks/copula_research_20260909.manifest.json,False,True,0,,,RUNTIME_ONLY,,562e79728911fb40aa74b4052526930afe38be87f7db3b3fd3008b4e80468319,562e79728911fb40aa74b4052526930afe38be87f7db3b3fd3008b4e80468319,REVIEWED_UNADOPTED_STRATEGY_DESK_ARCHIVE_NO_PORT,"Research-only profile manifest binds an exact saved profile SHA-256 and denies account adoption, workflow qualification, paper trading, and live trading. Preserve with its profile; no active selection.",audit/GATE0_STRATEGY_DESK_ARCHIVE_DECISION_2026-09-30.json; exact LocalRuntime and Mac savepoint hashes; manifest bindings; authority fields
config/strategy_desks/dynamic_spread_research_20260909.json,False,True,0,,,RUNTIME_ONLY,,6629eaeca248c7aaf7172d7c1f32b78b3518f7d3bad752d8b964dc2acd5c3e52,6629eaeca248c7aaf7172d7c1f32b78b3518f7d3bad752d8b964dc2acd5c3e52,REVIEWED_UNADOPTED_STRATEGY_DESK_ARCHIVE_NO_PORT,"Offline research scenario with no paper/live or workflow authority; the matching manifest binds its exact bytes. Numerical settings are scenario inputs and not active risk or execution defaults. Preserve pending data, math, and risk review.",audit/GATE0_STRATEGY_DESK_ARCHIVE_DECISION_2026-09-30.json; exact LocalRuntime and Mac savepoint hashes; manifest bindings; authority fields
config/strategy_desks/dynamic_spread_research_20260909.manifest.json,False,True,0,,,RUNTIME_ONLY,,0348219f641cd0606b0b6b98c1c94092aba63a6e9a29f3aa96b1438d29a82b90,0348219f641cd0606b0b6b98c1c94092aba63a6e9a29f3aa96b1438d29a82b90,REVIEWED_UNADOPTED_STRATEGY_DESK_ARCHIVE_NO_PORT,"Research-only profile manifest binds an exact saved profile SHA-256 and denies account adoption, workflow qualification, paper trading, and live trading. Preserve with its profile; no active selection.",audit/GATE0_STRATEGY_DESK_ARCHIVE_DECISION_2026-09-30.json; exact LocalRuntime and Mac savepoint hashes; manifest bindings; authority fields
config/strategy_desks/dynamic_zscore_research_20260909.json,False,True,0,,,RUNTIME_ONLY,,f4e144d3848b9ed1634f02df4c6b15067da8cfcb8964492768e45b0b138122b9,f4e144d3848b9ed1634f02df4c6b15067da8cfcb8964492768e45b0b138122b9,REVIEWED_UNADOPTED_STRATEGY_DESK_ARCHIVE_NO_PORT,"Offline research scenario with no paper/live or workflow authority; the matching manifest binds its exact bytes. Numerical settings are scenario inputs and not active risk or execution defaults. Preserve pending data, math, and risk review.",audit/GATE0_STRATEGY_DESK_ARCHIVE_DECISION_2026-09-30.json; exact LocalRuntime and Mac savepoint hashes; manifest bindings; authority fields
config/strategy_desks/dynamic_zscore_research_20260909.manifest.json,False,True,0,,,RUNTIME_ONLY,,cfb12b665b769f0947c10e5406e223e192cd6ca4a53219e83a360b6cce9f62eb,cfb12b665b769f0947c10e5406e223e192cd6ca4a53219e83a360b6cce9f62eb,REVIEWED_UNADOPTED_STRATEGY_DESK_ARCHIVE_NO_PORT,"Research-only profile manifest binds an exact saved profile SHA-256 and denies account adoption, workflow qualification, paper trading, and live trading. Preserve with its profile; no active selection.",audit/GATE0_STRATEGY_DESK_ARCHIVE_DECISION_2026-09-30.json; exact LocalRuntime and Mac savepoint hashes; manifest bindings; authority fields
config/strategy_desks/static_spread_research_20260909.json,False,True,0,,,RUNTIME_ONLY,,812d1520eb326b433f9866d908abde8e7474f57f65351d06a171a7d24138a200,812d1520eb326b433f9866d908abde8e7474f57f65351d06a171a7d24138a200,REVIEWED_UNADOPTED_STRATEGY_DESK_ARCHIVE_NO_PORT,"Offline research scenario with no paper/live or workflow authority; the matching manifest binds its exact bytes. Numerical settings are scenario inputs and not active risk or execution defaults. Preserve pending data, math, and risk review.",audit/GATE0_STRATEGY_DESK_ARCHIVE_DECISION_2026-09-30.json; exact LocalRuntime and Mac savepoint hashes; manifest bindings; authority fields
config/strategy_desks/static_spread_research_20260909.manifest.json,False,True,0,,,RUNTIME_ONLY,,5463b2f80f0a1f29dbcedee95721eefe3f4b5ca54b33cf056c230c9425a43fd6,5463b2f80f0a1f29dbcedee95721eefe3f4b5ca54b33cf056c230c9425a43fd6,REVIEWED_UNADOPTED_STRATEGY_DESK_ARCHIVE_NO_PORT,"Research-only profile manifest binds an exact saved profile SHA-256 and denies account adoption, workflow qualification, paper trading, and live trading. Preserve with its profile; no active selection.",audit/GATE0_STRATEGY_DESK_ARCHIVE_DECISION_2026-09-30.json; exact LocalRuntime and Mac savepoint hashes; manifest bindings; authority fields
config/strategy_desks/static_zscore_research_20260909.json,False,True,0,,,RUNTIME_ONLY,,8fba23446679afd625e887c4bd7f778ab89ff746fa24fa3cf3d8ed85e4560d4d,8fba23446679afd625e887c4bd7f778ab89ff746fa24fa3cf3d8ed85e4560d4d,REVIEWED_UNADOPTED_STRATEGY_DESK_ARCHIVE_NO_PORT,"Offline research scenario with no paper/live or workflow authority; the matching manifest binds its exact bytes. Numerical settings are scenario inputs and not active risk or execution defaults. Preserve pending data, math, and risk review.",audit/GATE0_STRATEGY_DESK_ARCHIVE_DECISION_2026-09-30.json; exact LocalRuntime and Mac savepoint hashes; manifest bindings; authority fields
config/strategy_desks/static_zscore_research_20260909.manifest.json,False,True,0,,,RUNTIME_ONLY,,9fb875da16f63b6fe4ca39db427ac9643b7f7caf00e8e8afe7795aa7d7641bcf,9fb875da16f63b6fe4ca39db427ac9643b7f7caf00e8e8afe7795aa7d7641bcf,REVIEWED_UNADOPTED_STRATEGY_DESK_ARCHIVE_NO_PORT,"Research-only profile manifest binds an exact saved profile SHA-256 and denies account adoption, workflow qualification, paper trading, and live trading. Preserve with its profile; no active selection.",audit/GATE0_STRATEGY_DESK_ARCHIVE_DECISION_2026-09-30.json; exact LocalRuntime and Mac savepoint hashes; manifest bindings; authority fields
config/wizard_source_route_adapter.example.json,False,True,0,,,RUNTIME_ONLY,,,c99d5459d604481547025a83a230460fd5c3686a584ba632316b18b8cb9020fb,REVIEWED_DEPENDENT_SOURCE_ROUTE_CONFIG_NO_PORT,"Preserved example is blocked and non-executing, with seven-request cap, zero cadence credit, and missing fee/slippage/manifest mapping. Active source has no route model or consumer. The later 24-request L2 calibration is research-only and does not certify this candidate or current dashboard parity.",audit/GATE0_DASHBOARD_COLLECTION_CONFIG_REVIEW_2026-09-30.json
config/wizard_source_route_adapter.schema.json,False,True,0,,,RUNTIME_ONLY,,,680092159d4ec510a89ff88857712ae1d1722a854caca4326395551f2ea66934,REVIEWED_DEPENDENT_SOURCE_ROUTE_CONFIG_NO_PORT,"Schema depends on the preserved runtime-only Pydantic model for provider operation allowlists, credential-name restrictions, and readiness/blocker consistency. JSON Schema alone permits invalid combinations. No active consumer exists, so a standalone schema port would provide false validation assurance.",audit/GATE0_DASHBOARD_COLLECTION_CONFIG_REVIEW_2026-09-30.json
config/wizard_surface_inventory_contract.json,False,True,0,,,CHANGED,ca8efed2b1a27df963fbe01e0b6305f942f2171b9ba9420c9b7b9be957012698,317f7e825d7376dabc61fa0e54df5cc3055d224055759b631d4ccbfef3870bf0,317f7e825d7376dabc61fa0e54df5cc3055d224055759b631d4ccbfef3870bf0,REVIEWED_ACTIVE_RETAIN_RUNTIME_NO_PORT,"The coherent LocalRuntime candidate omits three recorded inspection gaps and one capture opportunity, reducing its contract/test counts; no matching completion evidence is established by this static source delta. Retain the active 28/21 inventory and six passing current tests for Gate 0; preserve candidate bytes for dashboard evidence review.",audit/GATE0_DASHBOARD_INVENTORY_DECISION_2026-09-30.json; exact three-file hashes and AST set delta; six targeted tests
docs/architecture.md,False,True,0,,,CHANGED,11aed41dd4473b3528bc8e788776a87d9fdb75cdbedf703f3cac04bf82f5e66c,fa9429ca7b73d0ed6d2ebfc86d833350694a196d3ca90b2a17fc15ab51ab2d2f,fa9429ca7b73d0ed6d2ebfc86d833350694a196d3ca90b2a17fc15ab51ab2d2f,REVIEWED_OPERATOR_DOC_RETAIN,"Retain current Expansion, locked Python, auxiliary Node, LangGraph, and conjunctive research-gate explanation; preserved runtime predates these distinctions.",GATE0_OPERATOR_DOC_SOURCE_RECONCILIATION_2026-09-30.json
docs/current_corrective_operations.md,True,True,1,fcb93e7a0666eabbbcf5e79f6815458c180cbb1a58ffa926e75b4c00d8230ef9,forensic_a;forensic_b;visual_recovery;workspace_outer,CHANGED,7ae6a1e426a518925eae283f9edf0d822186b5b8b7b10564efd505333195d7d2,38326ce0f34668492a218c6af1b02f67524e3f145ab18477167aed7097df17b2,38326ce0f34668492a218c6af1b02f67524e3f145ab18477167aed7097df17b2,REVIEWED_OPERATOR_DOC_RETAIN,Retain current Phase 00 and Expansion recovery guidance; replace 26 on-drive virtualenv command interpreters with locked uv execution on an internal environment; reject stale encrypted-root variant.,GATE0_OPERATOR_DOC_SOURCE_RECONCILIATION_2026-09-30.json
docs/formula_dictionary.md,True,True,1,694491ac6a3635f27939c34b5c8577f3e75157b887ab4623ce8a057400abb12c,forensic_b,CHANGED,e973494a9a724138930703528a1dace1adcc33f75d27c0f75be6d668b22c8b35,583d9329262ef0ef95455ff40c552e1902951b82e449a814f3df5f47f132c55b,583d9329262ef0ef95455ff40c552e1902951b82e449a814f3df5f47f132c55b,REVIEWED_MATH_TEACHER_DOC_SELECTED,"Corrected DFA Hurst, declared half-life units, and ECM significance/sign share; older Johansen and OU eligibility claims remain historical no-port.",audit/GATE0_MATH_TEACHER_DOC_SOURCE_RECONCILIATION_2026-09-30.json
docs/langgraph_agent_workflow.md,False,True,0,,,CHANGED,186a480223e84fdc952b8f8f3fd767c6fce3fa0e0a8116a89fa79c074e657c1e,8c9dacd3aabc896bfc3882c52599adf80e65ae7bca24e7c763f6dbacfe7f8c58,8c9dacd3aabc896bfc3882c52599adf80e65ae7bca24e7c763f6dbacfe7f8c58,REVIEWED_ACTIVE_LANGGRAPH_GUIDE_RETAIN,Retain the current scoped-authority dry-run guide. The saved runtime guide invokes the bare CLI through an obsolete .venv311 path; the bare CLI fails closed without a publication session. The current helper produced seven reports for 25 dry-run stages.,audit/GATE0_LANGGRAPH_CORE_DECISION_2026-09-30.json; exact active/runtime/savepoint/variant hashes; off-drive exact-head LangGraph dry-run receipt and focused JUnit
docs/math_v2_teacher_adapter.md,False,True,0,,,CHANGED,7a6604cf7989094e7503a4824e01f6fb542e58e29d5f4f75c3910806c2a1cf9c,a96d78cdcd8bbe87a1236a7a984b88f40477925b9a49e0ea3ea826902771bb1a,a96d78cdcd8bbe87a1236a7a984b88f40477925b9a49e0ea3ea826902771bb1a,REVIEWED_MATH_TEACHER_DOC_SELECTED,"Updated to active math-v2.3 source/version and 15+8 marker checks, identified five-context run as historical, and repaired Expansion operator commands.",audit/GATE0_MATH_TEACHER_DOC_SOURCE_RECONCILIATION_2026-09-30.json
docs/quant_brain.md,True,False,1,d4232479fbef6a1faf233eca318689f398a797a2137b7d7a46da5bfb3531c041,forensic_b,,,,,REVIEWED_MATH_TEACHER_DOC_SELECTED,Corrected ECM strength semantics to sign/significance support; older OU scanner entry-mode claim remains historical no-port.,audit/GATE0_MATH_TEACHER_DOC_SOURCE_RECONCILIATION_2026-09-30.json
docs/registered_evidence_continuity.md,False,True,0,,,CHANGED,5952f0d379a3878f7cdb87555fdeab8d05f8e99db8c0634c78cca2c20d16da44,b60c9da44e3d78e85b9a298a5f39ae4ed09c9894966cd321b2021e57cac9a1fd,b60c9da44e3d78e85b9a298a5f39ae4ed09c9894966cd321b2021e57cac9a1fd,REVIEWED_OPERATOR_DOC_RETAIN,"Retain three-lane collection distinction including current cost-selected research-only lane, which active source and tests implement; preserved runtime describes only two lanes.",GATE0_OPERATOR_DOC_SOURCE_RECONCILIATION_2026-09-30.json
docs/seven_day_release_handoff.md,False,True,0,,,RUNTIME_ONLY,,38d78817527969e6e93821eb8b3bedbda36885fae0359642d9b482f4b544051c,38d78817527969e6e93821eb8b3bedbda36885fae0359642d9b482f4b544051c,REVIEWED_DEPENDENT_DOCUMENT_DEFERRED_NO_PORT,"Preserve runtime-only seven-day release instructions; required authority key, signed custody chain, collection runtime, and notification proof have not been verified in this checkout.",GATE0_OPERATOR_DOC_SOURCE_RECONCILIATION_2026-09-30.json
docs/single_owner_research_mode.md,False,True,0,,,RUNTIME_ONLY,,a295634fc389a39d239259be4de6322380a1a432704ab016bbc440ef6877c9f0,ac52acb017a4f8758f3c8b2a48bb3bc631064356ff5baa89ce17a08b7156179a,REVIEWED_DEPENDENT_DOCUMENT_DEFERRED_NO_PORT,"Preserve runtime-only single-owner research mode; it depends on unreviewed runtime authority key and provider policy, and grants no active setup authority.",GATE0_OPERATOR_DOC_SOURCE_RECONCILIATION_2026-09-30.json
docs/strategy_registry.csv,True,False,1,7bf6bc248b39a782bef3bb77f7f53f9d0d63837adb3b7946569dd77cbf4f9297,forensic_b,,,,,REVIEWED_OPERATOR_DOC_RETAIN,Retain complete 37-strategy concept catalog; the historical 18-row official-lane subset and implementation metadata remain represented by active strategies.py and its tests.,GATE0_OPERATOR_DOC_SOURCE_RECONCILIATION_2026-09-30.json
docs/teacher_council_student_stack.md,False,True,0,,,CHANGED,655defe148076276ead992728abad972e70d3b6694cbf43b975238e96c80ad78,655defe148076276ead992728abad972e70d3b6694cbf43b975238e96c80ad78,db336c9854ea7d705a86428178d043751e13e2e98d0347a92a1d325ff8741389,REVIEWED_MATH_TEACHER_DOC_SELECTED,"Retained current seven-teacher structure, clarified local exact-mode labels do not prove vendor parity, rejected absent old qualification route, and repaired Expansion operator commands.",audit/GATE0_MATH_TEACHER_DOC_SOURCE_RECONCILIATION_2026-09-30.json
docs/v2_math_validation_contract.md,False,True,0,,,WORKING_ONLY,ba6ab741c84a232564a6e818f02025981db6805114dd8fa659c609f4e6b20096,,,REVIEWED_MATH_TEACHER_DOC_SELECTED,"Bound EG/ECM to the same complete paired sample, labeled 2026-08-20 authority receipt historical BLOCKED_PENDING_CONTROLLED_REGENERATION, and distinguished the current source-bound marker.",audit/GATE0_MATH_TEACHER_DOC_SOURCE_RECONCILIATION_2026-09-30.json
docs/wizard_frozen_source_qualification.md,False,True,0,,,RUNTIME_ONLY,,,a4de7d9f48fa19187de514b40260c7e79a0d957a4b3c4c7223dae303105292f2,REVIEWED_EVIDENCE_GATED_WIZARD_VALIDATION_NO_PORT,"Preserve the exact local-only frozen-source and research-validation candidate, docs, and tests. All 24 candidate tests pass and a disposable active integration passes 24 after correcting only two synthetic publication-fixture exclusions; no authoritative active input is installed and no collection, promotion, paper, or execution authority is granted.",audit/GATE0_WIZARD_GRAPH_CANDIDATE_DECISION_2026-09-30.json; exact runtime/savepoint/variant hashes; off-drive candidate JUnits and restored fixture
docs/wizard_hyperliquid_frozen_adapter.md,False,True,0,,,RUNTIME_ONLY,,,0b4e0dffce7863d81a01e7bacf22bba71d1ca83a4de624a5a4e45a82092aa80c,REVIEWED_DEPENDENT_DOCUMENT_DEFERRED_NO_PORT,Preserve runtime-only adapter instructions; the referenced frozen adapter implementation and qualification test are absent from active source.,GATE0_OPERATOR_DOC_SOURCE_RECONCILIATION_2026-09-30.json
docs/wizard_hyperliquid_l2_calibration_runner.md,False,True,0,,,RUNTIME_ONLY,,,a34e7055f0d7466b7e150e1d9959083e4335400684879ef8fa8e711ce759cf92,REVIEWED_DEPENDENT_DOCUMENT_DEFERRED_NO_PORT,Preserve runtime-only calibration runner instructions; the referenced runner and timing/permit contracts are absent from active source.,GATE0_OPERATOR_DOC_SOURCE_RECONCILIATION_2026-09-30.json
docs/wizard_hyperliquid_mode_fidelity.md,False,True,0,,,CHANGED,1c6a9c07f0963f62fe78ecd9077c9f3c7be0732ef8512f89e92687c78d03aebe,8b8e08342f2effc4bfcdb4beb7f73ca0ee0776cee8383c1fbd45c35067aea937,8b8e08342f2effc4bfcdb4beb7f73ca0ee0776cee8383c1fbd45c35067aea937,REVIEWED_OPERATOR_DOC_RETAIN,"Retain conservative current-checkout zero-golden-capture posture; historical 14-capture document is preserved, not accepted as current exact-mode parity.",GATE0_OPERATOR_DOC_SOURCE_RECONCILIATION_2026-09-30.json
docs/wizard_research_validation_spine.md,False,True,0,,,RUNTIME_ONLY,,,3672533c0800cadaf23d4af0095209df8b959e296300040dfe21139782e61409,REVIEWED_EVIDENCE_GATED_WIZARD_VALIDATION_NO_PORT,"Preserve the exact local-only frozen-source and research-validation candidate, docs, and tests. All 24 candidate tests pass and a disposable active integration passes 24 after correcting only two synthetic publication-fixture exclusions; no authoritative active input is installed and no collection, promotion, paper, or execution authority is granted.",audit/GATE0_WIZARD_GRAPH_CANDIDATE_DECISION_2026-09-30.json; exact runtime/savepoint/variant hashes; off-drive candidate JUnits and restored fixture
pyproject.toml,True,False,3,9d7c24ea6551dd54e361c983f8039d0936728818a9e8036e2d5379465f29a6f1;a311ff77f4662dc08089616b7ec07a0dea4a4d214fc1ff94d7340ee59f56b9af;be967304aa53051a530bbeec7aeab41253ce160176bbdafae02c7698f709fd1d,forensic_a;forensic_b;source_candidate;visual_recovery;workspace_outer,,,,,REVIEWED_ACTIVE_LOCK_RETAIN_HISTORICAL_NO_PORT,"Retain the active SciPy compatibility bound, exact ccxt and dYdX dev contract. The runtime-only Math Desk and collection extras are not part of active source; historical package exclusion did not resolve the clean Expansion wheel failure. Build the committed tree on Mac internal staging. Additional frozen variant reviewed: The paired 157-package Math Desk/collection candidate adds optional math-research and collection-dev extras and changes pytest authority markers; that source set was not selected or qualified. Preserve all SHA/root custody and retain selected source; no whole-file port.",audit/GATE0_DEPENDENCY_LOCK_DECISION_2026-09-30.json; exact active/runtime/savepoint/variant hashes; uv lock --check --offline; uv pip check; exact-head CI; off-drive wheel diagnostic; audit/GATE0_EXTENDED_VARIANT_GAP_2026-09-30.json; audit/GATE0_REMAINING_REOPENED_EXTENDED_VARIANTS_2026-09-30.json
scripts/attest_full_video_gap_rescrub_postseal.py,False,True,0,,,RUNTIME_ONLY,,1468b4029ad8ffb864c6ad2196c7a27c63e9a84a07393f7a848c725fa6f9af82,1468b4029ad8ffb864c6ad2196c7a27c63e9a84a07393f7a848c725fa6f9af82,REVIEWED_PENDING_LEGACY_SCRIPT_NO_PORT,"Coupled historical August video/math desk/lineage output chain needs frozen reports, snapshot data, companion scripts and matching tests; local report and attestation writes.",audit/GATE0_REMAINING_SCRIPTS_SOURCE_RECONCILIATION_2026-09-30.json
scripts/build_authoritative_lineage_closure.py,False,True,0,,,RUNTIME_ONLY,,df580f16c0703e50966b029282eecdfc6e32730fddde6560e047e3ae90548f34,df580f16c0703e50966b029282eecdfc6e32730fddde6560e047e3ae90548f34,REVIEWED_PENDING_LEGACY_SCRIPT_NO_PORT,"Coupled historical August video/math desk/lineage output chain needs frozen reports, snapshot data, companion scripts and matching tests; local report and attestation writes.",audit/GATE0_REMAINING_SCRIPTS_SOURCE_RECONCILIATION_2026-09-30.json
scripts/build_clean_wheel.py,False,True,0,,,RUNTIME_ONLY,,95ec4114690d4b5e98ec073251aea3e6f2b18536bcb758be11e63c0a37f5a1a2,95ec4114690d4b5e98ec073251aea3e6f2b18536bcb758be11e63c0a37f5a1a2,REVIEWED_REPLACED_BY_COMMIT_BOUND_WHEEL_BUILDER_NO_PORT,"Runtime-only helper stages working pyproject/src on internal disk and rejects wheel sidecars; its two focused tests pass. The active Gate 0 helper uses exact tracked HEAD, requires clean tracked source, verifies wheel ZIP plus clean install/import, and stages off the Expansion filesystem. Preserve runtime helper and test bytes without copying them.",audit/GATE0_DEPENDENCY_LOCK_DECISION_2026-09-30.json; exact runtime/savepoint/manifest hashes; two focused candidate tests; off-drive wheel diagnostic; active staged build receipt
scripts/build_corrective_checkpoint.py,True,True,1,33e1f176ef73f3fc5f4e0c28c1409146ebadb5a418cda085ad41c92f46339094,forensic_a;forensic_b;workspace_outer,CHANGED,020423b83689da87245c3f9725996f3eb1048a1449d8e528909ccd3fee2d4c5e,346641ad47e755de7a20e8c778a2a83d55ab8e8646f397946bb84f841c8c3e8e,346641ad47e755de7a20e8c778a2a83d55ab8e8646f397946bb84f841c8c3e8e,REVIEWED_ACTIVE_RETAIN_RUNTIME_AND_FORENSIC_NO_PORT,Retain the active quant release exclusion for apps/the-ave. The LocalRuntime copy omits it; the forensic variant adds workspace/mount keyword auto-selection. The six tracked auxiliary app files and old workspace-specific scripts are outside the reviewed quant release boundary.,audit/GATE0_RECOVERY_SCRIPT_DECISIONS_2026-09-30.json; audit/GATE0_RECOVERY_ROUTE_DIAGNOSTIC_2026-09-30.json; exact preserved variant hashes; focused JUnit
scripts/build_current_lineage_action_census.py,False,True,0,,,RUNTIME_ONLY,,5184620c5bd2c4a2a292137f67b404cf15239d74a5d4e2c985d6a13e21260b7d,5184620c5bd2c4a2a292137f67b404cf15239d74a5d4e2c985d6a13e21260b7d,REVIEWED_PENDING_LEGACY_SCRIPT_NO_PORT,"Coupled historical August video/math desk/lineage output chain needs frozen reports, snapshot data, companion scripts and matching tests; local report and attestation writes.",audit/GATE0_REMAINING_SCRIPTS_SOURCE_RECONCILIATION_2026-09-30.json
scripts/build_current_recovery_checkpoint.py,True,True,1,e17c86327b82d986a8729519ba437b3e6bc2ac9b73b8095910b75d824dddd665,forensic_a;forensic_b;workspace_outer,CHANGED,ddf254e87562d648eb4e51912aab6155489af880fb61628d5b9b866d986bcd9f,2efead7edc86b63f4e29d72c8bec8cab63ec121ae5b1eafcfab785784d45bc01,2efead7edc86b63f4e29d72c8bec8cab63ec121ae5b1eafcfab785784d45bc01,REVIEWED_REPAIRED_ACTIVE_RETAIN_FORENSIC_NO_PORT,"Repair the active optional recovery route for a verified clean checkout, the launching locked interpreter, source-path safety, and exact restored Git head. The LocalRuntime copy retains the empty-manifest and absent-.venv312 failure. The forensic variant adds encrypted-workspace evidence and a fallback that can choose the incomplete .venv. A disposable clean restore package passed 15 smoke tests.",audit/GATE0_RECOVERY_SCRIPT_DECISIONS_2026-09-30.json; audit/GATE0_RECOVERY_ROUTE_DIAGNOSTIC_2026-09-30.json; exact preserved variant hashes; focused JUnit
scripts/build_dashboard_full_inventory.py,False,True,0,,,CHANGED,95a52ad1b04339ef49339da7f64acec827ac04234d095c8c19a03093ce68c839,22bd9898d54b2881e26a001242e0472776f4674d2b8c37b41757b86e2f2eddaa,22bd9898d54b2881e26a001242e0472776f4674d2b8c37b41757b86e2f2eddaa,REVIEWED_DORMANT_DASHBOARD_INVENTORY_RETAIN_RUNTIME_NO_PORT,"Active main delegates to the governed surface-inventory readiness validator. The differing legacy snapshot builder is dormant; its August 2026 text refers to capture files absent from both current checkout and Mac savepoint and a 24-hour browser proof expired before this review. Preserve the variant as historical observation, not as current integration authority.",audit/GATE0_LEGACY_SCRIPT_TRIAGE_2026-09-30.json
scripts/build_forensic_project_audit.py,False,True,0,,,RUNTIME_ONLY,,a262faae9bbbe1e6d79cac42baeadae9092ea80b5215e4e833e4dd680d27b90a,a262faae9bbbe1e6d79cac42baeadae9092ea80b5215e4e833e4dd680d27b90a,REVIEWED_PENDING_LEGACY_SCRIPT_NO_PORT,Underlying quant_platform implementation is absent in current HEAD; wrapper cannot run alone.,audit/GATE0_REMAINING_SCRIPTS_SOURCE_RECONCILIATION_2026-09-30.json
scripts/build_full_video_diagnostic.py,True,True,1,ed08e8f60fef6dd0ab746aaf495cbe6a34a0155188e3f665a02632ec1f3538b2,source_candidate,RUNTIME_ONLY,,9c433454f5f53570ede8bc63658e292db03cfe9ee0bf3100c9db3ee536dd1e21,9c433454f5f53570ede8bc63658e292db03cfe9ee0bf3100c9db3ee536dd1e21,REVIEWED_PENDING_LEGACY_SCRIPT_NO_PORT,"Coupled historical August video/math desk/lineage output chain needs frozen reports, snapshot data, companion scripts and matching tests; local report and attestation writes. Historical variant: Source-candidate variant changes two Markdown trailing-space lines only.",audit/GATE0_REMAINING_SCRIPTS_SOURCE_RECONCILIATION_2026-09-30.json
scripts/build_full_video_gap_rescrub.py,False,True,0,,,RUNTIME_ONLY,,d9a378c6874cd8b495d80c995d6de99488cf1d318eb1483849be5f3c97cb497d,d9a378c6874cd8b495d80c995d6de99488cf1d318eb1483849be5f3c97cb497d,REVIEWED_PENDING_LEGACY_SCRIPT_NO_PORT,"Coupled historical August video/math desk/lineage output chain needs frozen reports, snapshot data, companion scripts and matching tests; local report and attestation writes.",audit/GATE0_REMAINING_SCRIPTS_SOURCE_RECONCILIATION_2026-09-30.json
scripts/build_human_evidence_preview.py,False,True,0,,,RUNTIME_ONLY,,40b1f208e5e3b3b89b7ac4364513ad8c8a7ef20b769a1e024a5d02ef076be84e,40b1f208e5e3b3b89b7ac4364513ad8c8a7ef20b769a1e024a5d02ef076be84e,REVIEWED_PENDING_LEGACY_SCRIPT_NO_PORT,Pinned retained dashboard snapshot and presentation modules are absent; generated page for localhost server is absent.,audit/GATE0_REMAINING_SCRIPTS_SOURCE_RECONCILIATION_2026-09-30.json
scripts/build_lineage_video_routing.py,False,True,0,,,RUNTIME_ONLY,,9daaa334fcb677fb481e4f069d70f4867efe6db657eb2f02dc01bd37e74c7b51,9daaa334fcb677fb481e4f069d70f4867efe6db657eb2f02dc01bd37e74c7b51,REVIEWED_PENDING_LEGACY_SCRIPT_NO_PORT,"Coupled historical August video/math desk/lineage output chain needs frozen reports, snapshot data, companion scripts and matching tests; local report and attestation writes.",audit/GATE0_REMAINING_SCRIPTS_SOURCE_RECONCILIATION_2026-09-30.json
scripts/build_node_coverage_crosswalk.py,False,True,0,,,RUNTIME_ONLY,,9b34fd419649496440b53109f4cba272388750bde555ae1763b0b9c39ba88b70,9b34fd419649496440b53109f4cba272388750bde555ae1763b0b9c39ba88b70,REVIEWED_PENDING_LEGACY_SCRIPT_NO_PORT,"Coupled historical August video/math desk/lineage output chain needs frozen reports, snapshot data, companion scripts and matching tests; local report and attestation writes.",audit/GATE0_REMAINING_SCRIPTS_SOURCE_RECONCILIATION_2026-09-30.json
scripts/build_self_inspection_scorecard.py,False,True,0,,,RUNTIME_ONLY,,88df40440f2c2ad07a914fcfbf385b0aaa136848e56370abba04158c30120bc1,88df40440f2c2ad07a914fcfbf385b0aaa136848e56370abba04158c30120bc1,REVIEWED_PENDING_LEGACY_SCRIPT_NO_PORT,"Coupled historical August video/math desk/lineage output chain needs frozen reports, snapshot data, companion scripts and matching tests; local report and attestation writes.",audit/GATE0_REMAINING_SCRIPTS_SOURCE_RECONCILIATION_2026-09-30.json
scripts/build_surface_log_test_registry.py,False,True,0,,,RUNTIME_ONLY,,4e207fd098e23b484d5d18939adee4d18ffb88a3cf2498f6b2a9dcdd82b41fad,4e207fd098e23b484d5d18939adee4d18ffb88a3cf2498f6b2a9dcdd82b41fad,REVIEWED_PENDING_LEGACY_SCRIPT_NO_PORT,"Coupled historical August video/math desk/lineage output chain needs frozen reports, snapshot data, companion scripts and matching tests; local report and attestation writes.",audit/GATE0_REMAINING_SCRIPTS_SOURCE_RECONCILIATION_2026-09-30.json
scripts/build_unified_gap_index.py,False,True,0,,,RUNTIME_ONLY,,0e07a4dc24ec91c18b3b83479298e584faa73db170c2d964456a11ce388e9c37,0e07a4dc24ec91c18b3b83479298e584faa73db170c2d964456a11ce388e9c37,REVIEWED_PENDING_LEGACY_SCRIPT_NO_PORT,"Coupled historical August video/math desk/lineage output chain needs frozen reports, snapshot data, companion scripts and matching tests; local report and attestation writes.",audit/GATE0_REMAINING_SCRIPTS_SOURCE_RECONCILIATION_2026-09-30.json
scripts/build_video_review_sidecars.py,False,True,0,,,RUNTIME_ONLY,,b920b0afbfae615b352f976c2438a802c940086e3cf6108f01021a83e69e6d03,b920b0afbfae615b352f976c2438a802c940086e3cf6108f01021a83e69e6d03,REVIEWED_PENDING_LEGACY_SCRIPT_NO_PORT,Underlying quant_platform implementation is absent in current HEAD; wrapper cannot run alone.,audit/GATE0_REMAINING_SCRIPTS_SOURCE_RECONCILIATION_2026-09-30.json
scripts/build_wizard_research_journal_schema.py,False,True,0,,,RUNTIME_ONLY,,8e2744cd4f4e5f544d159c8eea8d4e2e6b733718ef73b07ef439b998a0247413,8e2744cd4f4e5f544d159c8eea8d4e2e6b733718ef73b07ef439b998a0247413,REVIEWED_PENDING_LEGACY_SCRIPT_NO_PORT,Active journal is absent; script mutates historical schema and writes repair receipt without current consumer.,audit/GATE0_REMAINING_SCRIPTS_SOURCE_RECONCILIATION_2026-09-30.json
scripts/capture_crypto_wizards_pair_detail_ui_bundle.js,False,True,0,,,CHANGED,2bfc3b65d6a763afbe181a8eabf34011a433ed7835cae7100001212259cb7c9e,328a0675f9e7483100962d5d4bf3eb0d54c1b96f5e3e03af71c4e5cdd00c45a8,328a0675f9e7483100962d5d4bf3eb0d54c1b96f5e3e03af71c4e5cdd00c45a8,REVIEWED_PORTED_RUNTIME_REDACTION_FIX,"The active pair-page input capture serialized raw element.value even though safeInputValue already redacted sensitive types and token-shaped text. Ported the exact one-line LocalRuntime guard; current script now matches runtime SHA-256. A focused regression, Node mock-browser check, and JavaScript syntax check passed.",audit/GATE0_PAIR_CAPTURE_REDACTION_DECISION_2026-09-30.json; exact runtime hash; focused JUnit; mock-browser execution
scripts/collection_startup_verify.py,True,True,1,9c10a125858c28856f67143863ce13fea135f0f9bf2cf12e7188c394a86c5b7e,source_candidate,RUNTIME_ONLY,,777b5e3e698cbcc8acdb26dee9a848f41d6fac100c604e9ab69bf2d13561a4d6,777b5e3e698cbcc8acdb26dee9a848f41d6fac100c604e9ab69bf2d13561a4d6,REVIEWED_PENDING_LEGACY_SCRIPT_NO_PORT,Pinned old workspace/interpreter/toolchain and subprocess bootstrap; collection contract/config are absent. Historical variant: Source-candidate variant omits the runtime AppleDouble sidecar exclusion; hardcodes /Volumes/CodexWorkspace/Codex/TheWiz-publish-20260625.,audit/GATE0_REMAINING_SCRIPTS_SOURCE_RECONCILIATION_2026-09-30.json
scripts/crawl_crypto_wizards_with_curl.sh,True,False,1,d6b9b7e464be0711d66413434fda342df2a35f212fbaad23e1018151a6b0de4b,forensic_b,,,,,REVIEWED_LEGACY_DIRECT_CRAWLER_RETIRED,The direct curl helper could call a live Crypto Wizards endpoint before current effect-authority publication failed. Its forensic variant reduced credential exposure but retained the unsupported direct producer. The active entry point now exits 78 before reading credentials or contacting a provider; original and variant bytes remain in Git and the forensic copy.,audit/GATE0_LEGACY_SCRIPT_TRIAGE_2026-09-30.json
scripts/current_test_bundle_consumer.py,False,True,0,,,RUNTIME_ONLY,,6ef7061c1e2f0ce1c04fd812e9c8aef86955c5e7816032e91427dd560e43636e,6ef7061c1e2f0ce1c04fd812e9c8aef86955c5e7816032e91427dd560e43636e,REVIEWED_PENDING_LEGACY_SCRIPT_NO_PORT,"Former test-bundle, receipt, selector, snapshot and gate-authority chain; standalone port would duplicate current authority and can write/rebase receipts.",audit/GATE0_REMAINING_SCRIPTS_SOURCE_RECONCILIATION_2026-09-30.json
scripts/finalize_full_project_test_receipt.py,False,True,0,,,RUNTIME_ONLY,,f499a5fc3fa3aaae7612c0f6947534d0a4ff81229fb200b9f55f97716d1541cb,f499a5fc3fa3aaae7612c0f6947534d0a4ff81229fb200b9f55f97716d1541cb,REVIEWED_PENDING_LEGACY_SCRIPT_NO_PORT,"Former test-bundle, receipt, selector, snapshot and gate-authority chain; standalone port would duplicate current authority and can write/rebase receipts.",audit/GATE0_REMAINING_SCRIPTS_SOURCE_RECONCILIATION_2026-09-30.json
scripts/finalize_relevant_test_receipt.py,False,True,0,,,RUNTIME_ONLY,,e0bb049e047a949931d9c58d8e2fe2c603f6a6626f30ae5d5f10bd80caae62ed,e0bb049e047a949931d9c58d8e2fe2c603f6a6626f30ae5d5f10bd80caae62ed,REVIEWED_PENDING_LEGACY_SCRIPT_NO_PORT,"Former test-bundle, receipt, selector, snapshot and gate-authority chain; standalone port would duplicate current authority and can write/rebase receipts.",audit/GATE0_REMAINING_SCRIPTS_SOURCE_RECONCILIATION_2026-09-30.json
scripts/lineage_state_contract.py,False,True,0,,,RUNTIME_ONLY,,3aa29735cf48f50c53f8f91a64dd519953a3e19747a0ba00ded6436817fc8606,3aa29735cf48f50c53f8f91a64dd519953a3e19747a0ba00ded6436817fc8606,REVIEWED_PENDING_LEGACY_SCRIPT_NO_PORT,"Former test-bundle, receipt, selector, snapshot and gate-authority chain; standalone port would duplicate current authority and can write/rebase receipts.",audit/GATE0_REMAINING_SCRIPTS_SOURCE_RECONCILIATION_2026-09-30.json
scripts/ops/mount_workspace.sh,False,True,0,,,RUNTIME_ONLY,,7f94c5fd3a17d1390afe553f608bd4f9705cd7c62a0ca59bb72859b010fa4221,7f94c5fd3a17d1390afe553f608bd4f9705cd7c62a0ca59bb72859b010fa4221,REVIEWED_STALE_ENCRYPTED_MOUNT_NO_PORT,"Preserved runtime-only script targets CodexWorkspace-Rebuilt.sparsebundle, attaches with Keychain and hdiutil, and validates an obsolete encrypted repository/symlink. Active source and nightly backup instead use the direct Expansion Crypto Wizard checkout. No active code or LaunchAgent invokes this repository script.",audit/GATE0_WORKSPACE_OPS_REVIEW_2026-09-30.json
scripts/ops/validate_workspace.sh,True,True,1,f90f83d69e1172ba062bfb1fd6718f5d53ab8d494aac588b4a170be3a1db3408,forensic_a;forensic_b;workspace_outer,CHANGED,a6ae1f0378370bbf25ef8de1a7e4e54f4c1ab3893df1d12db400cb4bee00d079,ee7ea641d5a4a06ea16672355da996e30610784507e3d2fa0201055ff5a31274,ee7ea641d5a4a06ea16672355da996e30610784507e3d2fa0201055ff5a31274,REVIEWED_ACTIVE_RETAIN_RUNTIME_AND_FORENSIC_NO_PORT,"Retain active local Git/report identity check. Runtime variant uses old Documents/Codex canonical path and reads .env.local/API presence; forensic variant defaults to the same obsolete path. Neither establishes current Expansion source identity. Active output expressly grants no credential, release, or trading readiness.",audit/GATE0_WORKSPACE_OPS_REVIEW_2026-09-30.json
scripts/phase00_closure_verify.py,False,True,0,,,RUNTIME_ONLY,,fcf85820dda5ecf2e14c0ca633dd1c475cec18cb0ec420a648c0ebee5c6ac9ff,fcf85820dda5ecf2e14c0ca633dd1c475cec18cb0ec420a648c0ebee5c6ac9ff,REVIEWED_PENDING_LEGACY_SCRIPT_NO_PORT,Pinned old workspace/interpreter/toolchain and subprocess bootstrap; collection contract/config are absent.,audit/GATE0_REMAINING_SCRIPTS_SOURCE_RECONCILIATION_2026-09-30.json
scripts/planned_control_source_contract.py,False,True,0,,,RUNTIME_ONLY,,20d5dbdeb120aad8a9f24c343dda8ed88251ef067f6fd6359c2b58e13a82b47c,20d5dbdeb120aad8a9f24c343dda8ed88251ef067f6fd6359c2b58e13a82b47c,REVIEWED_PENDING_LEGACY_SCRIPT_NO_PORT,"Former test-bundle, receipt, selector, snapshot and gate-authority chain; standalone port would duplicate current authority and can write/rebase receipts.",audit/GATE0_REMAINING_SCRIPTS_SOURCE_RECONCILIATION_2026-09-30.json
scripts/pytest_execution_contract.py,False,True,0,,,RUNTIME_ONLY,,46be55d3ce7e33a4e919533bf7a04d6d31d1bb382373e05c021452ecd4e18ecd,46be55d3ce7e33a4e919533bf7a04d6d31d1bb382373e05c021452ecd4e18ecd,REVIEWED_PENDING_LEGACY_SCRIPT_NO_PORT,"Former test-bundle, receipt, selector, snapshot and gate-authority chain; standalone port would duplicate current authority and can write/rebase receipts.",audit/GATE0_REMAINING_SCRIPTS_SOURCE_RECONCILIATION_2026-09-30.json
scripts/pytest_import_path_probe.py,False,True,0,,,RUNTIME_ONLY,,9ab0835fc7e53047c33e641d445e0127ea0fe56a0c0d437b24770e2cce0f01dc,9ab0835fc7e53047c33e641d445e0127ea0fe56a0c0d437b24770e2cce0f01dc,REVIEWED_PENDING_LEGACY_SCRIPT_NO_PORT,"Former test-bundle, receipt, selector, snapshot and gate-authority chain; standalone port would duplicate current authority and can write/rebase receipts.",audit/GATE0_REMAINING_SCRIPTS_SOURCE_RECONCILIATION_2026-09-30.json
scripts/pytest_outcome_plugin.py,False,True,0,,,RUNTIME_ONLY,,88e2265d22e842784299d04d610a170f6f28e77d09c376052d6d27cd8492c4ce,88e2265d22e842784299d04d610a170f6f28e77d09c376052d6d27cd8492c4ce,REVIEWED_PENDING_LEGACY_SCRIPT_NO_PORT,"Former test-bundle, receipt, selector, snapshot and gate-authority chain; standalone port would duplicate current authority and can write/rebase receipts.",audit/GATE0_REMAINING_SCRIPTS_SOURCE_RECONCILIATION_2026-09-30.json
scripts/rebase_gate_authority_chain.py,False,True,0,,,RUNTIME_ONLY,,085d497a7f75736f7163a7a9c2cbf04057bb6b6ba56a12559291fe47c7b3b01f,085d497a7f75736f7163a7a9c2cbf04057bb6b6ba56a12559291fe47c7b3b01f,REVIEWED_PENDING_LEGACY_SCRIPT_NO_PORT,"Former test-bundle, receipt, selector, snapshot and gate-authority chain; standalone port would duplicate current authority and can write/rebase receipts.",audit/GATE0_REMAINING_SCRIPTS_SOURCE_RECONCILIATION_2026-09-30.json
scripts/research_rag.py,False,True,0,,,RUNTIME_ONLY,,cc30828a169265caec86142da4432c9294aa0d59f24ea880b07748067fb0779f,cc30828a169265caec86142da4432c9294aa0d59f24ea880b07748067fb0779f,REVIEWED_PENDING_LEGACY_SCRIPT_NO_PORT,Configured research Python and research_rag/tooling packages are absent from current HEAD.,audit/GATE0_REMAINING_SCRIPTS_SOURCE_RECONCILIATION_2026-09-30.json
scripts/run_evidence_pipeline_phase9_final_promotion.py,True,False,1,62b5dd735428a2455d4cc0ca25f5941b9df6c8dad7704de7ce0c1414d835a1be,forensic_b,,,,,REVIEWED_LEGACY_PHASE9_AUTHORITY_REPAIR,"Selected the historical V1 quarantine idea: even a winning walk-forward and stress row is research_only, every output row has promotion_authority false, and the report states no paper-trade or execution authority. The governed V2 pipeline retains current acceptance authority.",audit/GATE0_LEGACY_SCRIPT_TRIAGE_2026-09-30.json
scripts/run_one_shot_hyperliquid_l2_calibration.py,False,True,0,,,RUNTIME_ONLY,,,14c564d901a85ec31d0c412873774e07e0a8391aed90348f3a015eb628a016fd,REVIEWED_PENDING_LEGACY_SCRIPT_NO_PORT,Frozen adapter and L2 runner are absent; one-shot runner can make 24 live Hyperliquid info calls and write receipts.,audit/GATE0_REMAINING_SCRIPTS_SOURCE_RECONCILIATION_2026-09-30.json
scripts/schedule_logs/three_hour_schedule_20260630_004728.log,False,True,0,,,RUNTIME_ONLY,,5e02d7abd69128c55485b59006222432603d8463bc022285636f36232856217c,5e02d7abd69128c55485b59006222432603d8463bc022285636f36232856217c,RETAIN_HISTORICAL_LOG_NO_PORT,Scheduler output log; not executable source. Original bytes are in the dated Mac internal savepoint.,Exact savepoint/reconciliation SHA-256 match; Git ignored
scripts/schedule_logs/three_hour_schedule_20260630_004740.log,False,True,0,,,RUNTIME_ONLY,,40879bf0711ad73f3448fcfabcd97a187cc03612331b8b7c12f6ed3ccc2ee6f9,40879bf0711ad73f3448fcfabcd97a187cc03612331b8b7c12f6ed3ccc2ee6f9,RETAIN_HISTORICAL_LOG_NO_PORT,Scheduler output log; not executable source. Original bytes are in the dated Mac internal savepoint.,Exact savepoint/reconciliation SHA-256 match; Git ignored
scripts/schedule_logs/three_hour_schedule_20260630_010218.log,False,True,0,,,RUNTIME_ONLY,,d51d548bbf31e495351522db62d667f3dddd29c70595123e8d05991fda61debc,d51d548bbf31e495351522db62d667f3dddd29c70595123e8d05991fda61debc,RETAIN_HISTORICAL_LOG_NO_PORT,Scheduler output log; not executable source. Original bytes are in the dated Mac internal savepoint.,Exact savepoint/reconciliation SHA-256 match; Git ignored
scripts/schedule_logs/three_hour_schedule_20260630_010235.log,False,True,0,,,RUNTIME_ONLY,,4d03fb4ae54607a223fa4322243d66412a4b56893d70d4cc6ffb9a6048b8818c,4d03fb4ae54607a223fa4322243d66412a4b56893d70d4cc6ffb9a6048b8818c,RETAIN_HISTORICAL_LOG_NO_PORT,Scheduler output log; not executable source. Original bytes are in the dated Mac internal savepoint.,Exact savepoint/reconciliation SHA-256 match; Git ignored
scripts/schedule_logs/three_hour_schedule_20260630_010248.log,False,True,0,,,RUNTIME_ONLY,,5599da5c46bfaa55ae2b758896e01dc6ae43051734510b0f47f1b5130d317173,5599da5c46bfaa55ae2b758896e01dc6ae43051734510b0f47f1b5130d317173,RETAIN_HISTORICAL_LOG_NO_PORT,Scheduler output log; not executable source. Original bytes are in the dated Mac internal savepoint.,Exact savepoint/reconciliation SHA-256 match; Git ignored
scripts/schedule_logs/three_hour_schedule_20260630_010351.log,False,True,0,,,RUNTIME_ONLY,,8feddf6920b7d56707345e968ca22ab43e624b32a6714a3e4da5a59b8e017f98,8feddf6920b7d56707345e968ca22ab43e624b32a6714a3e4da5a59b8e017f98,RETAIN_HISTORICAL_LOG_NO_PORT,Scheduler output log; not executable source. Original bytes are in the dated Mac internal savepoint.,Exact savepoint/reconciliation SHA-256 match; Git ignored
scripts/schedule_logs/three_hour_schedule_20260630_010412.log,False,True,0,,,RUNTIME_ONLY,,0128364b8edcbab44552fc31f37d9e368f435d37c6f91abb14b9bb520994d173,0128364b8edcbab44552fc31f37d9e368f435d37c6f91abb14b9bb520994d173,RETAIN_HISTORICAL_LOG_NO_PORT,Scheduler output log; not executable source. Original bytes are in the dated Mac internal savepoint.,Exact savepoint/reconciliation SHA-256 match; Git ignored
scripts/schedule_logs/three_hour_schedule_20260630_010448.log,False,True,0,,,RUNTIME_ONLY,,ae8ba5545678f197a3affe9cf206d508ddd1f30b52fdb4e79c474fe60bcb5e80,ae8ba5545678f197a3affe9cf206d508ddd1f30b52fdb4e79c474fe60bcb5e80,RETAIN_HISTORICAL_LOG_NO_PORT,Scheduler output log; not executable source. Original bytes are in the dated Mac internal savepoint.,Exact savepoint/reconciliation SHA-256 match; Git ignored
scripts/schedule_logs/three_hour_schedule_20260630_012443.log,False,True,0,,,RUNTIME_ONLY,,c50c981347671c3fb127230729de87498995a6ddb49f8f9e188cb4ff27e9962e,c50c981347671c3fb127230729de87498995a6ddb49f8f9e188cb4ff27e9962e,RETAIN_HISTORICAL_LOG_NO_PORT,Scheduler output log; not executable source. Original bytes are in the dated Mac internal savepoint.,Exact savepoint/reconciliation SHA-256 match; Git ignored
scripts/schedule_logs/three_hour_schedule_20260630_012446.log,False,True,0,,,RUNTIME_ONLY,,8b32fb1f1a2f8824c1c75511979d0487a14f43368230cbdde7321775b1913c2e,8b32fb1f1a2f8824c1c75511979d0487a14f43368230cbdde7321775b1913c2e,RETAIN_HISTORICAL_LOG_NO_PORT,Scheduler output log; not executable source. Original bytes are in the dated Mac internal savepoint.,Exact savepoint/reconciliation SHA-256 match; Git ignored
scripts/schedule_logs/three_hour_schedule_20260630_012504.log,False,True,0,,,RUNTIME_ONLY,,077fe95211536570932f89d31331823492de8ddc34eb9d4ad834a86707c846f9,077fe95211536570932f89d31331823492de8ddc34eb9d4ad834a86707c846f9,RETAIN_HISTORICAL_LOG_NO_PORT,Scheduler output log; not executable source. Original bytes are in the dated Mac internal savepoint.,Exact savepoint/reconciliation SHA-256 match; Git ignored
scripts/schedule_logs/three_hour_schedule_20260630_012553.log,False,True,0,,,RUNTIME_ONLY,,3bc0833da0eab04c2958469f74034e89f3f247d47dc546deb83c36595750f15c,3bc0833da0eab04c2958469f74034e89f3f247d47dc546deb83c36595750f15c,RETAIN_HISTORICAL_LOG_NO_PORT,Scheduler output log; not executable source. Original bytes are in the dated Mac internal savepoint.,Exact savepoint/reconciliation SHA-256 match; Git ignored
scripts/schedule_logs/three_hour_schedule_20260630_012558.log,False,True,0,,,RUNTIME_ONLY,,0d79a4160b9f47af978964407258186c0a33e455beada435012d3eb95fa69886,0d79a4160b9f47af978964407258186c0a33e455beada435012d3eb95fa69886,RETAIN_HISTORICAL_LOG_NO_PORT,Scheduler output log; not executable source. Original bytes are in the dated Mac internal savepoint.,Exact savepoint/reconciliation SHA-256 match; Git ignored
scripts/schedule_logs/three_hour_schedule_20260630_012605.log,False,True,0,,,RUNTIME_ONLY,,4ef6139d0b33e4f2ce99006ba664c16e5dbf049f517173075b72f7898f778b68,4ef6139d0b33e4f2ce99006ba664c16e5dbf049f517173075b72f7898f778b68,RETAIN_HISTORICAL_LOG_NO_PORT,Scheduler output log; not executable source. Original bytes are in the dated Mac internal savepoint.,Exact savepoint/reconciliation SHA-256 match; Git ignored
scripts/schedule_logs/three_hour_schedule_20260630_185717.log,False,True,0,,,RUNTIME_ONLY,,89d25fbdb4d69e2d2b44773a4c8e94c01784850be2912b6f303da94283027dc1,89d25fbdb4d69e2d2b44773a4c8e94c01784850be2912b6f303da94283027dc1,RETAIN_HISTORICAL_LOG_NO_PORT,Scheduler output log; not executable source. Original bytes are in the dated Mac internal savepoint.,Exact savepoint/reconciliation SHA-256 match; Git ignored
scripts/seal_full_video_gap_rescrub_package.py,False,True,0,,,RUNTIME_ONLY,,6bd2f0bd0b9dfb10cac10fd51591979a10585a534257089ce4b1ba64a828f035,6bd2f0bd0b9dfb10cac10fd51591979a10585a534257089ce4b1ba64a828f035,REVIEWED_PENDING_LEGACY_SCRIPT_NO_PORT,"Coupled historical August video/math desk/lineage output chain needs frozen reports, snapshot data, companion scripts and matching tests; local report and attestation writes.",audit/GATE0_REMAINING_SCRIPTS_SOURCE_RECONCILIATION_2026-09-30.json
scripts/serve_human_evidence_preview.cjs,False,True,0,,,RUNTIME_ONLY,,7c7d43eb934472cce6ce834e0658820eda4bab96316a4df826b60799bc8254b6,7c7d43eb934472cce6ce834e0658820eda4bab96316a4df826b60799bc8254b6,REVIEWED_PENDING_LEGACY_SCRIPT_NO_PORT,Pinned retained dashboard snapshot and presentation modules are absent; generated page for localhost server is absent.,audit/GATE0_REMAINING_SCRIPTS_SOURCE_RECONCILIATION_2026-09-30.json
scripts/stable_project_snapshot.py,False,True,0,,,RUNTIME_ONLY,,796eb8d27a00d8a02425a285e235561dc7217e9fb2e74793ca54f16c30f6b88b,796eb8d27a00d8a02425a285e235561dc7217e9fb2e74793ca54f16c30f6b88b,REVIEWED_PENDING_LEGACY_SCRIPT_NO_PORT,"Former test-bundle, receipt, selector, snapshot and gate-authority chain; standalone port would duplicate current authority and can write/rebase receipts.",audit/GATE0_REMAINING_SCRIPTS_SOURCE_RECONCILIATION_2026-09-30.json
scripts/thewiz_tools.py,False,True,0,,,RUNTIME_ONLY,,be2ac17d565a5971a07840c498ce2abeebad4a2326afed60b4c541b4be51a2a8,be2ac17d565a5971a07840c498ce2abeebad4a2326afed60b4c541b4be51a2a8,REVIEWED_PENDING_LEGACY_SCRIPT_NO_PORT,Configured research Python and research_rag/tooling packages are absent from current HEAD.,audit/GATE0_REMAINING_SCRIPTS_SOURCE_RECONCILIATION_2026-09-30.json
scripts/validate_full_video_gap_rescrub.py,False,True,0,,,RUNTIME_ONLY,,4916d21d5fff360e458d6694fb815684ed809b9076c9eb2d49cb5d8b0dd2da00,4916d21d5fff360e458d6694fb815684ed809b9076c9eb2d49cb5d8b0dd2da00,REVIEWED_PENDING_LEGACY_SCRIPT_NO_PORT,"Coupled historical August video/math desk/lineage output chain needs frozen reports, snapshot data, companion scripts and matching tests; local report and attestation writes.",audit/GATE0_REMAINING_SCRIPTS_SOURCE_RECONCILIATION_2026-09-30.json
scripts/validator_check_contract.py,False,True,0,,,RUNTIME_ONLY,,09889e66707d7da255707c26c8d512523a27525ba44772dff6aa7606661785d5,09889e66707d7da255707c26c8d512523a27525ba44772dff6aa7606661785d5,REVIEWED_PENDING_LEGACY_SCRIPT_NO_PORT,"Former test-bundle, receipt, selector, snapshot and gate-authority chain; standalone port would duplicate current authority and can write/rebase receipts.",audit/GATE0_REMAINING_SCRIPTS_SOURCE_RECONCILIATION_2026-09-30.json
scripts/verify_one_shot_hyperliquid_l2_calibration.py,False,True,0,,,RUNTIME_ONLY,,,470d5faf4f1283b6879dde35c127086ae5c9c06cd6980bf623ad147f3dba41fc,REVIEWED_PENDING_LEGACY_SCRIPT_NO_PORT,Frozen adapter and L2 runner are absent; one-shot runner can make 24 live Hyperliquid info calls and write receipts.,audit/GATE0_REMAINING_SCRIPTS_SOURCE_RECONCILIATION_2026-09-30.json
src/quant_platform/ablations.py,True,False,2,7fc7e6b656a1e8ab0c9599856df2976a318a8c45b11736b564f9438dd80e0089;c7f759625306cfd0c4b872ffd6ca52f572b68f6e13a3e8e3fed93341dcfd4456,forensic_b;visual_recovery,,,,,REVIEWED_NARROW_PORT_COMPLETE_HISTORICAL_NO_WHOLE_FILE_PORT,Selected source retains atomic CSV publication and now parses persisted tested/baseline eligibility with strict_bool. Forensic_b only changes atomic publication to direct to_csv; visual_recovery also uses bool('False') and would elevate false eligibility. No whole-file port.,audit/GATE0_NONORCHESTRATION_SOURCE11_REVIEW_2026-09-30.json; exact selected/frozen/runtime/recovery/extended hashes
src/quant_platform/active_pipeline.py,True,True,2,5dc95e086dc4a531b604b0fecf4d621c80d760fd096956285c552e77175516c4;babd75b3c7e079e121bbbeabb8d5c1cfde89dc7273b6cbbf17609b704b2ac874,forensic_a;forensic_b;visual_recovery;workspace_outer,CHANGED,2a1abd88823ab5080b26a83eaf906036a1635ed266fff5a2c56936debb3f1685,ef84d959b794014badeb8a4d8099f972248eabef71c6e89f2e63e232a93d6348,ef84d959b794014badeb8a4d8099f972248eabef71c6e89f2e63e232a93d6348,REVIEWED_TOP_LEVEL_NONVENUE_DEPENDENCY_DEFERRED_NO_PORT,Large dashboard/system-check/recovery drift; current HEAD also changed after four-root freeze; review alongside CLI and stage fixtures.,audit/GATE0_TOP_LEVEL_NONVENUE_SOURCE_RECONCILIATION_2026-09-30.json; audit/GATE0_TOP_LEVEL_NONVENUE_25_DECISIONS_2026-09-30.json
src/quant_platform/api_extraction.py,True,False,1,69c55df1ae16bc77249825efff92c998465d048074aa7393f9785da0bda02794,forensic_b;visual_recovery,,,,,REVIEWED_OMITTED_VARIANT_NO_PORT,Historical 69c55df1ae16bc77249825efff92c998465d048074aa7393f9785da0bda02794 reviewed against selected 8418f28a34b02240949a6ef628da01535143f46970571a9902e414ccd6d842c1. Selected official Wizard API requests pass through governed fetch and exact catalog validation; historical code calls requests directly. Selected archive/CSV writes are atomic. Retain selected active bytes; no authority or provider use authorized.,audit/GATE0_UNION_OMISSION_GAP_2026-09-30.json; audit/GATE0_OMITTED_UNION_NON_ORCHESTRATION_RECONCILIATION_2026-09-30.json
src/quant_platform/apify_sources.py,False,True,1,70a177d338b942b9b2047e1b17cd20be8a56d507182635beb3fa169297a21259,forensic_b;visual_recovery,CHANGED,b24b3ee6b060940ab13ca7c240898a044291538168423ee3e465892b5e7ca4eb,0e32a405f1bd8fe2089a4559ee62b503b6b2a0f672f2f54a11417cb7faac1f3c,0e32a405f1bd8fe2089a4559ee62b503b6b2a0f672f2f54a11417cb7faac1f3c,REVIEWED_EXACT_REQUEST_DEPENDENCY_DEFERRED_NO_WHOLE_FILE_PORT,"Recovery/runtime source switches real Apify requests to ExactHttpRequest with exact method, path, query, and payload binding while retaining the injected-client callback. The selected corrective external-effect module lacks that request type/API, so the source cannot be transplanted. Forensic/visual copy predates the governed call path. Keep selected callback authority until a complete exact-request dependency is integrated.",audit/GATE0_NONORCHESTRATION_SOURCE11_REVIEW_2026-09-30.json; exact selected/frozen/runtime/recovery/extended hashes
src/quant_platform/backtest.py,True,True,2,104c2ea21bd9296252486bff9fe8e8d6efd9e2276f68fae0487962a12156c6b3;d3ae5a6d5fd6e0bf35bbc1d4c731c88e62b0672afd041d5260a69afc6bd7cdb8,forensic_a;forensic_b;visual_recovery;workspace_outer,CHANGED,0a060a6541ca24b9e5c310e3d632ed36283fd69fb9ad063dcf99a6b3059ce75d,a5988596d59144eac0cc8fea4a143b9cabfefbe2ee649b83e57764814cd0ee4f,a5988596d59144eac0cc8fea4a143b9cabfefbe2ee649b83e57764814cd0ee4f,REVIEWED_PORTED_V23_SOURCE,"Selected exact qualified V2.3 accounting/strategy source with costed, causal, and no-proxy-authority regressions; historical bytes remain preserved.",audit/GATE0_V23_SOURCE_TRANSITION_2026-09-30.json
src/quant_platform/binance_spot.py,True,False,1,766f5a63c5f58a08a8e114b4cb7e5f42ab40264b9d01c60896951e8270db89b1,forensic_b;visual_recovery,,,,,REVIEWED_OMITTED_VARIANT_NO_PORT,"Historical 766f5a63c5f58a08a8e114b4cb7e5f42ab40264b9d01c60896951e8270db89b1 reviewed against selected daf4efd22a1ef5151be39ea28dc3fc27166b10c95bf202a560cde279c822cbf4. Selected persisted candle, report, and CSV outputs use governed atomic writers; historical writes can publish partial files. Retain selected active bytes; no authority or provider use authorized.",audit/GATE0_UNION_OMISSION_GAP_2026-09-30.json; audit/GATE0_OMITTED_UNION_NON_ORCHESTRATION_RECONCILIATION_2026-09-30.json
src/quant_platform/binance_testnet.py,False,True,1,ed0fed7a11611761a253093f8837d4a7c5c929fc88adb62af7009cf0a08e8223,forensic_b;visual_recovery,CHANGED,6e316f082ae3fafc61fea76afffff95dd3b28c377612e9334313e07ad0982461,4b0520be7f616967753db20c8e255b99486c464510d1123f929213fdb34bcba2,4b0520be7f616967753db20c8e255b99486c464510d1123f929213fdb34bcba2,REVIEWED_CANONICAL_PAIR_METHOD_GUARD_PORT_REMAINDER_NO_WHOLE_FILE_PORT,"Selected source enforces gate00g testnet adapter type/order authority; older forensic/visual copy removes those checks. Runtime source candidate adds canonical type registration and instance-method binding checks, but depends on a broader execution attestation API. Review a focused source/test guard; no wholesale import of the older or runtime file. The canonical entry and rollback method guard and regressions were ported in ad98345; broader historical attestation remains a separate dependency family.",audit/GATE0_NONORCHESTRATION_SOURCE11_REVIEW_2026-09-30.json; exact selected/frozen/runtime/recovery/extended hashes; selective source/test repairs ad98345
src/quant_platform/cli.py,True,True,2,2d879404da6297d101529dbfe9f4aa1d5585ad4462d8b84387610f59e6cfb852;d36964b2257ee39cfce4f4eeb3eb5cfa8b7c7c26a3a8511314968ca45ec54bb6,forensic_a;forensic_b;visual_recovery;workspace_outer,CHANGED,3a02690323ac110b1707da6e6fcd9b643705a66e13c80f15e2039e1846b65e9d,6cd07d5ff430bfc559d509614406b97df38b156dcd1cb7fd93dcb00dc59ff3f8,3569bc8e33e92ad6377453f86a2b89914d7cca5b27dcea7cfcfd783a7abd5bc6,REVIEWED_TOP_LEVEL_NONVENUE_DEPENDENCY_DEFERRED_NO_PORT,Large command router drift adds venue/Phase00 authority paths; no standalone transplant.,audit/GATE0_TOP_LEVEL_NONVENUE_SOURCE_RECONCILIATION_2026-09-30.json; audit/GATE0_TOP_LEVEL_NONVENUE_25_DECISIONS_2026-09-30.json
src/quant_platform/copula_desk/__init__.py,False,True,0,,,RUNTIME_ONLY,,b34bb2250a7f8d573524f7d1754745774b535b43e097b2e54ffff7d80152001a,b34bb2250a7f8d573524f7d1754745774b535b43e097b2e54ffff7d80152001a,REVIEWED_RETAIN_NO_PORT, Runtime-only unadopted research module with no active importer.,; audit/GATE0_STRATEGY_DESKS_27_PATH_QUEUE_UPDATE_2026-09-30.csv
src/quant_platform/copula_desk/signal_path.py,False,True,0,,,RUNTIME_ONLY,,5a72e617de7f9eabbdfdc9f46cc51f3036185494c4bc2879b5a0bd6f4299f72c,5a72e617de7f9eabbdfdc9f46cc51f3036185494c4bc2879b5a0bd6f4299f72c,PRESERVED_REVIEW_REQUIRED_OFFLINE_COMPONENT, Offline research signals depend on static desk cohort or active math/economic helpers; no active importer or direct component tests.,; audit/GATE0_STRATEGY_DESKS_27_PATH_QUEUE_UPDATE_2026-09-30.csv
src/quant_platform/crypto_wizards_catalog.py,True,False,1,a60692c62534cf8fd05a41477b2abaa36b22a775af5770629daad8ec173d45a4,forensic_b;visual_recovery,,,,,REVIEWED_OMITTED_VARIANT_NO_PORT,Historical a60692c62534cf8fd05a41477b2abaa36b22a775af5770629daad8ec173d45a4 reviewed against selected 38e540e20d2854bf9b8143fc14dd4fd1137bde8026eb725c742e98c53e96f617. Selected catalog adds exact official-origin method/path credit contract; historical catalog lacks this validation. Retain selected active bytes; no authority or provider use authorized.,audit/GATE0_UNION_OMISSION_GAP_2026-09-30.json; audit/GATE0_OMITTED_UNION_NON_ORCHESTRATION_RECONCILIATION_2026-09-30.json
src/quant_platform/crypto_wizards_dashboard_capture.py,True,False,2,4288d7a324283b0215cdb0a2cb42d9654a5a2ac26991345ea9b71dc5f8d71ec2;457ad94e9ae6f7181af26f9e8e31e6d9e6282dfffd7d8ee7ad748b5b51d14d2e,forensic_a;forensic_b;visual_recovery;workspace_outer,,,,,REVIEWED_TOP_LEVEL_PROVIDER_NO_PORT,Active and runtime bytes match. Forensic dashboard-capture versions predate the current capture contract; no independent safety gain is established.,audit/GATE0_TOP_LEVEL_PROVIDER_SOURCE_REVIEW_2026-09-30.json
src/quant_platform/crypto_wizards_history.py,False,True,1,f9043211b7cd7c08386f8f4224115a00f4bc2c8bee32b784b982f47612503cf1,forensic_b;visual_recovery,CHANGED,5a9d0c035d498e04769a556690f37826899445d45f9ddaf90800de3d160132bc,e888e6f3c12e6ef5cb3d172d02723a0e36eaa883108fbf92da3e29a1f5d2ab2b,e888e6f3c12e6ef5cb3d172d02723a0e36eaa883108fbf92da3e29a1f5d2ab2b,REVIEWED_TOP_LEVEL_PROVIDER_NO_PORT,Runtime substitutes exact_http_request for the active governed callback path. This requires the deferred v6 effect API and changes HTTP error details; port only with an end-to-end effect authority migration. Omitted forensic variant: Selecting this variant would permit official API calls without the current reserved effect/credit gate and weaken evidence writes.,audit/GATE0_TOP_LEVEL_PROVIDER_SOURCE_REVIEW_2026-09-30.json;audit/GATE0_TOP_LEVEL_NINE_UNLISTED_VARIANTS_SUPPLEMENT_2026-09-30.json
src/quant_platform/crypto_wizards_scanner.py,False,True,1,22af4ab7385d3028070f1e1906a2ae855d566b0f379a7ab32cdbd5cd7aaea09f,forensic_b;visual_recovery,CHANGED,cbad3408b43ded3e00d1b2b833d919cccf67e0e194da029cde964ca21d447edc,8fdf434d91e551b85755193a8eb7e83e80a153736af246f5786342d1fbd45fab,8fdf434d91e551b85755193a8eb7e83e80a153736af246f5786342d1fbd45fab,REVIEWED_TOP_LEVEL_PROVIDER_NO_PORT,"Runtime adds volatility columns and reinterprets risk-cell VaR/CVaR/MDD offsets. Qualify captured row fixtures, CSV consumers, and field dictionaries before changing dashboard evidence. Omitted forensic variant: No missing parser logic is recovered; replacing active would weaken report publication and would not supply the runtime risk-field fixes.",audit/GATE0_TOP_LEVEL_PROVIDER_SOURCE_REVIEW_2026-09-30.json;audit/GATE0_TOP_LEVEL_NINE_UNLISTED_VARIANTS_SUPPLEMENT_2026-09-30.json
src/quant_platform/crypto_wizards_sweep.py,True,True,2,3128c591d11c4621599861024407e79024e5d37762b204b4b456fa9b50dc2fee;488ac159c65945aabcdad329c99db5eeb44757aa2586d13976478451d4c4f30d,forensic_a;forensic_b;visual_recovery;workspace_outer,CHANGED,e674761bff215c432b2301ddeed65f5c0002150800028eb87f5907105935e6fa,06394686395343b5ca39ccf019b6d7cfb6403a70ac68db2c7d7e24c23fea8152,06394686395343b5ca39ccf019b6d7cfb6403a70ac68db2c7d7e24c23fea8152,REVIEWED_TOP_LEVEL_PROVIDER_NO_PORT,"Runtime adds canonical output-path planning and pre-reservation validation, coupled to runtime wizard_credit_ledger_paths and v6 external effect reservations.",audit/GATE0_TOP_LEVEL_PROVIDER_SOURCE_REVIEW_2026-09-30.json
src/quant_platform/decide/__init__.py,False,True,0,,,RUNTIME_ONLY,,39995ae14d2870c87c5ea1e3e68587d75565a4d760e456712227b6d4553b04d9,39995ae14d2870c87c5ea1e3e68587d75565a4d760e456712227b6d4553b04d9,REVIEWED_DECIDE_DEPENDENCY_COHORT_NO_PORT,"Eagerly exports fast challenge, handoff, and pipeline; no active caller or independent package boundary.",audit/GATE0_DECIDE_SOURCE_FAMILY_RECONCILIATION_2026-09-30.json
src/quant_platform/decide/__main__.py,False,True,0,,,RUNTIME_ONLY,,6575b39e0cea2b2d6d991eee726e44981a761f697a8184d59a0cd550bf1f3daa,6575b39e0cea2b2d6d991eee726e44981a761f697a8184d59a0cd550bf1f3daa,REVIEWED_DECIDE_DEPENDENCY_COHORT_NO_PORT,Research-only audit/validate CLI depends on the unpublished ownership registry and exact-current Math Desk parent lane.,audit/GATE0_DECIDE_SOURCE_FAMILY_RECONCILIATION_2026-09-30.json
src/quant_platform/decide/admission.py,False,True,0,,,RUNTIME_ONLY,,fc2e946655019ce296fdfed18f125c6b2c1d53dad2b6b41e7aa33cacb55e3b52,fc2e946655019ce296fdfed18f125c6b2c1d53dad2b6b41e7aa33cacb55e3b52,REVIEWED_DECIDE_DEPENDENCY_COHORT_NO_PORT,"Proof admission binds canonical M4/M6/M7/M8 receipts and imports evidence_payloads, which requires the absent trial registry.",audit/GATE0_DECIDE_SOURCE_FAMILY_RECONCILIATION_2026-09-30.json
src/quant_platform/decide/contracts.py,False,True,0,,,RUNTIME_ONLY,,a4fdaeb18f6c20567080d6c775cbd2995008c52b71742b6f72cc1b9fbbd6219a,a4fdaeb18f6c20567080d6c775cbd2995008c52b71742b6f72cc1b9fbbd6219a,REVIEWED_DECIDE_DEPENDENCY_COHORT_NO_PORT,"Core blocker-only models are a future selective reuse candidate, but this exact package has no active consumer and its initializer eagerly binds the larger lane.",audit/GATE0_DECIDE_SOURCE_FAMILY_RECONCILIATION_2026-09-30.json
src/quant_platform/decide/deep_challenge.py,False,True,0,,,RUNTIME_ONLY,,52af46264a1901795b3cac91ba2f96e151a7b0911d142a37f84c245c6a29f7be,52af46264a1901795b3cac91ba2f96e151a7b0911d142a37f84c245c6a29f7be,REVIEWED_DECIDE_DEPENDENCY_COHORT_NO_PORT,Trial registration dependency is absent active; deep comparison also binds proof and shadow cohort semantics.,audit/GATE0_DECIDE_SOURCE_FAMILY_RECONCILIATION_2026-09-30.json
src/quant_platform/decide/deep_contracts.py,False,True,0,,,RUNTIME_ONLY,,93e8d89279bd038b0f4c0fdb8063fb5937aa7d6fc01d86aeb22003d6d1cdacee,93e8d89279bd038b0f4c0fdb8063fb5937aa7d6fc01d86aeb22003d6d1cdacee,REVIEWED_DECIDE_DEPENDENCY_COHORT_NO_PORT,Top-level research_trial_registry import is absent active; contracts are coupled to deep trial and proof identities.,audit/GATE0_DECIDE_SOURCE_FAMILY_RECONCILIATION_2026-09-30.json
src/quant_platform/decide/evidence_io.py,False,True,0,,,RUNTIME_ONLY,,5190c417389171ae4794ca452063b50748aff576f518f5fbfef0badf34da78ff,5190c417389171ae4794ca452063b50748aff576f518f5fbfef0badf34da78ff,REVIEWED_DECIDE_DEPENDENCY_COHORT_NO_PORT,"Artifact validators are a future selective reuse candidate, but exact bytes require the absent package contract and no active caller exists.",audit/GATE0_DECIDE_SOURCE_FAMILY_RECONCILIATION_2026-09-30.json
src/quant_platform/decide/evidence_payloads.py,False,True,0,,,RUNTIME_ONLY,,de0149f24401e5b6468ff42e35b1d6f4c9b9fa4832a7a1daa32daee7afb77e55,de0149f24401e5b6468ff42e35b1d6f4c9b9fa4832a7a1daa32daee7afb77e55,REVIEWED_DECIDE_DEPENDENCY_COHORT_NO_PORT,Top-level deep_contracts and research_trial_registry imports are absent active; payload IDs must travel with their verifier cohort.,audit/GATE0_DECIDE_SOURCE_FAMILY_RECONCILIATION_2026-09-30.json
src/quant_platform/decide/fast_challenge.py,False,True,0,,,RUNTIME_ONLY,,97cda45be03f7b4ff2c49870b1b9de6a759654544f542d05dcea98e1517fbbfa,97cda45be03f7b4ff2c49870b1b9de6a759654544f542d05dcea98e1517fbbfa,REVIEWED_DECIDE_DEPENDENCY_COHORT_NO_PORT,"Fingerprinting requires config/research_validation_surface_registry.json, already reviewed as no-port; no active caller exists.",audit/GATE0_DECIDE_SOURCE_FAMILY_RECONCILIATION_2026-09-30.json
src/quant_platform/decide/handoff.py,False,True,0,,,RUNTIME_ONLY,,b7e1608c61ebf981ba50aceec316e96e02e07935ae6654bc9f3d692e80d3ed82,b7e1608c61ebf981ba50aceec316e96e02e07935ae6654bc9f3d692e80d3ed82,REVIEWED_DECIDE_DEPENDENCY_COHORT_NO_PORT,N+1 proposal binding depends on published exact-current research-validation snapshots and cannot alter the current generation.,audit/GATE0_DECIDE_SOURCE_FAMILY_RECONCILIATION_2026-09-30.json
src/quant_platform/decide/pipeline.py,False,True,0,,,RUNTIME_ONLY,,7d5fe3114365152b69b25919258b8840b935c7f8a9213eac97b1f1c9bda0b377,7d5fe3114365152b69b25919258b8840b935c7f8a9213eac97b1f1c9bda0b377,REVIEWED_DECIDE_DEPENDENCY_COHORT_NO_PORT,"Exact-current parent resolution imports Math Desk M4/M6/M7/M8, whose active sources are absent and Gate 0 review is no-port.",audit/GATE0_DECIDE_SOURCE_FAMILY_RECONCILIATION_2026-09-30.json
src/quant_platform/decide/proof_contracts.py,False,True,0,,,RUNTIME_ONLY,,cda686bc5a9b9bd8ba3c19937c98dcf12543400dd48e2476aa72c1fad2d757ca,cda686bc5a9b9bd8ba3c19937c98dcf12543400dd48e2476aa72c1fad2d757ca,REVIEWED_DECIDE_DEPENDENCY_COHORT_NO_PORT,Proof models bind candidate and Math Desk receipt semantics; no active admission consumer exists.,audit/GATE0_DECIDE_SOURCE_FAMILY_RECONCILIATION_2026-09-30.json
src/quant_platform/decide/reporting.py,False,True,0,,,RUNTIME_ONLY,,88de246e8ef605d4bb0a35cd96e53c24e02ffe97f6872eceab13b275529fa7cc,88de246e8ef605d4bb0a35cd96e53c24e02ffe97f6872eceab13b275529fa7cc,REVIEWED_DECIDE_DEPENDENCY_COHORT_NO_PORT,"Markdown formatting is a future selective reuse candidate, but it needs decide contracts and has no active caller.",audit/GATE0_DECIDE_SOURCE_FAMILY_RECONCILIATION_2026-09-30.json
src/quant_platform/decide/shadow.py,False,True,0,,,RUNTIME_ONLY,,a8d4c97b06c84630f882c9523aadf40450ebb5984acc5de46598225b9981e832,a8d4c97b06c84630f882c9523aadf40450ebb5984acc5de46598225b9981e832,REVIEWED_DECIDE_DEPENDENCY_COHORT_NO_PORT,Shadow evaluation depends on deep contracts and trial registry; preserved outcomes remain prospective and unattested.,audit/GATE0_DECIDE_SOURCE_FAMILY_RECONCILIATION_2026-09-30.json
src/quant_platform/desk_connections/__init__.py,False,True,0,,,RUNTIME_ONLY,,c219f3927128daeaf41fdb71c8828514973bfb9eb5822e5b64d0fb7bb47c8f4c,c219f3927128daeaf41fdb71c8828514973bfb9eb5822e5b64d0fb7bb47c8f4c,REVIEWED_DEPENDENT_DESK_PACKAGE_DEFERRED_NO_PORT,Import-safe package marker only; no active caller or usable desk implementation while the package dependency closure is absent.,audit/GATE0_DESK_CONNECTIONS_SOURCE_RECONCILIATION_2026-09-30.json
src/quant_platform/desk_connections/__main__.py,False,True,0,,,RUNTIME_ONLY,,94e26f61854718820c501822441f3a45f9e6b0ca37263f50fdfe369a90bcc2d0,94e26f61854718820c501822441f3a45f9e6b0ca37263f50fdfe369a90bcc2d0,REVIEWED_DEPENDENT_DESK_PACKAGE_DEFERRED_NO_PORT,"Read-only preview imports driver, journal, workflow, five pinned profiles, and the runtime-only human-evidence renderer; cannot run from active source.",audit/GATE0_DESK_CONNECTIONS_SOURCE_RECONCILIATION_2026-09-30.json
src/quant_platform/desk_connections/codec.py,False,True,0,,,RUNTIME_ONLY,,0ec3fbdf25671fa152f564023297eed82132cc857bcb62e8ba8816c2b5ae4d1d,0ec3fbdf25671fa152f564023297eed82132cc857bcb62e8ba8816c2b5ae4d1d,REVIEWED_DEPENDENT_DESK_PACKAGE_DEFERRED_NO_PORT,Typed journal codec resolves a static_desk and institutional_risk allowlist absent from active source; importing it alone cannot decode the retained records.,audit/GATE0_DESK_CONNECTIONS_SOURCE_RECONCILIATION_2026-09-30.json
src/quant_platform/desk_connections/driver.py,False,True,0,,,RUNTIME_ONLY,,17fdcc182718f2e6b7fbac49eaec584c3efb43a35eab751eacf1877dcfe3f821,17fdcc182718f2e6b7fbac49eaec584c3efb43a35eab751eacf1877dcfe3f821,REVIEWED_DEPENDENT_DESK_PACKAGE_DEFERRED_NO_PORT,"Research decision driver requires unported static, dynamic and copula signal paths and supplied accounting state; no active scheduler, consumer or direct test.",audit/GATE0_DESK_CONNECTIONS_SOURCE_RECONCILIATION_2026-09-30.json
src/quant_platform/desk_connections/journal.py,False,True,0,,,RUNTIME_ONLY,,d358337bf470f2bb17e46b004ac25509ef41c001da646bddc2570ea9af2384f2,d358337bf470f2bb17e46b004ac25509ef41c001da646bddc2570ea9af2384f2,REVIEWED_DEPENDENT_DESK_PACKAGE_DEFERRED_NO_PORT,Local SQLite desk journal requires unported static accounting/runtime record types and has no active owner or direct test.,audit/GATE0_DESK_CONNECTIONS_SOURCE_RECONCILIATION_2026-09-30.json
src/quant_platform/desk_connections/performance.py,False,True,0,,,RUNTIME_ONLY,,17b204ec2db95e626f4004442cfc00613f4674065c669e21162d312d99cd19e3,17b204ec2db95e626f4004442cfc00613f4674065c669e21162d312d99cd19e3,REVIEWED_DEPENDENT_DESK_PACKAGE_DEFERRED_NO_PORT,Book outcome reconstruction requires unported static accounting records; current generic performance math does not supply that book contract.,audit/GATE0_DESK_CONNECTIONS_SOURCE_RECONCILIATION_2026-09-30.json
src/quant_platform/desk_connections/portfolio.py,False,True,0,,,RUNTIME_ONLY,,a9f05d0c594c894afd888dde10ba903bd746bb3833f5fc777611d76d067fdca7,a9f05d0c594c894afd888dde10ba903bd746bb3833f5fc777611d76d067fdca7,REVIEWED_DEPENDENT_DESK_PACKAGE_DEFERRED_NO_PORT,Research-only account admission depends on unported institutional risk and static accounting/risk link/runtime types; not a current risk authority.,audit/GATE0_DESK_CONNECTIONS_SOURCE_RECONCILIATION_2026-09-30.json
src/quant_platform/desk_connections/presentation.py,False,True,0,,,RUNTIME_ONLY,,7353b63ac3c4b538cb37fe41d91d6534f73d9ac7967a434cb3fef6e07336b25e,7353b63ac3c4b538cb37fe41d91d6534f73d9ac7967a434cb3fef6e07336b25e,REVIEWED_DEPENDENT_DESK_PACKAGE_DEFERRED_NO_PORT,"Panel renderer can parse retained JSON, but its panel builder binds the unported desk family; the sole runtime inbound renderer is absent from active source.",audit/GATE0_DESK_CONNECTIONS_SOURCE_RECONCILIATION_2026-09-30.json
src/quant_platform/desk_connections/research.py,False,True,0,,,RUNTIME_ONLY,,28f99a60b6659c273964bb0b9831a90a7ba9e6d776d403541b97707134515be7,28f99a60b6659c273964bb0b9831a90a7ba9e6d776d403541b97707134515be7,REVIEWED_DEPENDENT_DESK_PACKAGE_DEFERRED_NO_PORT,Trial and learning adapter depends on unported profile/signal paths and research_trial_registry; no current student or teacher authority follows from the retained code.,audit/GATE0_DESK_CONNECTIONS_SOURCE_RECONCILIATION_2026-09-30.json
src/quant_platform/desk_connections/reservation.py,False,True,0,,,RUNTIME_ONLY,,b5c5487b1473ffea5ae86b7ca5f3cb55a21e88b0fc1de5d496f7f16312348f5e,b5c5487b1473ffea5ae86b7ca5f3cb55a21e88b0fc1de5d496f7f16312348f5e,REVIEWED_DEPENDENT_DESK_PACKAGE_DEFERRED_NO_PORT,Separate SQLite capacity registry consumes unported portfolio/account facts; release depends on caller-supplied terminal-order assertions and is not bound to active effect authority or a venue proof.,audit/GATE0_DESK_CONNECTIONS_SOURCE_RECONCILIATION_2026-09-30.json
src/quant_platform/desk_connections/workflow.py,False,True,0,,,RUNTIME_ONLY,,b4acd8dbec15bce89246f8ea1787904e36547afe4bdd3081d89e9563557f5653,b4acd8dbec15bce89246f8ea1787904e36547afe4bdd3081d89e9563557f5653,REVIEWED_DEPENDENT_DESK_PACKAGE_DEFERRED_NO_PORT,"Composition requires all five unadopted pinned strategy profiles, driver/presentation/research modules and unported ResearchTrialLedger; it commits only to a separate local reservation registry.",audit/GATE0_DESK_CONNECTIONS_SOURCE_RECONCILIATION_2026-09-30.json
src/quant_platform/desk_review.py,False,True,0,,,RUNTIME_ONLY,,1bd67211c99bb0f6628fe00486409c501dd443de63ff3c4f6eaa6d16252de7e5,1bd67211c99bb0f6628fe00486409c501dd443de63ff3c4f6eaa6d16252de7e5,REVIEWED_TOP_LEVEL_NONVENUE_DEPENDENCY_DEFERRED_NO_PORT,Runtime-only retired OU review; no current consumer or adopted gate.,audit/GATE0_TOP_LEVEL_NONVENUE_SOURCE_RECONCILIATION_2026-09-30.json; audit/GATE0_TOP_LEVEL_NONVENUE_25_DECISIONS_2026-09-30.json
src/quant_platform/dydx_candles.py,True,True,2,78161bb66b85aa1ce860cc34030e883f6312034fc844db6b2254d9d16de47cc6;9205f1d0480d139f96cfff46d6ffd68203dc87f8c03b0ca8807f37fd40f0f36a,forensic_b;visual_recovery,CHANGED,ce2c1a58d580451f9662760b475f2aa0f32f1c3720fdd6b4100cb74d6ba5ae30,b113977e8894a4f6b378376e6ed94c898c8057dda6e6a0b34e844cab3bceb80d,b113977e8894a4f6b378376e6ed94c898c8057dda6e6a0b34e844cab3bceb80d,REVIEWED_HISTORICAL_VARIANTS_RECONCILED,"Retained Y-on-X log economics and atomic writes while preserving monthly interval identity and namespacing provisional backfill; all historical functions were compared. Additional frozen variant reviewed: The visual copy maps calendar 1M to 1m, allows provisional features to overwrite native values, backfills future funding into earlier candles, uses price-level pair economics, and writes evidence directly. Preserve all SHA/root custody and retain selected source; no whole-file port.",audit/GATE0_DYDX_ML_SOURCE_RECONCILIATION_2026-09-30.json; audit/GATE0_EXTENDED_VARIANT_GAP_2026-09-30.json; audit/GATE0_REMAINING_REOPENED_EXTENDED_VARIANTS_2026-09-30.json
src/quant_platform/dydx_public_endpoints.py,False,True,0,,,RUNTIME_ONLY,,86463f0b7882de7a228b50770ab9defad66a1048066bb3fb0e9af40ed487953e,86463f0b7882de7a228b50770ab9defad66a1048066bb3fb0e9af40ed487953e,REVIEWED_TOP_LEVEL_PROVIDER_NO_PORT,Runtime-only public endpoint module must be reconciled with direct consumers and route boundaries before selecting a source port.,audit/GATE0_TOP_LEVEL_PROVIDER_SOURCE_REVIEW_2026-09-30.json
src/quant_platform/dydx_record_only_adapter.py,False,True,0,,,CHANGED,f887cfc4bc10a24d921a1bd7159824532881cb831f9c8b747ca8908c1f8e2f45,e9d8240c943b91614fcbe4885ec2b2076eaa0b850f8b12ca880eff4f5c2f71d4,e9d8240c943b91614fcbe4885ec2b2076eaa0b850f8b12ca880eff4f5c2f71d4,REVIEWED_TOP_LEVEL_PROVIDER_NO_PORT,Runtime canonical adapter registration requires execution API absent from active source; copying it would break imports.,audit/GATE0_TOP_LEVEL_PROVIDER_SOURCE_REVIEW_2026-09-30.json
src/quant_platform/dydx_sdk_order_adapter.py,False,True,1,28efdb2682cd67104ca2e6e6525afdfd706372a248b1f6e395777ac6fb5b1d71,forensic_b;visual_recovery,CHANGED,c8e633a22f8b65dcd31284d9e21a9b4ce7e175c37642745e5a3b488cb08680c9,9e9dbb3e5d7b5f23492f85604b3abb29c1da2874f5ad05a0a6523a9d86c7c6e6,9e9dbb3e5d7b5f23492f85604b3abb29c1da2874f5ad05a0a6523a9d86c7c6e6,REVIEWED_TOP_LEVEL_PROVIDER_NO_PORT,Runtime exact Gate 00G effect binding and active-market checks require the absent canonical execution registration and v6 authority API; no standalone port. Omitted forensic variant: A direct order submission path would bypass Gate 00G authorization and could repeat a non-reduce-only submission.,audit/GATE0_TOP_LEVEL_PROVIDER_SOURCE_REVIEW_2026-09-30.json;audit/GATE0_TOP_LEVEL_NINE_UNLISTED_VARIANTS_SUPPLEMENT_2026-09-30.json
src/quant_platform/dynamic_desk/__init__.py,False,True,0,,,RUNTIME_ONLY,,8e40bee7dba39f99023a715682a2fb3558f532f1de845bc921ce3a1662e7f0ac,8e40bee7dba39f99023a715682a2fb3558f532f1de845bc921ce3a1662e7f0ac,REVIEWED_RETAIN_NO_PORT, Runtime-only unadopted research module with no active importer.,; audit/GATE0_STRATEGY_DESKS_27_PATH_QUEUE_UPDATE_2026-09-30.csv
src/quant_platform/dynamic_desk/signal_path.py,False,True,0,,,RUNTIME_ONLY,,0c07a027e8c882f863213d0753cafd1b618a29130fcc2bcee864dec0c9e62ed1,0c07a027e8c882f863213d0753cafd1b618a29130fcc2bcee864dec0c9e62ed1,PRESERVED_REVIEW_REQUIRED_OFFLINE_COMPONENT, Offline research signals depend on static desk cohort or active math/economic helpers; no active importer or direct component tests.,; audit/GATE0_STRATEGY_DESKS_27_PATH_QUEUE_UPDATE_2026-09-30.csv
src/quant_platform/economic_contract.py,False,True,0,,,CHANGED,68c056da893f75b35890b65896f5b24ab4366344da081b937401d415f524d8c8,e58ed28342dfac66dcc290669282ebe046feb5cf624b3100c285cf14e20802ce,e58ed28342dfac66dcc290669282ebe046feb5cf624b3100c285cf14e20802ce,REVIEWED_PORTED_V23_SOURCE,"Selected exact qualified V2.3 accounting/strategy source with costed, causal, and no-proxy-authority regressions; historical bytes remain preserved.",audit/GATE0_V23_SOURCE_TRANSITION_2026-09-30.json
src/quant_platform/entry_exit_contracts.py,False,True,0,,,RUNTIME_ONLY,,a83bbeba145fddeba0864c33f3f5ccc0dbfac4816f701de44873a494c6ffe978,a83bbeba145fddeba0864c33f3f5ccc0dbfac4816f701de44873a494c6ffe978,REVIEWED_TOP_LEVEL_NONVENUE_DEPENDENCY_DEFERRED_NO_PORT,Runtime-only entry/exit coverage report; no current consumer or adopted output contract.,audit/GATE0_TOP_LEVEL_NONVENUE_SOURCE_RECONCILIATION_2026-09-30.json; audit/GATE0_TOP_LEVEL_NONVENUE_25_DECISIONS_2026-09-30.json
src/quant_platform/env.py,True,False,2,aa70663e8d85e687935e33e1cd33667f263c3cc3a588bac93a0410a097f888d0;c0cd5fc35dc5c2ee30703481546e91cfbec9bfd49e4434a45e1187c13021ee13,forensic_b;visual_recovery,,,,,REVIEWED_SECRET_PROVENANCE_GUARD_PORT_REMAINDER_NO_WHOLE_FILE_PORT,"Selected, recovery, and runtime bytes match. Forensic adds owner-only and non-symlink secret-file resolution but removes load_selected_env_keys, which active proof scheduler and API credit receipt import; visual also drops the loader. Keep selected API and review a narrow file-provenance guard. The owner-only regular-file and inode-bound pre-read guard with regressions was ported in f248e59 while retaining both active loader APIs.",audit/GATE0_NONORCHESTRATION_SOURCE11_REVIEW_2026-09-30.json; exact selected/frozen/runtime/recovery/extended hashes; selective source/test repairs f248e59
src/quant_platform/evidence_registry.py,True,False,2,226f765e53523124815bffd02c9c5593e5e924908e56708e3865d4e97525a7e0;37e83bc266f738cd22f158b7bc8d3b66d7fbad580ec72924c8dc67a51793b2f0,forensic_a;forensic_b;visual_recovery;workspace_outer,,,,,REVIEWED_TOP_LEVEL_NONVENUE_ACTIVE_RETAIN_NO_PORT,Active source exactly matches preserved runtime; older forensic/recovery variants are historical and carry no new authority.,audit/GATE0_TOP_LEVEL_NONVENUE_SOURCE_RECONCILIATION_2026-09-30.json; audit/GATE0_TOP_LEVEL_NONVENUE_25_DECISIONS_2026-09-30.json
src/quant_platform/execution.py,True,True,2,3e29897abf550865ee700b7b38e20bf5726c038cc5a7a8252adb5eb7320de15a;5160adff48ed36a210d421112e1de72c1d5241e248609cf607c278ec0cbbbd2c,forensic_b;visual_recovery,CHANGED,076431ef62cdd19415637cf00d9e5aaba37b771b31940f4d5bee671d93fc2171,a350d7a0a39a4435bf3f4d7d6733d50047e254c3e7abbb5f0c2496c62d9fbcbe,a350d7a0a39a4435bf3f4d7d6733d50047e254c3e7abbb5f0c2496c62d9fbcbe,REVIEWED_NARROW_AUTHORITY_PORT_REMAINDER_DEFERRED_NO_WHOLE_FILE_PORT,"Selected source now strictly parses persisted venue compatibility/preflight flags. Older forensic/visual source omits later gate00g controls; runtime candidate adds a large coherent canonical-adapter attestation and advisory-only browser account-state contract. Keep completed strict-bool repair; review high-risk authority guards separately, not as a whole-file port. The live dYdX account snapshot now remains authoritative over browser claims after ad98345; broader runtime adapter attestation remains a separate dependency family.",audit/GATE0_NONORCHESTRATION_SOURCE11_REVIEW_2026-09-30.json; exact selected/frozen/runtime/recovery/extended hashes; selective source/test repairs ad98345
src/quant_platform/experiments.py,True,True,2,940067ae406c9f1abfa191b23b7caebfc675b0ae1e6eb3bb437be6dd204224de;ca78d24116a16a348e8626868757fbee3da6630d19f5b02bd4dc0b8a20ddf290,forensic_b;visual_recovery,CHANGED,e53fbb31bb781b100899d65da3181e91197308b3d3f217c2be26d4af3325110f,d52144efc0bb7edf8f5ed0d54ffca610196528ff0f49904968ea8f21e8a81762,d52144efc0bb7edf8f5ed0d54ffca610196528ff0f49904968ea8f21e8a81762,REVIEWED_PORTED_V23_SOURCE,"Selected exact qualified V2.3 accounting/strategy source with costed, causal, and no-proxy-authority regressions; historical bytes remain preserved. Additional frozen variant reviewed: The visual copy accepts string truthiness, treats merely present nonfinite two-leg columns as complete, double-counts trades across repriced cost buckets, drops independent eligibility verification, and removes flat-end/reconciliation/uncertainty blockers. Preserve all SHA/root custody and retain selected source; no whole-file port.",audit/GATE0_V23_SOURCE_TRANSITION_2026-09-30.json; audit/GATE0_EXTENDED_VARIANT_GAP_2026-09-30.json; audit/GATE0_REMAINING_REOPENED_EXTENDED_VARIANTS_2026-09-30.json
src/quant_platform/family_matrix.py,True,False,2,a647bc088d2625102a1b0a9c09b53117138c78e2b7146f81bf5ebb6042a20fce;b46719f90a18022fcc87e366e20d1b03d85cec5eade3904336944384c733ba8a,forensic_b;visual_recovery,,,,,REVIEWED_NARROW_PORT_COMPLETE_HISTORICAL_NO_WHOLE_FILE_PORT,Selected source retains atomic family report publication and strict persisted production/preferred eligibility parsing. Forensic_b replaces atomic writers with direct writes; visual_recovery also drops registry authority columns and uses bool('False'). No whole-file port.,audit/GATE0_NONORCHESTRATION_SOURCE11_REVIEW_2026-09-30.json; exact selected/frozen/runtime/recovery/extended hashes
src/quant_platform/feature_engine.py,False,True,0,,,CHANGED,9ae34d2cb9b8aea8d37eb61f564e98f441c712c39f173b5d2c4c5d0a7c78050f,8c080965868d1c3dc222ba5bbce790e6adacb25bf3252fb65c91dcaf614ff62d,8c080965868d1c3dc222ba5bbce790e6adacb25bf3252fb65c91dcaf614ff62d,REVIEWED_TOP_LEVEL_NONVENUE_NARROW_PORT_REMAINDER_DEFERRED,"Active risk/backtest defaults and supplied-score preservation could launder proxy evidence; two separately tested narrow commits fail closed and recompute scores. Selected narrow source commits: 577c657a968a73261d14e47ce6eaa888e2b3de68, 1b1bcf74bbad9175855d723fae514d30d7180db5; broader runtime changes remain deferred.",audit/GATE0_TOP_LEVEL_NONVENUE_SOURCE_RECONCILIATION_2026-09-30.json; audit/GATE0_TOP_LEVEL_NONVENUE_25_DECISIONS_2026-09-30.json
src/quant_platform/fixture_ingestion.py,True,False,1,e5828aec6d760222af6e792d62b29f491b57df56411f507254925939b420d4e4,forensic_b;visual_recovery,,,,,REVIEWED_OMITTED_VARIANT_NO_PORT,Historical e5828aec6d760222af6e792d62b29f491b57df56411f507254925939b420d4e4 reviewed against selected 41f96754d831260af7659bd1f6494117d62a16c62eb95c9ff490549b48a92b7d. Selected fixture normalization requires an explicit valid hedge ratio and derives the canonical y-on-x log spread with provenance; historical code imputes a ratio and uses an unoriented raw-price spread. Retain selected active bytes; no authority or provider use authorized.,audit/GATE0_UNION_OMISSION_GAP_2026-09-30.json; audit/GATE0_OMITTED_UNION_NON_ORCHESTRATION_RECONCILIATION_2026-09-30.json
src/quant_platform/forensic_project_audit.py,False,True,0,,,RUNTIME_ONLY,,c7c8e0991316953107a5358bc6a7ef2f0fe4e1bdbc66195725abbda6e27aae47,c7c8e0991316953107a5358bc6a7ef2f0fe4e1bdbc66195725abbda6e27aae47,REVIEWED_TOP_LEVEL_NONVENUE_DEPENDENCY_DEFERRED_NO_PORT,Runtime-only project audit implementation; wrapper and direct tests remain pending.,audit/GATE0_TOP_LEVEL_NONVENUE_SOURCE_RECONCILIATION_2026-09-30.json; audit/GATE0_TOP_LEVEL_NONVENUE_25_DECISIONS_2026-09-30.json
src/quant_platform/formula_registry.py,True,True,2,2d12a49646164f7512c6c53f679bfa1d450a2318f502c5bf7bdade4697bb7bbf;7c6300f5278e840f41aa598fe7a74cc8a1398db4d0370d5ed6219b137adc170b,forensic_a;forensic_b;visual_recovery;workspace_outer,CHANGED,20b03bf025a175c348c736b705d45445672ce37d57b2b9aad803e7f764432dca,95cf022ae89aff0fc96f8a2cacb45a3aed722be96f3eaf9348a13823e8f8384d,95cf022ae89aff0fc96f8a2cacb45a3aed722be96f3eaf9348a13823e8f8384d,REVIEWED_TOP_LEVEL_NONVENUE_DEPENDENCY_DEFERRED_NO_PORT,"Runtime adds causal log, z-score, two-leg ledger and threshold formula descriptions; bind documented claims to math tests before port.",audit/GATE0_TOP_LEVEL_NONVENUE_SOURCE_RECONCILIATION_2026-09-30.json; audit/GATE0_TOP_LEVEL_NONVENUE_25_DECISIONS_2026-09-30.json
src/quant_platform/funding.py,True,False,1,5aa15220df746f3b0ccdf0e425a0b4f433b67f5e27ec36ed2cbdbdb91b36b510,forensic_b,,,,,REVIEWED_TOP_LEVEL_NONVENUE_ACTIVE_RETAIN_NO_PORT,Active source exactly matches preserved runtime; older forensic/recovery variants are historical and carry no new authority.,audit/GATE0_TOP_LEVEL_NONVENUE_SOURCE_RECONCILIATION_2026-09-30.json; audit/GATE0_TOP_LEVEL_NONVENUE_25_DECISIONS_2026-09-30.json
src/quant_platform/hyperliquid.py,True,True,2,0286fa39c2cb73b134956889ab9a06231a3ce003012539c97fc00336e16a92ef;6f423c1e1c5f7a17f0956fce135455c79d664f6082ffe2c9a10e44e78e4dec64,forensic_a;forensic_b;visual_recovery;workspace_outer,CHANGED,ba2c7b24291bbe78de83a5dd75ad077af04b3c5207b5a327237844ae95ac454e,f16aea476b2631f05a6b2ee3cfc9694e8a2d65ae8f38e25924f4263f92c80425,f16aea476b2631f05a6b2ee3cfc9694e8a2d65ae8f38e25924f4263f92c80425,REVIEWED_HYPERLIQUID_RESEARCH_FLAG_PORT_REMAINDER_DEFERRED,Active research market rows can claim execution_authority from tradable; a separate isolated source/test commit sets this false in the public market context. This is not a global execution-authority gate. Broad runtime changes stay deferred.,audit/GATE0_TOP_LEVEL_PROVIDER_SOURCE_REVIEW_2026-09-30.json
src/quant_platform/hyperliquid_testnet.py,True,True,2,3b292eb4694be957c1439b1ecffc7c21226dcb9f604bf4e644b98799d5231c95;7212271e09b78c212377c3cd6980924f3d181ceb2dde74fbc599855f19ae4ef0,forensic_b;visual_recovery,CHANGED,4554e98b38ef870106e4b9c354b7f64766635f2933a632c399292b761572555f,c5c03c5ad3ccc9e539775ea4438b06f7f4cc4949dcb92d8b63afcebc7701400d,c5c03c5ad3ccc9e539775ea4438b06f7f4cc4949dcb92d8b63afcebc7701400d,REVIEWED_TOP_LEVEL_PROVIDER_NO_PORT,"Runtime executor shadow-method guard is coupled to effect authority and provider call protocols; retain current source until coordinated integration. Omitted forensic variant: Selecting this variant would reopen ungoverned testnet order, account mutation and credential-read paths.",audit/GATE0_TOP_LEVEL_PROVIDER_SOURCE_REVIEW_2026-09-30.json;audit/GATE0_TOP_LEVEL_NINE_UNLISTED_VARIANTS_SUPPLEMENT_2026-09-30.json
src/quant_platform/institutional_portfolio.py,False,True,0,,,RUNTIME_ONLY,,c50f52b557727a600c435dc01cfa4c2f78925064e06e9153966772f605fa727c,c50f52b557727a600c435dc01cfa4c2f78925064e06e9153966772f605fa727c,REVIEWED_TOP_LEVEL_NONVENUE_DEPENDENCY_DEFERRED_NO_PORT,Runtime-only portfolio optimizer; capital/risk policy binding for planned live route remains unadopted.,audit/GATE0_TOP_LEVEL_NONVENUE_SOURCE_RECONCILIATION_2026-09-30.json; audit/GATE0_TOP_LEVEL_NONVENUE_25_DECISIONS_2026-09-30.json
src/quant_platform/institutional_risk.py,False,True,0,,,RUNTIME_ONLY,,9699bbcd3b2cd8a07442a82102dbe360a42eff10b3eb83f4bedcd3e1b6e5cbc4,9699bbcd3b2cd8a07442a82102dbe360a42eff10b3eb83f4bedcd3e1b6e5cbc4,REVIEWED_TOP_LEVEL_NONVENUE_DEPENDENCY_DEFERRED_NO_PORT,Runtime-only independent pretrade verdict; no current execution integration.,audit/GATE0_TOP_LEVEL_NONVENUE_SOURCE_RECONCILIATION_2026-09-30.json; audit/GATE0_TOP_LEVEL_NONVENUE_25_DECISIONS_2026-09-30.json
src/quant_platform/math_desk/__init__.py,False,True,0,,,RUNTIME_ONLY,,7a6d30a2d020581f65d8d43a6fabecdb7b13482b6d62c17131a8af725588d364,7a6d30a2d020581f65d8d43a6fabecdb7b13482b6d62c17131a8af725588d364,REVIEWED_GOVERNED_EVIDENCE_BLOCKED_MATH_DESK_NO_PORT,"Preserve this exact runtime-only Math Desk module without a partial Gate 0 port. Five governed source documents are unavailable in accessible source locations, the candidate optional dependency profile is absent from active, and the lecture-index schema does not meet candidate risk-census expectations. Focused passes do not establish algorithm or trading acceptance; revisit with authoritative evidence and a coherent runtime/data contract.",audit/GATE0_MATH_DESK_DECISION_2026-09-30.json; audit/MATH_DESK_SOURCE_AVAILABILITY_2026-09-30.json; exact Mac savepoint hashes; Math Desk and risk-census JUnit receipts
src/quant_platform/math_desk/__main__.py,False,True,0,,,RUNTIME_ONLY,,a8aac60ced200a25bd7078d99fd0f764af831357243708310be3815f0f281fb0,a8aac60ced200a25bd7078d99fd0f764af831357243708310be3815f0f281fb0,REVIEWED_GOVERNED_EVIDENCE_BLOCKED_MATH_DESK_NO_PORT,"Preserve this exact runtime-only Math Desk module without a partial Gate 0 port. Five governed source documents are unavailable in accessible source locations, the candidate optional dependency profile is absent from active, and the lecture-index schema does not meet candidate risk-census expectations. Focused passes do not establish algorithm or trading acceptance; revisit with authoritative evidence and a coherent runtime/data contract.",audit/GATE0_MATH_DESK_DECISION_2026-09-30.json; audit/MATH_DESK_SOURCE_AVAILABILITY_2026-09-30.json; exact Mac savepoint hashes; Math Desk and risk-census JUnit receipts
src/quant_platform/math_desk/census.py,False,True,0,,,RUNTIME_ONLY,,b66e2ba49cd13d9063a4888d9f43d08bbb32fc58e7be12eab9e5d31f2057703e,b66e2ba49cd13d9063a4888d9f43d08bbb32fc58e7be12eab9e5d31f2057703e,REVIEWED_GOVERNED_EVIDENCE_BLOCKED_MATH_DESK_NO_PORT,"Preserve this exact runtime-only Math Desk module without a partial Gate 0 port. Five governed source documents are unavailable in accessible source locations, the candidate optional dependency profile is absent from active, and the lecture-index schema does not meet candidate risk-census expectations. Focused passes do not establish algorithm or trading acceptance; revisit with authoritative evidence and a coherent runtime/data contract.",audit/GATE0_MATH_DESK_DECISION_2026-09-30.json; audit/MATH_DESK_SOURCE_AVAILABILITY_2026-09-30.json; exact Mac savepoint hashes; Math Desk and risk-census JUnit receipts
src/quant_platform/math_desk/certification_attacks.py,False,True,0,,,RUNTIME_ONLY,,35bffa852cb26a24e1c43900ab5aea27aaef8bb0a8846f67fd90ff5d01e08cfc,35bffa852cb26a24e1c43900ab5aea27aaef8bb0a8846f67fd90ff5d01e08cfc,REVIEWED_GOVERNED_EVIDENCE_BLOCKED_MATH_DESK_NO_PORT,"Preserve this exact runtime-only Math Desk module without a partial Gate 0 port. Five governed source documents are unavailable in accessible source locations, the candidate optional dependency profile is absent from active, and the lecture-index schema does not meet candidate risk-census expectations. Focused passes do not establish algorithm or trading acceptance; revisit with authoritative evidence and a coherent runtime/data contract.",audit/GATE0_MATH_DESK_DECISION_2026-09-30.json; audit/MATH_DESK_SOURCE_AVAILABILITY_2026-09-30.json; exact Mac savepoint hashes; Math Desk and risk-census JUnit receipts
src/quant_platform/math_desk/certification_contracts.py,False,True,0,,,RUNTIME_ONLY,,a0e5cda6ce9f973efa2fd234c8922c45132ef55ffd9e4285892c34669f14d4ad,a0e5cda6ce9f973efa2fd234c8922c45132ef55ffd9e4285892c34669f14d4ad,REVIEWED_GOVERNED_EVIDENCE_BLOCKED_MATH_DESK_NO_PORT,"Preserve this exact runtime-only Math Desk module without a partial Gate 0 port. Five governed source documents are unavailable in accessible source locations, the candidate optional dependency profile is absent from active, and the lecture-index schema does not meet candidate risk-census expectations. Focused passes do not establish algorithm or trading acceptance; revisit with authoritative evidence and a coherent runtime/data contract.",audit/GATE0_MATH_DESK_DECISION_2026-09-30.json; audit/MATH_DESK_SOURCE_AVAILABILITY_2026-09-30.json; exact Mac savepoint hashes; Math Desk and risk-census JUnit receipts
src/quant_platform/math_desk/contracts.py,False,True,0,,,RUNTIME_ONLY,,88ffcf82c0455437cebaadb0bab89b0b90060c4f402eb7a222d474fc44e0c653,88ffcf82c0455437cebaadb0bab89b0b90060c4f402eb7a222d474fc44e0c653,REVIEWED_GOVERNED_EVIDENCE_BLOCKED_MATH_DESK_NO_PORT,"Preserve this exact runtime-only Math Desk module without a partial Gate 0 port. Five governed source documents are unavailable in accessible source locations, the candidate optional dependency profile is absent from active, and the lecture-index schema does not meet candidate risk-census expectations. Focused passes do not establish algorithm or trading acceptance; revisit with authoritative evidence and a coherent runtime/data contract.",audit/GATE0_MATH_DESK_DECISION_2026-09-30.json; audit/MATH_DESK_SOURCE_AVAILABILITY_2026-09-30.json; exact Mac savepoint hashes; Math Desk and risk-census JUnit receipts
src/quant_platform/math_desk/core_attacks.py,False,True,0,,,RUNTIME_ONLY,,fc0174ecafeb712d9b944ce8fc4c1bf9ce3feab8c8a567b413e3111d2c7ee63a,fc0174ecafeb712d9b944ce8fc4c1bf9ce3feab8c8a567b413e3111d2c7ee63a,REVIEWED_GOVERNED_EVIDENCE_BLOCKED_MATH_DESK_NO_PORT,"Preserve this exact runtime-only Math Desk module without a partial Gate 0 port. Five governed source documents are unavailable in accessible source locations, the candidate optional dependency profile is absent from active, and the lecture-index schema does not meet candidate risk-census expectations. Focused passes do not establish algorithm or trading acceptance; revisit with authoritative evidence and a coherent runtime/data contract.",audit/GATE0_MATH_DESK_DECISION_2026-09-30.json; audit/MATH_DESK_SOURCE_AVAILABILITY_2026-09-30.json; exact Mac savepoint hashes; Math Desk and risk-census JUnit receipts
src/quant_platform/math_desk/core_oracles.py,False,True,0,,,RUNTIME_ONLY,,472b18a7628888a4f40c5b33902fc309e63ebc998785a723ccf2637dcafb658d,472b18a7628888a4f40c5b33902fc309e63ebc998785a723ccf2637dcafb658d,REVIEWED_GOVERNED_EVIDENCE_BLOCKED_MATH_DESK_NO_PORT,"Preserve this exact runtime-only Math Desk module without a partial Gate 0 port. Five governed source documents are unavailable in accessible source locations, the candidate optional dependency profile is absent from active, and the lecture-index schema does not meet candidate risk-census expectations. Focused passes do not establish algorithm or trading acceptance; revisit with authoritative evidence and a coherent runtime/data contract.",audit/GATE0_MATH_DESK_DECISION_2026-09-30.json; audit/MATH_DESK_SOURCE_AVAILABILITY_2026-09-30.json; exact Mac savepoint hashes; Math Desk and risk-census JUnit receipts
src/quant_platform/math_desk/core_pack.py,False,True,0,,,RUNTIME_ONLY,,4227c21ab0531d8f6da893df25d19f1885dd007d5f5214ddb61f17e9dc341b69,4227c21ab0531d8f6da893df25d19f1885dd007d5f5214ddb61f17e9dc341b69,REVIEWED_GOVERNED_EVIDENCE_BLOCKED_MATH_DESK_NO_PORT,"Preserve this exact runtime-only Math Desk module without a partial Gate 0 port. Five governed source documents are unavailable in accessible source locations, the candidate optional dependency profile is absent from active, and the lecture-index schema does not meet candidate risk-census expectations. Focused passes do not establish algorithm or trading acceptance; revisit with authoritative evidence and a coherent runtime/data contract.",audit/GATE0_MATH_DESK_DECISION_2026-09-30.json; audit/MATH_DESK_SOURCE_AVAILABILITY_2026-09-30.json; exact Mac savepoint hashes; Math Desk and risk-census JUnit receipts
src/quant_platform/math_desk/governance.py,False,True,0,,,RUNTIME_ONLY,,5ad3b303fc723cc53ba5b464ff73a784dc69ee4c99d1ce7801a09eb4b4ceb0ab,5ad3b303fc723cc53ba5b464ff73a784dc69ee4c99d1ce7801a09eb4b4ceb0ab,REVIEWED_GOVERNED_EVIDENCE_BLOCKED_MATH_DESK_NO_PORT,"Preserve this exact runtime-only Math Desk module without a partial Gate 0 port. Five governed source documents are unavailable in accessible source locations, the candidate optional dependency profile is absent from active, and the lecture-index schema does not meet candidate risk-census expectations. Focused passes do not establish algorithm or trading acceptance; revisit with authoritative evidence and a coherent runtime/data contract.",audit/GATE0_MATH_DESK_DECISION_2026-09-30.json; audit/MATH_DESK_SOURCE_AVAILABILITY_2026-09-30.json; exact Mac savepoint hashes; Math Desk and risk-census JUnit receipts
src/quant_platform/math_desk/m3.py,False,True,0,,,RUNTIME_ONLY,,1afc83a862e71bcee4709dbbc9dd6001fa0cb6cf505b68d67c75f30d8cc2b71c,1afc83a862e71bcee4709dbbc9dd6001fa0cb6cf505b68d67c75f30d8cc2b71c,REVIEWED_GOVERNED_EVIDENCE_BLOCKED_MATH_DESK_NO_PORT,"Preserve this exact runtime-only Math Desk module without a partial Gate 0 port. Five governed source documents are unavailable in accessible source locations, the candidate optional dependency profile is absent from active, and the lecture-index schema does not meet candidate risk-census expectations. Focused passes do not establish algorithm or trading acceptance; revisit with authoritative evidence and a coherent runtime/data contract.",audit/GATE0_MATH_DESK_DECISION_2026-09-30.json; audit/MATH_DESK_SOURCE_AVAILABILITY_2026-09-30.json; exact Mac savepoint hashes; Math Desk and risk-census JUnit receipts
src/quant_platform/math_desk/m4.py,False,True,0,,,RUNTIME_ONLY,,9e18410856fd95fbb84d71c4de7bb89642d9cddbbd589019f73f8959e028ff71,9e18410856fd95fbb84d71c4de7bb89642d9cddbbd589019f73f8959e028ff71,REVIEWED_GOVERNED_EVIDENCE_BLOCKED_MATH_DESK_NO_PORT,"Preserve this exact runtime-only Math Desk module without a partial Gate 0 port. Five governed source documents are unavailable in accessible source locations, the candidate optional dependency profile is absent from active, and the lecture-index schema does not meet candidate risk-census expectations. Focused passes do not establish algorithm or trading acceptance; revisit with authoritative evidence and a coherent runtime/data contract.",audit/GATE0_MATH_DESK_DECISION_2026-09-30.json; audit/MATH_DESK_SOURCE_AVAILABILITY_2026-09-30.json; exact Mac savepoint hashes; Math Desk and risk-census JUnit receipts
src/quant_platform/math_desk/m4_attacks.py,False,True,0,,,RUNTIME_ONLY,,d0f88c62e853af3c51c4001b176a0b7158d171ab8cea8e067c65174e926bb12e,d0f88c62e853af3c51c4001b176a0b7158d171ab8cea8e067c65174e926bb12e,REVIEWED_GOVERNED_EVIDENCE_BLOCKED_MATH_DESK_NO_PORT,"Preserve this exact runtime-only Math Desk module without a partial Gate 0 port. Five governed source documents are unavailable in accessible source locations, the candidate optional dependency profile is absent from active, and the lecture-index schema does not meet candidate risk-census expectations. Focused passes do not establish algorithm or trading acceptance; revisit with authoritative evidence and a coherent runtime/data contract.",audit/GATE0_MATH_DESK_DECISION_2026-09-30.json; audit/MATH_DESK_SOURCE_AVAILABILITY_2026-09-30.json; exact Mac savepoint hashes; Math Desk and risk-census JUnit receipts
src/quant_platform/math_desk/m4_evidence.py,False,True,0,,,RUNTIME_ONLY,,8171def3fa8dda5e50cc3c427feb1c81e8eda548db0e5927abb8b069f1e5e199,8171def3fa8dda5e50cc3c427feb1c81e8eda548db0e5927abb8b069f1e5e199,REVIEWED_GOVERNED_EVIDENCE_BLOCKED_MATH_DESK_NO_PORT,"Preserve this exact runtime-only Math Desk module without a partial Gate 0 port. Five governed source documents are unavailable in accessible source locations, the candidate optional dependency profile is absent from active, and the lecture-index schema does not meet candidate risk-census expectations. Focused passes do not establish algorithm or trading acceptance; revisit with authoritative evidence and a coherent runtime/data contract.",audit/GATE0_MATH_DESK_DECISION_2026-09-30.json; audit/MATH_DESK_SOURCE_AVAILABILITY_2026-09-30.json; exact Mac savepoint hashes; Math Desk and risk-census JUnit receipts
src/quant_platform/math_desk/m4_pack.py,False,True,0,,,RUNTIME_ONLY,,79038142a16ad04d8caebdfe2421825f9be7a65e8d0e87385f2bab68acb2ffbd,79038142a16ad04d8caebdfe2421825f9be7a65e8d0e87385f2bab68acb2ffbd,REVIEWED_GOVERNED_EVIDENCE_BLOCKED_MATH_DESK_NO_PORT,"Preserve this exact runtime-only Math Desk module without a partial Gate 0 port. Five governed source documents are unavailable in accessible source locations, the candidate optional dependency profile is absent from active, and the lecture-index schema does not meet candidate risk-census expectations. Focused passes do not establish algorithm or trading acceptance; revisit with authoritative evidence and a coherent runtime/data contract.",audit/GATE0_MATH_DESK_DECISION_2026-09-30.json; audit/MATH_DESK_SOURCE_AVAILABILITY_2026-09-30.json; exact Mac savepoint hashes; Math Desk and risk-census JUnit receipts
src/quant_platform/math_desk/m5.py,False,True,0,,,RUNTIME_ONLY,,18a5b7ccea2822a55257d74ae66929ad0ddb0b1f1de7bf9c6b73bb0d84c239bf,18a5b7ccea2822a55257d74ae66929ad0ddb0b1f1de7bf9c6b73bb0d84c239bf,REVIEWED_GOVERNED_EVIDENCE_BLOCKED_MATH_DESK_NO_PORT,"Preserve this exact runtime-only Math Desk module without a partial Gate 0 port. Five governed source documents are unavailable in accessible source locations, the candidate optional dependency profile is absent from active, and the lecture-index schema does not meet candidate risk-census expectations. Focused passes do not establish algorithm or trading acceptance; revisit with authoritative evidence and a coherent runtime/data contract.",audit/GATE0_MATH_DESK_DECISION_2026-09-30.json; audit/MATH_DESK_SOURCE_AVAILABILITY_2026-09-30.json; exact Mac savepoint hashes; Math Desk and risk-census JUnit receipts
src/quant_platform/math_desk/m5_exhaustive.py,False,True,0,,,RUNTIME_ONLY,,bc997bf729b748e6e5e0140ac05f6b6228b672149bb03bfdb49ec0a8ec1b8e7e,bc997bf729b748e6e5e0140ac05f6b6228b672149bb03bfdb49ec0a8ec1b8e7e,REVIEWED_GOVERNED_EVIDENCE_BLOCKED_MATH_DESK_NO_PORT,"Preserve this exact runtime-only Math Desk module without a partial Gate 0 port. Five governed source documents are unavailable in accessible source locations, the candidate optional dependency profile is absent from active, and the lecture-index schema does not meet candidate risk-census expectations. Focused passes do not establish algorithm or trading acceptance; revisit with authoritative evidence and a coherent runtime/data contract.",audit/GATE0_MATH_DESK_DECISION_2026-09-30.json; audit/MATH_DESK_SOURCE_AVAILABILITY_2026-09-30.json; exact Mac savepoint hashes; Math Desk and risk-census JUnit receipts
src/quant_platform/math_desk/m5_visual.py,False,True,0,,,RUNTIME_ONLY,,09792d9fd73f26a7411ba0e547177d1efa8901a5a37cebf78ff7b68dda7c7729,09792d9fd73f26a7411ba0e547177d1efa8901a5a37cebf78ff7b68dda7c7729,REVIEWED_GOVERNED_EVIDENCE_BLOCKED_MATH_DESK_NO_PORT,"Preserve this exact runtime-only Math Desk module without a partial Gate 0 port. Five governed source documents are unavailable in accessible source locations, the candidate optional dependency profile is absent from active, and the lecture-index schema does not meet candidate risk-census expectations. Focused passes do not establish algorithm or trading acceptance; revisit with authoritative evidence and a coherent runtime/data contract.",audit/GATE0_MATH_DESK_DECISION_2026-09-30.json; audit/MATH_DESK_SOURCE_AVAILABILITY_2026-09-30.json; exact Mac savepoint hashes; Math Desk and risk-census JUnit receipts
src/quant_platform/math_desk/m6.py,False,True,0,,,RUNTIME_ONLY,,eb4e046185a9f563f906cadd1dd6bf78202cf4546e77d10ad938b6a6bce01dbd,eb4e046185a9f563f906cadd1dd6bf78202cf4546e77d10ad938b6a6bce01dbd,REVIEWED_GOVERNED_EVIDENCE_BLOCKED_MATH_DESK_NO_PORT,"Preserve this exact runtime-only Math Desk module without a partial Gate 0 port. Five governed source documents are unavailable in accessible source locations, the candidate optional dependency profile is absent from active, and the lecture-index schema does not meet candidate risk-census expectations. Focused passes do not establish algorithm or trading acceptance; revisit with authoritative evidence and a coherent runtime/data contract.",audit/GATE0_MATH_DESK_DECISION_2026-09-30.json; audit/MATH_DESK_SOURCE_AVAILABILITY_2026-09-30.json; exact Mac savepoint hashes; Math Desk and risk-census JUnit receipts
src/quant_platform/math_desk/m7.py,False,True,0,,,RUNTIME_ONLY,,bd7111ed31d15628860999ea21332df0978766c3d331e11095ca10ada3bd8893,bd7111ed31d15628860999ea21332df0978766c3d331e11095ca10ada3bd8893,REVIEWED_GOVERNED_EVIDENCE_BLOCKED_MATH_DESK_NO_PORT,"Preserve this exact runtime-only Math Desk module without a partial Gate 0 port. Five governed source documents are unavailable in accessible source locations, the candidate optional dependency profile is absent from active, and the lecture-index schema does not meet candidate risk-census expectations. Focused passes do not establish algorithm or trading acceptance; revisit with authoritative evidence and a coherent runtime/data contract.",audit/GATE0_MATH_DESK_DECISION_2026-09-30.json; audit/MATH_DESK_SOURCE_AVAILABILITY_2026-09-30.json; exact Mac savepoint hashes; Math Desk and risk-census JUnit receipts
src/quant_platform/math_desk/m8.py,False,True,0,,,RUNTIME_ONLY,,ce81fb089e1723177c97dc98107a866e51ceda6017fe394a27e26d384a71ffc6,ce81fb089e1723177c97dc98107a866e51ceda6017fe394a27e26d384a71ffc6,REVIEWED_GOVERNED_EVIDENCE_BLOCKED_MATH_DESK_NO_PORT,"Preserve this exact runtime-only Math Desk module without a partial Gate 0 port. Five governed source documents are unavailable in accessible source locations, the candidate optional dependency profile is absent from active, and the lecture-index schema does not meet candidate risk-census expectations. Focused passes do not establish algorithm or trading acceptance; revisit with authoritative evidence and a coherent runtime/data contract.",audit/GATE0_MATH_DESK_DECISION_2026-09-30.json; audit/MATH_DESK_SOURCE_AVAILABILITY_2026-09-30.json; exact Mac savepoint hashes; Math Desk and risk-census JUnit receipts
src/quant_platform/math_desk/registry.py,False,True,0,,,RUNTIME_ONLY,,54bac5c0449ebc3ae6eb5d9c9027a65a3bb5440626c1306aab37854ae58d1997,54bac5c0449ebc3ae6eb5d9c9027a65a3bb5440626c1306aab37854ae58d1997,REVIEWED_GOVERNED_EVIDENCE_BLOCKED_MATH_DESK_NO_PORT,"Preserve this exact runtime-only Math Desk module without a partial Gate 0 port. Five governed source documents are unavailable in accessible source locations, the candidate optional dependency profile is absent from active, and the lecture-index schema does not meet candidate risk-census expectations. Focused passes do not establish algorithm or trading acceptance; revisit with authoritative evidence and a coherent runtime/data contract.",audit/GATE0_MATH_DESK_DECISION_2026-09-30.json; audit/MATH_DESK_SOURCE_AVAILABILITY_2026-09-30.json; exact Mac savepoint hashes; Math Desk and risk-census JUnit receipts
src/quant_platform/math_desk/risk_census.py,False,True,0,,,RUNTIME_ONLY,,d0cb8e0a7bc56696c81e7a624923794fedd08ad740d3ce8d956c11528db3efdc,d0cb8e0a7bc56696c81e7a624923794fedd08ad740d3ce8d956c11528db3efdc,REVIEWED_GOVERNED_EVIDENCE_BLOCKED_MATH_DESK_NO_PORT,"Preserve this exact runtime-only Math Desk module without a partial Gate 0 port. Five governed source documents are unavailable in accessible source locations, the candidate optional dependency profile is absent from active, and the lecture-index schema does not meet candidate risk-census expectations. Focused passes do not establish algorithm or trading acceptance; revisit with authoritative evidence and a coherent runtime/data contract.",audit/GATE0_MATH_DESK_DECISION_2026-09-30.json; audit/MATH_DESK_SOURCE_AVAILABILITY_2026-09-30.json; exact Mac savepoint hashes; Math Desk and risk-census JUnit receipts
src/quant_platform/math_desk/scope_registry.py,False,True,0,,,RUNTIME_ONLY,,99d8421e2edae0c478da55d74c6e676dc4b578445bb0f0be7187452a9376c92c,99d8421e2edae0c478da55d74c6e676dc4b578445bb0f0be7187452a9376c92c,REVIEWED_GOVERNED_EVIDENCE_BLOCKED_MATH_DESK_NO_PORT,"Preserve this exact runtime-only Math Desk module without a partial Gate 0 port. Five governed source documents are unavailable in accessible source locations, the candidate optional dependency profile is absent from active, and the lecture-index schema does not meet candidate risk-census expectations. Focused passes do not establish algorithm or trading acceptance; revisit with authoritative evidence and a coherent runtime/data contract.",audit/GATE0_MATH_DESK_DECISION_2026-09-30.json; audit/MATH_DESK_SOURCE_AVAILABILITY_2026-09-30.json; exact Mac savepoint hashes; Math Desk and risk-census JUnit receipts
src/quant_platform/math_desk/serialization.py,False,True,0,,,RUNTIME_ONLY,,78e170270ead323a9cc14709b27c5e0ec703c01db3b9cfaf1b0645f8f13f485e,78e170270ead323a9cc14709b27c5e0ec703c01db3b9cfaf1b0645f8f13f485e,REVIEWED_GOVERNED_EVIDENCE_BLOCKED_MATH_DESK_NO_PORT,"Preserve this exact runtime-only Math Desk module without a partial Gate 0 port. Five governed source documents are unavailable in accessible source locations, the candidate optional dependency profile is absent from active, and the lecture-index schema does not meet candidate risk-census expectations. Focused passes do not establish algorithm or trading acceptance; revisit with authoritative evidence and a coherent runtime/data contract.",audit/GATE0_MATH_DESK_DECISION_2026-09-30.json; audit/MATH_DESK_SOURCE_AVAILABILITY_2026-09-30.json; exact Mac savepoint hashes; Math Desk and risk-census JUnit receipts
src/quant_platform/math_desk/source_math_oracles.py,False,True,0,,,RUNTIME_ONLY,,2aaf806b79236a1447e80959847c617deba07acd07d5368de04dfa1b4622cd68,2aaf806b79236a1447e80959847c617deba07acd07d5368de04dfa1b4622cd68,REVIEWED_GOVERNED_EVIDENCE_BLOCKED_MATH_DESK_NO_PORT,"Preserve this exact runtime-only Math Desk module without a partial Gate 0 port. Five governed source documents are unavailable in accessible source locations, the candidate optional dependency profile is absent from active, and the lecture-index schema does not meet candidate risk-census expectations. Focused passes do not establish algorithm or trading acceptance; revisit with authoritative evidence and a coherent runtime/data contract.",audit/GATE0_MATH_DESK_DECISION_2026-09-30.json; audit/MATH_DESK_SOURCE_AVAILABILITY_2026-09-30.json; exact Mac savepoint hashes; Math Desk and risk-census JUnit receipts
src/quant_platform/math_desk/stage_artifacts.py,False,True,0,,,RUNTIME_ONLY,,3a86bbdf1d09977d05462c19d658adafca701c42a9331936ae683a6cdd6760fb,3a86bbdf1d09977d05462c19d658adafca701c42a9331936ae683a6cdd6760fb,REVIEWED_GOVERNED_EVIDENCE_BLOCKED_MATH_DESK_NO_PORT,"Preserve this exact runtime-only Math Desk module without a partial Gate 0 port. Five governed source documents are unavailable in accessible source locations, the candidate optional dependency profile is absent from active, and the lecture-index schema does not meet candidate risk-census expectations. Focused passes do not establish algorithm or trading acceptance; revisit with authoritative evidence and a coherent runtime/data contract.",audit/GATE0_MATH_DESK_DECISION_2026-09-30.json; audit/MATH_DESK_SOURCE_AVAILABILITY_2026-09-30.json; exact Mac savepoint hashes; Math Desk and risk-census JUnit receipts
src/quant_platform/math_v2_acceptance.py,True,True,1,c32dfe8409c0b299f4b8a38d0dcdefb3f79e88b05a91b8c445a473e760c4d090,forensic_a;forensic_b;visual_recovery;workspace_outer,CHANGED,9e3c07290413ae40d50e8136d71901e8055704a058601f5833a530cdf8c9077a,a01ef2e6e2d81794ed6b37bd71b02b05378d38c983328f8a49929963c8c135f1,a01ef2e6e2d81794ed6b37bd71b02b05378d38c983328f8a49929963c8c135f1,REVIEWED_MATH_MARKER_CURRENTNESS,"Retain current V2.3 math checks and atomic publication; port source, report, and exact check-population bindings from the preserved runtime.",GATE0_MATH_MARKER_CURRENTNESS_2026-09-30.json
src/quant_platform/meta_learning.py,False,True,1,6076f6040e8428279d9b6404137ad6dbf16b77c37affccdb54e3259544e507ec,forensic_b;visual_recovery,CHANGED,a6731a8f67f84487bdd3b26d4f8949e7609eaef64b1b25bb2d6b2ca64cfc53b9,1f29b9beb0d39901e45a7636cf499bcdd5a03de4e938d2a9c2c84dc3fecb99d9,1f29b9beb0d39901e45a7636cf499bcdd5a03de4e938d2a9c2c84dc3fecb99d9,REVIEWED_MODEL_READINESS_REPAIR_PORT_REMAINDER_NO_WHOLE_FILE_PORT,"Recovery/runtime revision separates finite normalized returns and holds verified readiness false but changes report schema and CLI expectations. Selected CLI P5 directly consumes ready_for_modeling. Selected file must retain current report/CLI contract while a focused outcome-proof and readiness repair is reviewed; older forensic/visual variant also reverts atomic publication. Unverified return claims can no longer count as modeling outcomes; the report and P5 flags fail closed after dab88aa, 2ddaeeb, and 8a87d4b. A receipt-bound outcome verifier remains a later-gate dependency.",audit/GATE0_NONORCHESTRATION_SOURCE11_REVIEW_2026-09-30.json; exact selected/frozen/runtime/recovery/extended hashes; selective source/test repairs dab88aa;2ddaeeb;8a87d4b
src/quant_platform/ml_filter.py,True,False,2,07f3f824e77f36302808b78a34f1bbb79dfe26ccb5fd81beeda02f242e8fe123;bb156cf2c686aa3cafcf77744f4948cd211bef967654c33b6b6aa45fdbd5d063,forensic_a;forensic_b;visual_recovery;workspace_outer,,,,,REVIEWED_HISTORICAL_VARIANTS_RECONCILED,Retained atomic outputs and entry-time allowlist while restoring missing funding features and excluding historical Wizard outcome fields; both historical function sets were compared.,audit/GATE0_DYDX_ML_SOURCE_RECONCILIATION_2026-09-30.json
src/quant_platform/orchestration/__init__.py,False,True,0,,,CHANGED,a63d875e03570c6339850860534debdedc774ffb21eacde381c384b0f23261d8,945f755dc65895b22dd3259a22fd9a84f2e9172c6beb31af1faf94aa09e68291,945f755dc65895b22dd3259a22fd9a84f2e9172c6beb31af1faf94aa09e68291,REVIEWED_ORIGINAL_ORCHESTRATION_ACTIVE_RETAIN_NO_PORT,"The runtime initializer lazily exports institutional, operating-lane and personal-trader graph APIs absent from selected source. Selected imports remain coherent; adding exports before those modules would create unresolved API surfaces. Preserve all frozen SHA/copy-root custody; do not whole-file port.",audit/GATE0_ORIGINAL_ORCHESTRATION_PENDING_RECONCILIATION_2026-09-30.json
src/quant_platform/orchestration/canonical_wizard_hyperliquid_contract.py,True,False,2,22d031a35c926e864c259a9fc00bf779fb098dcb805532b8a9c78c7a6eff8d24;a232430632f9b6b2ddad1210a619974a58a5e8550dacee370da8a2d57dd9df1d,forensic_a;forensic_b;visual_recovery;workspace_outer,,,,,REVIEWED_ORIGINAL_ORCHESTRATION_ACTIVE_RETAIN_NO_PORT,"Selected canonical policy JSON, stage CSV and Markdown use atomic publication. Visual/outer copies directly write all three; forensic_b additionally adds an unqualified exact-mode regeneration queue and strict flag parsing but keeps direct writes. Preserve all frozen SHA/copy-root custody; do not whole-file port.",audit/GATE0_ORIGINAL_ORCHESTRATION_PENDING_RECONCILIATION_2026-09-30.json
src/quant_platform/orchestration/collection_admission_barrier.py,False,True,0,,,RUNTIME_ONLY,,656ae88de3c9f857e490f9ea4c7041cb956747212297665ed84c8ff6a4c460ec,656ae88de3c9f857e490f9ea4c7041cb956747212297665ed84c8ff6a4c460ec,REVIEWED_EFFECT_V6_DEPENDENCY_NO_PORT,Barrier is inert before process-wide collection installation and denies non-file effects after installation; canonical bootstrap and owner lineage are absent.,audit/GATE0_EFFECT_V6_TRIO_REVIEW_2026-09-30.json
src/quant_platform/orchestration/collection_daily_entry.py,False,True,0,,,RUNTIME_ONLY,,b0760a00b3e361bffa11199251a86e9724b13f20b48d09dd1a019773c2455bdd,b0760a00b3e361bffa11199251a86e9724b13f20b48d09dd1a019773c2455bdd,REVIEWED_DEPENDENCY_BLOCKED_COLLECTION_FAMILY_NO_PORT,"Missing eight imported modules, including publication sequence, stage evidence, workload preflight, and discovery accounting. Active supervisor lacks supervise_collection_scheduler_run; active daily runner lacks several collection-facing helpers. This module would select and execute provider stages.",audit/GATE0_COLLECTION_FAMILY_REVIEW_2026-09-30.json
src/quant_platform/orchestration/collection_daily_finalization.py,False,True,0,,,RUNTIME_ONLY,,55365c998e3ac68620cb30d565e133346777779458a57860fb0970598aa70835,55365c998e3ac68620cb30d565e133346777779458a57860fb0970598aa70835,REVIEWED_DEPENDENCY_BLOCKED_COLLECTION_FAMILY_NO_PORT,Requires absent precollection_campaign_io and precollection_monitor; active daily runner lacks daily_pipeline_output_paths. Writes eight final report/monitor targets under exact lease.,audit/GATE0_COLLECTION_FAMILY_REVIEW_2026-09-30.json
src/quant_platform/orchestration/collection_discovery_stage.py,False,True,0,,,RUNTIME_ONLY,,6e4042474299c52f9afb7cfdec67945aac8dabddeb7b144a400ecd00dace50a8,6e4042474299c52f9afb7cfdec67945aac8dabddeb7b144a400ecd00dace50a8,REVIEWED_DEPENDENCY_BLOCKED_COLLECTION_FAMILY_NO_PORT,Active crypto_wizards_sweep lacks wizard_discovery_output_paths. The stage enters a delegated crypto_wizards issuer session and executes an authorized external sweep; runtime-only issuer/lease architecture is required.,audit/GATE0_COLLECTION_FAMILY_REVIEW_2026-09-30.json
src/quant_platform/orchestration/collection_display_evidence.py,False,True,0,,,RUNTIME_ONLY,,28326a04c610697e1d5f2197e1db9764d0727bd4dfffeddd8015ed7011fa97b3,28326a04c610697e1d5f2197e1db9764d0727bd4dfffeddd8015ed7011fa97b3,REVIEWED_DEPENDENCY_BLOCKED_COLLECTION_FAMILY_NO_PORT,Requires absent current_wizard_collection_display and is called by runtime-only collection_stage_evidence. Its exact 12-output chain reconstruction has no active display contract to validate.,audit/GATE0_COLLECTION_FAMILY_REVIEW_2026-09-30.json
src/quant_platform/orchestration/collection_inventory_stage.py,False,True,0,,,RUNTIME_ONLY,,7fdb75f0a8545e3a0092b001c18a42f9d8e65a986b06bc0b80af13907e689082,7fdb75f0a8545e3a0092b001c18a42f9d8e65a986b06bc0b80af13907e689082,REVIEWED_DEPENDENCY_BLOCKED_COLLECTION_FAMILY_NO_PORT,Active execution lacks hyperliquid_inventory_output_paths. The stage enters a delegated hyperliquid_public issuer session and executes an external inventory refresh; runtime-only issuer/lease architecture is required.,audit/GATE0_COLLECTION_FAMILY_REVIEW_2026-09-30.json
src/quant_platform/orchestration/collection_observer_bridge.py,False,True,0,,,RUNTIME_ONLY,,6f6ed3b41ba79d9ea441e83484234ec70ce6c8f77528914ec2a7098076515d47,6f6ed3b41ba79d9ea441e83484234ec70ce6c8f77528914ec2a7098076515d47,REVIEWED_DEPENDENCY_BLOCKED_COLLECTION_FAMILY_NO_PORT,"Requires absent collection_daily_finalization, precollection_campaign_io, precollection_monitor, and precollection_observer. Preserved docstring explicitly requires collection-only reader/evaluator wiring, absent active.",audit/GATE0_COLLECTION_FAMILY_REVIEW_2026-09-30.json
src/quant_platform/orchestration/collection_owner_admission.py,False,True,0,,,RUNTIME_ONLY,,f8f4f09b364ba501c8e0c774ac0511b633d22479c65e73f237808f6d56ffa820,f8f4f09b364ba501c8e0c774ac0511b633d22479c65e73f237808f6d56ffa820,REVIEWED_DEPENDENCY_BLOCKED_COLLECTION_FAMILY_NO_PORT,"Requires absent collection_admission_barrier, collection_owner_binding, and collection_release owner/evidence modules. Active corrective_daily_scheduler lacks _evaluate_active_campaign_admission; cannot accept release evidence standalone.",audit/GATE0_COLLECTION_FAMILY_REVIEW_2026-09-30.json
src/quant_platform/orchestration/collection_owner_binding.py,False,True,0,,,RUNTIME_ONLY,,ce06e10905e2d3d5908315deee400f69d052ed32f5574d656d5081dee1641428,ce06e10905e2d3d5908315deee400f69d052ed32f5574d656d5081dee1641428,REVIEWED_DEPENDENCY_BLOCKED_COLLECTION_FAMILY_NO_PORT,Requires absent collection_admission_barrier and collection_publication_sequence. It binds to preserved v6 authority identity fields unavailable in active v2 authority.,audit/GATE0_COLLECTION_FAMILY_REVIEW_2026-09-30.json
src/quant_platform/orchestration/collection_publication_sequence.py,False,True,0,,,RUNTIME_ONLY,,d04e1ec9d68503e00985e1b35f25a604041fd497645b46eb7d05676a7222130f,d04e1ec9d68503e00985e1b35f25a604041fd497645b46eb7d05676a7222130f,REVIEWED_DEPENDENCY_BLOCKED_COLLECTION_FAMILY_NO_PORT,"Mutates an exact publication lease under one lock and relies on runtime-only private lock activation/drain APIs and _collection_sequence mode, absent active. Porting alone changes publication authority lifetime.",audit/GATE0_COLLECTION_FAMILY_REVIEW_2026-09-30.json
src/quant_platform/orchestration/collection_release/__init__.py,False,True,0,,,RUNTIME_ONLY,,c947313acf3666a191e4a26b96925cc7ebe076b94e4c303094aa83a6b9726db0,c947313acf3666a191e4a26b96925cc7ebe076b94e4c303094aa83a6b9726db0,REVIEWED_DEPENDENCY_BLOCKED_COLLECTION_RELEASE_NO_PORT,"Preserve this exact runtime-only collection release package member without a partial Gate 0 port. The 34-file package needs six absent active dependencies; its in-package tests pass, but broader process integration has ten bootstrap-order failures. No collection or effect authority is inferred. Revisit the coherent closure in a later source decision.","audit/GATE0_COLLECTION_RELEASE_DECISION_2026-09-30.json; exact Mac savepoint manifest/file hashes; 11 missing import edges; package, integration, and direct-process test receipts"
src/quant_platform/orchestration/collection_release/artifact_binding.py,False,True,0,,,RUNTIME_ONLY,,ae3b91441cf7566aed9793f936de4dca88255cdb0407e84926f1b780dba6d155,ae3b91441cf7566aed9793f936de4dca88255cdb0407e84926f1b780dba6d155,REVIEWED_DEPENDENCY_BLOCKED_COLLECTION_RELEASE_NO_PORT,"Preserve this exact runtime-only collection release package member without a partial Gate 0 port. The 34-file package needs six absent active dependencies; its in-package tests pass, but broader process integration has ten bootstrap-order failures. No collection or effect authority is inferred. Revisit the coherent closure in a later source decision.","audit/GATE0_COLLECTION_RELEASE_DECISION_2026-09-30.json; exact Mac savepoint manifest/file hashes; 11 missing import edges; package, integration, and direct-process test receipts"
src/quant_platform/orchestration/collection_release/artifact_inventory.py,False,True,0,,,RUNTIME_ONLY,,91a712ad361751d2d729c72abfbf8af8f2127a2778334533323a54e5718c795e,91a712ad361751d2d729c72abfbf8af8f2127a2778334533323a54e5718c795e,REVIEWED_DEPENDENCY_BLOCKED_COLLECTION_RELEASE_NO_PORT,"Preserve this exact runtime-only collection release package member without a partial Gate 0 port. The 34-file package needs six absent active dependencies; its in-package tests pass, but broader process integration has ten bootstrap-order failures. No collection or effect authority is inferred. Revisit the coherent closure in a later source decision.","audit/GATE0_COLLECTION_RELEASE_DECISION_2026-09-30.json; exact Mac savepoint manifest/file hashes; 11 missing import edges; package, integration, and direct-process test receipts"
src/quant_platform/orchestration/collection_release/campaign_schedule.py,False,True,0,,,RUNTIME_ONLY,,e2cf9ad17c7e40872b5d8dd0da866d98b4ef2ebb33861f19824274886d1fd7c2,e2cf9ad17c7e40872b5d8dd0da866d98b4ef2ebb33861f19824274886d1fd7c2,REVIEWED_DEPENDENCY_BLOCKED_COLLECTION_RELEASE_NO_PORT,"Preserve this exact runtime-only collection release package member without a partial Gate 0 port. The 34-file package needs six absent active dependencies; its in-package tests pass, but broader process integration has ten bootstrap-order failures. No collection or effect authority is inferred. Revisit the coherent closure in a later source decision.","audit/GATE0_COLLECTION_RELEASE_DECISION_2026-09-30.json; exact Mac savepoint manifest/file hashes; 11 missing import edges; package, integration, and direct-process test receipts"
src/quant_platform/orchestration/collection_release/darwin_boot_identity.py,False,True,0,,,RUNTIME_ONLY,,729b04ab9b4ac5740919ae3b810dddee6ae96e6a401761b8133915026fb5027b,729b04ab9b4ac5740919ae3b810dddee6ae96e6a401761b8133915026fb5027b,REVIEWED_DEPENDENCY_BLOCKED_COLLECTION_RELEASE_NO_PORT,"Preserve this exact runtime-only collection release package member without a partial Gate 0 port. The 34-file package needs six absent active dependencies; its in-package tests pass, but broader process integration has ten bootstrap-order failures. No collection or effect authority is inferred. Revisit the coherent closure in a later source decision.","audit/GATE0_COLLECTION_RELEASE_DECISION_2026-09-30.json; exact Mac savepoint manifest/file hashes; 11 missing import edges; package, integration, and direct-process test receipts"
src/quant_platform/orchestration/collection_release/darwin_process_identity.py,False,True,0,,,RUNTIME_ONLY,,c00fe9599fff5529ce53daee5d1579bfd84d7619bb722e613428632f925edf0f,c00fe9599fff5529ce53daee5d1579bfd84d7619bb722e613428632f925edf0f,REVIEWED_DEPENDENCY_BLOCKED_COLLECTION_RELEASE_NO_PORT,"Preserve this exact runtime-only collection release package member without a partial Gate 0 port. The 34-file package needs six absent active dependencies; its in-package tests pass, but broader process integration has ten bootstrap-order failures. No collection or effect authority is inferred. Revisit the coherent closure in a later source decision.","audit/GATE0_COLLECTION_RELEASE_DECISION_2026-09-30.json; exact Mac savepoint manifest/file hashes; 11 missing import edges; package, integration, and direct-process test receipts"
src/quant_platform/orchestration/collection_release/maintenance_binding.py,False,True,0,,,RUNTIME_ONLY,,c36ee1f60f7ee428ddec2ce4bfe515ba62f85f498fbe2e77aae2ae958762584e,c36ee1f60f7ee428ddec2ce4bfe515ba62f85f498fbe2e77aae2ae958762584e,REVIEWED_DEPENDENCY_BLOCKED_COLLECTION_RELEASE_NO_PORT,"Preserve this exact runtime-only collection release package member without a partial Gate 0 port. The 34-file package needs six absent active dependencies; its in-package tests pass, but broader process integration has ten bootstrap-order failures. No collection or effect authority is inferred. Revisit the coherent closure in a later source decision.","audit/GATE0_COLLECTION_RELEASE_DECISION_2026-09-30.json; exact Mac savepoint manifest/file hashes; 11 missing import edges; package, integration, and direct-process test receipts"
src/quant_platform/orchestration/collection_release/owner_release_inputs.py,False,True,0,,,RUNTIME_ONLY,,d4c2d8f28c65ac9868b203004b89d98efdf80d35f7fdbfc9015d9547430a1183,d4c2d8f28c65ac9868b203004b89d98efdf80d35f7fdbfc9015d9547430a1183,REVIEWED_DEPENDENCY_BLOCKED_COLLECTION_RELEASE_NO_PORT,"Preserve this exact runtime-only collection release package member without a partial Gate 0 port. The 34-file package needs six absent active dependencies; its in-package tests pass, but broader process integration has ten bootstrap-order failures. No collection or effect authority is inferred. Revisit the coherent closure in a later source decision.","audit/GATE0_COLLECTION_RELEASE_DECISION_2026-09-30.json; exact Mac savepoint manifest/file hashes; 11 missing import edges; package, integration, and direct-process test receipts"
src/quant_platform/orchestration/collection_release/owner_release_reader.py,False,True,0,,,RUNTIME_ONLY,,abc82084a36a09a3b4857a4e1b10acb036a303bb4902099a9add11c99a7bac76,abc82084a36a09a3b4857a4e1b10acb036a303bb4902099a9add11c99a7bac76,REVIEWED_DEPENDENCY_BLOCKED_COLLECTION_RELEASE_NO_PORT,"Preserve this exact runtime-only collection release package member without a partial Gate 0 port. The 34-file package needs six absent active dependencies; its in-package tests pass, but broader process integration has ten bootstrap-order failures. No collection or effect authority is inferred. Revisit the coherent closure in a later source decision.","audit/GATE0_COLLECTION_RELEASE_DECISION_2026-09-30.json; exact Mac savepoint manifest/file hashes; 11 missing import edges; package, integration, and direct-process test receipts"
src/quant_platform/orchestration/collection_release/preowner_accounting.py,False,True,0,,,RUNTIME_ONLY,,34550636b389cc9068ca967a0da5019d135b800d7d55efb5e62e6642a61648c6,34550636b389cc9068ca967a0da5019d135b800d7d55efb5e62e6642a61648c6,REVIEWED_DEPENDENCY_BLOCKED_COLLECTION_RELEASE_NO_PORT,"Preserve this exact runtime-only collection release package member without a partial Gate 0 port. The 34-file package needs six absent active dependencies; its in-package tests pass, but broader process integration has ten bootstrap-order failures. No collection or effect authority is inferred. Revisit the coherent closure in a later source decision.","audit/GATE0_COLLECTION_RELEASE_DECISION_2026-09-30.json; exact Mac savepoint manifest/file hashes; 11 missing import edges; package, integration, and direct-process test receipts"
src/quant_platform/orchestration/collection_release/preowner_assessment.py,False,True,0,,,RUNTIME_ONLY,,6a2e2013aa1aef702c733c016b54c559e4e0e023e5def8e1c760e0049288a3e9,6a2e2013aa1aef702c733c016b54c559e4e0e023e5def8e1c760e0049288a3e9,REVIEWED_DEPENDENCY_BLOCKED_COLLECTION_RELEASE_NO_PORT,"Preserve this exact runtime-only collection release package member without a partial Gate 0 port. The 34-file package needs six absent active dependencies; its in-package tests pass, but broader process integration has ten bootstrap-order failures. No collection or effect authority is inferred. Revisit the coherent closure in a later source decision.","audit/GATE0_COLLECTION_RELEASE_DECISION_2026-09-30.json; exact Mac savepoint manifest/file hashes; 11 missing import edges; package, integration, and direct-process test receipts"
src/quant_platform/orchestration/collection_release/preowner_campaign.py,False,True,0,,,RUNTIME_ONLY,,773e3e08a0eba666261f4bed8227a98a496fd215dc9137e4b989016fe860176a,773e3e08a0eba666261f4bed8227a98a496fd215dc9137e4b989016fe860176a,REVIEWED_DEPENDENCY_BLOCKED_COLLECTION_RELEASE_NO_PORT,"Preserve this exact runtime-only collection release package member without a partial Gate 0 port. The 34-file package needs six absent active dependencies; its in-package tests pass, but broader process integration has ten bootstrap-order failures. No collection or effect authority is inferred. Revisit the coherent closure in a later source decision.","audit/GATE0_COLLECTION_RELEASE_DECISION_2026-09-30.json; exact Mac savepoint manifest/file hashes; 11 missing import edges; package, integration, and direct-process test receipts"
src/quant_platform/orchestration/collection_release/preowner_maintenance.py,False,True,0,,,RUNTIME_ONLY,,81df6bfdce65d2e0fb8f7401674ea3e8b99077f1be16acc7451a94cf0fcdbf17,81df6bfdce65d2e0fb8f7401674ea3e8b99077f1be16acc7451a94cf0fcdbf17,REVIEWED_DEPENDENCY_BLOCKED_COLLECTION_RELEASE_NO_PORT,"Preserve this exact runtime-only collection release package member without a partial Gate 0 port. The 34-file package needs six absent active dependencies; its in-package tests pass, but broader process integration has ten bootstrap-order failures. No collection or effect authority is inferred. Revisit the coherent closure in a later source decision.","audit/GATE0_COLLECTION_RELEASE_DECISION_2026-09-30.json; exact Mac savepoint manifest/file hashes; 11 missing import edges; package, integration, and direct-process test receipts"
src/quant_platform/orchestration/collection_release/project_release_reader.py,False,True,0,,,RUNTIME_ONLY,,8bb66fd58c839ea97ecc8d4218a92629ef410adbb8b53ba56ac154d67d0f7c3a,8bb66fd58c839ea97ecc8d4218a92629ef410adbb8b53ba56ac154d67d0f7c3a,REVIEWED_DEPENDENCY_BLOCKED_COLLECTION_RELEASE_NO_PORT,"Preserve this exact runtime-only collection release package member without a partial Gate 0 port. The 34-file package needs six absent active dependencies; its in-package tests pass, but broader process integration has ten bootstrap-order failures. No collection or effect authority is inferred. Revisit the coherent closure in a later source decision.","audit/GATE0_COLLECTION_RELEASE_DECISION_2026-09-30.json; exact Mac savepoint manifest/file hashes; 11 missing import edges; package, integration, and direct-process test receipts"
src/quant_platform/orchestration/collection_release/provider_binding.py,False,True,0,,,RUNTIME_ONLY,,66e3972c8807c723f6c2662efa63e1b6dde7f4f818522e8503e53eb701f7a254,66e3972c8807c723f6c2662efa63e1b6dde7f4f818522e8503e53eb701f7a254,REVIEWED_DEPENDENCY_BLOCKED_COLLECTION_RELEASE_NO_PORT,"Preserve this exact runtime-only collection release package member without a partial Gate 0 port. The 34-file package needs six absent active dependencies; its in-package tests pass, but broader process integration has ten bootstrap-order failures. No collection or effect authority is inferred. Revisit the coherent closure in a later source decision.","audit/GATE0_COLLECTION_RELEASE_DECISION_2026-09-30.json; exact Mac savepoint manifest/file hashes; 11 missing import edges; package, integration, and direct-process test receipts"
src/quant_platform/orchestration/collection_release/release_bundle.py,False,True,0,,,RUNTIME_ONLY,,4f5bac3a848c93f1d2fdd639046bd9b0233c1182b8a39471b643e0d3a50fd59a,4f5bac3a848c93f1d2fdd639046bd9b0233c1182b8a39471b643e0d3a50fd59a,REVIEWED_DEPENDENCY_BLOCKED_COLLECTION_RELEASE_NO_PORT,"Preserve this exact runtime-only collection release package member without a partial Gate 0 port. The 34-file package needs six absent active dependencies; its in-package tests pass, but broader process integration has ten bootstrap-order failures. No collection or effect authority is inferred. Revisit the coherent closure in a later source decision.","audit/GATE0_COLLECTION_RELEASE_DECISION_2026-09-30.json; exact Mac savepoint manifest/file hashes; 11 missing import edges; package, integration, and direct-process test receipts"
src/quant_platform/orchestration/collection_release/release_chain.py,False,True,0,,,RUNTIME_ONLY,,6047aed8d257a4d60d6a6718a206449d55088c4a325cdf61d24ba92618be664c,6047aed8d257a4d60d6a6718a206449d55088c4a325cdf61d24ba92618be664c,REVIEWED_DEPENDENCY_BLOCKED_COLLECTION_RELEASE_NO_PORT,"Preserve this exact runtime-only collection release package member without a partial Gate 0 port. The 34-file package needs six absent active dependencies; its in-package tests pass, but broader process integration has ten bootstrap-order failures. No collection or effect authority is inferred. Revisit the coherent closure in a later source decision.","audit/GATE0_COLLECTION_RELEASE_DECISION_2026-09-30.json; exact Mac savepoint manifest/file hashes; 11 missing import edges; package, integration, and direct-process test receipts"
src/quant_platform/orchestration/collection_release/release_evidence.py,False,True,0,,,RUNTIME_ONLY,,9afbe406c1f04530f31ee9f4d1a09e84f9e21d703b425fa45a8d149374226c6d,9afbe406c1f04530f31ee9f4d1a09e84f9e21d703b425fa45a8d149374226c6d,REVIEWED_DEPENDENCY_BLOCKED_COLLECTION_RELEASE_NO_PORT,"Preserve this exact runtime-only collection release package member without a partial Gate 0 port. The 34-file package needs six absent active dependencies; its in-package tests pass, but broader process integration has ten bootstrap-order failures. No collection or effect authority is inferred. Revisit the coherent closure in a later source decision.","audit/GATE0_COLLECTION_RELEASE_DECISION_2026-09-30.json; exact Mac savepoint manifest/file hashes; 11 missing import edges; package, integration, and direct-process test receipts"
src/quant_platform/orchestration/collection_release/release_integrity.py,False,True,0,,,RUNTIME_ONLY,,2ea55579dd3cf8e50f23a31f338be21d2041540f2d2ecb77185d11be14c22a95,2ea55579dd3cf8e50f23a31f338be21d2041540f2d2ecb77185d11be14c22a95,REVIEWED_DEPENDENCY_BLOCKED_COLLECTION_RELEASE_NO_PORT,"Preserve this exact runtime-only collection release package member without a partial Gate 0 port. The 34-file package needs six absent active dependencies; its in-package tests pass, but broader process integration has ten bootstrap-order failures. No collection or effect authority is inferred. Revisit the coherent closure in a later source decision.","audit/GATE0_COLLECTION_RELEASE_DECISION_2026-09-30.json; exact Mac savepoint manifest/file hashes; 11 missing import edges; package, integration, and direct-process test receipts"
src/quant_platform/orchestration/collection_release/release_observation_lock.py,False,True,0,,,RUNTIME_ONLY,,e826bc58932222b47bf9e73f1085747375a3951e38ad1f3a250c437ec8986e32,e826bc58932222b47bf9e73f1085747375a3951e38ad1f3a250c437ec8986e32,REVIEWED_DEPENDENCY_BLOCKED_COLLECTION_RELEASE_NO_PORT,"Preserve this exact runtime-only collection release package member without a partial Gate 0 port. The 34-file package needs six absent active dependencies; its in-package tests pass, but broader process integration has ten bootstrap-order failures. No collection or effect authority is inferred. Revisit the coherent closure in a later source decision.","audit/GATE0_COLLECTION_RELEASE_DECISION_2026-09-30.json; exact Mac savepoint manifest/file hashes; 11 missing import edges; package, integration, and direct-process test receipts"
src/quant_platform/orchestration/collection_release/release_record.py,False,True,0,,,RUNTIME_ONLY,,31ae07746aca8d178a59318baa8abec849ed7044aca1a25166db91a3f43171c8,31ae07746aca8d178a59318baa8abec849ed7044aca1a25166db91a3f43171c8,REVIEWED_DEPENDENCY_BLOCKED_COLLECTION_RELEASE_NO_PORT,"Preserve this exact runtime-only collection release package member without a partial Gate 0 port. The 34-file package needs six absent active dependencies; its in-package tests pass, but broader process integration has ten bootstrap-order failures. No collection or effect authority is inferred. Revisit the coherent closure in a later source decision.","audit/GATE0_COLLECTION_RELEASE_DECISION_2026-09-30.json; exact Mac savepoint manifest/file hashes; 11 missing import edges; package, integration, and direct-process test receipts"
src/quant_platform/orchestration/collection_release/release_store.py,False,True,0,,,RUNTIME_ONLY,,98e5ba5d183f47869f923d33c6cbd87f2b1cded5c17a7e32254d7a90bd56101c,98e5ba5d183f47869f923d33c6cbd87f2b1cded5c17a7e32254d7a90bd56101c,REVIEWED_DEPENDENCY_BLOCKED_COLLECTION_RELEASE_NO_PORT,"Preserve this exact runtime-only collection release package member without a partial Gate 0 port. The 34-file package needs six absent active dependencies; its in-package tests pass, but broader process integration has ten bootstrap-order failures. No collection or effect authority is inferred. Revisit the coherent closure in a later source decision.","audit/GATE0_COLLECTION_RELEASE_DECISION_2026-09-30.json; exact Mac savepoint manifest/file hashes; 11 missing import edges; package, integration, and direct-process test receipts"
src/quant_platform/orchestration/collection_release/runtime_binding.py,False,True,0,,,RUNTIME_ONLY,,dd0862ac95d30622200bb469eb397142025a5b98c99aac1d976188855c44aaa7,dd0862ac95d30622200bb469eb397142025a5b98c99aac1d976188855c44aaa7,REVIEWED_DEPENDENCY_BLOCKED_COLLECTION_RELEASE_NO_PORT,"Preserve this exact runtime-only collection release package member without a partial Gate 0 port. The 34-file package needs six absent active dependencies; its in-package tests pass, but broader process integration has ten bootstrap-order failures. No collection or effect authority is inferred. Revisit the coherent closure in a later source decision.","audit/GATE0_COLLECTION_RELEASE_DECISION_2026-09-30.json; exact Mac savepoint manifest/file hashes; 11 missing import edges; package, integration, and direct-process test receipts"
src/quant_platform/orchestration/collection_release/source_binding.py,False,True,0,,,RUNTIME_ONLY,,b69565ad15fee2ed0bed14b589ac9e78ade2089339790ca87d9964bab2d51f1f,b69565ad15fee2ed0bed14b589ac9e78ade2089339790ca87d9964bab2d51f1f,REVIEWED_DEPENDENCY_BLOCKED_COLLECTION_RELEASE_NO_PORT,"Preserve this exact runtime-only collection release package member without a partial Gate 0 port. The 34-file package needs six absent active dependencies; its in-package tests pass, but broader process integration has ten bootstrap-order failures. No collection or effect authority is inferred. Revisit the coherent closure in a later source decision.","audit/GATE0_COLLECTION_RELEASE_DECISION_2026-09-30.json; exact Mac savepoint manifest/file hashes; 11 missing import edges; package, integration, and direct-process test receipts"
src/quant_platform/orchestration/collection_release/terminal_binding.py,False,True,0,,,RUNTIME_ONLY,,589cecc181e34ea494355d4c4ef08ee69039d4a1aee76fdf944f969faa81ded4,589cecc181e34ea494355d4c4ef08ee69039d4a1aee76fdf944f969faa81ded4,REVIEWED_DEPENDENCY_BLOCKED_COLLECTION_RELEASE_NO_PORT,"Preserve this exact runtime-only collection release package member without a partial Gate 0 port. The 34-file package needs six absent active dependencies; its in-package tests pass, but broader process integration has ten bootstrap-order failures. No collection or effect authority is inferred. Revisit the coherent closure in a later source decision.","audit/GATE0_COLLECTION_RELEASE_DECISION_2026-09-30.json; exact Mac savepoint manifest/file hashes; 11 missing import edges; package, integration, and direct-process test receipts"
src/quant_platform/orchestration/collection_release/test_project_release_reader.py,False,True,0,,,RUNTIME_ONLY,,aff3125519a191d774c6cb6750c46ba72046f9491630ec97e031ff20077037bf,aff3125519a191d774c6cb6750c46ba72046f9491630ec97e031ff20077037bf,REVIEWED_DEPENDENCY_BLOCKED_COLLECTION_RELEASE_NO_PORT,"Preserve this exact runtime-only collection release package member without a partial Gate 0 port. The 34-file package needs six absent active dependencies; its in-package tests pass, but broader process integration has ten bootstrap-order failures. No collection or effect authority is inferred. Revisit the coherent closure in a later source decision.","audit/GATE0_COLLECTION_RELEASE_DECISION_2026-09-30.json; exact Mac savepoint manifest/file hashes; 11 missing import edges; package, integration, and direct-process test receipts"
src/quant_platform/orchestration/collection_release/test_release_bundle.py,False,True,0,,,RUNTIME_ONLY,,0569962692c534c0ccc13bf7d8e42b3d3f7a8d409edfb9ac11209ca5dcc2773f,0569962692c534c0ccc13bf7d8e42b3d3f7a8d409edfb9ac11209ca5dcc2773f,REVIEWED_DEPENDENCY_BLOCKED_COLLECTION_RELEASE_NO_PORT,"Preserve this exact runtime-only collection release package member without a partial Gate 0 port. The 34-file package needs six absent active dependencies; its in-package tests pass, but broader process integration has ten bootstrap-order failures. No collection or effect authority is inferred. Revisit the coherent closure in a later source decision.","audit/GATE0_COLLECTION_RELEASE_DECISION_2026-09-30.json; exact Mac savepoint manifest/file hashes; 11 missing import edges; package, integration, and direct-process test receipts"
src/quant_platform/orchestration/collection_release/test_release_chain.py,False,True,0,,,RUNTIME_ONLY,,2347304280fb9ec0b36a1f40f9fd62773077fce8ab40e15d5cf3c22291b8c694,2347304280fb9ec0b36a1f40f9fd62773077fce8ab40e15d5cf3c22291b8c694,REVIEWED_DEPENDENCY_BLOCKED_COLLECTION_RELEASE_NO_PORT,"Preserve this exact runtime-only collection release package member without a partial Gate 0 port. The 34-file package needs six absent active dependencies; its in-package tests pass, but broader process integration has ten bootstrap-order failures. No collection or effect authority is inferred. Revisit the coherent closure in a later source decision.","audit/GATE0_COLLECTION_RELEASE_DECISION_2026-09-30.json; exact Mac savepoint manifest/file hashes; 11 missing import edges; package, integration, and direct-process test receipts"
src/quant_platform/orchestration/collection_release/test_release_evidence.py,False,True,0,,,RUNTIME_ONLY,,22a659aab7e2d85a639e97d26fc0df2e132a6e3dd2d405042589368b26ab9771,22a659aab7e2d85a639e97d26fc0df2e132a6e3dd2d405042589368b26ab9771,REVIEWED_DEPENDENCY_BLOCKED_COLLECTION_RELEASE_NO_PORT,"Preserve this exact runtime-only collection release package member without a partial Gate 0 port. The 34-file package needs six absent active dependencies; its in-package tests pass, but broader process integration has ten bootstrap-order failures. No collection or effect authority is inferred. Revisit the coherent closure in a later source decision.","audit/GATE0_COLLECTION_RELEASE_DECISION_2026-09-30.json; exact Mac savepoint manifest/file hashes; 11 missing import edges; package, integration, and direct-process test receipts"
src/quant_platform/orchestration/collection_release/test_release_integrity.py,False,True,0,,,RUNTIME_ONLY,,de5f5c1d82acff945d1c2679e4d3a3c7d0518f5cb350123efa421e599ffe69bc,de5f5c1d82acff945d1c2679e4d3a3c7d0518f5cb350123efa421e599ffe69bc,REVIEWED_DEPENDENCY_BLOCKED_COLLECTION_RELEASE_NO_PORT,"Preserve this exact runtime-only collection release package member without a partial Gate 0 port. The 34-file package needs six absent active dependencies; its in-package tests pass, but broader process integration has ten bootstrap-order failures. No collection or effect authority is inferred. Revisit the coherent closure in a later source decision.","audit/GATE0_COLLECTION_RELEASE_DECISION_2026-09-30.json; exact Mac savepoint manifest/file hashes; 11 missing import edges; package, integration, and direct-process test receipts"
src/quant_platform/orchestration/collection_release/test_release_observation_lock.py,False,True,0,,,RUNTIME_ONLY,,7181e251273c4a9770adb323437a18c37580e7f20bc39fed9b63ae7c9697ca35,7181e251273c4a9770adb323437a18c37580e7f20bc39fed9b63ae7c9697ca35,REVIEWED_DEPENDENCY_BLOCKED_COLLECTION_RELEASE_NO_PORT,"Preserve this exact runtime-only collection release package member without a partial Gate 0 port. The 34-file package needs six absent active dependencies; its in-package tests pass, but broader process integration has ten bootstrap-order failures. No collection or effect authority is inferred. Revisit the coherent closure in a later source decision.","audit/GATE0_COLLECTION_RELEASE_DECISION_2026-09-30.json; exact Mac savepoint manifest/file hashes; 11 missing import edges; package, integration, and direct-process test receipts"
src/quant_platform/orchestration/collection_release/test_release_record.py,False,True,0,,,RUNTIME_ONLY,,129063db3ebd9381153e5341f2451df93044d0fe03d8127474e647cb12dd3e91,129063db3ebd9381153e5341f2451df93044d0fe03d8127474e647cb12dd3e91,REVIEWED_DEPENDENCY_BLOCKED_COLLECTION_RELEASE_NO_PORT,"Preserve this exact runtime-only collection release package member without a partial Gate 0 port. The 34-file package needs six absent active dependencies; its in-package tests pass, but broader process integration has ten bootstrap-order failures. No collection or effect authority is inferred. Revisit the coherent closure in a later source decision.","audit/GATE0_COLLECTION_RELEASE_DECISION_2026-09-30.json; exact Mac savepoint manifest/file hashes; 11 missing import edges; package, integration, and direct-process test receipts"
src/quant_platform/orchestration/collection_release/test_release_store.py,False,True,0,,,RUNTIME_ONLY,,b84055085fc7abbe9bec017ae5e525aa7005c04b235072f6f4918bcdb2c76ab1,b84055085fc7abbe9bec017ae5e525aa7005c04b235072f6f4918bcdb2c76ab1,REVIEWED_DEPENDENCY_BLOCKED_COLLECTION_RELEASE_NO_PORT,"Preserve this exact runtime-only collection release package member without a partial Gate 0 port. The 34-file package needs six absent active dependencies; its in-package tests pass, but broader process integration has ten bootstrap-order failures. No collection or effect authority is inferred. Revisit the coherent closure in a later source decision.","audit/GATE0_COLLECTION_RELEASE_DECISION_2026-09-30.json; exact Mac savepoint manifest/file hashes; 11 missing import edges; package, integration, and direct-process test receipts"
src/quant_platform/orchestration/collection_release/workload_contract.py,False,True,0,,,RUNTIME_ONLY,,b3cde7f1b32b6ab311091b581e92d3b96be1ff676e9e95f56de12bfd9643a378,b3cde7f1b32b6ab311091b581e92d3b96be1ff676e9e95f56de12bfd9643a378,REVIEWED_DEPENDENCY_BLOCKED_COLLECTION_RELEASE_NO_PORT,"Preserve this exact runtime-only collection release package member without a partial Gate 0 port. The 34-file package needs six absent active dependencies; its in-package tests pass, but broader process integration has ten bootstrap-order failures. No collection or effect authority is inferred. Revisit the coherent closure in a later source decision.","audit/GATE0_COLLECTION_RELEASE_DECISION_2026-09-30.json; exact Mac savepoint manifest/file hashes; 11 missing import edges; package, integration, and direct-process test receipts"
src/quant_platform/orchestration/collection_runtime_route.py,False,True,0,,,RUNTIME_ONLY,,db1da1136b1ebb60d632620c8dec6f57b770061d5ed8f563b88dc138f286eb2e,db1da1136b1ebb60d632620c8dec6f57b770061d5ed8f563b88dc138f286eb2e,REVIEWED_DEPENDENCY_BLOCKED_COLLECTION_FAMILY_NO_PORT,Render-only alternate LaunchAgent contract points at missing collection_daily_entry. Active bootstrap has no collection-only-v1 route handling; companion runtime binding/startup preflight are absent.,audit/GATE0_COLLECTION_FAMILY_REVIEW_2026-09-30.json
src/quant_platform/orchestration/collection_stage_evidence.py,False,True,0,,,RUNTIME_ONLY,,3096dd27480d5dbe3f347bd72a6088909c89c642f1248a5dd1de025f784730f1,3096dd27480d5dbe3f347bd72a6088909c89c642f1248a5dd1de025f784730f1,REVIEWED_DEPENDENCY_BLOCKED_COLLECTION_FAMILY_NO_PORT,Requires absent precollection_campaign_io and collection_display_evidence; creates immutable semantic receipt outputs under a lease. Is invoked by missing collection daily entry.,audit/GATE0_COLLECTION_FAMILY_REVIEW_2026-09-30.json
src/quant_platform/orchestration/collection_startup_contract.py,False,True,0,,,RUNTIME_ONLY,,62ec8b2069e9422f325dd20791b78af7327ad8c13c0f8ddc45a888b4ad633001,62ec8b2069e9422f325dd20791b78af7327ad8c13c0f8ddc45a888b4ad633001,REVIEWED_DEPENDENCY_BLOCKED_COLLECTION_FAMILY_NO_PORT,"Standard-library-only receipt verifier but no active consumer; companion scripts/collection_startup_verify.py and complete collection release package are runtime-only. Receipt explicitly does not authenticate runtime installation, test validity, or launch readiness.",audit/GATE0_COLLECTION_FAMILY_REVIEW_2026-09-30.json
src/quant_platform/orchestration/collection_startup_preflight.py,False,True,0,,,RUNTIME_ONLY,,666867fb1da8e0708b1d8fba71907bf24d25595b010c57afadfafa583bf1cdcb,666867fb1da8e0708b1d8fba71907bf24d25595b010c57afadfafa583bf1cdcb,REVIEWED_DEPENDENCY_BLOCKED_COLLECTION_FAMILY_NO_PORT,"Requires absent collection_runtime_route, precollection_admission, and precollection_campaign_io. Active daily scheduler lacks current_daily_campaign_identity and active v2 EffectAuthority lacks load_effect_authority_secret, non_file_semantic_snapshot, read_only_run_population, authority_key_id.",audit/GATE0_COLLECTION_FAMILY_REVIEW_2026-09-30.json
src/quant_platform/orchestration/collection_system_check_stage.py,False,True,0,,,RUNTIME_ONLY,,24870ebc9e568a330d6f20748d6b2033198678867146f854f15a4e91419bc7a1,24870ebc9e568a330d6f20748d6b2033198678867146f854f15a4e91419bc7a1,REVIEWED_DEPENDENCY_BLOCKED_COLLECTION_FAMILY_NO_PORT,Requires absent daily_workload_preflight and precollection_campaign_io; active active_pipeline lacks _system_check_frame. Publishes two diagnostic outputs under a collection lease.,audit/GATE0_COLLECTION_FAMILY_REVIEW_2026-09-30.json
src/quant_platform/orchestration/copula_shadow_comparison.py,True,False,1,ad63349b99523a1e57fe5b08db86a8de5edd52599238cbd62c35a7cba8aed72d,forensic_b;visual_recovery,,,,,REVIEWED_ATOMIC_PUBLICATION_RETAIN_VISUAL_NO_PORT,Historical CSV and Markdown writers are direct; selected source uses atomic publication. Four-root freeze and source_candidate equal selected active bytes; preserve visual/forensic bytes with no source port.,audit/GATE0_UNION_OMISSION_GAP_2026-09-30.json; audit/GATE0_ORCHESTRATION_UNION_OMISSION33_2026-09-30.json; audit/GATE0_ORCHESTRATION_UNION_OMISSION33_2026-09-30.md; audit/verify_gate0_orchestration_omission33.py
src/quant_platform/orchestration/corrective_acceptance_policy_validation.py,False,True,0,,,RUNTIME_ONLY,,e887549d64db2fdac8c8df5efc52ae8977929bd4789975ab9f581f2742df1497,e887549d64db2fdac8c8df5efc52ae8977929bd4789975ab9f581f2742df1497,REVIEWED_DEPENDENT_VALIDATOR_DEFERRED_NO_PORT,Pure runtime validator is preserved but canonical_status v2 consumer is absent from the active source; defer until that dependency and authority contract are reviewed.,audit/GATE0_SELECTED_SAFETY_SOURCE_RECONCILIATION_2026-09-30.json
src/quant_platform/orchestration/corrective_active_artifact_envelopes.py,False,True,0,,,CHANGED,473b33ebebf601a8269a1ac4d670f85d71d091fe056d9e101413fb192042d61b,57f063082e9848bf125182d44ac3b2ad07e2c3f166a8b4a5d9fdab362b0e8ea7,57f063082e9848bf125182d44ac3b2ad07e2c3f166a8b4a5d9fdab362b0e8ea7,REVIEWED_CORRECTIVE_COHORT_DEFERRED_NO_PORT,Full runtime replacement requires absent active imports/symbols listed here; retain current active contract pending dependency-complete integration.,audit/GATE0_CORRECTIVE_COHORT_REVIEW_2026-09-30.json
src/quant_platform/orchestration/corrective_agent_governance.py,True,True,2,466b0c40452b4dfaaed93b9c84416bb472b3e60f07649033d1bef2ebd1c981f9;d7e01b9e5c9bc5f69641d2c831feab5fed52c58efffec12a3cf106ea3caa12b4,forensic_b;visual_recovery,CHANGED,6cbad4256dc9ad39355607d00a0eabff812862d8dd59ec96fe57a4f3de4d1a79,6cbad4256dc9ad39355607d00a0eabff812862d8dd59ec96fe57a4f3de4d1a79,d9671bff7c1eff0f09b48977be410907a7a5b9e9273a060611c4c5e0c50f8802,REVIEWED_CORRECTIVE_COHORT_DEFERRED_NO_PORT,"Runtime adds four dashboard research specialist edges, but that specialist and its governed source path are not in active runtime. Historical variant: Forensic_b replaces guarded staged promotion with Path.replace; its strict_bool accepted flag is not a reason to drop active publication semantics. Additional frozen variant d7e01b9e5c9bc5f69641d2c831feab5fed52c58efffec12a3cf106ea3caa12b4: Variant bypasses the governed staged publisher for agent-governance CSV and JSON; UTC alias change is equivalent. Retain selected active source.",audit/GATE0_CORRECTIVE_COHORT_REVIEW_2026-09-30.json; audit/GATE0_CORRECTIVE_HISTORICAL_VARIANTS_SUPPLEMENT_2026-09-30.json; audit/GATE0_EXTENDED_VARIANT_GAP_2026-09-30.json; audit/GATE0_CORRECTIVE_EXTENDED_VARIANT_RECONCILIATION_2026-09-30.json
src/quant_platform/orchestration/corrective_artifact_retention.py,True,False,1,6d2fb9e5e78fee17dc8f05f36512ae28f8d8d4a1cb9efb67684108f7534e1632,forensic_b;visual_recovery,,,,,REVIEWED_ACTIVE_RETAIN_HISTORICAL_NO_PORT,Selected source adds projected reclaimable/retained byte accounting and atomic archive/log rotation; historical copy drops capacity forecast and uses direct replacement. Four-root freeze and source_candidate equal selected active bytes; preserve visual/forensic bytes with no source port.,audit/GATE0_UNION_OMISSION_GAP_2026-09-30.json; audit/GATE0_ORCHESTRATION_UNION_OMISSION33_2026-09-30.json; audit/GATE0_ORCHESTRATION_UNION_OMISSION33_2026-09-30.md; audit/verify_gate0_orchestration_omission33.py
src/quant_platform/orchestration/corrective_canonical_status.py,False,True,1,282719ed17ae0299ae20b47420a3aa4aec551b59126a68bf2dc7cc281928b9f3,forensic_b;visual_recovery,CHANGED,cdced91836205239a7b679e09536615b930023ac20d7badd01129dd3fc0b9d2c,a47f66460dec0d1a75b0aaf280982a0878c0820a1ed6d17daf80875b5e231c9e,a47f66460dec0d1a75b0aaf280982a0878c0820a1ed6d17daf80875b5e231c9e,REVIEWED_CORRECTIVE_COHORT_DEFERRED_NO_PORT,Full runtime replacement requires absent active imports/symbols listed here; retain current active contract pending dependency-complete integration. Additional frozen variant 282719ed17ae0299ae20b47420a3aa4aec551b59126a68bf2dc7cc281928b9f3: Variant publishes status via os.replace and embeds raw Stage 4 validator exception text in blockers. Retain selected active source.,audit/GATE0_CORRECTIVE_COHORT_REVIEW_2026-09-30.json; audit/GATE0_EXTENDED_VARIANT_GAP_2026-09-30.json; audit/GATE0_CORRECTIVE_EXTENDED_VARIANT_RECONCILIATION_2026-09-30.json
src/quant_platform/orchestration/corrective_daily_scheduler.py,True,True,2,37a838592d51d0edbd1d97a7723eeb68949a55e5af0905d00d5387167d344a0a;66ad4c152e4f1b5d31118353fa564c62ea8244c62ad27ca717a57e5202df8301,forensic_b;visual_recovery,CHANGED,0fb0350d262290289a787dc2bf708f71e2d45d70c6e12288a9ddc8ab10a8f22a,66ac37befdcab8c988d4d712c50f8fd0c7adc28bd44970fcef481eaaf845706c,66ac37befdcab8c988d4d712c50f8fd0c7adc28bd44970fcef481eaaf845706c,REVIEWED_CORRECTIVE_COHORT_DEFERRED_NO_PORT,"Full runtime replacement requires absent active imports/symbols listed here; retain current active contract pending dependency-complete integration. Historical variant: Forensic_b lacks active supervisor terminal lineage, governed evidence lock, safe exception coding, and durable blocked post-run handoff; it uses older local timeout/lock helpers. Additional frozen variant 66ad4c152e4f1b5d31118353fa564c62ea8244c62ad27ca717a57e5202df8301: Variant removes supervised LaunchAgent provenance, terminal receipt lineage, governed lock and blocked post-run handoff; handwritten schedule can credit unproven runs. Retain selected active source.",audit/GATE0_CORRECTIVE_COHORT_REVIEW_2026-09-30.json; audit/GATE0_CORRECTIVE_HISTORICAL_VARIANTS_SUPPLEMENT_2026-09-30.json; audit/GATE0_EXTENDED_VARIANT_GAP_2026-09-30.json; audit/GATE0_CORRECTIVE_EXTENDED_VARIANT_RECONCILIATION_2026-09-30.json
src/quant_platform/orchestration/corrective_data_evidence.py,True,True,2,819289989802d402dfe339300a3c3963f16ee7225c08ba57704cbaba6ecb516a;e7a2e60b63a544878ee974ca706645287207696a7d7c0c9d88d7144634e57dc6,forensic_a;forensic_b;visual_recovery;workspace_outer,CHANGED,77de431827997e15a97c074d06aacd49badc674857f34c9ff836d361e46f1610,1af658bd376d50f44f1440d0f991f2f02001a47715823a44bb48075e89bf928f,1af658bd376d50f44f1440d0f991f2f02001a47715823a44bb48075e89bf928f,REVIEWED_EXISTING_SELECTIVE_PORT_REMAINDER_DEFERRED_NO_PORT,Previously ported v23 data-evidence subset remains active; remaining runtime imports require absent history disposition/terminal and trusted artifact custody. Historical variant: Both forensic variants omit active bounded strict-L2 maximum-gap and latest-age checks. Forensic_b also uses direct fixture writes and raw exception text; retain active post-freeze safety checks.,audit/GATE0_CORRECTIVE_COHORT_REVIEW_2026-09-30.json; audit/GATE0_CORRECTIVE_HISTORICAL_VARIANTS_SUPPLEMENT_2026-09-30.json
src/quant_platform/orchestration/corrective_effect_guard.py,False,True,0,,,CHANGED,7f8de2cacb8a25df125cf9b0aabd0fb8a5d0f7a8ecd47ad4b37ec63627b97889,e44e879a44bf86025d511d3096da1fe2ed1cebc65b64760af15bc5ab60f4d441,e44e879a44bf86025d511d3096da1fe2ed1cebc65b64760af15bc5ab60f4d441,REVIEWED_CORRECTIVE_COHORT_DEFERRED_NO_PORT,Runtime admission calls import absent collection_admission_barrier. Its network-denial helper has no active consumer; full replacement would break credential and network windows.,audit/GATE0_CORRECTIVE_COHORT_REVIEW_2026-09-30.json
src/quant_platform/orchestration/corrective_effect_witness_inspection.py,False,True,0,,,RUNTIME_ONLY,,553b154cda611e723da5b7b562eb113bf95146d254635a380d83db96a2894bb4,553b154cda611e723da5b7b562eb113bf95146d254635a380d83db96a2894bb4,REVIEWED_CORRECTIVE_COHORT_DEFERRED_NO_PORT,Full runtime replacement requires absent active imports/symbols listed here; retain current active contract pending dependency-complete integration.,audit/GATE0_CORRECTIVE_COHORT_REVIEW_2026-09-30.json
src/quant_platform/orchestration/corrective_external_effects.py,False,True,0,,,CHANGED,2693c75ff434fcc49ed50276b268533d46f1fb91b37bb68a430492196865a225,cdc92c1c3e2e1323ae623c3468763df5c8f19f3e67b72d4f846b3ad2e1b090d5,cdc92c1c3e2e1323ae623c3468763df5c8f19f3e67b72d4f846b3ad2e1b090d5,REVIEWED_CORRECTIVE_COHORT_DEFERRED_NO_PORT,Runtime provider/credential sender adds v6 effect and worker activation semantics plus absent collection barrier and network-denial seam; no partial effect API swap.,audit/GATE0_CORRECTIVE_COHORT_REVIEW_2026-09-30.json
src/quant_platform/orchestration/corrective_financial_effect_registry.py,False,True,0,,,CHANGED,f2e37dbae5a50d4959342ad1430ea8fc16de80cf16dfb1335a5b2862dc16e6b9,4ed91af2170feeeb0455073fe1f14e10ec8527fbe1fbfbcea43d3554635501f3,4ed91af2170feeeb0455073fe1f14e10ec8527fbe1fbfbcea43d3554635501f3,REVIEWED_CORRECTIVE_COHORT_DEFERRED_NO_PORT,"Active b87f49d adds macOS AppleDouble source-file exclusion, absent from preserved runtime. Full runtime replacement would drop that filter while expanding the financial-effect scanner; retain active and review added detections separately.",audit/GATE0_CORRECTIVE_COHORT_REVIEW_2026-09-30.json
src/quant_platform/orchestration/corrective_gate1_cadence.py,False,True,0,,,RUNTIME_ONLY,,0bdf72f417590917ec04dae2bd175f99b13bec64b683cee5d3b04e72ec00ffda,b3fdb2f54c348fed4e315495a4e6a1174a9c674eddbb10e5c7762593742e2c4e,REVIEWED_CORRECTIVE_COHORT_DEFERRED_NO_PORT,Full runtime replacement requires absent active imports/symbols listed here; retain current active contract pending dependency-complete integration.,audit/GATE0_CORRECTIVE_COHORT_REVIEW_2026-09-30.json
src/quant_platform/orchestration/corrective_gate3_evidence.py,False,True,0,,,RUNTIME_ONLY,,9f2341a1146625f125c6f0997b6a56fe2a61b22ba26868f92586c8497d30de1f,9f2341a1146625f125c6f0997b6a56fe2a61b22ba26868f92586c8497d30de1f,REVIEWED_CORRECTIVE_COHORT_DEFERRED_NO_PORT,Full runtime replacement requires absent active imports/symbols listed here; retain current active contract pending dependency-complete integration.,audit/GATE0_CORRECTIVE_COHORT_REVIEW_2026-09-30.json
src/quant_platform/orchestration/corrective_gate3_historical_candidate.py,False,True,0,,,RUNTIME_ONLY,,3dfe65f1075b40f0a988afeb760b1e612cf282efaa4f5b142e610bf9f0c0e4a3,3dfe65f1075b40f0a988afeb760b1e612cf282efaa4f5b142e610bf9f0c0e4a3,REVIEWED_CORRECTIVE_COHORT_DEFERRED_NO_PORT,Full runtime replacement requires absent active imports/symbols listed here; retain current active contract pending dependency-complete integration.,audit/GATE0_CORRECTIVE_COHORT_REVIEW_2026-09-30.json
src/quant_platform/orchestration/corrective_gate3_historical_candidate_validation.py,False,True,0,,,RUNTIME_ONLY,,459751f57fb0d38bc0b91aae732779f6eaf5d52239c86b03f33e9b242edb0984,459751f57fb0d38bc0b91aae732779f6eaf5d52239c86b03f33e9b242edb0984,REVIEWED_CORRECTIVE_COHORT_DEFERRED_NO_PORT,Full runtime replacement requires absent active imports/symbols listed here; retain current active contract pending dependency-complete integration.,audit/GATE0_CORRECTIVE_COHORT_REVIEW_2026-09-30.json
src/quant_platform/orchestration/corrective_gate3_historical_validation_note.py,False,True,0,,,RUNTIME_ONLY,,a032c73ad3a46694c35bcc9b264903fdbb4573faa411435819e3111cd9689069,a032c73ad3a46694c35bcc9b264903fdbb4573faa411435819e3111cd9689069,REVIEWED_CORRECTIVE_COHORT_DEFERRED_NO_PORT,Runtime-only module has no active direct importer; preserve candidate until a governed consumer and its evidence contract are reviewed.,audit/GATE0_CORRECTIVE_COHORT_REVIEW_2026-09-30.json
src/quant_platform/orchestration/corrective_gate_checkpoint_contract.py,False,True,0,,,RUNTIME_ONLY,,0aaeafd5c8df637a1df3fad2b4bd2664d37435ce95e36494014a60abbff5c591,0aaeafd5c8df637a1df3fad2b4bd2664d37435ce95e36494014a60abbff5c591,REVIEWED_CORRECTIVE_COHORT_DEFERRED_NO_PORT,Runtime-only module has no active direct importer; preserve candidate until a governed consumer and its evidence contract are reviewed.,audit/GATE0_CORRECTIVE_COHORT_REVIEW_2026-09-30.json
src/quant_platform/orchestration/corrective_governance.py,True,False,2,183dde2e108ca404221afb9da87e6d9308fa2241fe2119684ba0f76541710c48;9d4f0f710c16d00b92cb08343395913ebcd62d0afd753122da320f2dda0ace52,forensic_b;visual_recovery,,,,,REVIEWED_ACTIVE_SAFER_PROMOTION_FALSE_RETAIN,"Runtime changes promotion_authority from the active fixed False to not blockers for source-hash policy matches; retain active fail-closed value. Historical variant: Forensic_b grants promotion_authority when policy source hashes match, while active fixes it to False; it also replaces governed staged promotion with Path.replace. Additional frozen variant 183dde2e108ca404221afb9da87e6d9308fa2241fe2119684ba0f76541710c48: Variant grants promotion_authority when policy source hashes match, although that proves file identity only; also bypasses governed promotion. Retain selected active source.",audit/GATE0_CORRECTIVE_COHORT_REVIEW_2026-09-30.json; audit/GATE0_CORRECTIVE_HISTORICAL_VARIANTS_SUPPLEMENT_2026-09-30.json; audit/GATE0_EXTENDED_VARIANT_GAP_2026-09-30.json; audit/GATE0_CORRECTIVE_EXTENDED_VARIANT_RECONCILIATION_2026-09-30.json
src/quant_platform/orchestration/corrective_history_disposition.py,False,True,0,,,RUNTIME_ONLY,,af9ce711a5e20509b4080acf441225a3b1fc00d089d2010efbf0771763b0ce2b,af9ce711a5e20509b4080acf441225a3b1fc00d089d2010efbf0771763b0ce2b,REVIEWED_CORRECTIVE_COHORT_DEFERRED_NO_PORT,Full runtime replacement requires absent active imports/symbols listed here; retain current active contract pending dependency-complete integration.,audit/GATE0_CORRECTIVE_COHORT_REVIEW_2026-09-30.json
src/quant_platform/orchestration/corrective_history_terminal.py,False,True,0,,,RUNTIME_ONLY,,96c8e929ac0091e0c2488b5d66f618dbbee735d6fd23f0b2f9f4f0209244f8dc,96c8e929ac0091e0c2488b5d66f618dbbee735d6fd23f0b2f9f4f0209244f8dc,REVIEWED_CORRECTIVE_COHORT_DEFERRED_NO_PORT,Full runtime replacement requires absent active imports/symbols listed here; retain current active contract pending dependency-complete integration.,audit/GATE0_CORRECTIVE_COHORT_REVIEW_2026-09-30.json
src/quant_platform/orchestration/corrective_hyperliquid_network.py,False,True,0,,,CHANGED,265cc4cfb5bd88e83a146eb70a3db4be8b88b65d50f7161151e3e5003f9d268d,361b5f270dfcbeed641bf28ed663b99e61358bc134f6e1dd0a4caa863177bc66,361b5f270dfcbeed641bf28ed663b99e61358bc134f6e1dd0a4caa863177bc66,REVIEWED_CORRECTIVE_COHORT_DEFERRED_NO_PORT,Runtime owned HTTP sender requires exact_http_request and InertHttpResponseFixture absent from active external effects; active call contract requires injected transport.,audit/GATE0_CORRECTIVE_COHORT_REVIEW_2026-09-30.json
src/quant_platform/orchestration/corrective_l2_scheduler.py,True,True,2,a0ffceb0166e280df0bb7ed82a150d3e95d68d071a06da1b0f36f2992826515d;a588842b5371d1fa6a0efd909b1cc7b441991fa446244a4f03ef23bdfe454b44,forensic_a;forensic_b;visual_recovery;workspace_outer,CHANGED,5e0ecbf71cd32293231b58d2fd6c60b456d820befe15919be982016731de4e86,5982ba3555ace1a887a6ffdf145ca64bcda54161ff34171899c47e71d9ccc5fa,5982ba3555ace1a887a6ffdf145ca64bcda54161ff34171899c47e71d9ccc5fa,REVIEWED_CORRECTIVE_COHORT_DEFERRED_NO_PORT,Full runtime replacement requires absent active imports/symbols listed here; retain current active contract pending dependency-complete integration. Historical variant: Both forensic variants omit active monotone zero-trade-authority L2 acceptance lattice and supervised terminal route; forensic_b additionally emits raw exception text.,audit/GATE0_CORRECTIVE_COHORT_REVIEW_2026-09-30.json; audit/GATE0_CORRECTIVE_HISTORICAL_VARIANTS_SUPPLEMENT_2026-09-30.json
src/quant_platform/orchestration/corrective_lineage.py,False,True,0,,,CHANGED,63b47b2ae3b9304d420d35ec9395b918c9c28b08942983b6c4acb8821035c55d,ba4bba126d044e2d2e34ef758ac3313eecedf0f87c5812fd31a9ed230f6ae47a,ba4bba126d044e2d2e34ef758ac3313eecedf0f87c5812fd31a9ed230f6ae47a,REVIEWED_CORRECTIVE_COHORT_DEFERRED_NO_PORT,Full runtime replacement requires absent active imports/symbols listed here; retain current active contract pending dependency-complete integration.,audit/GATE0_CORRECTIVE_COHORT_REVIEW_2026-09-30.json
src/quant_platform/orchestration/corrective_live_canary.py,True,False,1,a53c3576874b90a395c153339d988368b809cca5fe34716d4b5016afee32484a,forensic_b;visual_recovery,,,,,REVIEWED_ATOMIC_PUBLICATION_RETAIN_VISUAL_NO_PORT,Historical canary receipts use Path.replace; selected source promotes staged files through corrective_runtime. Four-root freeze and source_candidate equal selected active bytes; preserve visual/forensic bytes with no source port.,audit/GATE0_UNION_OMISSION_GAP_2026-09-30.json; audit/GATE0_ORCHESTRATION_UNION_OMISSION33_2026-09-30.json; audit/GATE0_ORCHESTRATION_UNION_OMISSION33_2026-09-30.md; audit/verify_gate0_orchestration_omission33.py
src/quant_platform/orchestration/corrective_live_canary_execution.py,True,True,2,1a424be2738c4d0b4384acb77e62bd3556026471c2ccc364e2cf5c953f5b14cb;7655329cd767d1e938d21219059d42ed7408742f9d84145650f246584a987480,forensic_b;visual_recovery,CHANGED,72334851b6a3077139f23405760629d5c2558847c0033042a4b123bc19d5165f,7fb8f2780f236c657f53f91fb2b1854fab9e42d3000c06e7958b08eeee732c6c,7fb8f2780f236c657f53f91fb2b1854fab9e42d3000c06e7958b08eeee732c6c,REVIEWED_CORRECTIVE_COHORT_DEFERRED_NO_PORT,"Runtime caller uses timeout_seconds and optional transport unsupported by active Hyperliquid gateway; defer sender migration. Historical variant: Forensic_b omits active one-use order authority and effect-dispatch claims in a live canary path; retain active order boundary. Additional frozen variant 1a424be2738c4d0b4384acb77e62bd3556026471c2ccc364e2cf5c953f5b14cb: Variant removes exact consumed and claimed order authority from leverage, entry, exit, cancellation and recovery, plus authorized mainnet info access. Retain selected active source.",audit/GATE0_CORRECTIVE_COHORT_REVIEW_2026-09-30.json; audit/GATE0_CORRECTIVE_HISTORICAL_VARIANTS_SUPPLEMENT_2026-09-30.json; audit/GATE0_EXTENDED_VARIANT_GAP_2026-09-30.json; audit/GATE0_CORRECTIVE_EXTENDED_VARIANT_RECONCILIATION_2026-09-30.json
src/quant_platform/orchestration/corrective_live_canary_executor.py,False,True,1,86fd640b26ec662cf3bd8156fb5ce8aa351e707871b478e0578d46139fb9f88c,forensic_b;visual_recovery,CHANGED,16890a9d84cebcec6fc1b3fd6c3370cbac9950fbbb532f6446d8ac5d96059af6,00c0f1880e16dea56b19523b5112033db28ae070710f1eaad30fde1d369f840e,00c0f1880e16dea56b19523b5112033db28ae070710f1eaad30fde1d369f840e,REVIEWED_CORRECTIVE_COHORT_DEFERRED_NO_PORT,Runtime caller uses timeout_seconds and optional transport unsupported by active Hyperliquid gateway; defer sender migration. Additional frozen variant 86fd640b26ec662cf3bd8156fb5ce8aa351e707871b478e0578d46139fb9f88c: Variant reads the live Keychain secret and mainnet info without authorized credential or network effect wrappers. Retain selected active source.,audit/GATE0_CORRECTIVE_COHORT_REVIEW_2026-09-30.json; audit/GATE0_EXTENDED_VARIANT_GAP_2026-09-30.json; audit/GATE0_CORRECTIVE_EXTENDED_VARIANT_RECONCILIATION_2026-09-30.json
src/quant_platform/orchestration/corrective_live_canary_outcome.py,True,False,1,6f1fec979f7104dd80d89177b7fb1e5c30341ce5cd049bde628137838ab4c44e,forensic_b;visual_recovery,,,,,REVIEWED_ATOMIC_PUBLICATION_RETAIN_VISUAL_NO_PORT,Historical outcome receipt uses Path.replace; selected source promotes the staged file. Four-root freeze and source_candidate equal selected active bytes; preserve visual/forensic bytes with no source port.,audit/GATE0_UNION_OMISSION_GAP_2026-09-30.json; audit/GATE0_ORCHESTRATION_UNION_OMISSION33_2026-09-30.json; audit/GATE0_ORCHESTRATION_UNION_OMISSION33_2026-09-30.md; audit/verify_gate0_orchestration_omission33.py
src/quant_platform/orchestration/corrective_live_parity_capture.py,False,True,1,a820640b04104379f779faaf28248bc97595245630e55aa5ad39f8f960b1d783,forensic_b;visual_recovery,CHANGED,e58658a2d0895373c5d0b5182bb441aefdc3f86fadd81df5e7fa74a36398218c,3676d43db0c84c6eb2dba071951896c8e376f9a6f746a3258879d5e6de489500,3676d43db0c84c6eb2dba071951896c8e376f9a6f746a3258879d5e6de489500,REVIEWED_CORRECTIVE_COHORT_DEFERRED_NO_PORT,"Runtime caller uses timeout_seconds and owned HTTP path unsupported by active Hyperliquid gateway; defer sender migration. Additional frozen variant a820640b04104379f779faaf28248bc97595245630e55aa5ad39f8f960b1d783: Variant calls Hyperliquid info directly, loosens environment-to-endpoint matching, omits result recorder, and persists raw error strings. Retain selected active source.",audit/GATE0_CORRECTIVE_COHORT_REVIEW_2026-09-30.json; audit/GATE0_EXTENDED_VARIANT_GAP_2026-09-30.json; audit/GATE0_CORRECTIVE_EXTENDED_VARIANT_RECONCILIATION_2026-09-30.json
src/quant_platform/orchestration/corrective_order_authority.py,False,True,0,,,CHANGED,50b161310717df3fefd47e3606460ec2e816b72ddebdbd29cf95ddc454024b4b,f0a3d2dda229f1333ca1cbdd3ea82f239d7af456efcb978fd3fb011a6a93804d,f0a3d2dda229f1333ca1cbdd3ea82f239d7af456efcb978fd3fb011a6a93804d,REVIEWED_CORRECTIVE_COHORT_DEFERRED_NO_PORT,"Runtime forwards authority_key_id and provider_id to EffectRequest, fields absent from active v2 effect authority; retain current one-use order permit.",audit/GATE0_CORRECTIVE_COHORT_REVIEW_2026-09-30.json
src/quant_platform/orchestration/corrective_phase00_checkpoint_validation.py,False,True,0,,,RUNTIME_ONLY,,f97777eda1f787d1faa729fc78ee6db126b0cc93350f30e203a52e018e195944,f97777eda1f787d1faa729fc78ee6db126b0cc93350f30e203a52e018e195944,REVIEWED_CORRECTIVE_COHORT_DEFERRED_NO_PORT,Full runtime replacement requires absent active imports/symbols listed here; retain current active contract pending dependency-complete integration.,audit/GATE0_CORRECTIVE_COHORT_REVIEW_2026-09-30.json
src/quant_platform/orchestration/corrective_phase00_closure.py,False,True,0,,,CHANGED,e00c6965a747d1d1cf4ec9261404e24ca7078d276c83ea03fb29ba39a8ce2835,eb6a2e23681b7d3f7678ce5d9ceb5a5b3bc2a6404a9fbb40294c834ac506de89,eb6a2e23681b7d3f7678ce5d9ceb5a5b3bc2a6404a9fbb40294c834ac506de89,REVIEWED_CORRECTIVE_COHORT_DEFERRED_NO_PORT,Full runtime replacement requires absent active imports/symbols listed here; retain current active contract pending dependency-complete integration.,audit/GATE0_CORRECTIVE_COHORT_REVIEW_2026-09-30.json
src/quant_platform/orchestration/corrective_phase00_control.py,False,True,0,,,CHANGED,257baa8fead6678960f1cda35a8bd9756c9b0e6c21977574266dfd0b79ab6c98,ec59700ef0be818aee97cc0f693e3288068c29dbc30c29ef6a79b087edbf345f,ec59700ef0be818aee97cc0f693e3288068c29dbc30c29ef6a79b087edbf345f,REVIEWED_CORRECTIVE_COHORT_DEFERRED_NO_PORT,Full runtime replacement requires absent active imports/symbols listed here; retain current active contract pending dependency-complete integration.,audit/GATE0_CORRECTIVE_COHORT_REVIEW_2026-09-30.json
src/quant_platform/orchestration/corrective_phase00_descendants.py,False,True,0,,,CHANGED,c86819067dc004d6fdf0b6f4713243dbd7284d465197a2f9e15ac08acd025001,3a4987c244e8496c0e498577e347707d85649cec004af2a35f78ff8f1ee40f10,3a4987c244e8496c0e498577e347707d85649cec004af2a35f78ff8f1ee40f10,REVIEWED_CORRECTIVE_COHORT_DEFERRED_NO_PORT,Full runtime replacement requires absent active imports/symbols listed here; retain current active contract pending dependency-complete integration.,audit/GATE0_CORRECTIVE_COHORT_REVIEW_2026-09-30.json
src/quant_platform/orchestration/corrective_phase00_diagnostics.py,False,True,0,,,CHANGED,18486fb5c800a8397c947271fc2fc92002689bb4d748c953b0b74c333adfb50c,f0cbb50d4e820570b70f3da9a3ffd91a97a9aec52876c51a8f34a89e9b6470ff,f0cbb50d4e820570b70f3da9a3ffd91a97a9aec52876c51a8f34a89e9b6470ff,REVIEWED_CORRECTIVE_COHORT_DEFERRED_NO_PORT,Full runtime replacement requires absent active imports/symbols listed here; retain current active contract pending dependency-complete integration.,audit/GATE0_CORRECTIVE_COHORT_REVIEW_2026-09-30.json
src/quant_platform/orchestration/corrective_program.py,True,True,2,40202d140a51b9103e083933999ed57e68d08f0b5233171d21952839b04d85c5;a59a448d3dcaf5bc3c1a5aac87ec7c4351febb519b9b9271857554ffee0e3b1a,forensic_b;visual_recovery,CHANGED,83557e34e13e0486aec24b7f90f47f3f6ae7d0f73e6dbd2e1ce294daaa75f105,9bf6f8f3f6c216f5d930cfe34d765ac97fa0077ba3ff9d1a8c33c786b0785046,9bf6f8f3f6c216f5d930cfe34d765ac97fa0077ba3ff9d1a8c33c786b0785046,REVIEWED_CORRECTIVE_COHORT_DEFERRED_NO_PORT,Full runtime replacement requires absent active imports/symbols listed here; retain current active contract pending dependency-complete integration. Historical variant: Forensic_b changes many gate bool conversions but drops active atomic/staged publication and exact current program checks. Revisit any parsing change by callsite with tests. Additional frozen variant 40202d140a51b9103e083933999ed57e68d08f0b5233171d21952839b04d85c5: Variant writes checkpoint Markdown directly and replaces governed CSV/JSON promotion with Path.replace. Retain selected active source.,audit/GATE0_CORRECTIVE_COHORT_REVIEW_2026-09-30.json; audit/GATE0_CORRECTIVE_HISTORICAL_VARIANTS_SUPPLEMENT_2026-09-30.json; audit/GATE0_EXTENDED_VARIANT_GAP_2026-09-30.json; audit/GATE0_CORRECTIVE_EXTENDED_VARIANT_RECONCILIATION_2026-09-30.json
src/quant_platform/orchestration/corrective_publication_registry.py,False,True,0,,,CHANGED,cfaa041821a1059f71239cadc84a759dbe2344f5318492bc9ade0cd789bb2d35,8999332417fb9846142c7e1c34c7e4eb16f9dcccb7a62ea720afe97716d7995e,8999332417fb9846142c7e1c34c7e4eb16f9dcccb7a62ea720afe97716d7995e,REVIEWED_CORRECTIVE_COHORT_DEFERRED_NO_PORT,Runtime scanner expands native rename detection but drops active macOS AppleDouble filtering; do not overwrite active registry wholesale.,audit/GATE0_CORRECTIVE_COHORT_REVIEW_2026-09-30.json
src/quant_platform/orchestration/corrective_redaction.py,False,True,0,,,CHANGED,a58a01b38ebc49a3e088bfb3f907daf475a57271ab5c43f7cf0b813b4fb7b3e2,e308d464dc0ad909a0cffdab0556eb8b7a90d2dae7d2b39810616aeeea1368ef,e308d464dc0ad909a0cffdab0556eb8b7a90d2dae7d2b39810616aeeea1368ef,REVIEWED_CORRECTIVE_COHORT_DEFERRED_NO_PORT,Runtime 303-line streaming secret scanner changes classification and overflow behavior for all evidence writers; defer until focused compatibility/performance review. Existing narrow redaction fix remains active.,audit/GATE0_CORRECTIVE_COHORT_REVIEW_2026-09-30.json
src/quant_platform/orchestration/corrective_registered_learning.py,True,False,2,8578378273e51e5c930cf1d6a5a57b9be8e09d1605e4742de313270791d9dede;e8faa9e8abce28a1ce22ce553c76067f6423fa012dae008dd50db5412757aa0e,forensic_b;visual_recovery,,,,,REVIEWED_ACTIVE_RUNTIME_BYTE_IDENTICAL_RETAIN,Active and preserved runtime bytes are identical; no source port required. Historical variant: Forensic_b emits raw exception messages and uses Path.replace instead of active redaction and staged promotion; strict_bool gate parsing is a separate possible focused review. Additional frozen variant 8578378273e51e5c930cf1d6a5a57b9be8e09d1605e4742de313270791d9dede: Variant trusts runner acceptance without requiring recomputed RL acceptance and persists raw validation/error text. Retain selected active source.,audit/GATE0_CORRECTIVE_COHORT_REVIEW_2026-09-30.json; audit/GATE0_CORRECTIVE_HISTORICAL_VARIANTS_SUPPLEMENT_2026-09-30.json; audit/GATE0_EXTENDED_VARIANT_GAP_2026-09-30.json; audit/GATE0_CORRECTIVE_EXTENDED_VARIANT_RECONCILIATION_2026-09-30.json
src/quant_platform/orchestration/corrective_registered_learning_protocol.py,True,False,1,b569e62c1e06ab50dd23a000edf88c190527d4cff87ef24be36cf7d8e19039ea,forensic_b;visual_recovery,,,,,REVIEWED_ACTIVE_RETAIN_HISTORICAL_NO_PORT,"Historical protocol uses a local exclusive-write sequence; selected source centralizes immutable bytes and staged promotion, retaining collision protection. Four-root freeze and source_candidate equal selected active bytes; preserve visual/forensic bytes with no source port.",audit/GATE0_UNION_OMISSION_GAP_2026-09-30.json; audit/GATE0_ORCHESTRATION_UNION_OMISSION33_2026-09-30.json; audit/GATE0_ORCHESTRATION_UNION_OMISSION33_2026-09-30.md; audit/verify_gate0_orchestration_omission33.py
src/quant_platform/orchestration/corrective_registered_rerun.py,True,False,1,f86ee3080218032934be11a523a256d9ba13ce220ff1d609d15d4e197c50dfb5,forensic_b;visual_recovery,,,,,REVIEWED_ATOMIC_PUBLICATION_RETAIN_VISUAL_NO_PORT,Historical rerun matrix and receipts use Path.replace; selected source promotes staged files. Four-root freeze and source_candidate equal selected active bytes; preserve visual/forensic bytes with no source port.,audit/GATE0_UNION_OMISSION_GAP_2026-09-30.json; audit/GATE0_ORCHESTRATION_UNION_OMISSION33_2026-09-30.json; audit/GATE0_ORCHESTRATION_UNION_OMISSION33_2026-09-30.md; audit/verify_gate0_orchestration_omission33.py
src/quant_platform/orchestration/corrective_registered_rerun_executor.py,True,True,2,263e059b0dc6897dde037688afae87285a8c0b0d19d474e997ae8883a839382b;68beae273ba6dc697f1780deae61e1255c79f6ba28011ac0d7c085bdb336e63e,forensic_b;visual_recovery,CHANGED,a20b38253f6d6e4a0e3735c1e4c95b7f9a66bc66fd83bbfcc93e78301ef37885,bc0d01a52db7aa847bfd6e38284fe10f5c0b92f882eb41fd3e893d03e587bc47,bc0d01a52db7aa847bfd6e38284fe10f5c0b92f882eb41fd3e893d03e587bc47,REVIEWED_ACTIVE_RETAIN_CANDIDATE_DEFERRED_NO_PORT,"The forensic variant bypasses guarded file/directory publication and safe exception redaction, and imports strict_bool absent from current runtime_types. The LocalRuntime candidate adds immutable=False to directory promotion, requiring a coordinated corrective_runtime API change. Retain the active guarded implementation in Gate 0; defer mutable-workspace semantics until that contract is reviewed. Forty-nine active rerun tests passed. Additional frozen variant 68beae273ba6dc697f1780deae61e1255c79f6ba28011ac0d7c085bdb336e63e: Variant removes coded research-authority violation, uses raw errors and copy2/Path.replace rather than governed atomic file and directory publication. Retain selected active source.",audit/GATE0_REGISTERED_RERUN_DECISION_2026-09-30.json; exact forensic/runtime hashes; active runtime signature; focused JUnit; audit/GATE0_EXTENDED_VARIANT_GAP_2026-09-30.json; audit/GATE0_CORRECTIVE_EXTENDED_VARIANT_RECONCILIATION_2026-09-30.json
src/quant_platform/orchestration/corrective_release_gates.py,True,True,2,2d54020088cbdc38b8693ba957e342b42d1e6359d37d8da4120487cb78b010d1;63461d7fa93d182bf5cd5c338fb92e943ac112df1e58163fa90404f853020231,forensic_b;visual_recovery,CHANGED,429197618a9c5f646f8c19d1f837eedff2907e89f02aa6396dc1d850e2852219,7f0fa2ddc85b458e45070d8c58dfb261cf8233d10a929ccdd72da724e980c669,7f0fa2ddc85b458e45070d8c58dfb261cf8233d10a929ccdd72da724e980c669,REVIEWED_CORRECTIVE_COHORT_DEFERRED_NO_PORT,Full runtime replacement requires absent active imports/symbols listed here; retain current active contract pending dependency-complete integration. Historical variant: Forensic_b uses direct writes/directory rename and raw exception text instead of active atomic promotion/redaction across release evidence; no wholesale port. Additional frozen variant 2d54020088cbdc38b8693ba957e342b42d1e6359d37d8da4120487cb78b010d1: Variant replaces governed archive and checkpoint publication with direct writes/rename and persists raw validation errors. Retain selected active source.,audit/GATE0_CORRECTIVE_COHORT_REVIEW_2026-09-30.json; audit/GATE0_CORRECTIVE_HISTORICAL_VARIANTS_SUPPLEMENT_2026-09-30.json; audit/GATE0_EXTENDED_VARIANT_GAP_2026-09-30.json; audit/GATE0_CORRECTIVE_EXTENDED_VARIANT_RECONCILIATION_2026-09-30.json
src/quant_platform/orchestration/corrective_runtime.py,False,True,1,686a06b6916207d018f34cb9d0eef5e9e487975736266653e0f66b95d98bc5ac,forensic_b;visual_recovery,CHANGED,6b1376de31b3cdf225eaee504eaad749c4b3e999a1edfc1a9576fcca62a042b9,494fcdb5b12029126382b6dfcd392b711565119a80daf3d34e2d80d2294f8936,494fcdb5b12029126382b6dfcd392b711565119a80daf3d34e2d80d2294f8936,REVIEWED_CORRECTIVE_COHORT_DEFERRED_NO_PORT,"Runtime scheduler contract adds directory publication, collection distribution and new redaction helpers absent active; do not change launch identity independently. Additional frozen variant 686a06b6916207d018f34cb9d0eef5e9e487975736266653e0f66b95d98bc5ac: Variant lacks scheduler capability and runtime contract binding and the governed atomic writer's lease/target checks. Retain selected active source.",audit/GATE0_CORRECTIVE_COHORT_REVIEW_2026-09-30.json; audit/GATE0_EXTENDED_VARIANT_GAP_2026-09-30.json; audit/GATE0_CORRECTIVE_EXTENDED_VARIANT_RECONCILIATION_2026-09-30.json
src/quant_platform/orchestration/corrective_scheduler_bootstrap.py,False,True,0,,,CHANGED,5c481135b93b07c875400ddbdc7e7941da19745768b0cac4c0b53a8f609ebda2,1ac19e701497b4b84f8df64676497ee8d466d784e4d319265c4db919dec51e0d,1ac19e701497b4b84f8df64676497ee8d466d784e4d319265c4db919dec51e0d,REVIEWED_CORRECTIVE_COHORT_DEFERRED_NO_PORT,Full runtime replacement requires absent active imports/symbols listed here; retain current active contract pending dependency-complete integration.,audit/GATE0_CORRECTIVE_COHORT_REVIEW_2026-09-30.json
src/quant_platform/orchestration/corrective_scheduler_lock.py,True,True,1,d3c2dc0d068f8a26ad08bb1eb955a971729130a7c5ebec437ff153e8e3111e6f,forensic_a;forensic_b;visual_recovery;workspace_outer,CHANGED,cbef6e90ea37170d6933b87c7f469aa1d9f7306ef7afc05934dd1cd6f597aedd,3ea56f7571c6b605b2ce1eacf29dd0164a768fb1063c0ef4673afdaa1c936ef5,3ea56f7571c6b605b2ce1eacf29dd0164a768fb1063c0ef4673afdaa1c936ef5,REVIEWED_CORRECTIVE_COHORT_DEFERRED_NO_PORT,"Runtime adds worker capabilities and exact-directory leases across 3,411 lines, with absent admission, checkpoint, trusted-artifact and release dependencies; no isolated lock port. Historical variant: Four historical roots hold an older lock variant missing active governed evidence and scheduler-terminal publication authority machinery.",audit/GATE0_CORRECTIVE_COHORT_REVIEW_2026-09-30.json; audit/GATE0_CORRECTIVE_HISTORICAL_VARIANTS_SUPPLEMENT_2026-09-30.json
src/quant_platform/orchestration/corrective_scheduler_runtime_readiness.py,False,True,1,9df1187d00958c69379e8be45d7cd7e2b9145c65825533c449e158765601a50e,forensic_b;visual_recovery,CHANGED,328385d6443d1b5d5a2621f8681ddc25a09a62b23ebc3658505daa2a800e1e9b,a79b3977a828302216356e026fab41b3ea88834075a8e4b044479032f65cd2b8,a79b3977a828302216356e026fab41b3ea88834075a8e4b044479032f65cd2b8,REVIEWED_CORRECTIVE_COHORT_DEFERRED_NO_PORT,"Runtime imports absent scheduler_terminal_paths.terminal_path; retain active terminal pointer contract. Additional frozen variant 9df1187d00958c69379e8be45d7cd7e2b9145c65825533c449e158765601a50e: Variant omits fresh terminal PASS identity, interpreter/dependency probe and log redaction checks from readiness. Retain selected active source.",audit/GATE0_CORRECTIVE_COHORT_REVIEW_2026-09-30.json; audit/GATE0_EXTENDED_VARIANT_GAP_2026-09-30.json; audit/GATE0_CORRECTIVE_EXTENDED_VARIANT_RECONCILIATION_2026-09-30.json
src/quant_platform/orchestration/corrective_scheduler_supervisor.py,True,True,1,b3eac1412bbad0cb2d9f74549eeda71eb335e13e2904cbe602c4f58e8ed1fac7,source_candidate,CHANGED,f3bd9f22bf4a1858b7a2d737fd6d537a22ca0e1338bdfef4dceb343773a31cd4,625201d4c8b69d54b1c2e83351792bb21fb5dd757be5e57f879ef80cb866fa58,625201d4c8b69d54b1c2e83351792bb21fb5dd757be5e57f879ef80cb866fa58,REVIEWED_EXISTING_SELECTIVE_PORT_REMAINDER_DEFERRED_NO_PORT,Previously ported v23 fail-closed abandoned-run change remains active; full runtime supervisor depends on absent collection owner/admission and v6 authority seams. Historical variant: Source-candidate variant rechecks collection startup/admission against a fresh wall clock rather than the admitted started instant; this can cross the slot boundary. Existing active v23 abandoned-run absence-proof guard remains authoritative.,audit/GATE0_CORRECTIVE_COHORT_REVIEW_2026-09-30.json; audit/GATE0_CORRECTIVE_HISTORICAL_VARIANTS_SUPPLEMENT_2026-09-30.json
src/quant_platform/orchestration/corrective_scheduler_terminal.py,False,True,0,,,CHANGED,e20f69e3229e94c1615da9bdce6ca1078f289179f86b010008517a43e2b76403,34e313a53f87928f747bbe35e0126e9d3105b75273503d3a12dae682a916e2a4,34e313a53f87928f747bbe35e0126e9d3105b75273503d3a12dae682a916e2a4,REVIEWED_CORRECTIVE_COHORT_DEFERRED_NO_PORT,Full runtime replacement requires absent active imports/symbols listed here; retain current active contract pending dependency-complete integration.,audit/GATE0_CORRECTIVE_COHORT_REVIEW_2026-09-30.json
src/quant_platform/orchestration/corrective_stage4_handoff_readiness.py,True,False,1,5579fefd458e85a64fb159683dd22fdbef0aac50ff1534f353b5a6a7aaa5af0c,forensic_b;visual_recovery,,,,,REVIEWED_ATOMIC_PUBLICATION_RETAIN_VISUAL_NO_PORT,Historical handoff readiness receipts use Path.replace; selected source promotes staged files. Four-root freeze and source_candidate equal selected active bytes; preserve visual/forensic bytes with no source port.,audit/GATE0_UNION_OMISSION_GAP_2026-09-30.json; audit/GATE0_ORCHESTRATION_UNION_OMISSION33_2026-09-30.json; audit/GATE0_ORCHESTRATION_UNION_OMISSION33_2026-09-30.md; audit/verify_gate0_orchestration_omission33.py
src/quant_platform/orchestration/corrective_statistical_remediation.py,True,False,1,881ed537831d427d155dad9302f8fa206e968436fd9e733dd254370b4d191889,forensic_b;visual_recovery,,,,,REVIEWED_ATOMIC_PUBLICATION_RETAIN_VISUAL_NO_PORT,Historical remediation summaries use direct writes and Path.replace; selected source uses atomic text and staged promotion. Four-root freeze and source_candidate equal selected active bytes; preserve visual/forensic bytes with no source port.,audit/GATE0_UNION_OMISSION_GAP_2026-09-30.json; audit/GATE0_ORCHESTRATION_UNION_OMISSION33_2026-09-30.json; audit/GATE0_ORCHESTRATION_UNION_OMISSION33_2026-09-30.md; audit/verify_gate0_orchestration_omission33.py
src/quant_platform/orchestration/corrective_testnet_cohort_readiness.py,True,False,1,156748876c46b67920adc9363abd123e270d7ae87a70b48f723a54ffa0632485,forensic_b;visual_recovery,,,,,REVIEWED_ATOMIC_PUBLICATION_RETAIN_VISUAL_NO_PORT,Historical testnet cohort receipts use Path.replace; selected source promotes staged files. Four-root freeze and source_candidate equal selected active bytes; preserve visual/forensic bytes with no source port.,audit/GATE0_UNION_OMISSION_GAP_2026-09-30.json; audit/GATE0_ORCHESTRATION_UNION_OMISSION33_2026-09-30.json; audit/GATE0_ORCHESTRATION_UNION_OMISSION33_2026-09-30.md; audit/verify_gate0_orchestration_omission33.py
src/quant_platform/orchestration/corrective_testnet_collateral_transfer.py,True,False,1,763139a9baeb90de83655d8dedd01fe0ea925a32a2be20692cfc6198f568e5cd,forensic_b;visual_recovery,,,,,REVIEWED_ACTIVE_RETAIN_HISTORICAL_NO_PORT,Historical execution can reach keychain and exchange transfer without consumed order-effect authority. Selected source requires and claims an exact account-mutation authorization and uses immutable receipts. Four-root freeze and source_candidate equal selected active bytes; preserve visual/forensic bytes with no source port.,audit/GATE0_UNION_OMISSION_GAP_2026-09-30.json; audit/GATE0_ORCHESTRATION_UNION_OMISSION33_2026-09-30.json; audit/GATE0_ORCHESTRATION_UNION_OMISSION33_2026-09-30.md; audit/verify_gate0_orchestration_omission33.py
src/quant_platform/orchestration/corrective_testnet_pair_execution.py,True,True,2,400ed29936fee0724c31aa44bd43557ed90fb3a6985e41a2792c47282b89f91b;853400fcd7c67034667e4ccd66718cf427a5ccd8e121c394fd342c721c3b98f8,forensic_b;visual_recovery,CHANGED,13f1ab46b266d3bd7a1faff74e251712a06414f974ec5e7771fdad2fc32c760b,a658141366e164ae0fda2b5dec09a1e537b52eee53624b08f4dfd428fd773c6a,a658141366e164ae0fda2b5dec09a1e537b52eee53624b08f4dfd428fd773c6a,REVIEWED_CORRECTIVE_COHORT_DEFERRED_NO_PORT,"Runtime adds executor-method integrity and owned HTTP path; active execution lacks _hyperliquid_executor_methods_intact and active Hyperliquid gateway lacks timeout_seconds. Historical variant: Forensic_b drops active executor type rejection and staged promotion in the Testnet action path; strict_bool result parsing does not justify source replacement. Additional frozen variant 853400fcd7c67034667e4ccd66718cf427a5ccd8e121c394fd342c721c3b98f8: Variant allows substitute pair executor and raw testnet info requests, and uses direct exclusive writes. Retain selected active source.",audit/GATE0_CORRECTIVE_COHORT_REVIEW_2026-09-30.json; audit/GATE0_CORRECTIVE_HISTORICAL_VARIANTS_SUPPLEMENT_2026-09-30.json; audit/GATE0_EXTENDED_VARIANT_GAP_2026-09-30.json; audit/GATE0_CORRECTIVE_EXTENDED_VARIANT_RECONCILIATION_2026-09-30.json
src/quant_platform/orchestration/corrective_trusted_artifact.py,False,True,0,,,RUNTIME_ONLY,,a1c0a0ad757afb0112565d8a2bb1fc7990c5b9ccbe368bac97fc4573934a67ab,a1c0a0ad757afb0112565d8a2bb1fc7990c5b9ccbe368bac97fc4573934a67ab,REVIEWED_CORRECTIVE_COHORT_DEFERRED_NO_PORT,Runtime-only module has no active direct importer; preserve candidate until a governed consumer and its evidence contract are reviewed.,audit/GATE0_CORRECTIVE_COHORT_REVIEW_2026-09-30.json
src/quant_platform/orchestration/corrective_wizard_api_credit_receipt.py,True,False,1,43b74760fcb38176ceb3d72ba369ec3b7d5e5708a0b72d9fca478a3c5b455731,forensic_b;visual_recovery,,,,,REVIEWED_ACTIVE_RETAIN_HISTORICAL_NO_PORT,"Historical receipt loads the full .env.local and includes raw exception text; selected source loads only the Wizard API key, redacts errors, and promotes staged output. Four-root freeze and source_candidate equal selected active bytes; preserve visual/forensic bytes with no source port.",audit/GATE0_UNION_OMISSION_GAP_2026-09-30.json; audit/GATE0_ORCHESTRATION_UNION_OMISSION33_2026-09-30.json; audit/GATE0_ORCHESTRATION_UNION_OMISSION33_2026-09-30.md; audit/verify_gate0_orchestration_omission33.py
src/quant_platform/orchestration/corrective_wizard_browser_auth.py,False,True,1,bb95cfe0d129c36fec6e7313ffd969b301e931ba4f1b7f9aeab1ba55caa7d915,forensic_b;visual_recovery,CHANGED,f1a17d291181d675ab772c0b1acb4df1419172f93f2ef6f7b1404c8bdb8117aa,62733fadc7b5dc90492768cd574b025373fd99bf4d035a412c5d032131b5b468,62733fadc7b5dc90492768cd574b025373fd99bf4d035a412c5d032131b5b468,REVIEWED_NARROW_BROWSER_AUTH_GUARD_PORT_REMAINDER_DEFERRED,"Port only the two validator checks that bind max_age_hours to (0,168] and required_route_kinds to the canonical two-route list; defer runtime reader abstraction. Additional frozen variant bb95cfe0d129c36fec6e7313ffd969b301e931ba4f1b7f9aeab1ba55caa7d915: Variant drops bounded receipt age and exact independent route-kind validation and bypasses governed publication. Retain selected active source.",audit/GATE0_CORRECTIVE_COHORT_REVIEW_2026-09-30.json; audit/GATE0_EXTENDED_VARIANT_GAP_2026-09-30.json; audit/GATE0_CORRECTIVE_EXTENDED_VARIANT_RECONCILIATION_2026-09-30.json
src/quant_platform/orchestration/corrective_wizard_capture_manifest.py,True,False,1,7d484dfe0af761b3e671bcb74afb2d17630de02b69ce758ee667d7369f35da77,forensic_b;visual_recovery,,,,,REVIEWED_ACTIVE_RETAIN_HISTORICAL_NO_PORT,"Historical capture manifest has bespoke immutable writes and raw exception text; selected source uses shared immutable bytes, staged promotion, and redacted blockers. Four-root freeze and source_candidate equal selected active bytes; preserve visual/forensic bytes with no source port.",audit/GATE0_UNION_OMISSION_GAP_2026-09-30.json; audit/GATE0_ORCHESTRATION_UNION_OMISSION33_2026-09-30.json; audit/GATE0_ORCHESTRATION_UNION_OMISSION33_2026-09-30.md; audit/verify_gate0_orchestration_omission33.py
src/quant_platform/orchestration/corrective_wizard_capture_reconciliation.py,True,False,1,175030976a734825cf8c55a905b5e2d870aed0a0467ffd2afe4f5c8a6141850e,forensic_b;visual_recovery,,,,,REVIEWED_ACTIVE_RETAIN_HISTORICAL_NO_PORT,Historical reconciliation has bespoke JSON link/write logic and raw exception text; selected source uses shared immutable JSON and redacted blockers. Four-root freeze and source_candidate equal selected active bytes; preserve visual/forensic bytes with no source port.,audit/GATE0_UNION_OMISSION_GAP_2026-09-30.json; audit/GATE0_ORCHESTRATION_UNION_OMISSION33_2026-09-30.json; audit/GATE0_ORCHESTRATION_UNION_OMISSION33_2026-09-30.md; audit/verify_gate0_orchestration_omission33.py
src/quant_platform/orchestration/corrective_wizard_comparator_review_control.py,True,False,2,0f75e57f5f6e00278d64bb6f10f51811f4c71c855c67ec24cf79ab6f7de40a71;5946983b4ab5a9e88eaa7895468513efb4ed0094cbaa12a1db3d4db7d49ad9ec,forensic_b;visual_recovery,,,,,REVIEWED_ACTIVE_RUNTIME_BYTE_IDENTICAL_RETAIN,Active and preserved runtime bytes are identical; no source port required. Historical variant: Forensic_b hardcodes .venv312/bin/python and uses Path.replace; active derives the scheduler interpreter and uses guarded promotion. Additional frozen variant 5946983b4ab5a9e88eaa7895468513efb4ed0094cbaa12a1db3d4db7d49ad9ec: Variant emits a stale .venv312 command and replaces governed review artifact publication with Path.replace. Retain selected active source.,audit/GATE0_CORRECTIVE_COHORT_REVIEW_2026-09-30.json; audit/GATE0_CORRECTIVE_HISTORICAL_VARIANTS_SUPPLEMENT_2026-09-30.json; audit/GATE0_EXTENDED_VARIANT_GAP_2026-09-30.json; audit/GATE0_CORRECTIVE_EXTENDED_VARIANT_RECONCILIATION_2026-09-30.json
src/quant_platform/orchestration/corrective_wizard_copula_behavioral.py,True,False,1,cfe89322867090a86440d7983fe2b1ae21f1f1e0ffcad2e2e3d1899107b97140,forensic_b;visual_recovery,,,,,REVIEWED_ACTIVE_RETAIN_HISTORICAL_NO_PORT,Historical copula path resolves the Wizard key during dry run and uses bespoke direct writes/raw exception text; selected source gates key access on execute and uses immutable publication/redaction. Four-root freeze and source_candidate equal selected active bytes; preserve visual/forensic bytes with no source port.,audit/GATE0_UNION_OMISSION_GAP_2026-09-30.json; audit/GATE0_ORCHESTRATION_UNION_OMISSION33_2026-09-30.json; audit/GATE0_ORCHESTRATION_UNION_OMISSION33_2026-09-30.md; audit/verify_gate0_orchestration_omission33.py
src/quant_platform/orchestration/corrective_wizard_copula_supersession.py,False,True,0,,,RUNTIME_ONLY,,6e33edf658b1cc4cb45c3374cab7f9cec5bbf4c4331943f1210cddf31ee23b4d,6e33edf658b1cc4cb45c3374cab7f9cec5bbf4c4331943f1210cddf31ee23b4d,REVIEWED_CORRECTIVE_COHORT_DEFERRED_NO_PORT,Full runtime replacement requires absent active imports/symbols listed here; retain current active contract pending dependency-complete integration.,audit/GATE0_CORRECTIVE_COHORT_REVIEW_2026-09-30.json
src/quant_platform/orchestration/corrective_wizard_dynamic_holdout.py,True,False,2,48202bc3041e2473cc228301a9cbb9a03b1e3c7e4e05aa58dd18cdf33a2df46d;6395b2f5204e7d471a4dfb0aef584c49b7c1723fd6c63cf59324c29cb5ed3031,forensic_b;visual_recovery,,,,,REVIEWED_ACTIVE_RUNTIME_BYTE_IDENTICAL_RETAIN,Active and preserved runtime bytes are identical; no source port required. Historical variant: Forensic_b writes its evidence directly and uses Path.replace instead of active atomic/staged helpers; strict_bool log flag needs isolated evaluation. Additional frozen variant 48202bc3041e2473cc228301a9cbb9a03b1e3c7e4e05aa58dd18cdf33a2df46d: Variant replaces governed staged and immutable JSON publication with Path.replace/direct write. Retain selected active source.,audit/GATE0_CORRECTIVE_COHORT_REVIEW_2026-09-30.json; audit/GATE0_CORRECTIVE_HISTORICAL_VARIANTS_SUPPLEMENT_2026-09-30.json; audit/GATE0_EXTENDED_VARIANT_GAP_2026-09-30.json; audit/GATE0_CORRECTIVE_EXTENDED_VARIANT_RECONCILIATION_2026-09-30.json
src/quant_platform/orchestration/corrective_wizard_dynamic_supreme_review.py,True,False,1,dff1493c12bbc2abda3925b90cafaebbb456508efd1c67fcbb43aa80a2fd8497,forensic_b;visual_recovery,,,,,REVIEWED_ATOMIC_PUBLICATION_RETAIN_VISUAL_NO_PORT,Historical review writes text directly and replaces a staged file; selected source uses atomic text and staged promotion. Four-root freeze and source_candidate equal selected active bytes; preserve visual/forensic bytes with no source port.,audit/GATE0_UNION_OMISSION_GAP_2026-09-30.json; audit/GATE0_ORCHESTRATION_UNION_OMISSION33_2026-09-30.json; audit/GATE0_ORCHESTRATION_UNION_OMISSION33_2026-09-30.md; audit/verify_gate0_orchestration_omission33.py
src/quant_platform/orchestration/corrective_wizard_ou_holdout.py,True,False,2,1492cb24e049db15447d66db1a89739a22ccb9af304b15fb070b3398c1a4b7c8;f887fe864804128ee34e6241102022055f5f9e5420ee8fdc192a2829330a7584,forensic_b;visual_recovery,,,,,REVIEWED_ACTIVE_RUNTIME_BYTE_IDENTICAL_RETAIN,"Active and preserved runtime bytes are identical; no source port required. Historical variant: Forensic_b reads the Wizard API key even when execute is false, emits raw exception messages, and uses direct writes; retain active dry-run credential and redaction boundaries. Additional frozen variant f887fe864804128ee34e6241102022055f5f9e5420ee8fdc192a2829330a7584: Variant reads environment key during nonexecute paths, logs raw provider errors and writes selector evidence directly; its custom immutable link is redundant. Retain selected active source.",audit/GATE0_CORRECTIVE_COHORT_REVIEW_2026-09-30.json; audit/GATE0_CORRECTIVE_HISTORICAL_VARIANTS_SUPPLEMENT_2026-09-30.json; audit/GATE0_EXTENDED_VARIANT_GAP_2026-09-30.json; audit/GATE0_CORRECTIVE_EXTENDED_VARIANT_RECONCILIATION_2026-09-30.json
src/quant_platform/orchestration/corrective_wizard_ou_v4_failure_attribution.py,True,False,1,af7b894ab1c75c3869c26e38eca67efd241ad0d429e7a84a7b6daa6bfd24b430,forensic_b;visual_recovery,,,,,REVIEWED_ATOMIC_PUBLICATION_RETAIN_VISUAL_NO_PORT,Historical failure receipt uses Path.replace; selected source promotes the staged file. Four-root freeze and source_candidate equal selected active bytes; preserve visual/forensic bytes with no source port.,audit/GATE0_UNION_OMISSION_GAP_2026-09-30.json; audit/GATE0_ORCHESTRATION_UNION_OMISSION33_2026-09-30.json; audit/GATE0_ORCHESTRATION_UNION_OMISSION33_2026-09-30.md; audit/verify_gate0_orchestration_omission33.py
src/quant_platform/orchestration/corrective_wizard_ou_v4_holdout.py,True,False,2,2079c38b2b32842dbc00cdc64a66c85a22200058d478aa53c2ee90ea5cde9b4c;8b9e64b2720b31dbaab1a2bcbf80ef5f9bda64aad75aa5cb0255c82270b52ffc,forensic_b;visual_recovery,,,,,REVIEWED_ACTIVE_RUNTIME_BYTE_IDENTICAL_RETAIN,Active and preserved runtime bytes are identical; no source port required. Historical variant: Forensic_b reads the Wizard API key during non-execution and emits raw vendor/intent exception text; retain active guarded path. Additional frozen variant 2079c38b2b32842dbc00cdc64a66c85a22200058d478aa53c2ee90ea5cde9b4c: Variant reads environment key during nonexecute paths and persists raw credit/capture errors. Retain selected active source.,audit/GATE0_CORRECTIVE_COHORT_REVIEW_2026-09-30.json; audit/GATE0_CORRECTIVE_HISTORICAL_VARIANTS_SUPPLEMENT_2026-09-30.json; audit/GATE0_EXTENDED_VARIANT_GAP_2026-09-30.json; audit/GATE0_CORRECTIVE_EXTENDED_VARIANT_RECONCILIATION_2026-09-30.json
src/quant_platform/orchestration/corrective_wizard_ou_v4_supreme_review.py,True,False,1,05eb88f5dc80634e643f5a34d5a4633672fda3691b426b1f82134e1471aabe7c,forensic_b;visual_recovery,,,,,REVIEWED_ATOMIC_PUBLICATION_RETAIN_VISUAL_NO_PORT,Historical supreme review uses direct text and Path.replace; selected source uses atomic text and staged promotion. Four-root freeze and source_candidate equal selected active bytes; preserve visual/forensic bytes with no source port.,audit/GATE0_UNION_OMISSION_GAP_2026-09-30.json; audit/GATE0_ORCHESTRATION_UNION_OMISSION33_2026-09-30.json; audit/GATE0_ORCHESTRATION_UNION_OMISSION33_2026-09-30.md; audit/verify_gate0_orchestration_omission33.py
src/quant_platform/orchestration/corrective_wizard_ou_v5_failure_attribution.py,True,False,1,28988952519159c8d2803589831a04517b5d462deef61816f07658ea5f6efa63,forensic_b;visual_recovery,,,,,REVIEWED_ATOMIC_PUBLICATION_RETAIN_VISUAL_NO_PORT,Historical failure receipt uses Path.replace; selected source promotes the staged file. Four-root freeze and source_candidate equal selected active bytes; preserve visual/forensic bytes with no source port.,audit/GATE0_UNION_OMISSION_GAP_2026-09-30.json; audit/GATE0_ORCHESTRATION_UNION_OMISSION33_2026-09-30.json; audit/GATE0_ORCHESTRATION_UNION_OMISSION33_2026-09-30.md; audit/verify_gate0_orchestration_omission33.py
src/quant_platform/orchestration/corrective_wizard_ou_v5_holdout.py,True,False,2,b92611ab493c8dc0e7319e0379654b621894001bb33553574e7c27d5e9d4d692;f7e197fd4daa889635ea71822e50287e899a61eb50223ea08802a0dc04e77799,forensic_b;visual_recovery,,,,,REVIEWED_ACTIVE_RUNTIME_BYTE_IDENTICAL_RETAIN,Active and preserved runtime bytes are identical; no source port required. Historical variant: Forensic_b reads the Wizard API key during non-execution and emits raw vendor/intent exception text; retain active guarded path. Additional frozen variant b92611ab493c8dc0e7319e0379654b621894001bb33553574e7c27d5e9d4d692: Variant reads environment key during nonexecute paths and persists raw credit/capture/registration errors. Retain selected active source.,audit/GATE0_CORRECTIVE_COHORT_REVIEW_2026-09-30.json; audit/GATE0_CORRECTIVE_HISTORICAL_VARIANTS_SUPPLEMENT_2026-09-30.json; audit/GATE0_EXTENDED_VARIANT_GAP_2026-09-30.json; audit/GATE0_CORRECTIVE_EXTENDED_VARIANT_RECONCILIATION_2026-09-30.json
src/quant_platform/orchestration/corrective_wizard_ou_v5_supreme_review.py,True,False,1,65317e5886415f1c6a28f147159028809f2014bf6cc47b01779b19b70f151cc5,forensic_b;visual_recovery,,,,,REVIEWED_ATOMIC_PUBLICATION_RETAIN_VISUAL_NO_PORT,Historical supreme review uses direct text and Path.replace; selected source uses atomic text and staged promotion. Four-root freeze and source_candidate equal selected active bytes; preserve visual/forensic bytes with no source port.,audit/GATE0_UNION_OMISSION_GAP_2026-09-30.json; audit/GATE0_ORCHESTRATION_UNION_OMISSION33_2026-09-30.json; audit/GATE0_ORCHESTRATION_UNION_OMISSION33_2026-09-30.md; audit/verify_gate0_orchestration_omission33.py
src/quant_platform/orchestration/corrective_wizard_ou_v6_holdout.py,True,False,2,1a37b2175c8c0ff6a570523379f6c1dc2933389a755710f7d696bf2dac759e80;8026c5a0b77a9fd6e67426d027f7ab7745665cae675795d39cc2bc1d736d4662,forensic_b;visual_recovery,,,,,REVIEWED_ACTIVE_RUNTIME_BYTE_IDENTICAL_RETAIN,Active and preserved runtime bytes are identical; no source port required. Historical variant: Forensic_b reads the Wizard API key during non-execution and emits raw vendor/intent exception text; retain active guarded path. Additional frozen variant 1a37b2175c8c0ff6a570523379f6c1dc2933389a755710f7d696bf2dac759e80: Variant reads environment key during nonexecute paths and persists raw credit/capture/registration errors. Retain selected active source.,audit/GATE0_CORRECTIVE_COHORT_REVIEW_2026-09-30.json; audit/GATE0_CORRECTIVE_HISTORICAL_VARIANTS_SUPPLEMENT_2026-09-30.json; audit/GATE0_EXTENDED_VARIANT_GAP_2026-09-30.json; audit/GATE0_CORRECTIVE_EXTENDED_VARIANT_RECONCILIATION_2026-09-30.json
src/quant_platform/orchestration/corrective_wizard_ou_v6_supreme_review.py,True,False,1,cf5a3bedd77e7d970b8e650a74ca81ef0de9d9e0a4be58f4439c948561ddc51b,forensic_b;visual_recovery,,,,,REVIEWED_ATOMIC_PUBLICATION_RETAIN_VISUAL_NO_PORT,Historical supreme review uses direct text and Path.replace; selected source uses atomic text and staged promotion. Four-root freeze and source_candidate equal selected active bytes; preserve visual/forensic bytes with no source port.,audit/GATE0_UNION_OMISSION_GAP_2026-09-30.json; audit/GATE0_ORCHESTRATION_UNION_OMISSION33_2026-09-30.json; audit/GATE0_ORCHESTRATION_UNION_OMISSION33_2026-09-30.md; audit/verify_gate0_orchestration_omission33.py
src/quant_platform/orchestration/corrective_wizard_ou_v6_terminal_accounting.py,False,True,0,,,RUNTIME_ONLY,,9564ffbe7a74218d9c96d686aeccfd5f371959d44de1a9a7979566c9e7875f88,9564ffbe7a74218d9c96d686aeccfd5f371959d44de1a9a7979566c9e7875f88,REVIEWED_CORRECTIVE_COHORT_DEFERRED_NO_PORT,Full runtime replacement requires absent active imports/symbols listed here; retain current active contract pending dependency-complete integration.,audit/GATE0_CORRECTIVE_COHORT_REVIEW_2026-09-30.json
src/quant_platform/orchestration/corrective_wizard_ou_v6_terminal_closure.py,True,True,1,6b2db77d8b2db77ed28c26b23510f36364ab1bd612ccf3c873bf0cc73d1c507d,forensic_a;forensic_b;visual_recovery;workspace_outer,CHANGED,ea6949799671fc28a9ab19a43e66605b54a3642a90fa852c99f911e06934bdf7,21f1377a0bb35862a2c691a00f4f30a5b0676af3ed4b8c9a9a7da17f9bc67269,21f1377a0bb35862a2c691a00f4f30a5b0676af3ed4b8c9a9a7da17f9bc67269,REVIEWED_CORRECTIVE_COHORT_DEFERRED_NO_PORT,Full runtime replacement requires absent active imports/symbols listed here; retain current active contract pending dependency-complete integration. Historical variant: Four historical roots use Path.replace where active uses promote_staged_file; retain active atomic publication.,audit/GATE0_CORRECTIVE_COHORT_REVIEW_2026-09-30.json; audit/GATE0_CORRECTIVE_HISTORICAL_VARIANTS_SUPPLEMENT_2026-09-30.json
src/quant_platform/orchestration/corrective_wizard_parity.py,True,False,2,08d97817cb8992c08ccc6aedcd0c897051d20db919deb55cb718132009e93d9b;a2c27e44a6ec14307ed1d0d386455ff09c42bf63e2814f805183ee32b23a1288,forensic_b;visual_recovery,,,,,REVIEWED_ACTIVE_RUNTIME_BYTE_IDENTICAL_RETAIN,"Active and preserved runtime bytes are identical; no source port required. Historical variant: Forensic_b duplicates canonical mode names and uses direct writes/Path.replace; retain active economic contract and atomic/staged publication. Additional frozen variant 08d97817cb8992c08ccc6aedcd0c897051d20db919deb55cb718132009e93d9b: Variant duplicates canonical Wizard mode names locally and writes capture, fixture and fidelity evidence directly. Retain selected active source.",audit/GATE0_CORRECTIVE_COHORT_REVIEW_2026-09-30.json; audit/GATE0_CORRECTIVE_HISTORICAL_VARIANTS_SUPPLEMENT_2026-09-30.json; audit/GATE0_EXTENDED_VARIANT_GAP_2026-09-30.json; audit/GATE0_CORRECTIVE_EXTENDED_VARIANT_RECONCILIATION_2026-09-30.json
src/quant_platform/orchestration/corrective_wizard_proof_launcher.py,True,True,2,6cca2c433996773f9c4034abc68d9b6d32d8e440edf04781a9bef25eb44857bb;bdaaf213088e91e60d82f8dfe0491fd0c3c4358d81091b2da1fb10be8832ba4b,forensic_b;visual_recovery,CHANGED,e9dfbf182f4561b42bf3725ef6316cf7ec09f87f8d1cb5afdd4985299ff8406a,e9dfbf182f4561b42bf3725ef6316cf7ec09f87f8d1cb5afdd4985299ff8406a,be2bdd808ad8d427dcb4681327244de76ccd14d76f70b32c896f8140389f1ce1,REVIEWED_CORRECTIVE_COHORT_DEFERRED_NO_PORT,"Runtime replaces active permitted Wizard credential reader with absent wizard_keychain; defer keychain migration. Historical variant: Forensic_b lacks active supervised issuer/reservation and safe exception handling around the heavy Wizard scheduler; no return to its direct lock/credential route. Additional frozen variant bdaaf213088e91e60d82f8dfe0491fd0c3c4358d81091b2da1fb10be8832ba4b: Variant launches proof outside scheduler supervision, omits authorized unattended preflight and in-process effect issuer, and writes heartbeat without publication lease. Retain selected active source.",audit/GATE0_CORRECTIVE_COHORT_REVIEW_2026-09-30.json; audit/GATE0_CORRECTIVE_HISTORICAL_VARIANTS_SUPPLEMENT_2026-09-30.json; audit/GATE0_EXTENDED_VARIANT_GAP_2026-09-30.json; audit/GATE0_CORRECTIVE_EXTENDED_VARIANT_RECONCILIATION_2026-09-30.json
src/quant_platform/orchestration/corrective_wizard_proof_scheduler.py,True,True,2,3f78c0c156baa883b2f29edac0e4100c108eed757dd46848c9442245fadb0e51;7305b90428e4d3638e6c77ff74f78b63f010962b1d375f39b2ae629dfcd054bc,forensic_b;visual_recovery,CHANGED,8caf2e49f662c40f38252506e1b039898cf5cf8807e71d3994b71bf01dba10eb,c1323cc4d66f7365ec469fdef2e9689ce88c472f360b5b527d337efafb67edbb,b9719636635a1289af3ac6ceae7d89423fa903bbd527208f0a3aff9fdce260e0,REVIEWED_CORRECTIVE_COHORT_DEFERRED_NO_PORT,"Runtime keychain and effect-failure API changes require absent wizard_keychain and mark_current_external_effect_session_failed_zero. Historical variant: Forensic_b lacks active provider issuer/reservation and authorized credential session, and records raw exception text; retain active effect boundary. Additional frozen variant 7305b90428e4d3638e6c77ff74f78b63f010962b1d375f39b2ae629dfcd054bc: Variant removes reserved external-effect session, request ceiling, authorized credential and supervisor; treats a passed credit reservation as spend authority by default. Retain selected active source.",audit/GATE0_CORRECTIVE_COHORT_REVIEW_2026-09-30.json; audit/GATE0_CORRECTIVE_HISTORICAL_VARIANTS_SUPPLEMENT_2026-09-30.json; audit/GATE0_EXTENDED_VARIANT_GAP_2026-09-30.json; audit/GATE0_CORRECTIVE_EXTENDED_VARIANT_RECONCILIATION_2026-09-30.json
src/quant_platform/orchestration/corrective_wizard_reset_readiness.py,True,False,2,3b7c71b3f1a4da5377137dd855dbdcc46d622024635024098d4e71acff45a234;8980c3da7cb7655ddec7e7c8f94f92dd9a62415dfc7be78158b9d3327a6410ea,forensic_b;visual_recovery,,,,,REVIEWED_ACTIVE_RUNTIME_BYTE_IDENTICAL_RETAIN,Active and preserved runtime bytes are identical; no source port required. Historical variant: Forensic_b hardcodes .venv312/bin/python and uses Path.replace; retain active scheduler_python_path and guarded promotion. Additional frozen variant 8980c3da7cb7655ddec7e7c8f94f92dd9a62415dfc7be78158b9d3327a6410ea: Variant hardcodes .venv312 interpreter and replaces governed readiness artifact promotion with Path.replace. Retain selected active source.,audit/GATE0_CORRECTIVE_COHORT_REVIEW_2026-09-30.json; audit/GATE0_CORRECTIVE_HISTORICAL_VARIANTS_SUPPLEMENT_2026-09-30.json; audit/GATE0_EXTENDED_VARIANT_GAP_2026-09-30.json; audit/GATE0_CORRECTIVE_EXTENDED_VARIANT_RECONCILIATION_2026-09-30.json
src/quant_platform/orchestration/corrective_wizard_surface_inventory.py,False,True,1,75cc379ec1972b76a24363a8f4dcaa3cccf4e63103f8c46c0a94eb2024fb4397,forensic_b;visual_recovery,CHANGED,be13dbcc8eecf64a9a28ac8dafe48a4ce3cd046b5d0a18e574ed576172b39723,26a0b9f0bfbbb96730d60d08524e01f4ef9d8e1a77751d64651e0800c1986c58,26a0b9f0bfbbb96730d60d08524e01f4ef9d8e1a77751d64651e0800c1986c58,REVIEWED_ACTIVE_RETAIN_RUNTIME_NO_PORT,"The coherent LocalRuntime candidate omits three recorded inspection gaps and one capture opportunity, reducing its contract/test counts; no matching completion evidence is established by this static source delta. Retain the active 28/21 inventory and six passing current tests for Gate 0; preserve candidate bytes for dashboard evidence review. Additional frozen variant 75cc379ec1972b76a24363a8f4dcaa3cccf4e63103f8c46c0a94eb2024fb4397: Variant replaces governed immutable and mutable publication with a local hard-link implementation and Path.replace; repeat-link collision handling differs. Retain selected active source.",audit/GATE0_DASHBOARD_INVENTORY_DECISION_2026-09-30.json; exact three-file hashes and AST set delta; six targeted tests; audit/GATE0_EXTENDED_VARIANT_GAP_2026-09-30.json; audit/GATE0_CORRECTIVE_EXTENDED_VARIANT_RECONCILIATION_2026-09-30.json
src/quant_platform/orchestration/corrective_wizard_unattended_preflight.py,True,False,1,a1d4b4223074a53bea72be47be0885c90c9a6e5f5ef6ce4047f87aadfdddea78,forensic_b;visual_recovery,,,,,REVIEWED_ACTIVE_RETAIN_HISTORICAL_NO_PORT,"Historical preflight removes the injectable Wizard key path and exposes raw exception strings; selected source preserves injected credential flow, redacted blockers, and staged publication. Four-root freeze and source_candidate equal selected active bytes; preserve visual/forensic bytes with no source port.",audit/GATE0_UNION_OMISSION_GAP_2026-09-30.json; audit/GATE0_ORCHESTRATION_UNION_OMISSION33_2026-09-30.json; audit/GATE0_ORCHESTRATION_UNION_OMISSION33_2026-09-30.md; audit/verify_gate0_orchestration_omission33.py
src/quant_platform/orchestration/current_wizard_collection_display.py,False,True,0,,,RUNTIME_ONLY,,26e72c163f14577dbcd2b09ae57c91fd43adca17227677b0079acf800d066038,26e72c163f14577dbcd2b09ae57c91fd43adca17227677b0079acf800d066038,REVIEWED_ORIGINAL_ORCHESTRATION_RUNTIME_DEPENDENCY_NO_PORT,Runtime-only Stage 19 collection display prepares 21 exact outputs and imports the absent precollection campaign IO stack. No selected caller or collection owner/release path adopts this publisher. Preserve all frozen SHA/copy-root custody; do not whole-file port.,audit/GATE0_ORIGINAL_ORCHESTRATION_PENDING_RECONCILIATION_2026-09-30.json
src/quant_platform/orchestration/current_wizard_hyperliquid_archive.py,True,False,2,d82565e326aa2a2fca6c01f1d62d3bd74b6df0ea434149109a71137a26bbc663;f708378abd9569ae0ccb948d8fec9617b370f4762a9d4669eda9cb201ad183d0,forensic_b;visual_recovery,,,,,REVIEWED_SELECTIVE_PERSISTED_BOOL_PORT,Historical decision SELECTIVE_PORT_READY: Visual and forensic copies use direct writes and os.replace; active has staged atomic promotion. Forensic_b alone adds strict_bool to both copy preflight gates. Port that parser only; keep active copy and receipt machinery.,audit/GATE0_EXTENDED_VARIANT_GAP_2026-09-30.json; audit/GATE0_CURRENT_WIZARD_HYPERLIQUID_COHORT_2026-09-30.json
src/quant_platform/orchestration/current_wizard_hyperliquid_archive_release.py,True,False,1,ded1b879c2d0b81581f76af7aaf3f839a3ddc70fe9a09f08e52079b230712ce6,forensic_b;visual_recovery,,,,,REVIEWED_ATOMIC_PUBLICATION_RETAIN_VISUAL_NO_PORT,Historical release dry-run plan and manifest use direct writes; selected source publishes them atomically. Four-root freeze and source_candidate equal selected active bytes; preserve visual/forensic bytes with no source port.,audit/GATE0_UNION_OMISSION_GAP_2026-09-30.json; audit/GATE0_ORCHESTRATION_UNION_OMISSION33_2026-09-30.json; audit/GATE0_ORCHESTRATION_UNION_OMISSION33_2026-09-30.md; audit/verify_gate0_orchestration_omission33.py
src/quant_platform/orchestration/current_wizard_hyperliquid_cadence.py,True,True,2,59e50230bd43a9a42e98e09127e85b42e84a9a90290bf19da24fcac80b8e360c;f694eac80a6167e4e555446ad75873fa438d448fa3e689d0520890c95bce9977,forensic_b;visual_recovery,CHANGED,0a255f48be7f9472767a5fc235ffd8ac2340cb2bc23af743e0cfe7c10cb8ff04,074a0c18ff528974bdeb5784b26fc4e6329fe95101acc5961b0e7620b279ac80,074a0c18ff528974bdeb5784b26fc4e6329fe95101acc5961b0e7620b279ac80,REVIEWED_LEGACY_HYPERLIQUID_DEPENDENCY_DEFERRED_NO_PORT,Historical decision DEFER_COHERENT_SCHEDULER_PORT: Runtime reorders Hyperliquid inventory before Wizard refresh accounting to preserve immutable input ancestry. Forensic_b tightens persisted authority booleans. Review cadence with runner and refresh contracts together; visual copy loses active atomic writes.,audit/GATE0_EXTENDED_VARIANT_GAP_2026-09-30.json; audit/GATE0_CURRENT_WIZARD_HYPERLIQUID_COHORT_2026-09-30.json
src/quant_platform/orchestration/current_wizard_hyperliquid_completion_audit.py,True,False,2,7041fa0880ac1eadc695773209d71c995196cc044c83943b87cdfb6c56129c33;db8d5cd842667d75b2c730b11ac1ed0597dc38c6d3ed51933b25f2b0e98442ee,forensic_b;visual_recovery,,,,,REVIEWED_SELECTIVE_PERSISTED_BOOL_PORT,Historical decision SELECTIVE_PORT_READY: Visual and forensic copies pin older v1 hard-coded modes. Active v2 uses canonical economic modes. Forensic_b alone parses sweep_complete strictly; port that gate without reverting mode contract.,audit/GATE0_EXTENDED_VARIANT_GAP_2026-09-30.json; audit/GATE0_CURRENT_WIZARD_HYPERLIQUID_COHORT_2026-09-30.json
src/quant_platform/orchestration/current_wizard_hyperliquid_concentration.py,False,True,1,cca3a679bf6381ff79cbcff393fb53df10b8a5fcab5b9fec21aa3f88de469b8e,forensic_b;visual_recovery,CHANGED,85fabe0d72826de1168fc7b1e8d0ca7e7921ccaef49aba391ed527d8ac102528,14e961837eac53fcbc4feddb3430274b8be50dc7718fc36081bcbeb0e58297cd,14e961837eac53fcbc4feddb3430274b8be50dc7718fc36081bcbeb0e58297cd,REVIEWED_LEGACY_HYPERLIQUID_DEPENDENCY_DEFERRED_NO_PORT,"Historical decision DEFER_PREPARED_STAGE: Runtime adds prepared input capture, lease, source revalidation, and publish path. Visual/forensic copy is otherwise active logic without atomic output writes. Reconcile runtime stage as a coherent producer/consumer change.",audit/GATE0_EXTENDED_VARIANT_GAP_2026-09-30.json; audit/GATE0_CURRENT_WIZARD_HYPERLIQUID_COHORT_2026-09-30.json
src/quant_platform/orchestration/current_wizard_hyperliquid_costs.py,True,True,2,017e4b900234d70d07845ac89236039fbd16a96b3ed1b3553caa5cda668f38a7;ccad6a4eb9c41754e478e9cd5465c9c9c559c1071eefb3df950bdd8bcaea9d40,forensic_a;forensic_b;visual_recovery;workspace_outer,CHANGED,fec643b2eedf87b31bbd72771c553a9f271196e253ab56fd62052bea4725facd,e81e682dd626d1edef9210405b4e746afed9eb1555376990bcefe46773c805ec,e81e682dd626d1edef9210405b4e746afed9eb1555376990bcefe46773c805ec,REVIEWED_LEGACY_HYPERLIQUID_DEPENDENCY_DEFERRED_NO_PORT,"Historical decision DEFER_EFFECT_COST_AND_BOOLEAN: Runtime adds prepared cost acquisition, bounded funding, cache and effect/lease accounting. Forensic_b tightens fetch_complete and eligibility booleans; visual copies lose immutable snapshots, atomic publication, and exception redaction. Review budgets and provider authority before a selective port.",audit/GATE0_CURRENT_WIZARD_HYPERLIQUID_COHORT_2026-09-30.json
src/quant_platform/orchestration/current_wizard_hyperliquid_daily_runner.py,True,True,2,05ff4d3a9dd971374e2c0797d614d297a441f25c849111ce6e9a5b72f8fe9013;3c8135bf64ac05eb95bc65e43b77ca10c5f7c9fec01a58e36f30f29fe563c4c7,forensic_b;visual_recovery,CHANGED,0b7f4a4dc4539c03d17210aa048230cd701bd8b5cd90879311703102e9957bfb,2939e1dfc1b2fce05510c67cbaf6a653d9b39f43715a53a1526405460fed1981,9918cdc6345a55aed91b19d31ce194c31120b7018f49221e77d325ed1f392e96,REVIEWED_LEGACY_HYPERLIQUID_DEPENDENCY_DEFERRED_NO_PORT,"Historical decision DEFER_EFFECT_SCHEDULER: Visual/forensic runner uses subprocess execution and older credential flow, missing active bound provider context, credit proof, and Hyperliquid inventory evidence. Runtime adds reserved effects, request budgets, snapshot contract, keychain selector, and precollection handoff. Source_candidate is a separate intermediate hash without runtime Keychain support. Require coherent closure and dry-run tests.",audit/GATE0_EXTENDED_VARIANT_GAP_2026-09-30.json; audit/GATE0_CURRENT_WIZARD_HYPERLIQUID_COHORT_2026-09-30.json
src/quant_platform/orchestration/current_wizard_hyperliquid_evidence_command_center.py,True,False,1,28161a404dd0bbdd61aa1c099779e3f875d7e58c19377e12f8743389c45b9381,forensic_a;forensic_b;visual_recovery;workspace_outer,,,,,REVIEWED_ACTIVE_LEGACY_HYPERLIQUID_NO_PORT,Historical decision RETAIN_ACTIVE_NO_PORT: Historical copies differ from active only by replacing staged file promotion with plain Path.replace. Active publication protection is retained.,audit/GATE0_CURRENT_WIZARD_HYPERLIQUID_COHORT_2026-09-30.json
src/quant_platform/orchestration/current_wizard_hyperliquid_failure_attribution.py,True,True,2,d8a8a4ae4e2d4a5cdef40905922dab31e91e37d6613ca4d95297cf6d4fe1ec8c;dbba2e4f0bff1d145776bf85e161acd44ec83c60e0633d85762d83804f1797fc,forensic_a;forensic_b;visual_recovery;workspace_outer,CHANGED,8731eab72e9489a01d0c0c1357359a53c973251d46f9dcb1ba444616309756c7,b2c27b1a03db035e59b22611a3240926ba700b2f66d6625742880b8b08820b21,b2c27b1a03db035e59b22611a3240926ba700b2f66d6625742880b8b08820b21,REVIEWED_LEGACY_HYPERLIQUID_DEPENDENCY_DEFERRED_NO_PORT,"Historical decision DEFER_PREPARED_AND_BOOLEAN: Runtime adds prepared attribution/routing, leases and revalidation. Forensic_b maps persisted eligibility and authority columns through a boolean parser; visual copy lacks atomic output publication. Review parser and stage contract separately.",audit/GATE0_CURRENT_WIZARD_HYPERLIQUID_COHORT_2026-09-30.json
src/quant_platform/orchestration/current_wizard_hyperliquid_handoff.py,True,True,2,5505896b7692cebf0022802a54633a5fe6810f7b96b4b40af69dfc688f9559ae;f65945b9543b0f0dc10537f4f14e5be83730957d56077ed2ba6e649c72a72b16,forensic_b;visual_recovery,CHANGED,4211e54df3b1711c139b207bd00ba3f6e226227667dd1e0a5ac9780df0902803,d11435266ec5238f978d0592c7b0ae041d92a471c63ed83d2d0d176c27662a4c,d11435266ec5238f978d0592c7b0ae041d92a471c63ed83d2d0d176c27662a4c,REVIEWED_LEGACY_HYPERLIQUID_DEPENDENCY_DEFERRED_NO_PORT,"Historical decision DEFER_PREPARED_AND_BOOLEAN: Active v2 binds canonical economic modes and scanner overlays, immutable inputs, and atomic outputs. Visual v1 lacks that contract. Forensic_b tightens pilot and row-level authority booleans. Runtime adds prepared handoff, captured refresh, leases and publication. No whole-file port.",audit/GATE0_EXTENDED_VARIANT_GAP_2026-09-30.json; audit/GATE0_CURRENT_WIZARD_HYPERLIQUID_COHORT_2026-09-30.json
src/quant_platform/orchestration/current_wizard_hyperliquid_learning.py,False,True,1,fb789993a69945c942b1d63103dcc1eee454fc73b9b0a66b73a7e3fa3e2d35a7,forensic_b;visual_recovery,CHANGED,c29fca8d47ed09552bfcd50ccfc611ca90336a265f0784cf3a518b451f52244e,f729aae1b94e29dbbc8e1a97a98a3ad955acc1e25efb89e14569a32e3b18386c,f729aae1b94e29dbbc8e1a97a98a3ad955acc1e25efb89e14569a32e3b18386c,REVIEWED_LEGACY_HYPERLIQUID_DEPENDENCY_DEFERRED_NO_PORT,"Historical decision DEFER_PREPARED_STAGE: Runtime adds prepared ledger capture, lease and source revalidation. Historical visual/forensic code matches active calculations but writes ledgers and manifests directly. Retain active atomic outputs pending coherent runtime stage review.",audit/GATE0_EXTENDED_VARIANT_GAP_2026-09-30.json; audit/GATE0_CURRENT_WIZARD_HYPERLIQUID_COHORT_2026-09-30.json
src/quant_platform/orchestration/current_wizard_hyperliquid_leverage.py,True,True,2,6d8d9df871bd6413edec428269beffe9fbd16fd6dad4be10060a86fe73feaaae;f75ef133e98b034e76ffa32d4d99fbed547029e98c6cd767fa0ce10c888d9041,forensic_b;visual_recovery,CHANGED,2d249659415b58b12260175154c792e35c81a0019cdfe9a50593a892345cba21,9afce6017c3956568b3ae8d575024c1e8b4faa148f8a272459a356dc8563ffe6,9afce6017c3956568b3ae8d575024c1e8b4faa148f8a272459a356dc8563ffe6,REVIEWED_LEGACY_HYPERLIQUID_DEPENDENCY_DEFERRED_NO_PORT,Historical decision DEFER_PREPARED_AND_BOOLEAN: Runtime adds prepared strict market/scenario evidence and lease revalidation. Forensic_b parses acceptance/testnet/live booleans; visual copy uses direct snapshot copies and writes. Keep active 1x research boundary; review flags and runtime stage separately.,audit/GATE0_EXTENDED_VARIANT_GAP_2026-09-30.json; audit/GATE0_CURRENT_WIZARD_HYPERLIQUID_COHORT_2026-09-30.json
src/quant_platform/orchestration/current_wizard_hyperliquid_math_comparison.py,True,False,1,b63154d952f59c9f2a87b4f13fc8f97250c572213c9995ba903d9032e6c9068f,forensic_a;forensic_b;visual_recovery;workspace_outer,,,,,REVIEWED_ACTIVE_LEGACY_HYPERLIQUID_NO_PORT,"Historical decision RETAIN_ACTIVE_NO_PORT: Active adds frozen-input math reevaluation, Y-on-X metrics, pair/mode impact, and atomic audit outputs. Historical copy lacks those capabilities. Runtime and source_candidate equal active.",audit/GATE0_CURRENT_WIZARD_HYPERLIQUID_COHORT_2026-09-30.json
src/quant_platform/orchestration/current_wizard_hyperliquid_observed_replay.py,True,True,2,22a2a757d4e08d100ba4bc58028e0ed0fb7f32ed2a7ac910b6ed0860cfb5906f;db1eea477d796c10197610fa0fd60bc76a5bf2e3737f66fcec63b51985dfdc64,forensic_b;visual_recovery,CHANGED,a2b5fc4272b74d6016a13ce5cdcbe028608fee8bda3a87831a762b1c7b79f7d2,09bc33013a63cc83f95daf5111230a399d60302c5557cec26d70dd00221144b4,09bc33013a63cc83f95daf5111230a399d60302c5557cec26d70dd00221144b4,REVIEWED_LEGACY_HYPERLIQUID_DEPENDENCY_DEFERRED_NO_PORT,Historical decision DEFER_MATH_AND_PREPARED_STAGE: Runtime adds prepared captured inputs and lease revalidation. Forensic_b has an alternate full-history/flat-holdout signal and strict eligibility parsing; active uses prior_history seed and current math contract. A signal change changes research results and requires independent mathematical validation. Visual copy loses redaction and immutable inputs.,audit/GATE0_EXTENDED_VARIANT_GAP_2026-09-30.json; audit/GATE0_CURRENT_WIZARD_HYPERLIQUID_COHORT_2026-09-30.json
src/quant_platform/orchestration/current_wizard_hyperliquid_regimes.py,True,True,2,1e8498dfeda760761a7a3db8134918d59a978819a348b667d147f0a674519684;97862ce6e79983d0abb26455c15510656fdb4793fe6e4477b765869a4fa5abd2,forensic_b;visual_recovery,CHANGED,d0b2573e3e49e53c75aa1dad998c84671ff1da2c6b5300bd11bf686faf14e66f,89f050941b8a6a4f06c31a41fa0e974ae355c9a843fc8415bafbf74a612f9a2f,89f050941b8a6a4f06c31a41fa0e974ae355c9a843fc8415bafbf74a612f9a2f,REVIEWED_LEGACY_HYPERLIQUID_DEPENDENCY_DEFERRED_NO_PORT,"Historical decision DEFER_PREPARED_AND_BOOLEAN: Runtime adds prepared input capture, lease and source validation. Forensic_b parses future-data and live-authority booleans; visual copy loses atomic writes, immutable inputs, and exception redaction.",audit/GATE0_EXTENDED_VARIANT_GAP_2026-09-30.json; audit/GATE0_CURRENT_WIZARD_HYPERLIQUID_COHORT_2026-09-30.json
src/quant_platform/orchestration/current_wizard_hyperliquid_replay.py,True,True,2,6f654eb7580b3d9ac5dcf42f5110e2b1ad61dc8745def385e7dab4a9128bc700;e8c15e314ed1032669616c1983d750ceae8bd94b3ce1e6cae9639aa6eda8266f,forensic_a;forensic_b;visual_recovery;workspace_outer,CHANGED,a90af31eceafef9a02f46b07e93e1f4142556140cbdbdf56e3d168756486efb8,36473978e4aeb4b46ced4959721038e3d3dacbffd0e74eaaa655d60f83d7aad3,36473978e4aeb4b46ced4959721038e3d3dacbffd0e74eaaa655d60f83d7aad3,REVIEWED_LEGACY_HYPERLIQUID_DEPENDENCY_DEFERRED_NO_PORT,"Historical decision DEFER_MATH_PROVIDER_AND_BOOLEAN: Active v2 enforces canonical Y-on-X contract, train-only fit, blocked nonpositive hedge, and atomic reports. Visual v1 predates those controls. Forensic_b proposes full-history/flat-holdout signals and strict rank/authority parsing. Runtime v3 adds captured history, prepared replay, response identity and leases. Port only as a tested math/provider cohort.",audit/GATE0_CURRENT_WIZARD_HYPERLIQUID_COHORT_2026-09-30.json
src/quant_platform/orchestration/current_wizard_hyperliquid_robustness.py,True,True,2,2e4985134b44d73d818646589f5a65e410e031969864d05648358a197d2ecf19;b770346dc8ea81247de5b9b0857d9678a604f905d9cf05912d55a07b143d9a81,forensic_b;visual_recovery,CHANGED,063aab5994aa0ff81a919c87ccf0ed3e9f395b984d977efc01decffee1f857ff,5f487cccae70a62b7422f33b8a04b0ef5aa5f586f46e9c6c033e18e06e050554,5f487cccae70a62b7422f33b8a04b0ef5aa5f586f46e9c6c033e18e06e050554,REVIEWED_LEGACY_HYPERLIQUID_DEPENDENCY_DEFERRED_NO_PORT,"Historical decision DEFER_PREPARED_AND_BOOLEAN: Runtime adds prepared input capture, strict accounting and lease revalidation. Forensic_b parses future-fit and live-authority columns; visual copy loses immutable inputs, atomic outputs, and redaction.",audit/GATE0_EXTENDED_VARIANT_GAP_2026-09-30.json; audit/GATE0_CURRENT_WIZARD_HYPERLIQUID_COHORT_2026-09-30.json
src/quant_platform/orchestration/current_wizard_hyperliquid_storage.py,True,False,2,7280665d61c1314e55b8a06dd1f210a89d6ca3d759f64a53a59a32ef73ed270e;ea44a5db59458f4fa1460c5bba7e6828f1f874bbb9aea3c32b1b5aab020e873f,forensic_a;forensic_b;visual_recovery;workspace_outer,,,,,REVIEWED_SELECTIVE_PERSISTED_BOOL_PORT,"Historical decision SELECTIVE_PORT_READY: Visual and forensic copies write output directly; active uses atomic writes. Forensic_b alone parses persisted candidate, hash, move, delete, authority and destination booleans strictly. Port those parser calls only.",audit/GATE0_CURRENT_WIZARD_HYPERLIQUID_COHORT_2026-09-30.json
src/quant_platform/orchestration/current_wizard_hyperliquid_testnet_protocol.py,True,False,1,c56f2d7558176bf64a1ed0dad79e632bcb90f680ac3a16af7c13d9b59932a9b0,forensic_b;visual_recovery,,,,,REVIEWED_ATOMIC_PUBLICATION_RETAIN_VISUAL_NO_PORT,"Historical testnet protocol scenario, transition, validation, and manifest outputs use direct writes; selected source publishes atomically. Four-root freeze and source_candidate equal selected active bytes; preserve visual/forensic bytes with no source port.",audit/GATE0_UNION_OMISSION_GAP_2026-09-30.json; audit/GATE0_ORCHESTRATION_UNION_OMISSION33_2026-09-30.json; audit/GATE0_ORCHESTRATION_UNION_OMISSION33_2026-09-30.md; audit/verify_gate0_orchestration_omission33.py
src/quant_platform/orchestration/current_wizard_hyperliquid_validation.py,True,True,1,4974c0aaa689d77aa08484834ab34f8b165f3392bcc2afc0e46e279eca02b603,forensic_a;forensic_b;visual_recovery;workspace_outer,CHANGED,00c04bd67c86f437fd9499bca391c13d29c99e404d5c2d7417ded3d4598bdaa8,593445e745c82710665181b0ab109394b915937989eea54230d8f649c5447f62,593445e745c82710665181b0ab109394b915937989eea54230d8f649c5447f62,REVIEWED_LEGACY_HYPERLIQUID_DEPENDENCY_DEFERRED_NO_PORT,"Historical decision DEFER_PREPARED_STAGE: Runtime adds prepared artifact custody, strict counts and lease revalidation. Historical copy otherwise removes active immutable snapshots and atomic outputs. Stage contract needs integration review.",audit/GATE0_CURRENT_WIZARD_HYPERLIQUID_COHORT_2026-09-30.json
src/quant_platform/orchestration/current_wizard_hyperliquid_walkforward.py,True,True,2,25abf440318e9eb9860bc8b308d177d5dfc43f799e6fe1891fec89d09b69c8b6;a76319c5ccccaf6ce90c2aec4e66e9c8c8015aff451c73d07dbd24e26877bebd,forensic_a;forensic_b;visual_recovery;workspace_outer,CHANGED,07fe0fe5ff96a827076c076966bf504ddb9198c0b8aedb2f6b3e4542a4f5d9d4,8ddb2dc98bec8a5fa46b3282b35e495540fda68bcebd1d516029a851852bad2c,8ddb2dc98bec8a5fa46b3282b35e495540fda68bcebd1d516029a851852bad2c,REVIEWED_LEGACY_HYPERLIQUID_DEPENDENCY_DEFERRED_NO_PORT,"Historical decision DEFER_PREPARED_AND_BOOLEAN: Runtime adds prepared input capture, source freshness and M8 execution evidence. Forensic_b parses fit/test, live and primary-candidate booleans; visual copy loses immutable inputs, atomic writes, and redaction. Runtime schema v2 needs compatible consumers.",audit/GATE0_CURRENT_WIZARD_HYPERLIQUID_COHORT_2026-09-30.json
src/quant_platform/orchestration/current_wizard_ou_optimal_overlay.py,True,True,2,54d447b81d1efbc30890fa52e4c02cd8b01281aa81b8ac84aa390190c6a917db;78d16d582c669dd5bcbddc42d580ac3e6765dadc5266488bd7929c35dfa067b8,forensic_b;visual_recovery,CHANGED,96fd525b863e95aabbac646d5bec7154659f320071d46c72114eb99e90e2fb84,6692c8fd2fb78db887929aecd04a62e800250c94e8fe2ebf6506e69e079d36cd,6692c8fd2fb78db887929aecd04a62e800250c94e8fe2ebf6506e69e079d36cd,REVIEWED_OTHER_ORCHESTRATION_EXTENDED_VARIANTS_NO_PORT,"Reviewed all frozen source variants: Visual copy directly writes overlay CSV and manifest evidence, bypassing governed atomic publication. Older forensic copy also parses ledger flags with _truthy. Ledger flags are constructed as booleans in this builder, while both frozen copies lose governed publication. Keep selected source and variant SHA/root custody; port only the isolated strict manifest-gate repair where applicable.",audit/GATE0_EXTENDED_VARIANT_GAP_2026-09-30.json; audit/GATE0_OTHER_ORCHESTRATION_EXTENDED_VARIANT_RECONCILIATION_2026-09-30.json
src/quant_platform/orchestration/daily_snapshot_contracts.py,False,True,0,,,RUNTIME_ONLY,,42ef60aa02bfefec67c356ab6182c7f752d93bd45b893519e1f74763d2bd04a8,42ef60aa02bfefec67c356ab6182c7f752d93bd45b893519e1f74763d2bd04a8,REVIEWED_ORIGINAL_ORCHESTRATION_RUNTIME_DEPENDENCY_NO_PORT,Runtime-only daily snapshot validator composes the two absent input/outcome contract modules and describes producer checks rather than independent scientific acceptance. It is not an adopted daily release gate. Preserve all frozen SHA/copy-root custody; do not whole-file port.,audit/GATE0_ORIGINAL_ORCHESTRATION_PENDING_RECONCILIATION_2026-09-30.json
src/quant_platform/orchestration/daily_snapshot_contracts_inputs.py,False,True,0,,,RUNTIME_ONLY,,d85220e8fa2373b6254c9395f89a71477fabd4620c7dd2ef2e4f36d70f0f7d7e,d85220e8fa2373b6254c9395f89a71477fabd4620c7dd2ef2e4f36d70f0f7d7e,REVIEWED_ORIGINAL_ORCHESTRATION_RUNTIME_DEPENDENCY_NO_PORT,Runtime-only input-stage snapshot specifications depend on the absent daily contract caller and producer paths; no selected source imports this module. Preserve all frozen SHA/copy-root custody; do not whole-file port.,audit/GATE0_ORIGINAL_ORCHESTRATION_PENDING_RECONCILIATION_2026-09-30.json
src/quant_platform/orchestration/daily_snapshot_contracts_outcomes.py,False,True,0,,,RUNTIME_ONLY,,264c126b8a165c5a84f9afab0a7724c944bf61a2f18c65850b6a40608e32f69f,264c126b8a165c5a84f9afab0a7724c944bf61a2f18c65850b6a40608e32f69f,REVIEWED_ORIGINAL_ORCHESTRATION_RUNTIME_DEPENDENCY_NO_PORT,Runtime-only final-seven-stage output/chain checks depend on the absent daily contract caller and retained campaign artifacts; no selected release path consumes them. Preserve all frozen SHA/copy-root custody; do not whole-file port.,audit/GATE0_ORIGINAL_ORCHESTRATION_PENDING_RECONCILIATION_2026-09-30.json
src/quant_platform/orchestration/daily_workload_preflight.py,False,True,0,,,RUNTIME_ONLY,,24b4cc7090f27ddeb6282b7a45631b878d7340f7420fb0e229a420197f7a981b,24b4cc7090f27ddeb6282b7a45631b878d7340f7420fb0e229a420197f7a981b,REVIEWED_ORIGINAL_ORCHESTRATION_RUNTIME_DEPENDENCY_NO_PORT,Runtime-only request projection depends on absent funding allocation and precollection campaign IO. Its bounded history/funding plan does not authorize acquisition independently of the unselected collection stack. Preserve all frozen SHA/copy-root custody; do not whole-file port.,audit/GATE0_ORIGINAL_ORCHESTRATION_PENDING_RECONCILIATION_2026-09-30.json
src/quant_platform/orchestration/discovery_accounting.py,False,True,0,,,RUNTIME_ONLY,,31116acf9ab1350ab191db553d1cd230b98135a0e6eb4633b7f029897ec67096,c6b7ecd8e0987a7d8e30cc0246859c1bdd16331f233007ca3db174f76fc32b0c,REVIEWED_ORIGINAL_ORCHESTRATION_RUNTIME_DEPENDENCY_NO_PORT,"Runtime-only pure request accounting has no selected caller. The recovery copy caps per-provider credits at 2100, while the later LocalRuntime copy raises that threshold to 7000; no budget expansion is selected. Preserve all frozen SHA/copy-root custody; do not whole-file port.",audit/GATE0_ORIGINAL_ORCHESTRATION_PENDING_RECONCILIATION_2026-09-30.json
src/quant_platform/orchestration/dynamic_ledger.py,True,False,1,475f66cd19f53641f05fc399765345c8019c6d5b01fc3043d8c87d31d2ebd031,forensic_b;visual_recovery,,,,,REVIEWED_ATOMIC_PUBLICATION_RETAIN_VISUAL_NO_PORT,Historical dynamic event ledger appends directly and uses os.replace; selected source uses atomic append and staged promotion. Four-root freeze and source_candidate equal selected active bytes; preserve visual/forensic bytes with no source port.,audit/GATE0_UNION_OMISSION_GAP_2026-09-30.json; audit/GATE0_ORCHESTRATION_UNION_OMISSION33_2026-09-30.json; audit/GATE0_ORCHESTRATION_UNION_OMISSION33_2026-09-30.md; audit/verify_gate0_orchestration_omission33.py
src/quant_platform/orchestration/dynamic_rollout.py,True,False,1,51412071f3eb14c658b690e46907074cf6dffb8325c73dff892bb13a36644c27,forensic_b;visual_recovery,,,,,REVIEWED_ATOMIC_PUBLICATION_RETAIN_VISUAL_NO_PORT,Historical rollout reports use direct CSV/text writes; selected source publishes atomically. Four-root freeze and source_candidate equal selected active bytes; preserve visual/forensic bytes with no source port.,audit/GATE0_UNION_OMISSION_GAP_2026-09-30.json; audit/GATE0_ORCHESTRATION_UNION_OMISSION33_2026-09-30.json; audit/GATE0_ORCHESTRATION_UNION_OMISSION33_2026-09-30.md; audit/verify_gate0_orchestration_omission33.py
src/quant_platform/orchestration/dynamic_router.py,True,False,1,3de589b799c026fa891b354631ccabd5ee44361537445f4c1119a6b5b6c0215e,forensic_b;visual_recovery,,,,,REVIEWED_ATOMIC_PUBLICATION_RETAIN_VISUAL_NO_PORT,Historical routing plan appends directly to JSONL; selected source uses atomic append. Four-root freeze and source_candidate equal selected active bytes; preserve visual/forensic bytes with no source port.,audit/GATE0_UNION_OMISSION_GAP_2026-09-30.json; audit/GATE0_ORCHESTRATION_UNION_OMISSION33_2026-09-30.json; audit/GATE0_ORCHESTRATION_UNION_OMISSION33_2026-09-30.md; audit/verify_gate0_orchestration_omission33.py
src/quant_platform/orchestration/dynamic_stage_runner.py,True,False,1,f4f178e4649cf5aa1827a09ede6ba1905c70e889f84ce2e428815fe30d4635ea,forensic_b,,,,,REVIEWED_SELECTIVE_PERSISTED_BOOL_PORT_REMAINDER_NO_PORT,"Selected hyperliquid_research_cycle stage interprets execution_allowed with bool(), so a string 'False' can mark the stage passed. The forensic_b strict_bool change is a narrow safety-positive candidate; preserve all other selected stage routing. Preserve all frozen SHA/copy-root custody; do not whole-file port. Strict persisted boolean guard and regression ported in dfa008e.",audit/GATE0_ORIGINAL_ORCHESTRATION_PENDING_RECONCILIATION_2026-09-30.json; selective source/test repair dfa008e
src/quant_platform/orchestration/dynamic_supreme_team.py,True,False,1,cfc213192c64d901a455a04a6dc06b47e4fcbb3b71f8bbe83357d81c8b01a88c,forensic_b;visual_recovery,,,,,REVIEWED_ATOMIC_PUBLICATION_RETAIN_VISUAL_NO_PORT,Historical team report uses direct CSV/text writes; selected source publishes atomically. Four-root freeze and source_candidate equal selected active bytes; preserve visual/forensic bytes with no source port.,audit/GATE0_UNION_OMISSION_GAP_2026-09-30.json; audit/GATE0_ORCHESTRATION_UNION_OMISSION33_2026-09-30.json; audit/GATE0_ORCHESTRATION_UNION_OMISSION33_2026-09-30.md; audit/verify_gate0_orchestration_omission33.py
src/quant_platform/orchestration/effect_authority.py,False,True,0,,,CHANGED,27075c73c226fac5035af96ae45c9005dcef8318e25c8e459281edf55f1cc584,0bedce3c97f9a788f391be25b72537b4fcfc42cd3782a6d98ab6402f74dec4f9,0bedce3c97f9a788f391be25b72537b4fcfc42cd3782a6d98ab6402f74dec4f9,REVIEWED_EFFECT_V6_DEPENDENCY_NO_PORT,"Selected v2 permit/journal is used by active effect callers. The runtime v6 candidate changes journal/key/seal paths, reservation signatures, root binding and directory publication contracts; existing callers are incompatible without a coordinated migration. Preserve all frozen SHA/copy-root custody; do not whole-file port.",audit/GATE0_EFFECT_V6_TRIO_REVIEW_2026-09-30.json; audit/GATE0_ORIGINAL_ORCHESTRATION_PENDING_RECONCILIATION_2026-09-30.json
src/quant_platform/orchestration/effect_root_binding.py,False,True,0,,,RUNTIME_ONLY,,c764bf89eea07a684469ed2477bcbbc6e0aaecc84a4057c02b392386cc751272,c764bf89eea07a684469ed2477bcbbc6e0aaecc84a4057c02b392386cc751272,REVIEWED_EFFECT_V6_DEPENDENCY_NO_PORT,Read-only recovery witness applies only to an existing signed v6 journal and key; no canonical consumer or direct happy-path test exists.,audit/GATE0_EFFECT_V6_TRIO_REVIEW_2026-09-30.json
src/quant_platform/orchestration/elapsed_capture_job.py,False,True,0,,,RUNTIME_ONLY,,,1d0005cdd62078314347930ec127ae041c62632bdede2fd29e69b4dfa024546f,REVIEWED_ORIGINAL_ORCHESTRATION_RUNTIME_DEPENDENCY_NO_PORT,"Runtime-only daily BTC/ETH capture performs two direct unauthenticated Hyperliquid HTTP POSTs via urllib and writes retained evidence. It has no selected effect permit or active caller, so importing it would introduce an ungoverned network path. Preserve all frozen SHA/copy-root custody; do not whole-file port.",audit/GATE0_ORIGINAL_ORCHESTRATION_PENDING_RECONCILIATION_2026-09-30.json
src/quant_platform/orchestration/elapsed_capture_store.py,False,True,0,,,RUNTIME_ONLY,,,0df5c69709e6ed3060c07d235f4f6ac0202695449f4280a80b5175a2e44accb3,REVIEWED_ORIGINAL_ORCHESTRATION_RUNTIME_DEPENDENCY_NO_PORT,"Runtime-only append-only raw/receipt store is coupled to elapsed_causal_capture and elapsed_capture_job, neither selected. Its local chain alone grants no collection authority. Preserve all frozen SHA/copy-root custody; do not whole-file port.",audit/GATE0_ORIGINAL_ORCHESTRATION_PENDING_RECONCILIATION_2026-09-30.json
src/quant_platform/orchestration/elapsed_causal_capture.py,False,True,0,,,RUNTIME_ONLY,,,b5408a2e88f24fc17785a5bd0f0315ef736f7784264bd81a50d23b12884fde9e,REVIEWED_ORIGINAL_ORCHESTRATION_RUNTIME_DEPENDENCY_NO_PORT,Runtime-only pure forward-time bar and receipt validator has no selected caller; it is a component of the unselected elapsed network capture lane. Preserve all frozen SHA/copy-root custody; do not whole-file port.,audit/GATE0_ORIGINAL_ORCHESTRATION_PENDING_RECONCILIATION_2026-09-30.json
src/quant_platform/orchestration/events.py,True,False,1,3ea47c054da9202fa563bbeda176819a8c55e6d1ae4f47237680926c8516a0eb,forensic_b;visual_recovery,,,,,REVIEWED_ATOMIC_PUBLICATION_RETAIN_VISUAL_NO_PORT,Historical orchestration event log appends directly; selected source uses atomic append. Four-root freeze and source_candidate equal selected active bytes; preserve visual/forensic bytes with no source port.,audit/GATE0_UNION_OMISSION_GAP_2026-09-30.json; audit/GATE0_ORCHESTRATION_UNION_OMISSION33_2026-09-30.json; audit/GATE0_ORCHESTRATION_UNION_OMISSION33_2026-09-30.md; audit/verify_gate0_orchestration_omission33.py
src/quant_platform/orchestration/exhaustive_wizard_api_refresh.py,True,True,2,667a036421adbc780abe15aaf936a6c83bb6a169505ff7e88cea858b3b2be955;7b723159b94e189552ac87cdb80fd4acc58f8003698931ed81c122d41b031f6a,forensic_a;forensic_b;visual_recovery;workspace_outer,CHANGED,08e7db497504d27f80a0f6f0a83848021d98dea53e53640b48a761aebe2a5f1c,856fbfb1a1a616b43e169f9ae602d5aada2de00bb50fde5853f95f80a8e1994a,856fbfb1a1a616b43e169f9ae602d5aada2de00bb50fde5853f95f80a8e1994a,REVIEWED_ORIGINAL_ORCHESTRATION_ACTIVE_RETAIN_NO_PORT,Selected refresh uses atomic active/snapshot publication. Visual/outer copies write directly; forensic_b adds strict persisted-flag parsing but still writes directly. The runtime source_candidate adds a 21-output prepared Stage 3 and lease checks while importing absent daily workload/precollection modules; it needs the full collection stack. Preserve all frozen SHA/copy-root custody; do not whole-file port.,audit/GATE0_ORIGINAL_ORCHESTRATION_PENDING_RECONCILIATION_2026-09-30.json
src/quant_platform/orchestration/exhaustive_wizard_hyperliquid_canonical_replay.py,True,False,2,41c2450b7fe1118501f5928d4bc56e0a9bf8cf9e328775d81e2463f698de9d3f;6d9c9e0ac76cafb9df083498c69d551003a3d11b61c3c88e05409a002b636b79,forensic_a;forensic_b;visual_recovery;workspace_outer,,,,,REVIEWED_ORIGINAL_ORCHESTRATION_ACTIVE_RETAIN_NO_PORT,"Selected v2 canonical replay retains tail-action economics, safe exception codes and atomic reports. Older v1 copies directly publish; forensic_b parses research-rank flags more strictly but retains the old publication path. Preserve all frozen SHA/copy-root custody; do not whole-file port.",audit/GATE0_ORIGINAL_ORCHESTRATION_PENDING_RECONCILIATION_2026-09-30.json
src/quant_platform/orchestration/exhaustive_wizard_hyperliquid_concentration.py,True,False,1,ff06000dab9edac93d2e1df55a506afaea4a09461137f09e11cdb4abf788330e,forensic_b;visual_recovery,,,,,REVIEWED_ACTIVE_RETAIN_HISTORICAL_NO_PORT,Historical concentration snapshots use mutable shutil.copy2 and direct reports; selected source uses immutable snapshot copy and atomic reports. Four-root freeze and source_candidate equal selected active bytes; preserve visual/forensic bytes with no source port.,audit/GATE0_UNION_OMISSION_GAP_2026-09-30.json; audit/GATE0_ORCHESTRATION_UNION_OMISSION33_2026-09-30.json; audit/GATE0_ORCHESTRATION_UNION_OMISSION33_2026-09-30.md; audit/verify_gate0_orchestration_omission33.py
src/quant_platform/orchestration/exhaustive_wizard_hyperliquid_cost_bridge.py,True,False,1,c2590a3a87ee45652f4fcc496d93c540f00897ecacabf8fc37d2006132398022,forensic_a;forensic_b;visual_recovery;workspace_outer,,,,,REVIEWED_ORIGINAL_ORCHESTRATION_ACTIVE_RETAIN_NO_PORT,"Selected cost bridge atomically publishes cost evidence/manifest and immutable snapshots. Older copy uses direct CSV/text writes and shutil.copy2, allowing partial or mutable snapshot evidence. Preserve all frozen SHA/copy-root custody; do not whole-file port.",audit/GATE0_ORIGINAL_ORCHESTRATION_PENDING_RECONCILIATION_2026-09-30.json
src/quant_platform/orchestration/exhaustive_wizard_hyperliquid_cost_evidence.py,True,False,2,4724c8c2a00e341966167140e49ad00b863f7dd3f2470bbc821ee061d4902643;6cbda81d9dd277749e5917009c2f1bfbee68450f949bd78c2c9c5777cd0a50e6,forensic_a;forensic_b;visual_recovery;workspace_outer,,,,,REVIEWED_ORIGINAL_ORCHESTRATION_ACTIVE_RETAIN_NO_PORT,"Selected cost capture/redaction and atomic queue/checkpoint publication are absent from older copies. Forensic_b adds strict metadata flags and a paced funding interval, but retains direct writes and unsafe error handling. Preserve all frozen SHA/copy-root custody; do not whole-file port.",audit/GATE0_ORIGINAL_ORCHESTRATION_PENDING_RECONCILIATION_2026-09-30.json
src/quant_platform/orchestration/exhaustive_wizard_hyperliquid_learning.py,True,False,1,5ee616e8e5de56fd7b10169ba9d7cea105ab405a7ee0d0d1b6e0dfbc792d811e,forensic_b;visual_recovery,,,,,REVIEWED_ACTIVE_RETAIN_HISTORICAL_NO_PORT,Historical learning inputs use mutable shutil.copy2 and direct outputs; selected source uses immutable snapshot copy and atomic reports. Four-root freeze and source_candidate equal selected active bytes; preserve visual/forensic bytes with no source port.,audit/GATE0_UNION_OMISSION_GAP_2026-09-30.json; audit/GATE0_ORCHESTRATION_UNION_OMISSION33_2026-09-30.json; audit/GATE0_ORCHESTRATION_UNION_OMISSION33_2026-09-30.md; audit/verify_gate0_orchestration_omission33.py
src/quant_platform/orchestration/exhaustive_wizard_hyperliquid_leverage.py,True,False,1,96c17b635bd0ff082f72ca38755361daba63918d784318026c7d25ddb70a8c2f,forensic_a;forensic_b;visual_recovery;workspace_outer,,,,,REVIEWED_ORIGINAL_ORCHESTRATION_ACTIVE_RETAIN_NO_PORT,Selected leverage evidence uses atomic outputs and immutable snapshots; older copy directly writes CSV/Markdown and shutil.copy2 copies. Preserve all frozen SHA/copy-root custody; do not whole-file port.,audit/GATE0_ORIGINAL_ORCHESTRATION_PENDING_RECONCILIATION_2026-09-30.json
src/quant_platform/orchestration/exhaustive_wizard_hyperliquid_observed_cost_replay.py,True,False,1,1478b3d664e060d4c46c228d51298c781a3fded38164ee93484708dce11c69d4,forensic_a;forensic_b;visual_recovery;workspace_outer,,,,,REVIEWED_ORIGINAL_ORCHESTRATION_ACTIVE_RETAIN_NO_PORT,"Selected observed-cost replay uses safe exception codes, atomic outputs and immutable snapshots; older copy directly writes and copies evidence and exposes raw exception text. Preserve all frozen SHA/copy-root custody; do not whole-file port.",audit/GATE0_ORIGINAL_ORCHESTRATION_PENDING_RECONCILIATION_2026-09-30.json
src/quant_platform/orchestration/exhaustive_wizard_hyperliquid_regimes.py,True,False,1,806167c8096af3eab9e216216e88519afa9df1e81a83a33d8d1b1be364b743a1,forensic_a;forensic_b;visual_recovery;workspace_outer,,,,,REVIEWED_ORIGINAL_ORCHESTRATION_ACTIVE_RETAIN_NO_PORT,"Selected regime reports use safe redaction, atomic publication and immutable snapshots; older copy directly writes/copies artifacts and embeds raw exception details. Preserve all frozen SHA/copy-root custody; do not whole-file port.",audit/GATE0_ORIGINAL_ORCHESTRATION_PENDING_RECONCILIATION_2026-09-30.json
src/quant_platform/orchestration/exhaustive_wizard_hyperliquid_replay.py,True,False,2,046801082cdc75f327ed053fc0d21a943c0352a5a6acf58b87d0ff8b9f374d9e;7271c8b8450a25e3e33ee15c6f5d456f736bf3d36186772e3919fbfe429a6d20,forensic_a;forensic_b;visual_recovery;workspace_outer,,,,,REVIEWED_ORIGINAL_ORCHESTRATION_ACTIVE_RETAIN_NO_PORT,Selected pair-history replay uses safe exception codes and atomic bytes/CSV/text publication. Older copies directly write reports and include raw errors; forensic_b only tightens mapping_ready flag parsing. Preserve all frozen SHA/copy-root custody; do not whole-file port.,audit/GATE0_ORIGINAL_ORCHESTRATION_PENDING_RECONCILIATION_2026-09-30.json
src/quant_platform/orchestration/exhaustive_wizard_hyperliquid_robustness.py,True,False,1,d6f2079126a1e14ad5aa1849a641972fc1911551ea5fccfcafdd7bf9c69abd30,forensic_a;forensic_b;visual_recovery;workspace_outer,,,,,REVIEWED_ORIGINAL_ORCHESTRATION_ACTIVE_RETAIN_NO_PORT,"Selected robustness replay retains Y-on-X log spread, safe redaction and atomic/immutable reports. Older copy drops those guards and uses direct writes/copies. Preserve all frozen SHA/copy-root custody; do not whole-file port.",audit/GATE0_ORIGINAL_ORCHESTRATION_PENDING_RECONCILIATION_2026-09-30.json
src/quant_platform/orchestration/exhaustive_wizard_hyperliquid_run.py,True,False,2,554e93991d402394b496a13146415bdd491cb0b07a5fb7aeeda38a11567c6eff;88d56b91b8aa8fe8428600a1b7907bae30330e02916dade5adee3b68082a8332,forensic_a;forensic_b;visual_recovery;workspace_outer,,,,,REVIEWED_ORIGINAL_ORCHESTRATION_ACTIVE_RETAIN_NO_PORT,Selected v4 frozen run uses canonical mode contract and atomic outputs. Older v3 copies directly publish source/experiment artifacts; forensic_b only tightens persisted mapping and authority flags. Preserve all frozen SHA/copy-root custody; do not whole-file port.,audit/GATE0_ORIGINAL_ORCHESTRATION_PENDING_RECONCILIATION_2026-09-30.json
src/quant_platform/orchestration/exhaustive_wizard_hyperliquid_validation.py,True,False,2,7fbbe428d6cc25c4253406613887e62f69760d6a8268de6117c0a44913b1d7ef;d7a4bfdbbddc720c11b3d216cdcded64bbb380afd52d4b82d5efbad51c5778e5,forensic_b;visual_recovery,,,,,REVIEWED_OTHER_ORCHESTRATION_EXTENDED_VARIANTS_NO_PORT,"Reviewed all frozen source variants: Visual copy directly writes validation manifest and Markdown, allowing partial public evidence on interruption. Older forensic copy parses completion and live-authority fields with strict_bool, which can avoid false-string acceptance; it also directly writes output. Leave boolean parsing as a separate scoped follow-up. Keep selected source and variant SHA/root custody; port only the isolated strict manifest-gate repair where applicable.",audit/GATE0_EXTENDED_VARIANT_GAP_2026-09-30.json; audit/GATE0_OTHER_ORCHESTRATION_EXTENDED_VARIANT_RECONCILIATION_2026-09-30.json
src/quant_platform/orchestration/exhaustive_wizard_hyperliquid_walkforward.py,True,False,2,3abe0a2191045c6846f6d8d0c693612aa013b8956e3ff5714ecd34e71b7f5b4c;b1674cc62cb7cbe3a5d051cabb3203c5a3d3071300d0d8b7baa1696e3ee01187,forensic_a;forensic_b;visual_recovery;workspace_outer,,,,,REVIEWED_ORIGINAL_ORCHESTRATION_ACTIVE_RETAIN_NO_PORT,"Selected walkforward uses Y-on-X economics, safe redaction and atomic/immutable reports. Forensic_b adds a research trial ledger and declared-family multiple-test count, a separate scientific idea, while retaining direct writes and older economics. Preserve all frozen SHA/copy-root custody; do not whole-file port.",audit/GATE0_ORIGINAL_ORCHESTRATION_PENDING_RECONCILIATION_2026-09-30.json
src/quant_platform/orchestration/funding_request_allocation.py,False,True,0,,,RUNTIME_ONLY,,376512103438320b7a4301aa12b643682e2787d743e733c6a86dea6e3f1f334e,376512103438320b7a4301aa12b643682e2787d743e733c6a86dea6e3f1f334e,REVIEWED_ORIGINAL_ORCHESTRATION_RUNTIME_DEPENDENCY_NO_PORT,Runtime-only pure hash-bound funding page allocation has no selected caller; the daily workload owner and collection route are absent. Preserve all frozen SHA/copy-root custody; do not whole-file port.,audit/GATE0_ORIGINAL_ORCHESTRATION_PENDING_RECONCILIATION_2026-09-30.json
src/quant_platform/orchestration/human_evidence_dashboard.py,False,True,0,,,RUNTIME_ONLY,,7fba6fb262bc756f4742f09a2799078b25f20246f75b76e65db2d836218bd951,7fba6fb262bc756f4742f09a2799078b25f20246f75b76e65db2d836218bd951,REVIEWED_ORIGINAL_ORCHESTRATION_RUNTIME_DEPENDENCY_NO_PORT,"Runtime-only 2182-line dashboard combines Gate 1-3 and research views, imports absent cadence/history/view modules, and writes status artifacts. No selected caller or qualified dashboard contract adopts it. Preserve all frozen SHA/copy-root custody; do not whole-file port.",audit/GATE0_ORIGINAL_ORCHESTRATION_PENDING_RECONCILIATION_2026-09-30.json
src/quant_platform/orchestration/human_evidence_research.py,False,True,0,,,RUNTIME_ONLY,,431e3313236ea38720a248e0a2c506aa547fd79f4fc27880ef55bd3b05023120,431e3313236ea38720a248e0a2c506aa547fd79f4fc27880ef55bd3b05023120,REVIEWED_ORIGINAL_ORCHESTRATION_RUNTIME_DEPENDENCY_NO_PORT,"Runtime-only retained-evidence observation is explicitly nongating, with no selected consumer except the absent dashboard; do not treat its review cells as acceptance. Preserve all frozen SHA/copy-root custody; do not whole-file port.",audit/GATE0_ORIGINAL_ORCHESTRATION_PENDING_RECONCILIATION_2026-09-30.json
src/quant_platform/orchestration/human_evidence_view.py,False,True,0,,,RUNTIME_ONLY,,94a61abdef3dd70c43bf6e2f535310dd7280c53f70fcbd341361cd0e89cd9435,94a61abdef3dd70c43bf6e2f535310dd7280c53f70fcbd341361cd0e89cd9435,REVIEWED_ORIGINAL_ORCHESTRATION_RUNTIME_DEPENDENCY_NO_PORT,Runtime-only pure HTML/presentation helpers have no selected consumer except the absent dashboard and grant no release status. Preserve all frozen SHA/copy-root custody; do not whole-file port.,audit/GATE0_ORIGINAL_ORCHESTRATION_PENDING_RECONCILIATION_2026-09-30.json
src/quant_platform/orchestration/hyperliquid_l2_calibration_intake.py,False,True,0,,,RUNTIME_ONLY,,,095c2de0294c7ebf9734d2ea8f27b8cec08c40a4aa15ca60e209ec1297d25487,REVIEWED_ORIGINAL_ORCHESTRATION_RUNTIME_DEPENDENCY_NO_PORT,Runtime-only intake promotes retained L2 calibration into source-qualification input; the selected source has no adopted L2 calibration lifecycle or caller for this promotion. Preserve all frozen SHA/copy-root custody; do not whole-file port.,audit/GATE0_ORIGINAL_ORCHESTRATION_PENDING_RECONCILIATION_2026-09-30.json
src/quant_platform/orchestration/hyperliquid_learning_and_risk.py,True,False,1,bbf9a06f55c1ef4364638c1b22090debc71608f883b1ae29b04cfb7c934357e3,forensic_b;visual_recovery,,,,,REVIEWED_ATOMIC_PUBLICATION_RETAIN_VISUAL_NO_PORT,Historical risk and testnet lifecycle reports use direct writes/replacement; selected source uses atomic text and staged promotion. Four-root freeze and source_candidate equal selected active bytes; preserve visual/forensic bytes with no source port.,audit/GATE0_UNION_OMISSION_GAP_2026-09-30.json; audit/GATE0_ORCHESTRATION_UNION_OMISSION33_2026-09-30.json; audit/GATE0_ORCHESTRATION_UNION_OMISSION33_2026-09-30.md; audit/verify_gate0_orchestration_omission33.py
src/quant_platform/orchestration/hyperliquid_research_cycle.py,True,False,2,2ca7b94edb7c03d67bf9f64ed26cc39ffe588fc125800270d007d594eb3f71e8;f75b18f03f14ec732f8814cce7094e7685f807e638044d91ae6f263ac4875b7d,forensic_b;visual_recovery,,,,,REVIEWED_OTHER_ORCHESTRATION_EXTENDED_VARIANTS_NO_PORT,"Reviewed all frozen source variants: Visual copy replaces governed CSV/JSON promotion and atomic Markdown with direct writes. Older forensic copy additionally parses family, preflight and authority flags strictly, but retains direct publication regressions; these are lower-authority research summaries. Keep selected source and variant SHA/root custody; port only the isolated strict manifest-gate repair where applicable.",audit/GATE0_EXTENDED_VARIANT_GAP_2026-09-30.json; audit/GATE0_OTHER_ORCHESTRATION_EXTENDED_VARIANT_RECONCILIATION_2026-09-30.json
src/quant_platform/orchestration/hyperliquid_research_validation.py,True,False,2,09c8d1c153a6f90504dde0e11d75ee50c76ffead4d4d3bb9151bd79ac4648a94;2611a3cf2574220985b685b7fb0bc02600a50edf5efbe499b3a2bc7347f35232,forensic_a;forensic_b;visual_recovery;workspace_outer,,,,,REVIEWED_ORIGINAL_ORCHESTRATION_ACTIVE_RETAIN_NO_PORT,"Selected validation v3 uses current Y-on-X log spread, positive hedge-ratio gate and staged/atomic publication. Older v2 copies hardcode math-v2 and direct-write; forensic_b additionally reverses Engle-Granger orientation. Preserve all frozen SHA/copy-root custody; do not whole-file port.",audit/GATE0_ORIGINAL_ORCHESTRATION_PENDING_RECONCILIATION_2026-09-30.json
src/quant_platform/orchestration/hyperliquid_run_manifest.py,True,False,2,8c86176880e644a9368d17ed3f9c90aceb72a2737dbb8e33e7cd99eeb84ade27;c9258508ba2d64b4eb33bb6bd6f81fa61ced50569e912fd9d2117764298e6f79,forensic_b;visual_recovery,,,,,REVIEWED_STRICT_GATE_REPAIR_REMAINDER_NO_PORT,"Reviewed all frozen source variants: Visual copy directly writes canonical manifest, candidate, validation and authority artifacts. Older forensic copy also strictly parses persisted manifest gates. The isolated 2fc9b43 repair ports only those authority flags and retains governed publication; raw False strings otherwise reached research/paper/live readiness. Keep selected source and variant SHA/root custody; port only the isolated strict manifest-gate repair where applicable.",audit/GATE0_EXTENDED_VARIANT_GAP_2026-09-30.json; audit/GATE0_OTHER_ORCHESTRATION_EXTENDED_VARIANT_RECONCILIATION_2026-09-30.json
src/quant_platform/orchestration/hyperliquid_testnet_lifecycle_evidence.py,False,True,1,c83bb706ada322d7ece8bd4d111d05139be59566dc268dc9393992c0fef59001,forensic_b;visual_recovery,CHANGED,ab2b604a575eeefd97012f95cefb2664fae41e72654467ecef029c757a8e7ef6,6c73e79122f3c06ed13cb85857344d056a069f76343c048eff6d0632640dc689,6c73e79122f3c06ed13cb85857344d056a069f76343c048eff6d0632640dc689,REVIEWED_OTHER_ORCHESTRATION_EXTENDED_VARIANTS_NO_PORT,Reviewed all frozen source variants: Visual/forensic copy bypasses authorized Hyperliquid testnet info effect recording and directly replaces lifecycle evidence files. Same SHA is present in visual_recovery and forensic_b; no separate older variant exists. Keep selected source and variant SHA/root custody; port only the isolated strict manifest-gate repair where applicable.,audit/GATE0_EXTENDED_VARIANT_GAP_2026-09-30.json; audit/GATE0_OTHER_ORCHESTRATION_EXTENDED_VARIANT_RECONCILIATION_2026-09-30.json
src/quant_platform/orchestration/institutional_contracts.py,False,True,0,,,RUNTIME_ONLY,,08b98c33656399e4b0ece211f8d4e7f2fda158658b24c96b176e8e9a30a25f07,08b98c33656399e4b0ece211f8d4e7f2fda158658b24c96b176e8e9a30a25f07,REVIEWED_ORIGINAL_ORCHESTRATION_RUNTIME_DEPENDENCY_NO_PORT,Runtime-only institutional authority manifest and desk receipt contracts have no selected graph/caller. Their control evidence cannot be made operative by a standalone model import. Preserve all frozen SHA/copy-root custody; do not whole-file port.,audit/GATE0_ORIGINAL_ORCHESTRATION_PENDING_RECONCILIATION_2026-09-30.json
src/quant_platform/orchestration/institutional_fund_graph.py,False,True,0,,,RUNTIME_ONLY,,add50ecad0bf74457015e0856239b6f94e45b695a75c0969b9950b078f7d5633,add50ecad0bf74457015e0856239b6f94e45b695a75c0969b9950b078f7d5633,REVIEWED_ORIGINAL_ORCHESTRATION_RUNTIME_DEPENDENCY_NO_PORT,"Runtime-only institutional LangGraph consumes the absent institutional contracts, evaluates desk submissions and writes reports. It is not connected to selected release or business authority. Preserve all frozen SHA/copy-root custody; do not whole-file port.",audit/GATE0_ORIGINAL_ORCHESTRATION_PENDING_RECONCILIATION_2026-09-30.json
src/quant_platform/orchestration/interactive_mixtape_graph.py,False,True,0,,,CHANGED,782ead0502e4a8d4b607ac3d61097f6c0d219c891cf891bb8871cbe1a354d30f,4a9a6cecf335419ec49fd1de0ce15f168a21a4f7bd4f815a2cb4c10faeb9038b,4a9a6cecf335419ec49fd1de0ce15f168a21a4f7bd4f815a2cb4c10faeb9038b,REVIEWED_ORIGINAL_ORCHESTRATION_ACTIVE_RETAIN_NO_PORT,"Selected graph report writes Markdown and JSON atomically. Identical visual/forensic copies directly write both artifacts, risking partial operator evidence. Preserve all frozen SHA/copy-root custody; do not whole-file port.",audit/GATE0_ORIGINAL_ORCHESTRATION_PENDING_RECONCILIATION_2026-09-30.json
src/quant_platform/orchestration/langgraph_workflow.py,True,False,2,0b87827dc6fe85d1bd9aa4efe8ed8c0274dc8fc403debcf9e64dd76d2e350db8;ea43d042cf6cec5238d241c885db9f813db9e287167ce5080ddfd5a9e08bde78,forensic_b;visual_recovery,,,,,REVIEWED_ATOMIC_PUBLICATION_RETAIN_HISTORICAL_NO_PORT,"Retain the active/runtime-identical atomic report writes. The forensic variant uses direct writes and strict_bool from an unselected runtime_types variant. The exact restored active graph produced 25 dry-run status rows and eight lanes/edges without a blocker. Reviewed all frozen source variants: Visual copy writes agent lane, edge, state and Markdown files directly instead of using governed atomic publication. Older forensic copy additionally parses persisted graph state booleans strictly; useful only as a separate tested state-routing change, while its direct publication remains unsafe. Keep selected source and variant SHA/root custody; port only the isolated strict manifest-gate repair where applicable.",audit/GATE0_LANGGRAPH_CORE_DECISION_2026-09-30.json; exact active/runtime/savepoint/variant hashes; off-drive exact-head LangGraph dry-run receipt and focused JUnit; audit/GATE0_EXTENDED_VARIANT_GAP_2026-09-30.json; audit/GATE0_OTHER_ORCHESTRATION_EXTENDED_VARIANT_RECONCILIATION_2026-09-30.json
src/quant_platform/orchestration/math_acceptance_currentness.py,False,True,0,,,RUNTIME_ONLY,,ae4f18066ac63f764ca7c662856396387708cd7c783760131011a533c992b37b,ae4f18066ac63f764ca7c662856396387708cd7c783760131011a533c992b37b,REVIEWED_MATH_MARKER_CURRENTNESS,"Port preserved read-only marker validator and bind the loaded source or wheel package, including the validator itself.",GATE0_MATH_MARKER_CURRENTNESS_2026-09-30.json
src/quant_platform/orchestration/mini_agents.py,True,True,2,7f9c01ec44ba3e1f005241e7cddecd296373deb30b8ffbf25873f3d52ae8cda4;d063a3180f4e9a600cc51027d82c5db0dc0a3a16a76b14674cb18322035c2fb1,forensic_b;visual_recovery,CHANGED,94a7325f4ed842f2fcf47567f9a79f7e1526ed3d3062fb3ea85e23b53758897c,94a7325f4ed842f2fcf47567f9a79f7e1526ed3d3062fb3ea85e23b53758897c,09b05dca77d91c41f2d78cce07f1c3c676bb2afb83093be8ad615650bcad1b3d,REVIEWED_OTHER_ORCHESTRATION_EXTENDED_VARIANTS_NO_PORT,"Reviewed all frozen source variants: Visual copy directly writes the agent registry, next-action queue and Markdown. Older forensic copy additionally parses persisted RL acceptance with _boolish; direct publication still weakens agent evidence integrity. Keep selected source and variant SHA/root custody; port only the isolated strict manifest-gate repair where applicable.",audit/GATE0_EXTENDED_VARIANT_GAP_2026-09-30.json; audit/GATE0_OTHER_ORCHESTRATION_EXTENDED_VARIANT_RECONCILIATION_2026-09-30.json
src/quant_platform/orchestration/multi_asset_capture_job.py,False,True,0,,,CHANGED,e026a002855a7fb967dd17967cc693461c62d581107b9b8eda5e73193da55e83,,7db4e864b50126356c0c67fb70712fcf8b2f8549a6a9a6b5855a1dc8cd47bb10,REVIEWED_ORIGINAL_ORCHESTRATION_ACTIVE_RETAIN_NO_PORT,"Selected multi-asset Hyperliquid collector binds each public info effect to authorization, publication lease and exclusive immutable output. Runtime copy calls urllib directly and omits those source/receipt guards. Preserve all frozen SHA/copy-root custody; do not whole-file port.",audit/GATE0_ORIGINAL_ORCHESTRATION_PENDING_RECONCILIATION_2026-09-30.json
src/quant_platform/orchestration/multi_asset_capture_verify.py,False,True,0,,,CHANGED,412ff120dd8a6788779ec240e8bf29ebd528bf99894ca2e4aedbb974472f1365,,699e4d717b34796891219f66b4301d837cf6377a822dfac7d618e0237978b649,REVIEWED_ORIGINAL_ORCHESTRATION_ACTIVE_RETAIN_NO_PORT,"Selected verifier rejects symlink entries, incomplete predecessor sets, invalid timestamps/assets and inconsistent terminal receipts. Runtime copy omits those checks, so retained capture authority could be overstated. Preserve all frozen SHA/copy-root custody; do not whole-file port.",audit/GATE0_ORIGINAL_ORCHESTRATION_PENDING_RECONCILIATION_2026-09-30.json
src/quant_platform/orchestration/nodes.py,True,True,2,4eb064001bf1c011bdf6666f4d74153bdcf990f60bc4f61c02e869270e35f1ff;8d67327bd433cd72fd99ea04f8b571b4f447ec61f0512976b9ffcd29b35d231c,forensic_b;visual_recovery,CHANGED,ce147c8c3aad5a21d27c0f93ba70c9ceb5da10a4e36ea06525bb9521e77e0ca5,ce147c8c3aad5a21d27c0f93ba70c9ceb5da10a4e36ea06525bb9521e77e0ca5,81f25d20cff59a6ada863362cd4907f5d93e9772e2f344da43bf8477aaffd4b7,REVIEWED_ACTIVE_STAGE_MAP_RETAIN_WIZARD_CANDIDATE_NO_PORT,"Retain the active 25-stage map and safe exception redaction. The runtime candidate adds two local evidence-only Wizard validation stages; the forensic variant uses raw exception text and an absent strict_bool helper. Candidate stages require separate source-evidence integration and publication-fixture correction. Reviewed all frozen source variants: Visual copy logs raw exception text and adds YouTube research to the broad RL group; current YouTube config enables live refresh, so RL runs could trigger network collection unexpectedly. Older forensic copy also adds YouTube to RL and raw error text; its strict bool readiness parsing and report-only fetch override do not justify whole-file import. Keep selected source and variant SHA/root custody; port only the isolated strict manifest-gate repair where applicable.",audit/GATE0_WIZARD_GRAPH_CANDIDATE_DECISION_2026-09-30.json; exact runtime/savepoint/variant hashes; off-drive candidate JUnits and restored fixture; audit/GATE0_EXTENDED_VARIANT_GAP_2026-09-30.json; audit/GATE0_OTHER_ORCHESTRATION_EXTENDED_VARIANT_RECONCILIATION_2026-09-30.json
src/quant_platform/orchestration/operating_lane.py,False,True,0,,,RUNTIME_ONLY,,b5a306a4ed7d1428c90d8fdd8423a27eb523082f034cf936725d59c594240dd8,b5a306a4ed7d1428c90d8fdd8423a27eb523082f034cf936725d59c594240dd8,REVIEWED_ORIGINAL_ORCHESTRATION_RUNTIME_DEPENDENCY_NO_PORT,"Runtime-only router switches self-directed and institutional graphs, both absent from selected source, with no selected lane admission or caller. Preserve all frozen SHA/copy-root custody; do not whole-file port.",audit/GATE0_ORIGINAL_ORCHESTRATION_PENDING_RECONCILIATION_2026-09-30.json
src/quant_platform/orchestration/orchestrator_assistant.py,True,False,2,65f8de54cb0713c8fb8e625c69f796def074a14d95013156c7192cb0496f1605;673f8f1bd8cd72beabdab753bf2cefb2e07da36422e69f1d7a4c014a99971e30,forensic_b;visual_recovery,,,,,REVIEWED_ATOMIC_PUBLICATION_RETAIN_HISTORICAL_NO_PORT,"Retain the active/runtime-identical atomic CSV/text/JSONL publication. The forensic variant uses direct writes and a strict_bool helper absent from active source. Four focused graph/assistant tests pass; task promotion_allowed is generated as False in the active assistant. Reviewed all frozen source variants: Visual copy directly writes task CSV, JSONL memory and reasoning artifacts, losing governed atomic append and publication. Older forensic copy additionally parses outcome and promotion flags strictly, but keeps direct task and memory publication. Keep selected source and variant SHA/root custody; port only the isolated strict manifest-gate repair where applicable.",audit/GATE0_LANGGRAPH_CORE_DECISION_2026-09-30.json; exact active/runtime/savepoint/variant hashes; off-drive exact-head LangGraph dry-run receipt and focused JUnit; audit/GATE0_EXTENDED_VARIANT_GAP_2026-09-30.json; audit/GATE0_OTHER_ORCHESTRATION_EXTENDED_VARIANT_RECONCILIATION_2026-09-30.json
src/quant_platform/orchestration/personal_trader_graph.py,False,True,0,,,RUNTIME_ONLY,,ab8f6b20a9e18b5b42cb3d103b3977565031c18f91197b5f46d83ebcc9fb1696,ab8f6b20a9e18b5b42cb3d103b3977565031c18f91197b5f46d83ebcc9fb1696,REVIEWED_ORIGINAL_ORCHESTRATION_RUNTIME_DEPENDENCY_NO_PORT,Runtime-only personal evidence graph and self-directed declaration are unadopted; no selected caller or approved declaration/authority envelope binds them. Preserve all frozen SHA/copy-root custody; do not whole-file port.,audit/GATE0_ORIGINAL_ORCHESTRATION_PENDING_RECONCILIATION_2026-09-30.json
src/quant_platform/orchestration/precollection_admission.py,False,True,0,,,RUNTIME_ONLY,,0d5790d754a4f30c5cf33fbdcfcff06fca257b3aa03669dcb427173e823c66ea,e34da8dc48824b5a9e4dc526c0fa22e03ac79628bad1521e5415cdbb528d0137,REVIEWED_UNADOPTED_PRECOLLECTION_COHORT_NO_PORT,"Runtime-only precollection_admission has no active source, test, script, or config consumer and no installed precollection LaunchAgent; preserved direct tests remain outside the active suite. Recovery variant: Recovery lowers old daily/campaign credit caps from 1000/7000 to 300/2100; this historical budget is not the current governed credit policy.",audit/GATE0_PRECOLLECTION_COHORT_REVIEW_2026-09-30.json
src/quant_platform/orchestration/precollection_campaign_builder.py,False,True,0,,,RUNTIME_ONLY,,,8c45cb1971034673a91e2d64cc573a61af7fe913b1f76572a915ebf394225a4c,REVIEWED_UNADOPTED_PRECOLLECTION_COHORT_NO_PORT,"Runtime-only precollection_campaign_builder has no active source, test, script, or config consumer and no installed precollection LaunchAgent; preserved direct tests remain outside the active suite. It imports missing active modules: quant_platform.orchestration.collection_release.campaign_schedule, quant_platform.orchestration.precollection_admission, quant_platform.orchestration.precollection_campaign_io.",audit/GATE0_PRECOLLECTION_COHORT_REVIEW_2026-09-30.json
src/quant_platform/orchestration/precollection_campaign_io.py,False,True,0,,,RUNTIME_ONLY,,a00e054df9b64a6ba0c7439f17e86c5397926617f1a031153a58d1a9d8a7477a,a00e054df9b64a6ba0c7439f17e86c5397926617f1a031153a58d1a9d8a7477a,REVIEWED_UNADOPTED_PRECOLLECTION_COHORT_NO_PORT,"Runtime-only precollection_campaign_io has no active source, test, script, or config consumer and no installed precollection LaunchAgent; preserved direct tests remain outside the active suite.",audit/GATE0_PRECOLLECTION_COHORT_REVIEW_2026-09-30.json
src/quant_platform/orchestration/precollection_cycle_owner.py,False,True,0,,,RUNTIME_ONLY,,e6f4747c10252e876e40b8fe4b27e86fb338cab3953df35018e4cb929341a7ac,e6f4747c10252e876e40b8fe4b27e86fb338cab3953df35018e4cb929341a7ac,REVIEWED_UNADOPTED_PRECOLLECTION_COHORT_NO_PORT,"Runtime-only precollection_cycle_owner has no active source, test, script, or config consumer and no installed precollection LaunchAgent; preserved direct tests remain outside the active suite. It imports missing active modules: quant_platform.orchestration.precollection_observer_process.",audit/GATE0_PRECOLLECTION_COHORT_REVIEW_2026-09-30.json
src/quant_platform/orchestration/precollection_cycle_worker.py,False,True,0,,,RUNTIME_ONLY,,3dbff3aa9e42e1efa26c75400e395c2a409abdf0eedbf77ce653f308b2ea34c0,3dbff3aa9e42e1efa26c75400e395c2a409abdf0eedbf77ce653f308b2ea34c0,REVIEWED_UNADOPTED_PRECOLLECTION_COHORT_NO_PORT,"Runtime-only precollection_cycle_worker has no active source, test, script, or config consumer and no installed precollection LaunchAgent; preserved direct tests remain outside the active suite. It imports missing active modules: quant_platform.orchestration.precollection_poll_store, quant_platform.orchestration.precollection_poll_watchdog.",audit/GATE0_PRECOLLECTION_COHORT_REVIEW_2026-09-30.json
src/quant_platform/orchestration/precollection_launcher_monitor.py,False,True,0,,,RUNTIME_ONLY,,a5b1f312436ec48101448a34217954fc913b096fb0dbb407c82ecae7d8aaf14a,a5b1f312436ec48101448a34217954fc913b096fb0dbb407c82ecae7d8aaf14a,REVIEWED_UNADOPTED_PRECOLLECTION_COHORT_NO_PORT,"Runtime-only precollection_launcher_monitor has no active source, test, script, or config consumer and no installed precollection LaunchAgent; preserved direct tests remain outside the active suite. It imports missing active modules: quant_platform.orchestration.precollection_monitor_schedule, quant_platform.orchestration.precollection_poll_store, quant_platform.orchestration.precollection_poll_watchdog.",audit/GATE0_PRECOLLECTION_COHORT_REVIEW_2026-09-30.json
src/quant_platform/orchestration/precollection_monitor.py,False,True,0,,,RUNTIME_ONLY,,fec83a791f698384e48c70541295657077077ac2a9c10fa814c877d3836684e1,fec83a791f698384e48c70541295657077077ac2a9c10fa814c877d3836684e1,REVIEWED_UNADOPTED_PRECOLLECTION_COHORT_NO_PORT,"Runtime-only precollection_monitor has no active source, test, script, or config consumer and no installed precollection LaunchAgent; preserved direct tests remain outside the active suite.",audit/GATE0_PRECOLLECTION_COHORT_REVIEW_2026-09-30.json
src/quant_platform/orchestration/precollection_monitor_schedule.py,False,True,0,,,RUNTIME_ONLY,,20268c32f0c5967036abca92ae9819c8d5fc743977a147b40d263b42e6d89db3,20268c32f0c5967036abca92ae9819c8d5fc743977a147b40d263b42e6d89db3,REVIEWED_UNADOPTED_PRECOLLECTION_COHORT_NO_PORT,"Runtime-only precollection_monitor_schedule has no active source, test, script, or config consumer and no installed precollection LaunchAgent; preserved direct tests remain outside the active suite. It imports missing active modules: quant_platform.orchestration.precollection_poll_store, quant_platform.orchestration.precollection_poll_watchdog.",audit/GATE0_PRECOLLECTION_COHORT_REVIEW_2026-09-30.json
src/quant_platform/orchestration/precollection_observer.py,False,True,0,,,RUNTIME_ONLY,,d8bfa75de8cd6f48364d6e08107da4ce26ffda11bb478fb38c8632b6bcc7ff13,d8bfa75de8cd6f48364d6e08107da4ce26ffda11bb478fb38c8632b6bcc7ff13,REVIEWED_UNADOPTED_PRECOLLECTION_COHORT_NO_PORT,"Runtime-only precollection_observer has no active source, test, script, or config consumer and no installed precollection LaunchAgent; preserved direct tests remain outside the active suite.",audit/GATE0_PRECOLLECTION_COHORT_REVIEW_2026-09-30.json
src/quant_platform/orchestration/precollection_observer_child.py,False,True,0,,,RUNTIME_ONLY,,b7bfe4d8913a78cf5e875c9c92bdcf3d12ccd6ac6e970f20e13e1aec6c7cb667,18421f5e1ef34aecd9e79c4643014fdfdc6ed695b1e07ce6828440f363d80b21,REVIEWED_UNADOPTED_PRECOLLECTION_COHORT_NO_PORT,"Runtime-only precollection_observer_child has no active source, test, script, or config consumer and no installed precollection LaunchAgent; preserved direct tests remain outside the active suite. It imports missing active modules: quant_platform.orchestration.precollection_observer_process, quant_platform.orchestration.precollection_poll_store. Recovery variant: Recovery removes the observer audit-hook denial of os.kill; retain the stricter LocalRuntime variant if the whole cohort is reconsidered.",audit/GATE0_PRECOLLECTION_COHORT_REVIEW_2026-09-30.json
src/quant_platform/orchestration/precollection_observer_deployment.py,False,True,0,,,RUNTIME_ONLY,,f497571379bba96304cd149bee8dedf6d9b1487cd826f1d8ef3bef9214d5c609,f497571379bba96304cd149bee8dedf6d9b1487cd826f1d8ef3bef9214d5c609,REVIEWED_UNADOPTED_PRECOLLECTION_COHORT_NO_PORT,"Runtime-only precollection_observer_deployment has no active source, test, script, or config consumer and no installed precollection LaunchAgent; preserved direct tests remain outside the active suite. It imports missing active modules: quant_platform.orchestration.precollection_poll_store.",audit/GATE0_PRECOLLECTION_COHORT_REVIEW_2026-09-30.json
src/quant_platform/orchestration/precollection_observer_inbox.py,False,True,0,,,RUNTIME_ONLY,,f2e666baf8f970827aecd436ad523d64584de9764387c299c77b3811964b06de,f2e666baf8f970827aecd436ad523d64584de9764387c299c77b3811964b06de,REVIEWED_UNADOPTED_PRECOLLECTION_COHORT_NO_PORT,"Runtime-only precollection_observer_inbox has no active source, test, script, or config consumer and no installed precollection LaunchAgent; preserved direct tests remain outside the active suite. It imports missing active modules: quant_platform.orchestration.precollection_observer_process.",audit/GATE0_PRECOLLECTION_COHORT_REVIEW_2026-09-30.json
src/quant_platform/orchestration/precollection_observer_io.py,False,True,0,,,RUNTIME_ONLY,,38c859a49096e7bda9aef0898a3541077b843115e501c3bf8732a85a419f8293,38c859a49096e7bda9aef0898a3541077b843115e501c3bf8732a85a419f8293,REVIEWED_UNADOPTED_PRECOLLECTION_COHORT_NO_PORT,"Runtime-only precollection_observer_io has no active source, test, script, or config consumer and no installed precollection LaunchAgent; preserved direct tests remain outside the active suite. It imports missing active modules: quant_platform.orchestration.collection_observer_bridge, quant_platform.orchestration.collection_runtime_route, quant_platform.orchestration.discovery_accounting, quant_platform.orchestration.precollection_admission, quant_platform.orchestration.precollection_campaign_io, quant_platform.orchestration.precollection_monitor, quant_platform.orchestration.precollection_observer, quant_platform.orchestration.scheduler_terminal_paths.",audit/GATE0_PRECOLLECTION_COHORT_REVIEW_2026-09-30.json
src/quant_platform/orchestration/precollection_observer_process.py,False,True,0,,,RUNTIME_ONLY,,c179688fdd6365e3b8497662d632d20ac9e257dfb2c9d827e9abfa8e19d0d96e,c179688fdd6365e3b8497662d632d20ac9e257dfb2c9d827e9abfa8e19d0d96e,REVIEWED_UNADOPTED_PRECOLLECTION_COHORT_NO_PORT,"Runtime-only precollection_observer_process has no active source, test, script, or config consumer and no installed precollection LaunchAgent; preserved direct tests remain outside the active suite. It imports missing active modules: quant_platform.orchestration.precollection_observer, quant_platform.orchestration.precollection_observer_inbox, quant_platform.orchestration.precollection_observer_io.",audit/GATE0_PRECOLLECTION_COHORT_REVIEW_2026-09-30.json
src/quant_platform/orchestration/precollection_poll_launcher.py,True,True,1,8bdbdf578104650d5a9395ef35f5371d1b136d1d84caf99404fa3f2e21914ad3,source_candidate,RUNTIME_ONLY,,fd98e50fda61bbcf310c828b7840d9b4db7b1f41a7bfc1551ec65e2042717b14,fd98e50fda61bbcf310c828b7840d9b4db7b1f41a7bfc1551ec65e2042717b14,REVIEWED_UNADOPTED_PRECOLLECTION_COHORT_NO_PORT,"Runtime-only precollection_poll_launcher has no active source, test, script, or config consumer and no installed precollection LaunchAgent; preserved direct tests remain outside the active suite. It imports missing active modules: quant_platform.orchestration.precollection_monitor_schedule, quant_platform.orchestration.precollection_observer_child, quant_platform.orchestration.precollection_poll_store, quant_platform.orchestration.precollection_poll_watchdog. Source-candidate variant weakens source fingerprint hygiene.",audit/GATE0_PRECOLLECTION_COHORT_REVIEW_2026-09-30.json
src/quant_platform/orchestration/precollection_poll_store.py,False,True,0,,,RUNTIME_ONLY,,e0d06b1157b1f5e0d663bdb5bff126c5ead3d4818893e7c112d73dc29847c87e,e0d06b1157b1f5e0d663bdb5bff126c5ead3d4818893e7c112d73dc29847c87e,REVIEWED_UNADOPTED_PRECOLLECTION_COHORT_NO_PORT,"Runtime-only precollection_poll_store has no active source, test, script, or config consumer and no installed precollection LaunchAgent; preserved direct tests remain outside the active suite. It imports missing active modules: quant_platform.orchestration.precollection_observer_process.",audit/GATE0_PRECOLLECTION_COHORT_REVIEW_2026-09-30.json
src/quant_platform/orchestration/precollection_poll_watchdog.py,False,True,0,,,RUNTIME_ONLY,,02dd2d844e8e2758adcf0ceaeffe9c7d17f92d8804a777f2fffdf7bf2ab52295,02dd2d844e8e2758adcf0ceaeffe9c7d17f92d8804a777f2fffdf7bf2ab52295,REVIEWED_UNADOPTED_PRECOLLECTION_COHORT_NO_PORT,"Runtime-only precollection_poll_watchdog has no active source, test, script, or config consumer and no installed precollection LaunchAgent; preserved direct tests remain outside the active suite. It imports missing active modules: quant_platform.orchestration.precollection_poll_store.",audit/GATE0_PRECOLLECTION_COHORT_REVIEW_2026-09-30.json
src/quant_platform/orchestration/publication_target_inventory.py,False,True,0,,,RUNTIME_ONLY,,b317b2ea80d5bc7f2271d565f9b7fb1da932bf47bf5b3c2459dc64abdc6568ae,b317b2ea80d5bc7f2271d565f9b7fb1da932bf47bf5b3c2459dc64abdc6568ae,REVIEWED_ORIGINAL_ORCHESTRATION_RUNTIME_DEPENDENCY_NO_PORT,Runtime-only exact directory layout/quarantine contract supports the unselected v6 directory-publication stack and grants no authority by itself. Preserve all frozen SHA/copy-root custody; do not whole-file port.,audit/GATE0_ORIGINAL_ORCHESTRATION_PENDING_RECONCILIATION_2026-09-30.json
src/quant_platform/orchestration/reporting.py,True,False,1,d55594bc83be423f0512b6843da4107e36a6224562067ea8a2c61da992396016,forensic_b;visual_recovery,,,,,REVIEWED_ATOMIC_PUBLICATION_RETAIN_VISUAL_NO_PORT,Historical status reports use direct CSV/text writes; selected source publishes atomically. Four-root freeze and source_candidate equal selected active bytes; preserve visual/forensic bytes with no source port.,audit/GATE0_UNION_OMISSION_GAP_2026-09-30.json; audit/GATE0_ORCHESTRATION_UNION_OMISSION33_2026-09-30.json; audit/GATE0_ORCHESTRATION_UNION_OMISSION33_2026-09-30.md; audit/verify_gate0_orchestration_omission33.py
src/quant_platform/orchestration/scheduler_terminal_paths.py,False,True,0,,,RUNTIME_ONLY,,9f82e6c0b6c1340dfde12d443813420e3490134e4999a1b627c6b652d41de63d,9f82e6c0b6c1340dfde12d443813420e3490134e4999a1b627c6b652d41de63d,REVIEWED_ORIGINAL_ORCHESTRATION_RUNTIME_DEPENDENCY_NO_PORT,Runtime-only terminal-path templates have no selected writer/reader; importing them alone would not establish a release or scheduler contract. Preserve all frozen SHA/copy-root custody; do not whole-file port.,audit/GATE0_ORIGINAL_ORCHESTRATION_PENDING_RECONCILIATION_2026-09-30.json
src/quant_platform/orchestration/specialist_scoreboard.py,True,False,2,0aa15764fb9fdfd9360508194ae6c9bc135948ba7e04c0c7ea8cf0b24f4a2224;527041a5c7a55e2cd9c976f3e9d58a9709b8bc1ced3c967e1106601b3517544e,forensic_b;visual_recovery,,,,,REVIEWED_OTHER_ORCHESTRATION_EXTENDED_VARIANTS_NO_PORT,"Reviewed all frozen source variants: Visual copy directly writes scoreboard CSV and Markdown, risking partial dashboard research evidence. Older forensic copy additionally parses Sharpe and RL acceptance flags strictly; retain this as a separate dashboard repair idea, not a whole-file port. Keep selected source and variant SHA/root custody; port only the isolated strict manifest-gate repair where applicable.",audit/GATE0_EXTENDED_VARIANT_GAP_2026-09-30.json; audit/GATE0_OTHER_ORCHESTRATION_EXTENDED_VARIANT_RECONCILIATION_2026-09-30.json
src/quant_platform/orchestration/student_readiness.py,False,True,1,0505484cbd452592ce1148c9083424d320566601a8391971206f276b72a3bd35,forensic_b;visual_recovery,CHANGED,b33d25dab5156275c026ec59934cfc369cce023b22cf34aa8c4655e9cfa333e9,7544803621ca3371ec5db8f8fb766d0dfe8d84d4631d3df5b31ea0acd618f965,7544803621ca3371ec5db8f8fb766d0dfe8d84d4631d3df5b31ea0acd618f965,REVIEWED_STUDENT_TEACHER_HISTORICAL_VARIANTS,"Selected strict LocalRuntime readiness checks on top of current atomic report output; missing bandit policy evidence now blocks bandit only. Pin readiness policy to the current math version; prior strict data checks remain selected. Additional frozen variant reviewed: The visual/forensic copy omits duplicate and required-column, explicit timestamp, finite label, provenance, logged bandit-policy, current math-version and atomic-report checks; ambiguous rows can appear ready. Preserve all SHA/root custody and retain selected source; no whole-file port.",audit/GATE0_STUDENT_TEACHER_SOURCE_RECONCILIATION_2026-09-30.json; audit/GATE0_TEACHER_NUMERIC_GUARDS_2026-09-30.json; audit/GATE0_EXTENDED_VARIANT_GAP_2026-09-30.json; audit/GATE0_REMAINING_REOPENED_EXTENDED_VARIANTS_2026-09-30.json
src/quant_platform/orchestration/teacher_adapters.py,False,True,1,b891eecba0760b29744ebff4c18484889e90a684802f715889a0a57af79679e6,forensic_b;visual_recovery,CHANGED,93a876e64ea988cb363d1cd7a176c6353083306c2515c831ae76c45bef9fe28b,2155c3a7e956148da1a487e406519a34dfaca47369f79f3fa25dc70a3a425a2d,2155c3a7e956148da1a487e406519a34dfaca47369f79f3fa25dc70a3a425a2d,REVIEWED_MATH_MARKER_CURRENTNESS,"Use shared bound math acceptance validation before teacher evidence adaptation; retain current atomic output behavior. Additional frozen variant reviewed: The visual/forensic copy uses an inline weaker math marker check, hardcoded math-v2, raw exception text and direct publication; selected source checks bound/current math evidence and writes atomically. Preserve all SHA/root custody and retain selected source; no whole-file port.",GATE0_MATH_MARKER_CURRENTNESS_2026-09-30.json; audit/GATE0_EXTENDED_VARIANT_GAP_2026-09-30.json; audit/GATE0_REMAINING_REOPENED_EXTENDED_VARIANTS_2026-09-30.json
src/quant_platform/orchestration/teacher_contracts.py,False,True,1,35cf7cb5772c03c8979ff64688489146924fa438ff92b2317e8e6a8c98278a41,forensic_b;visual_recovery,CHANGED,595cf2afea0da56d63dff3e64383b463419b0184dc9d4b7e51429177a0e781c3,2d492ba7480bca3d3281da3429775b7a84277e5f35b51068fddc0040b4f5b2d6,2d492ba7480bca3d3281da3429775b7a84277e5f35b51068fddc0040b4f5b2d6,REVIEWED_TEACHER_NUMERIC_GUARDS,"Retain the six current shadow-only contracts and adopt strict finite-number validation from the runtime source; nonfinite return evidence cannot be a teacher vote. Additional frozen variant reviewed: The visual/forensic copy hardcodes math-v2 and permits NaN/Infinity in teacher and student contract numbers, so invalid return evidence can enter council voting. Preserve all SHA/root custody and retain selected source; no whole-file port.",audit/GATE0_TEACHER_NUMERIC_GUARDS_2026-09-30.json; audit/GATE0_EXTENDED_VARIANT_GAP_2026-09-30.json; audit/GATE0_REMAINING_REOPENED_EXTENDED_VARIANTS_2026-09-30.json
src/quant_platform/orchestration/teacher_control_plane.py,True,True,2,882f7a85fcf3414518f0db6733dea695e127736b7fc0e842eceb64a4e0b7e8c7;b99eba103e1746522e69e707707a39cb35e5e10a7e5fb155d7de22ac58ac0ecc,forensic_b;visual_recovery,CHANGED,f1e2778596b2f8df64081584aad8f2aa13784bd4c2039cf0a6d5c782de25a1a1,ab8a5682d5cdb0290a05479d66f61e8cb46ec89112980a1cf5717e6fde59ca42,ab8a5682d5cdb0290a05479d66f61e8cb46ec89112980a1cf5717e6fde59ca42,REVIEWED_MATH_MARKER_CURRENTNESS,"Use shared bound math acceptance validation before council readiness; retain current atomic output and safe redaction. Additional frozen variant reviewed: The visual copy uses inline weaker math marker checks, raw exception text, hardcoded math-v2 and direct CSV/JSONL publication in place of shared currentness, redaction and atomic writes. Preserve all SHA/root custody and retain selected source; no whole-file port.",GATE0_MATH_MARKER_CURRENTNESS_2026-09-30.json; audit/GATE0_EXTENDED_VARIANT_GAP_2026-09-30.json; audit/GATE0_REMAINING_REOPENED_EXTENDED_VARIANTS_2026-09-30.json
src/quant_platform/orchestration/teacher_council.py,False,True,0,,,CHANGED,57a76d07b46860e143c4a865c315577246c41bf7247c999d1da61a3b17fded83,6083b211042f6dc6694d3b017b5fbcf04d90b61cef97d90bc741a5598544c624,6083b211042f6dc6694d3b017b5fbcf04d90b61cef97d90bc741a5598544c624,REVIEWED_TEACHER_NUMERIC_GUARDS,"Adopt finite policy thresholds, current-math pinning, duplicate-ID vote rejection and bounded finite weighted aggregation from the runtime source.",audit/GATE0_TEACHER_NUMERIC_GUARDS_2026-09-30.json
src/quant_platform/orchestration/teacher_evidence_materializer.py,True,True,2,b6fb274cba5b4556960018b547b3f22878fe3ce0862b2d4ebd1ddbcd79d40188;dba45be2f62ee814617620eca96e6e2c0cb435d0eaa12a6844511d034390bc78,forensic_a;forensic_b;visual_recovery;workspace_outer,CHANGED,742c7c52a9bf450c36d950f6be98313a956013368169d1de2734a9ec990b5816,4ea664abe060d908d15252f42315d67b736471f5896d11d5f8ee89f6011d2771,4ea664abe060d908d15252f42315d67b736471f5896d11d5f8ee89f6011d2771,REVIEWED_STUDENT_TEACHER_HISTORICAL_VARIANTS,"Retained V2.3 y-on-x, economic tail and fail-closed profit-factor contracts; both preserved forensic variants are older and weaker.",audit/GATE0_STUDENT_TEACHER_SOURCE_RECONCILIATION_2026-09-30.json
src/quant_platform/orchestration/venue_gate.py,True,False,1,49e1de717fb9091cd9e49535eb4de0a491a40dbfa28b2119c617d360a08e19c2,forensic_b,,,,,REVIEWED_SELECTIVE_PERSISTED_BOOL_PORT_REMAINDER_NO_PORT,"Selected venue gate interprets persisted dYdX and Hyperliquid compatibility flags with astype(bool)/bool, so string 'False' can confirm a route. Forensic_b strictly parses both flags and is a narrow safety-positive candidate. Preserve all frozen SHA/copy-root custody; do not whole-file port. Strict persisted boolean guard and regression ported in dfa008e.",audit/GATE0_ORIGINAL_ORCHESTRATION_PENDING_RECONCILIATION_2026-09-30.json; selective source/test repair dfa008e
src/quant_platform/orchestration/versioned_learning_comparison.py,True,False,2,6873b5e30fb7825a9a3fb3ff11bf33fee00ad7b12d0842648874764e33234f48;fc136d36a3a9dff8bea0cea27455af9ead1aff9c0b4adf5f31a9c23c6e2e86a3,forensic_a;forensic_b;visual_recovery;workspace_outer,,,,,REVIEWED_ORIGINAL_ORCHESTRATION_ACTIVE_RETAIN_NO_PORT,Selected versioned-learning evidence uses atomic CSV/JSON/Markdown publication. Older copies directly write; forensic_b strictly parses persisted authority flags but keeps the publication regression. Preserve all frozen SHA/copy-root custody; do not whole-file port.,audit/GATE0_ORIGINAL_ORCHESTRATION_PENDING_RECONCILIATION_2026-09-30.json
src/quant_platform/orchestration/wizard_frozen_source_qualification.py,False,True,0,,,RUNTIME_ONLY,,,4814908884f63d6203f254c480a2e7f96f00a4f41ef7e34b3819c27846a6396d,REVIEWED_EVIDENCE_GATED_WIZARD_VALIDATION_NO_PORT,"Preserve the exact local-only frozen-source and research-validation candidate, docs, and tests. All 24 candidate tests pass and a disposable active integration passes 24 after correcting only two synthetic publication-fixture exclusions; no authoritative active input is installed and no collection, promotion, paper, or execution authority is granted.",audit/GATE0_WIZARD_GRAPH_CANDIDATE_DECISION_2026-09-30.json; exact runtime/savepoint/variant hashes; off-drive candidate JUnits and restored fixture
src/quant_platform/orchestration/wizard_hyperliquid_frozen_adapter.py,False,True,0,,,RUNTIME_ONLY,,,0c3c7137f9b4595cca363743c8639d4d5ebb0c5c0c31e0f8e7d1af4890f9009d,REVIEWED_ORIGINAL_ORCHESTRATION_RUNTIME_DEPENDENCY_NO_PORT,Runtime-only pure retained Hyperliquid /info adapter feeds the unselected frozen-source qualification lane; no selected consumer or source admission adopts it. Preserve all frozen SHA/copy-root custody; do not whole-file port.,audit/GATE0_ORIGINAL_ORCHESTRATION_PENDING_RECONCILIATION_2026-09-30.json
src/quant_platform/orchestration/wizard_hyperliquid_l2_calibration_runner.py,False,True,0,,,RUNTIME_ONLY,,,3b9cb2ded1fbfc7e45316959cafe5486262b3366957c314a93e00e9cfd76a07f,REVIEWED_ORIGINAL_ORCHESTRATION_RUNTIME_DEPENDENCY_NO_PORT,"Runtime-only bounded one-shot L2 calibration planner/runner has no selected collector, callback authorization or qualification consumer. Preserve all frozen SHA/copy-root custody; do not whole-file port.",audit/GATE0_ORIGINAL_ORCHESTRATION_PENDING_RECONCILIATION_2026-09-30.json
src/quant_platform/orchestration/wizard_keychain.py,False,True,0,,,RUNTIME_ONLY,,,e9c381eeb6b766c51260d1b2e5e2656ee0971bec222c725b7ad084e63d0bbf24,REVIEWED_ORIGINAL_ORCHESTRATION_RUNTIME_DEPENDENCY_NO_PORT,Runtime-only Mac Keychain adapter invokes permit-bound credential reader but has no selected caller or adopted credential route; activating it would add a credential access path. Preserve all frozen SHA/copy-root custody; do not whole-file port.,audit/GATE0_ORIGINAL_ORCHESTRATION_PENDING_RECONCILIATION_2026-09-30.json
src/quant_platform/orchestration/wizard_pair_detail_api_pilot.py,True,False,1,56e18f95f7abc34e7b005ad76f04fea2b850fb55340e2d00d8c9108fc7dd9efa,forensic_b;visual_recovery,,,,,REVIEWED_ACTIVE_RETAIN_HISTORICAL_NO_PORT,"Historical pilot uses direct requests.get, raw exception text, and direct evidence writes; selected source uses bounded shared fetch, credential redaction, and atomic publication. Four-root freeze and source_candidate equal selected active bytes; preserve visual/forensic bytes with no source port.",audit/GATE0_UNION_OMISSION_GAP_2026-09-30.json; audit/GATE0_ORCHESTRATION_UNION_OMISSION33_2026-09-30.json; audit/GATE0_ORCHESTRATION_UNION_OMISSION33_2026-09-30.md; audit/verify_gate0_orchestration_omission33.py
src/quant_platform/orchestration/wizard_research_validation_spine.py,False,True,0,,,RUNTIME_ONLY,,,30b77827d00884e770a982911f4c570cb8a74bf0ea96c75724a6310e9ee42eb4,REVIEWED_EVIDENCE_GATED_WIZARD_VALIDATION_NO_PORT,"Preserve the exact local-only frozen-source and research-validation candidate, docs, and tests. All 24 candidate tests pass and a disposable active integration passes 24 after correcting only two synthetic publication-fixture exclusions; no authoritative active input is installed and no collection, promotion, paper, or execution authority is granted.",audit/GATE0_WIZARD_GRAPH_CANDIDATE_DECISION_2026-09-30.json; exact runtime/savepoint/variant hashes; off-drive candidate JUnits and restored fixture
src/quant_platform/orchestration/wizard_source_route_config.py,False,True,0,,,RUNTIME_ONLY,,,610b036874c63281913c0969ad37bf627f1e11ce6caf349fcf8e2e112ea87dc1,REVIEWED_ORIGINAL_ORCHESTRATION_RUNTIME_DEPENDENCY_NO_PORT,"Runtime-only nonexecuting Pydantic route schema fixes authority flags false and allowlists provider operations, but no selected route/probe reads it. Preserve all frozen SHA/copy-root custody; do not whole-file port.",audit/GATE0_ORIGINAL_ORCHESTRATION_PENDING_RECONCILIATION_2026-09-30.json
src/quant_platform/package_build.py,False,True,0,,,RUNTIME_ONLY,,cc9c5e3a6d1840f308d673b475ae4cbc8d8b6effb94b14d5c793e22006cc5789,cc9c5e3a6d1840f308d673b475ae4cbc8d8b6effb94b14d5c793e22006cc5789,REVIEWED_REPLACED_BY_COMMIT_BOUND_WHEEL_BUILDER_NO_PORT,"Runtime-only helper stages working pyproject/src on internal disk and rejects wheel sidecars; its two focused tests pass. The active Gate 0 helper uses exact tracked HEAD, requires clean tracked source, verifies wheel ZIP plus clean install/import, and stages off the Expansion filesystem. Preserve runtime helper and test bytes without copying them.",audit/GATE0_DEPENDENCY_LOCK_DECISION_2026-09-30.json; exact runtime/savepoint/manifest hashes; two focused candidate tests; off-drive wheel diagnostic; active staged build receipt
src/quant_platform/pair_detail_ingestion.py,True,False,2,8b42dd30c5515c5f960f47abab8f5f5275176354b5f9231ff6d015fc972aad65;e1e26ff73f852586b4f69654d995fb7d87b2f4d0d94b39b0ebcdfaf6087078a1,forensic_b;visual_recovery,,,,,REVIEWED_NARROW_PORT_COMPLETE_HISTORICAL_NO_WHOLE_FILE_PORT,"Selected source retains atomic/promoted capture publication and now strictly parses persisted ECM, research usability, and execution-readiness flags. Forensic_b replaces atomic/promoted writes; visual_recovery also uses bool('False') for those guards. No whole-file port.",audit/GATE0_NONORCHESTRATION_SOURCE11_REVIEW_2026-09-30.json; exact selected/frozen/runtime/recovery/extended hashes
src/quant_platform/performance_math.py,True,True,2,4a354c2ebe0c84d41a7f654823133299545ae7df9e46a3044b3d86dc9db46d38;7cb4997017cfc56051c966c48062bda7c505f04d1648b41ef4046879bd3d673c,forensic_a;forensic_b;visual_recovery;workspace_outer,CHANGED,59d7107be24495da625e92224cafc331ef88d5c8b8832ddda270d8bdffffb68f,85437a9e757192d7ef3284e50d90d88c79348ddac430c9b0e1880201f901fae7,85437a9e757192d7ef3284e50d90d88c79348ddac430c9b0e1880201f901fae7,REVIEWED_PORTED_V23_SOURCE,"Selected exact qualified V2.3 accounting/strategy source with costed, causal, and no-proxy-authority regressions; historical bytes remain preserved.",audit/GATE0_V23_SOURCE_TRANSITION_2026-09-30.json
src/quant_platform/point_in_time_data.py,False,True,0,,,RUNTIME_ONLY,,adc61b1dd773736cdf228efd8fce7c4869207f86f98255dec9625696ad6a109e,adc61b1dd773736cdf228efd8fce7c4869207f86f98255dec9625696ad6a109e,REVIEWED_TOP_LEVEL_NONVENUE_DEPENDENCY_DEFERRED_NO_PORT,Runtime-only point-in-time certification; no adopted manifest/current consumer.,audit/GATE0_TOP_LEVEL_NONVENUE_SOURCE_RECONCILIATION_2026-09-30.json; audit/GATE0_TOP_LEVEL_NONVENUE_25_DECISIONS_2026-09-30.json
src/quant_platform/protective_exits.py,False,True,0,,,RUNTIME_ONLY,,cc2df3487e7aab01faba18aeffb3119301751cdc2432a7e78522665466fb5e77,cc2df3487e7aab01faba18aeffb3119301751cdc2432a7e78522665466fb5e77,REVIEWED_PORTED_V23_SOURCE,"Selected exact qualified V2.3 accounting/strategy source with costed, causal, and no-proxy-authority regressions; historical bytes remain preserved.",audit/GATE0_ACCOUNTING_CANDIDATE_DECISION_2026-09-30.json; exact LocalRuntime and Mac savepoint hashes; off-drive 167-pass direct and 2509-case full JUnits; profit-factor and boolean-input probes; audit/GATE0_ACCOUNTING_QUALIFICATION_2026-09-30.json; qualified-source manifest and full JUnit SHA-256; audit/GATE0_V23_SOURCE_TRANSITION_2026-09-30.json
src/quant_platform/regimes.py,True,False,2,e242118b88d253b210ec8f07ec63653001af6fa31336c175889d803523dc1654;f0e6f59f7b1347964e5591f15f7c9b321b7c80ed22f2c20a97fe81109691092c,forensic_a;forensic_b;visual_recovery;workspace_outer,,,,,REVIEWED_TOP_LEVEL_NONVENUE_ACTIVE_RETAIN_NO_PORT,Active source exactly matches preserved runtime; older forensic/recovery variants are historical and carry no new authority.,audit/GATE0_TOP_LEVEL_NONVENUE_SOURCE_RECONCILIATION_2026-09-30.json; audit/GATE0_TOP_LEVEL_NONVENUE_25_DECISIONS_2026-09-30.json
src/quant_platform/research_assertions.py,False,True,0,,,RUNTIME_ONLY,,1c98b712029114fe1e740d0d76cf9222b1da1e455e35230ef8556a04ea290d58,1c98b712029114fe1e740d0d76cf9222b1da1e455e35230ef8556a04ea290d58,REVIEWED_TOP_LEVEL_NONVENUE_DEPENDENCY_DEFERRED_NO_PORT,Runtime-only content/record assertion layer; trial/custody chain needs joint review.,audit/GATE0_TOP_LEVEL_NONVENUE_SOURCE_RECONCILIATION_2026-09-30.json; audit/GATE0_TOP_LEVEL_NONVENUE_25_DECISIONS_2026-09-30.json
src/quant_platform/research_extract_ccxt.py,True,False,1,68bd25d8c6966f9b66d898e12cfa089b50f5beab34997b0fe77bf5f789fba7de,forensic_b;visual_recovery,,,,,REVIEWED_OMITTED_VARIANT_NO_PORT,"Historical 68bd25d8c6966f9b66d898e12cfa089b50f5beab34997b0fe77bf5f789fba7de reviewed against selected 17b8a44a47cc621633a6ee05068559330199f93ab69afebe6cec5ff0da7075a2. Selected CCXT extraction requires an injected evidence runtime, accepted capture receipts, bounded source parsing, and all-source acceptance before marking processed; historical code directly invokes CCXT and marks sources processed. Retain selected active bytes; no authority or provider use authorized.",audit/GATE0_UNION_OMISSION_GAP_2026-09-30.json; audit/GATE0_OMITTED_UNION_NON_ORCHESTRATION_RECONCILIATION_2026-09-30.json
src/quant_platform/research_extract_udemy.py,True,False,2,9bb0650d7b09d6633883d89dea9ba27a81ee773bd599db17a88dfbd6f361193e;ae5c659bd7b09f75c8101254c35dd4896beba5561a8f3fc845cea38112f40bc9,forensic_a;forensic_b;visual_recovery;workspace_outer,,,,,REVIEWED_TOP_LEVEL_NONVENUE_ACTIVE_RETAIN_NO_PORT,Active source exactly matches preserved runtime; older forensic/recovery variants are historical and carry no new authority.,audit/GATE0_TOP_LEVEL_NONVENUE_SOURCE_RECONCILIATION_2026-09-30.json; audit/GATE0_TOP_LEVEL_NONVENUE_25_DECISIONS_2026-09-30.json
src/quant_platform/research_extract_youtube.py,True,False,1,e564c0edf094177d4be4431b5bbc00a228c8b3ee63411c8471d36e9b521df0a2,forensic_b;visual_recovery,,,,,REVIEWED_OMITTED_VARIANT_NO_PORT,Historical e564c0edf094177d4be4431b5bbc00a228c8b3ee63411c8471d36e9b521df0a2 reviewed against selected 6017f678ee31160e314830f006a58091212227113652f85242a68f3b526624a5. Selected normalized research CSV outputs use atomic publication; historical direct CSV writes can publish partial files. Retain selected active bytes; no authority or provider use authorized.,audit/GATE0_UNION_OMISSION_GAP_2026-09-30.json; audit/GATE0_OMITTED_UNION_NON_ORCHESTRATION_RECONCILIATION_2026-09-30.json
src/quant_platform/research_extraction.py,True,False,1,06763a4184749cba3db413b598fa534ee87ff85f420e22c452e475034a7162ce,forensic_b;visual_recovery,,,,,REVIEWED_OMITTED_VARIANT_NO_PORT,Historical 06763a4184749cba3db413b598fa534ee87ff85f420e22c452e475034a7162ce reviewed against selected 1977916ecb059a07db776c0dfd2992a985891151634049823c937c32646873da. Selected normalized research output uses atomic CSV publication; historical direct CSV write can publish a partial file. Retain selected active bytes; no authority or provider use authorized.,audit/GATE0_UNION_OMISSION_GAP_2026-09-30.json; audit/GATE0_OMITTED_UNION_NON_ORCHESTRATION_RECONCILIATION_2026-09-30.json
src/quant_platform/research_ingestion.py,True,False,2,ca31ddcebf181ce19e99190453632e64fb68283381ec682fca0620c7ef7c6f08;f5dee7dfa100e6186069b43cf01bfe8c23c4d1979d4a7f7dcaae3935de84cb1a,forensic_b;visual_recovery,,,,,REVIEWED_NARROW_PORT_COMPLETE_HISTORICAL_NO_WHOLE_FILE_PORT,Selected source keeps atomic manifest/audit publication and the narrow AppleDouble sidecar exclusion from forensic_b. Forensic_b uses direct writes; visual_recovery lacks sidecar filtering and UnicodeDecodeError quarantine. No whole-file port.,audit/GATE0_NONORCHESTRATION_SOURCE11_REVIEW_2026-09-30.json; exact selected/frozen/runtime/recovery/extended hashes
src/quant_platform/research_knowledge_store.py,False,True,1,497ac78e4005d4c7db46c7de12f3180443100eff01e2a2c17a2113f4c1ecbbd9,forensic_b;visual_recovery,CHANGED,754087b1b5f18f21873fbbb2d062b1570bbdd76cd854e7d5356e6fd22aee9db5,35a16180b218d68c62f07db3f313115d873f865136badea641c746e16133416d,35a16180b218d68c62f07db3f313115d873f865136badea641c746e16133416d,REVIEWED_RAG_DEPENDENCY_DEFERRED_NO_WHOLE_FILE_PORT,"Recovery/runtime only add query_research_evidence and answer_research_question wrappers around research_rag.client.configured_rag, but selected tree has no research_rag package. Existing CLI/YouTube/Udemy consumers use selected CSV builder/query paths. Forensic/visual revert atomic CSV/Markdown publication. Defer RAG wrappers until the package and contract are selected.",audit/GATE0_NONORCHESTRATION_SOURCE11_REVIEW_2026-09-30.json; exact selected/frozen/runtime/recovery/extended hashes
src/quant_platform/research_paper_math_audit.py,True,False,1,c4623c713afa59b999f760324ce2093f6a7a0e14a02a45e5c89f39a65ac7302c,forensic_a;forensic_b;visual_recovery;workspace_outer,,,,,REVIEWED_TOP_LEVEL_NONVENUE_ACTIVE_RETAIN_NO_PORT,Active source exactly matches preserved runtime; older forensic/recovery variants are historical and carry no new authority.,audit/GATE0_TOP_LEVEL_NONVENUE_SOURCE_RECONCILIATION_2026-09-30.json; audit/GATE0_TOP_LEVEL_NONVENUE_25_DECISIONS_2026-09-30.json
src/quant_platform/research_paper_reproduction.py,True,True,2,8fbed4920cdf4715d507b9ae44479eb61a51438f74936ebc4f8c76621a96dd0a;dfbaf466f946a4898d395808a78cb9bceb3fd4938c6f3b0d3cdb8baa1dbbc393,forensic_a;forensic_b;visual_recovery;workspace_outer,CHANGED,067d095e3a6f69f805a9b2e4ad0d4b7930d61d3f0b7decfa12fe3a2d087d357a,1f1d7bd7a6856cf8c88f63f0c1dc5fa66924dfbb55c5366e4123aed813953655,1f1d7bd7a6856cf8c88f63f0c1dc5fa66924dfbb55c5366e4123aed813953655,REVIEWED_TOP_LEVEL_NONVENUE_NARROW_PORT_REMAINDER_DEFERRED,Active pair frame reversed canonical Y-on-X regression and return; isolated tested fix restores one-bar-lagged orientation. Selected narrow source commits: 76ea7a9ad9a8322cb6946f317da4ce137c68ab42; broader runtime changes remain deferred.,audit/GATE0_TOP_LEVEL_NONVENUE_SOURCE_RECONCILIATION_2026-09-30.json; audit/GATE0_TOP_LEVEL_NONVENUE_25_DECISIONS_2026-09-30.json
src/quant_platform/research_paper_reviews.py,True,False,2,80ecbc6e0e2cec078fe788969d7a85e42565902343c22a8d21d30909025a4637;b066811fa9c32b5275ee289d68e272d6d84a3a99ed3343aa39ecb9d146ef6a93,forensic_a;forensic_b;visual_recovery;workspace_outer,,,,,REVIEWED_TOP_LEVEL_NONVENUE_ACTIVE_RETAIN_NO_PORT,Active source exactly matches preserved runtime; older forensic/recovery variants are historical and carry no new authority.,audit/GATE0_TOP_LEVEL_NONVENUE_SOURCE_RECONCILIATION_2026-09-30.json; audit/GATE0_TOP_LEVEL_NONVENUE_25_DECISIONS_2026-09-30.json
src/quant_platform/research_papers.py,True,False,2,9af582cc464b0fb1d0a262301dc25fd069e574393a55e5df7d49d904ed6f379f;f7a5bcb55a577f563c84503f052f1a92551905f39aa6352346ba09a775394141,forensic_a;forensic_b;visual_recovery;workspace_outer,,,,,REVIEWED_TOP_LEVEL_NONVENUE_ACTIVE_RETAIN_NO_PORT,Active source exactly matches preserved runtime; older forensic/recovery variants are historical and carry no new authority.,audit/GATE0_TOP_LEVEL_NONVENUE_SOURCE_RECONCILIATION_2026-09-30.json; audit/GATE0_TOP_LEVEL_NONVENUE_25_DECISIONS_2026-09-30.json
src/quant_platform/research_quantization.py,True,False,1,557197dffdb85bd1a4a84406a01ac8dc972af5cf812fb845fc534eed95a5add0,forensic_b;visual_recovery,,,,,REVIEWED_OMITTED_VARIANT_NO_PORT,"Historical 557197dffdb85bd1a4a84406a01ac8dc972af5cf812fb845fc534eed95a5add0 reviewed against selected f28b405b984d72edc9a2a041d6587568e584a8e422c32a1db32ed61d36a13092. Selected ranked, summary, and notes outputs use atomic publication; historical direct writes can publish partial research artifacts. Retain selected active bytes; no authority or provider use authorized.",audit/GATE0_UNION_OMISSION_GAP_2026-09-30.json; audit/GATE0_OMITTED_UNION_NON_ORCHESTRATION_RECONCILIATION_2026-09-30.json
src/quant_platform/research_rag/__init__.py,False,True,0,,,RUNTIME_ONLY,,6a9f2ae8c050856f358ee41207e226cf1abb0852e5841fb7f9adbcf9b5d562dd,6a9f2ae8c050856f358ee41207e226cf1abb0852e5841fb7f9adbcf9b5d562dd,REVIEWED_MISSING_RAG_CORPUS_AND_INDEX_NO_PORT,Package export has no active caller or available indexed corpus.,audit/GATE0_TOOLING_RAG_SOURCE_RECONCILIATION_2026-09-30.json
src/quant_platform/research_rag/__main__.py,False,True,0,,,RUNTIME_ONLY,,c351098fbb4abf7c2761f9ef63b853df517aaabf4e46d78303369cd5521702db,c351098fbb4abf7c2761f9ef63b853df517aaabf4e46d78303369cd5521702db,REVIEWED_MISSING_RAG_CORPUS_AND_INDEX_NO_PORT,"CLI build writes SQLite, while configured corpus roots and pinned index are absent.",audit/GATE0_TOOLING_RAG_SOURCE_RECONCILIATION_2026-09-30.json
src/quant_platform/research_rag/answers.py,False,True,0,,,RUNTIME_ONLY,,7fae807abbda159ce49b2f1f7492347d04e3ab54f54f2930eac13b810d9c3846,7fae807abbda159ce49b2f1f7492347d04e3ab54f54f2930eac13b810d9c3846,REVIEWED_MISSING_RAG_CORPUS_AND_INDEX_NO_PORT,Extractive citations and optional caller generator lack active indexed evidence and direct tests.,audit/GATE0_TOOLING_RAG_SOURCE_RECONCILIATION_2026-09-30.json
src/quant_platform/research_rag/client.py,False,True,0,,,RUNTIME_ONLY,,3385eb44b083fc020f5343f940fc51215a192af442d9b9d44f666d66684210ca,3385eb44b083fc020f5343f940fc51215a192af442d9b9d44f666d66684210ca,REVIEWED_MISSING_RAG_CORPUS_AND_INDEX_NO_PORT,"Pinned SQLite index is missing in active, runtime and Mac savepoint.",audit/GATE0_TOOLING_RAG_SOURCE_RECONCILIATION_2026-09-30.json
src/quant_platform/research_rag/corpus.py,False,True,0,,,RUNTIME_ONLY,,6ff92aed56146a32231a66e7f9437f6ff10075cf161d3ac14ac6e752d2265a8b,6ff92aed56146a32231a66e7f9437f6ff10075cf161d3ac14ac6e752d2265a8b,REVIEWED_MISSING_RAG_CORPUS_AND_INDEX_NO_PORT,All 14 unique declared source roots across 18 entries are absent.,audit/GATE0_TOOLING_RAG_SOURCE_RECONCILIATION_2026-09-30.json
src/quant_platform/research_rag/evaluation.py,False,True,0,,,RUNTIME_ONLY,,7e36003879c5d9e0cb5ebdfb59fa850658034039ee12aea016d0f513cb3d40cd,7e36003879c5d9e0cb5ebdfb59fa850658034039ee12aea016d0f513cb3d40cd,REVIEWED_MISSING_RAG_CORPUS_AND_INDEX_NO_PORT,Evaluation needs missing index/question population and writes output; no direct tests.,audit/GATE0_TOOLING_RAG_SOURCE_RECONCILIATION_2026-09-30.json
src/quant_platform/research_rag/index.py,False,True,0,,,RUNTIME_ONLY,,f46946d8451e56e2f1a24acbb3100692a1fd7ec4762078abfca943b45423856e,f46946d8451e56e2f1a24acbb3100692a1fd7ec4762078abfca943b45423856e,REVIEWED_MISSING_RAG_CORPUS_AND_INDEX_NO_PORT,"SQLite/FTS builder and search API lack accessible corpus, pinned index, active caller and direct tests.",audit/GATE0_TOOLING_RAG_SOURCE_RECONCILIATION_2026-09-30.json
src/quant_platform/research_trial_registry.py,False,True,0,,,RUNTIME_ONLY,,7202dde342f23e9818886b3237f8baf811bc92cbdbde49ddedb67358a078dee2,7202dde342f23e9818886b3237f8baf811bc92cbdbde49ddedb67358a078dee2,REVIEWED_TOP_LEVEL_NONVENUE_DEPENDENCY_DEFERRED_NO_PORT,Runtime-only trial/result identity and SQLite registry; no current lifecycle binding.,audit/GATE0_TOP_LEVEL_NONVENUE_SOURCE_RECONCILIATION_2026-09-30.json; audit/GATE0_TOP_LEVEL_NONVENUE_25_DECISIONS_2026-09-30.json
src/quant_platform/risk_metrics.py,False,True,0,,,RUNTIME_ONLY,,d72141f4af748a649c9cb52563ffc65fe3814e2a5d70787b5001906796fc8968,d72141f4af748a649c9cb52563ffc65fe3814e2a5d70787b5001906796fc8968,REVIEWED_PORTED_V23_SOURCE,"Selected exact qualified V2.3 accounting/strategy source with costed, causal, and no-proxy-authority regressions; historical bytes remain preserved.",audit/GATE0_ACCOUNTING_CANDIDATE_DECISION_2026-09-30.json; exact LocalRuntime and Mac savepoint hashes; off-drive 167-pass direct and 2509-case full JUnits; profit-factor and boolean-input probes; audit/GATE0_ACCOUNTING_QUALIFICATION_2026-09-30.json; qualified-source manifest and full JUnit SHA-256; audit/GATE0_V23_SOURCE_TRANSITION_2026-09-30.json
src/quant_platform/rl/base_rl_lane.py,True,False,2,069b09880d994cd4bced1c315f852cdbbe07cadc2b50ad5caaa41bb011b1c07c;d441889749b201b44c2ad9f546275239eab8755c6013783c6aeb320f7cee3acc,forensic_b;visual_recovery,,,,,REVIEWED_SELECTIVE_RL_FAIL_CLOSED_PORT,"Additional frozen variant found in extended manifest; semantic review pending. Visual copy has unsafe truth coercions for paper, model, pair and readiness gates and ordinary output writes. Selected candidate parses persisted booleans strictly, fails closed on missing preflight ready, and retains atomic writes.",audit/GATE0_EXTENDED_VARIANT_GAP_2026-09-30.json; audit/GATE0_STRATEGY_DESKS_27_PATH_QUEUE_UPDATE_2026-09-30.csv
src/quant_platform/rl/brain_contract.py,True,False,2,5717ae0abcd7bb584d8417f6f6b8be7576bb96711a08bd1556042a9d65f4c45e;f22b1136cf29dee7546e28bf63221f531b13c962ef7d3b89fda597cdd5c1f700,forensic_b;visual_recovery,,,,,REVIEWED_SELECTIVE_RL_FAIL_CLOSED_PORT,Additional frozen variant found in extended manifest; semantic review pending. Visual copy treats nonempty outcome_known False as true and uses unsafe paper/native/overall readiness coercions. Selected candidate has strict gate parsing and atomic writes.,audit/GATE0_EXTENDED_VARIANT_GAP_2026-09-30.json; audit/GATE0_STRATEGY_DESKS_27_PATH_QUEUE_UPDATE_2026-09-30.csv
src/quant_platform/rl/brain_cycle.py,True,False,1,9e353e9a8c74b65bf386f4282aed303f4ff8a3dc0c0c614a1c3fcc63a6a54952,forensic_b;visual_recovery,,,,,REVIEWED_ATOMIC_PUBLICATION_RETAIN_VISUAL_NO_PORT,Additional forensic_b and visual_recovery source variant was omitted from the prior union queue. Preserve both frozen copies and review semantic differences before selecting a port. Selected brain-cycle calculations and report payloads match frozen four-root bytes; the older visual/forensic copy uses ordinary CSV writes where selected uses atomic CSV publication.,audit/GATE0_UNION_OMISSION_GAP_2026-09-30.json; audit/GATE0_STRATEGY_DESKS_27_PATH_QUEUE_UPDATE_2026-09-30.csv; audit/GATE0_RL_THREE_PATH_VARIANT_COMPLETENESS_2026-09-30.json; audit/GATE0_RL_VISUAL_VARIANT_AND_CALIBRATION_SUPPLEMENT_2026-09-30.json; audit/GATE0_OMITTED_UNION_NON_ORCHESTRATION_RECONCILIATION_2026-09-30.json
src/quant_platform/rl/features.py,True,False,1,017f19a4e4ab68487b1b0af36a094ec0a3ef61e8ba33f0854574e2b18204d0f4,forensic_b;visual_recovery,,,,,REVIEWED_ATOMIC_PUBLICATION_RETAIN_VISUAL_NO_PORT,Additional forensic_b and visual_recovery source variant was omitted from the prior union queue. Preserve both frozen copies and review semantic differences before selecting a port. Selected feature schema payload matches frozen four-root bytes; the older visual/forensic copy uses ordinary text write where selected uses atomic text publication.,audit/GATE0_UNION_OMISSION_GAP_2026-09-30.json; audit/GATE0_STRATEGY_DESKS_27_PATH_QUEUE_UPDATE_2026-09-30.csv; audit/GATE0_RL_THREE_PATH_VARIANT_COMPLETENESS_2026-09-30.json; audit/GATE0_RL_VISUAL_VARIANT_AND_CALIBRATION_SUPPLEMENT_2026-09-30.json; audit/GATE0_OMITTED_UNION_NON_ORCHESTRATION_RECONCILIATION_2026-09-30.json
src/quant_platform/rl/quantization.py,True,False,2,02f633736bc8181023a0940b705b9df14bee76f422d6327ca8d418d21633c379;86f18a43694957f9cef5b8d4fc2182322aa116777e5607869ecc949569e55cf8,forensic_b;visual_recovery,,,,,REVIEWED_SELECTIVE_RL_FAIL_CLOSED_PORT,Additional frozen variant found in extended manifest; semantic review pending. Visual copy can treat persisted accepted False as true and uses ordinary report writes. Selected candidate parses acceptance strictly and retains atomic writes.,audit/GATE0_EXTENDED_VARIANT_GAP_2026-09-30.json; audit/GATE0_STRATEGY_DESKS_27_PATH_QUEUE_UPDATE_2026-09-30.csv
src/quant_platform/rl/rl_acceptance.py,True,True,1,12be6924963b5a5934f33425f955436839a248fcf0e42a72f5b33fc743eff21a,forensic_b,CHANGED,3fdd1b8f26486d6cc38f7a0b4fd96ba9f99c35dad1da6dd8341874dbe4dc17b1,27eeb01e320429ca47c3dac63e535a33b4f628e1d3febc54723b1d01aa420131,27eeb01e320429ca47c3dac63e535a33b4f628e1d3febc54723b1d01aa420131,REVIEWED_SELECTIVE_RL_FAIL_CLOSED_PORT, Preserved exact four-row identity/calendar-equity validation prevents active trade-sequence false qualification.,; audit/GATE0_STRATEGY_DESKS_27_PATH_QUEUE_UPDATE_2026-09-30.csv
src/quant_platform/rl/rl_backtest.py,True,True,2,6530595be7593a76a18917a15971d22fef8b15cf13c6c7d976c224e8e3b1a1d1;ead88db6ee183d07807b9f24dc25fb3740cf25f966f638cb25b3c61a76759d52,forensic_b;visual_recovery,CHANGED,6d9e8414df8aeb0ee639f67f12c4f0891c0038bfbef618d6270608dd05a1206f,b6ef1ad5303c61294817243bc8320f9428071e1f9304a8c01538b8f913b33877,b6ef1ad5303c61294817243bc8320f9428071e1f9304a8c01538b8f913b33877,REVIEWED_SELECTIVE_RL_FAIL_CLOSED_PORT,"Additional frozen variant found in extended manifest; semantic review pending. Visual copy zero-fills invalid outcomes, uses unsafe global_label_purge coercion, recomputes zscore strength cap from evaluation rows, and uses ordinary writes. Selected source retains no-zero-fill and atomic writes, parses purge strictly, and freezes the strength cap in policy calibration.",audit/GATE0_EXTENDED_VARIANT_GAP_2026-09-30.json; audit/GATE0_STRATEGY_DESKS_27_PATH_QUEUE_UPDATE_2026-09-30.csv
src/quant_platform/rl/rl_idea_engine.py,True,False,2,0113e730d620facbb9099b4b798ddf5186a10bf0adabb277ed1207383be8838f;6c19d2bf17be4299ae96dd1f5f47497a12dc574e3b2a64154cf5e508ca914bf9,forensic_b;visual_recovery,,,,,REVIEWED_SELECTIVE_RL_FAIL_CLOSED_PORT,"Additional frozen variant found in extended manifest; semantic review pending. Visual copy ranks realized outcomes and labels ideas candidate. Selected candidate requires finite out-of-sample prediction with explicit provenance, ranks forward scores, labels hypothesis_only, and retains atomic writes.",audit/GATE0_EXTENDED_VARIANT_GAP_2026-09-30.json; audit/GATE0_STRATEGY_DESKS_27_PATH_QUEUE_UPDATE_2026-09-30.csv
src/quant_platform/rl/rl_learning_agent.py,True,True,2,20c7893a8512581de9e608a40039c1e2d04893202dfbd1478d6f0369455b2cc1;7fc8760edce6b8930d4132dccd8e44bd4c6d6ee1e84e8dbd13a0ad3b894375ea,forensic_b;visual_recovery,CHANGED,2220c6984d0eb4b3d0497733f54ddb44f86d38b310e70f5adca7bc9b36cc8c89,82c7939a968f28b047149ddff7ea6748a29ad00b07efda88b6d3b4580d057cf0,82c7939a968f28b047149ddff7ea6748a29ad00b07efda88b6d3b4580d057cf0,REVIEWED_SELECTIVE_RL_FAIL_CLOSED_PORT,"Additional frozen variant found in extended manifest; semantic review pending. Visual copy zero-fills invalid outcomes, lacks qualified calendar metric checks, uses unsafe eligibility coercion, and ordinary writes. Selected source retains qualified no-zero-fill gates, strict eligibility, and atomic writes.",audit/GATE0_EXTENDED_VARIANT_GAP_2026-09-30.json; audit/GATE0_STRATEGY_DESKS_27_PATH_QUEUE_UPDATE_2026-09-30.csv
src/quant_platform/rl/rl_strategy_selector.py,True,False,1,83e259440a0514b8d741b516d62598762ab1f0d03e56e0588264ec6382514d9d,forensic_b,,,,,REVIEWED_SELECTIVE_RL_FAIL_CLOSED_PORT, No distinct visual copy exists. Source-candidate equals frozen baseline; forensic_b accepted-filter issue is handled by strict_bool in selected candidate.,; audit/GATE0_STRATEGY_DESKS_27_PATH_QUEUE_UPDATE_2026-09-30.csv
src/quant_platform/rl/train_ppo.py,True,False,1,840b5325e532911ca2b91b5fa35c204e9f8e0f43445b3d232ade89d80a632050,forensic_b;visual_recovery,,,,,REVIEWED_ATOMIC_PUBLICATION_RETAIN_VISUAL_NO_PORT,Additional forensic_b and visual_recovery source variant was omitted from the prior union queue. Preserve both frozen copies and review semantic differences before selecting a port. Selected optional PPO dependency report retains research-only behavior; the older visual/forensic copy uses ordinary text write where selected uses atomic text publication.,audit/GATE0_UNION_OMISSION_GAP_2026-09-30.json; audit/GATE0_STRATEGY_DESKS_27_PATH_QUEUE_UPDATE_2026-09-30.csv; audit/GATE0_RL_THREE_PATH_VARIANT_COMPLETENESS_2026-09-30.json; audit/GATE0_RL_VISUAL_VARIANT_AND_CALIBRATION_SUPPLEMENT_2026-09-30.json; audit/GATE0_OMITTED_UNION_NON_ORCHESTRATION_RECONCILIATION_2026-09-30.json
src/quant_platform/runtime_types.py,True,False,1,c0599de00b22848f274b26c013f5bc8765798508be35f9ef22825f6ee0d72e54,forensic_b,,,,,REVIEWED_PORTED_V23_SOURCE,"Selected exact qualified V2.3 accounting/strategy source with costed, causal, and no-proxy-authority regressions; historical bytes remain preserved.",audit/GATE0_V23_SOURCE_TRANSITION_2026-09-30.json
src/quant_platform/static_desk/__init__.py,False,True,0,,,RUNTIME_ONLY,,2ab3bc126cec458bfd45729e5760acb683cccdafcbb97189372a9b39b8f5b7b2,2ab3bc126cec458bfd45729e5760acb683cccdafcbb97189372a9b39b8f5b7b2,REVIEWED_RETAIN_NO_PORT, Runtime-only unadopted research module with no active importer.,; audit/GATE0_STRATEGY_DESKS_27_PATH_QUEUE_UPDATE_2026-09-30.csv
src/quant_platform/static_desk/accounting.py,False,True,0,,,RUNTIME_ONLY,,55d27f42ccb2048d1a213a5e3280b8d658b3b5c61eee46d6c11d6000f457d13d,55d27f42ccb2048d1a213a5e3280b8d658b3b5c61eee46d6c11d6000f457d13d,REVIEWED_RETAIN_NO_PORT, Runtime-only unadopted research module with no active importer.,; audit/GATE0_STRATEGY_DESKS_27_PATH_QUEUE_UPDATE_2026-09-30.csv
src/quant_platform/static_desk/controls.py,False,True,0,,,RUNTIME_ONLY,,dbfba1e9592cda0beca03ff78fa3bb5cf53f96e0ecd337e3e0bc6eb18371fd99,dbfba1e9592cda0beca03ff78fa3bb5cf53f96e0ecd337e3e0bc6eb18371fd99,REVIEWED_RETAIN_NO_PORT, Runtime-only unadopted research module with no active importer.,; audit/GATE0_STRATEGY_DESKS_27_PATH_QUEUE_UPDATE_2026-09-30.csv
src/quant_platform/static_desk/profile.py,False,True,0,,,RUNTIME_ONLY,,9e6c4616e3f21f63270938ab4c9561fda7b695a62a5bca811b892c4db2bf058e,9e6c4616e3f21f63270938ab4c9561fda7b695a62a5bca811b892c4db2bf058e,PRESERVED_REVIEW_REQUIRED_DEPENDENCY_BLOCKED, Imports absent institutional_risk and unadopted runtime.,; audit/GATE0_STRATEGY_DESKS_27_PATH_QUEUE_UPDATE_2026-09-30.csv
src/quant_platform/static_desk/profile_data.py,False,True,0,,,RUNTIME_ONLY,,301e826b34aa93358ef97e83fc0f85d1006453eec1dc68a734874478788f8c47,301e826b34aa93358ef97e83fc0f85d1006453eec1dc68a734874478788f8c47,PRESERVED_REVIEW_REQUIRED_DEPENDENCY_BLOCKED, Depends on unadopted profile; research inputs deny paper/execution eligibility.,; audit/GATE0_STRATEGY_DESKS_27_PATH_QUEUE_UPDATE_2026-09-30.csv
src/quant_platform/static_desk/risk_link.py,False,True,0,,,RUNTIME_ONLY,,a1f89a747f617cd67051c342edee3f43e6fdd69475b2e882294de5ed4855137c,a1f89a747f617cd67051c342edee3f43e6fdd69475b2e882294de5ed4855137c,PRESERVED_REVIEW_REQUIRED_DEPENDENCY_BLOCKED, Imports absent institutional_risk with no active risk binding.,; audit/GATE0_STRATEGY_DESKS_27_PATH_QUEUE_UPDATE_2026-09-30.csv
src/quant_platform/static_desk/runtime.py,False,True,0,,,RUNTIME_ONLY,,32f216dae847e0a3c7d08c26c47e11ec0281ac70c25d82ccafd277d365f1b1dc,32f216dae847e0a3c7d08c26c47e11ec0281ac70c25d82ccafd277d365f1b1dc,PRESERVED_REVIEW_REQUIRED_DEPENDENCY_BLOCKED, Imports absent institutional_risk and all three unadopted desks.,; audit/GATE0_STRATEGY_DESKS_27_PATH_QUEUE_UPDATE_2026-09-30.csv
src/quant_platform/static_desk/signal_path.py,False,True,0,,,RUNTIME_ONLY,,f17d9ff4445d85ca327b08e0f7554fb821c5809ea4ebc190484f2c7d2b7f51b6,f17d9ff4445d85ca327b08e0f7554fb821c5809ea4ebc190484f2c7d2b7f51b6,PRESERVED_REVIEW_REQUIRED_OFFLINE_COMPONENT, Offline research signals depend on static desk cohort or active math/economic helpers; no active importer or direct component tests.,; audit/GATE0_STRATEGY_DESKS_27_PATH_QUEUE_UPDATE_2026-09-30.csv
src/quant_platform/statistics/math_v2.py,True,True,2,cf9da8c24bb5b9bd431649970dc74192daecb4b359da267b96228ebcbdaf3244;df1f8543ec21c4fcab60c56ab8bdd1851ef7f49255a82db13112c2f315f00d1d,forensic_a;forensic_b;visual_recovery;workspace_outer,CHANGED,140a36a04812959002b5865562d3ef44c422449a1ff5312d8a998c604930e187,f40fbd88078e96c9793242bb1b73cd8ce9853942707899d3c0c87e6c897257cb,f40fbd88078e96c9793242bb1b73cd8ce9853942707899d3c0c87e6c897257cb,REVIEWED_EXACT_RUNTIME_MATH_PORT,Ported complete paired-sample EG/ECM runtime contract exactly; declined older X-on-Y and fail-open historical I(1)/Johansen variants after negative-control probes.,audit/GATE0_SELECTED_SAFETY_SOURCE_RECONCILIATION_2026-09-30.json
src/quant_platform/strategies.py,True,True,2,3f184631cdcfb52c028bdc95fd49a15a99828a1b73ffc0d252cfb7dde7ab6a8e;fe00ba81f7da831a6166081791fcf024392431cda44f95a1e21ac2609fff558c,forensic_b;visual_recovery,CHANGED,414575071f0562785c4be498a6ac7f491a666e52fad84a22726df79c49e1f75c,1888367c93c75f558d042d464868a8132cee935ab71ac290d93d559a0b39b2d7,1888367c93c75f558d042d464868a8132cee935ab71ac290d93d559a0b39b2d7,REVIEWED_PORTED_V23_SOURCE,"Selected exact qualified V2.3 accounting/strategy source with costed, causal, and no-proxy-authority regressions; historical bytes remain preserved. Additional frozen variant reviewed: The visual copy drops proxy implementation/acceptance metadata, converts exit strings with astype(bool), uses current/future distribution statistics for regime decisions and inserts favorable defaults for missing signals. Preserve all SHA/root custody and retain selected source; no whole-file port.",audit/GATE0_V23_SOURCE_TRANSITION_2026-09-30.json; audit/GATE0_EXTENDED_VARIANT_GAP_2026-09-30.json; audit/GATE0_REMAINING_REOPENED_EXTENDED_VARIANTS_2026-09-30.json
src/quant_platform/three_brain_system.py,True,True,2,0169408a8cb0c2a64c779a2ddb9f5067217c3a0e17f58722b165f642716dc210;0f2c9ebe06ad5e871bdda7d0d91bc951dfbadd12d173d0bed260fc4c29510672,forensic_a;forensic_b;visual_recovery;workspace_outer,CHANGED,52e84d769918a230f46472a62db4b63e4ff5833b6c691c43420f6537c071bcfc,6fd803fa4d6e2d53a574ce68c453cdebcda48bc074ba6c0ef66e09b3172def77,6fd803fa4d6e2d53a574ce68c453cdebcda48bc074ba6c0ef66e09b3172def77,REVIEWED_TOP_LEVEL_NONVENUE_DEPENDENCY_DEFERRED_NO_PORT,Runtime declassifies retrospective Native/Wizard proxy partitions that active source treats as forward-walk/OOS; broad coupled evidence review required.,audit/GATE0_TOP_LEVEL_NONVENUE_SOURCE_RECONCILIATION_2026-09-30.json; audit/GATE0_TOP_LEVEL_NONVENUE_25_DECISIONS_2026-09-30.json
src/quant_platform/tooling/__init__.py,False,True,0,,,RUNTIME_ONLY,,4c47a37ef5a08be2f762648d058673700c87abb6f7fbee7fc56ab6bfe77bb256,4c47a37ef5a08be2f762648d058673700c87abb6f7fbee7fc56ab6bfe77bb256,REVIEWED_STALE_TOOL_RUNTIME_DEPENDENT_NO_PORT,Import-safe marker has no active consumer or selected tool runtime.,audit/GATE0_TOOLING_RAG_SOURCE_RECONCILIATION_2026-09-30.json
src/quant_platform/tooling/__main__.py,False,True,0,,,RUNTIME_ONLY,,6ea5651ba6ad8d1a873e3adac713fc47ea9446763a137dd8d5915a7592c27ffd,6ea5651ba6ad8d1a873e3adac713fc47ea9446763a137dd8d5915a7592c27ffd,REVIEWED_STALE_TOOL_RUNTIME_DEPENDENT_NO_PORT,Entrypoint invokes unselected CLI and stale runtime.,audit/GATE0_TOOLING_RAG_SOURCE_RECONCILIATION_2026-09-30.json
src/quant_platform/tooling/cli.py,False,True,0,,,RUNTIME_ONLY,,56e5fb597b337f623befdb1c2742be6dc1de4e1d058d20584a2822d7989bb748,56e5fb597b337f623befdb1c2742be6dc1de4e1d058d20584a2822d7989bb748,REVIEWED_STALE_TOOL_RUNTIME_DEPENDENT_NO_PORT,"CLI dispatches MATLAB, MLflow, PPO and tracking through absent configured interpreters.",audit/GATE0_TOOLING_RAG_SOURCE_RECONCILIATION_2026-09-30.json
src/quant_platform/tooling/data_validation.py,False,True,0,,,RUNTIME_ONLY,,f7ff05eab2c8b102bdb172b3f8c02351b83e5745b2b78e0aeb0e586e79a72a24,f7ff05eab2c8b102bdb172b3f8c02351b83e5745b2b78e0aeb0e586e79a72a24,REVIEWED_MISSING_PIT_AND_OPTIONAL_DEPS_NO_PORT,PIT module is absent from active source; Pandera and DuckDB are absent from active lock.,audit/GATE0_TOOLING_RAG_SOURCE_RECONCILIATION_2026-09-30.json
src/quant_platform/tooling/gym_adapter.py,False,True,0,,,RUNTIME_ONLY,,cb24e803e74cb17a7d5c7ee4c7c005b108a69eae2db07cd4c4368afe5c61d977,cb24e803e74cb17a7d5c7ee4c7c005b108a69eae2db07cd4c4368afe5c61d977,REVIEWED_UNTESTED_RL_ADAPTER_NO_PORT,"Research Gym bridge has no direct tests or active caller and explicitly omits fill, margin, funding and leg-level return economics.",audit/GATE0_TOOLING_RAG_SOURCE_RECONCILIATION_2026-09-30.json
src/quant_platform/tooling/math_validation.py,False,True,0,,,RUNTIME_ONLY,,e3b01e514c2dab6da119ca7f16ed5e32b5a9387584a7a86ffbffbd87678fc706,e3b01e514c2dab6da119ca7f16ed5e32b5a9387584a7a86ffbffbd87678fc706,REVIEWED_MATH_TOOL_CONTRACT_MISMATCH_NO_PORT,Exact source fails test collection against active zscore_utils missing EXPANDING_SAMPLE_IMPLEMENTATION_VERSION; pyvinecopulib is outside the active lock.,audit/GATE0_TOOLING_RAG_SOURCE_RECONCILIATION_2026-09-30.json
src/quant_platform/tooling/rl_training.py,False,True,0,,,RUNTIME_ONLY,,1f33368bb33d14bec792f9d67d03364de17d933ec97e01cf654d09d01f35f369,1f33368bb33d14bec792f9d67d03364de17d933ec97e01cf654d09d01f35f369,REVIEWED_UNTESTED_RL_ADAPTER_NO_PORT,"Optional PPO trainer writes local receipts, depends on unselected Gym bridge and has no direct tests or active caller.",audit/GATE0_TOOLING_RAG_SOURCE_RECONCILIATION_2026-09-30.json
src/quant_platform/tooling/runtime.py,False,True,0,,,RUNTIME_ONLY,,a63702895d490349be4057819f63222e424290d25f3d95d2c749d939112f2325,a63702895d490349be4057819f63222e424290d25f3d95d2c749d939112f2325,REVIEWED_STALE_TOOL_RUNTIME_DEPENDENT_NO_PORT,"Subprocess runtime depends on old receipt, pin, interpreter and state paths under unmounted CodexWorkspace.",audit/GATE0_TOOLING_RAG_SOURCE_RECONCILIATION_2026-09-30.json
src/quant_platform/tooling/trial_tracking.py,False,True,0,,,RUNTIME_ONLY,,2ab739c67b8fd13fa7497ca2e05a5ddf5c7dd2e7dda003708f20bc5d4c3c4428,2ab739c67b8fd13fa7497ca2e05a5ddf5c7dd2e7dda003708f20bc5d4c3c4428,REVIEWED_STALE_TOOL_RUNTIME_DEPENDENT_NO_PORT,Local MLflow mirror writes artifacts; MLflow and configured worker interpreter are unavailable.,audit/GATE0_TOOLING_RAG_SOURCE_RECONCILIATION_2026-09-30.json
src/quant_platform/tooling/worker.py,False,True,0,,,RUNTIME_ONLY,,6b1d34a7fb155b14d6293a72cbea82c78ba73e22cf0b49629cb6396da6b4dc1b,6b1d34a7fb155b14d6293a72cbea82c78ba73e22cf0b49629cb6396da6b4dc1b,REVIEWED_STALE_TOOL_RUNTIME_DEPENDENT_NO_PORT,"Worker can start MATLAB, mirror MLflow or train PPO; no current runtime or direct tests select it.",audit/GATE0_TOOLING_RAG_SOURCE_RECONCILIATION_2026-09-30.json
src/quant_platform/trade_ledger.py,False,True,0,,,CHANGED,2999c8b1c9bff950722f24fb43e64c46bb73e0eaebb2d4c8c4be401d5ed85621,3c247c1170ffb7710007298f3bb8a4e792ee932ebec56ddb4262c4c7d6f8e5eb,3c247c1170ffb7710007298f3bb8a4e792ee932ebec56ddb4262c4c7d6f8e5eb,REVIEWED_PORTED_V23_SOURCE,"Selected exact qualified V2.3 accounting/strategy source with costed, causal, and no-proxy-authority regressions; historical bytes remain preserved.",audit/GATE0_V23_SOURCE_TRANSITION_2026-09-30.json
src/quant_platform/trade_timing.py,True,False,1,d51a961e77c835b3c37a33ecfda2d3fb72c4a2f2eba4e630534f12b842b0ee69,forensic_b;visual_recovery,,,,,REVIEWED_OMITTED_VARIANT_NO_PORT,Historical d51a961e77c835b3c37a33ecfda2d3fb72c4a2f2eba4e630534f12b842b0ee69 reviewed against selected c009cbd33783e2b2089e46cd061ea233dbbe75e191a55bfb6982f40b8353fee4. Selected timing template uses governed atomic CSV publication; historical direct write is weaker. Retain selected active bytes; no authority or provider use authorized.,audit/GATE0_UNION_OMISSION_GAP_2026-09-30.json; audit/GATE0_OMITTED_UNION_NON_ORCHESTRATION_RECONCILIATION_2026-09-30.json
src/quant_platform/udemy_math_reconciliation.py,True,False,2,2bb8734a9b2dccf533e7b4314c2888170277e7e35fc9acf993f69b6222919b13;c2244496c8154dc1ccd53291cdfb5ba38858377dfe07538660af3b17fa57a1ba,forensic_a;forensic_b;visual_recovery;workspace_outer,,,,,REVIEWED_TOP_LEVEL_NONVENUE_ACTIVE_RETAIN_NO_PORT,Active source exactly matches preserved runtime; older forensic/recovery variants are historical and carry no new authority.,audit/GATE0_TOP_LEVEL_NONVENUE_SOURCE_RECONCILIATION_2026-09-30.json; audit/GATE0_TOP_LEVEL_NONVENUE_25_DECISIONS_2026-09-30.json
src/quant_platform/udemy_transcript_vault.py,True,False,2,3763996d3d057017a7dff83e484437e92f9c946b8ee598b93a6c04a20affcf5f;c837120cc0f104c576b1bbae0582541a89da817bec9eb148281c108b2310111a,forensic_a;forensic_b;visual_recovery;workspace_outer,,,,,REVIEWED_TOP_LEVEL_NONVENUE_ACTIVE_RETAIN_NO_PORT,Active source exactly matches preserved runtime; older forensic/recovery variants are historical and carry no new authority.,audit/GATE0_TOP_LEVEL_NONVENUE_SOURCE_RECONCILIATION_2026-09-30.json; audit/GATE0_TOP_LEVEL_NONVENUE_25_DECISIONS_2026-09-30.json
src/quant_platform/v2_run.py,True,False,2,99affa8274c7f5673bfba0071f015739183cab784c96acc198ac6214b01bbb54;ef97f638ec827648d6d75bacd0b3f41deaea566f7f72f453221e321441c7587b,forensic_b;visual_recovery,,,,,REVIEWED_NARROW_PORT_COMPLETE_HISTORICAL_NO_WHOLE_FILE_PORT,"Selected V2 source retains atomic pointer/publication controls and now strictly parses persisted readiness and authority booleans. Forensic_b replaces atomic publication; visual_recovery also uses truthiness on serialized flags. A remaining _control_plane_blockers permissive false-like field parse is a schema issue, but the pointer still forces live authority false. No whole-file port.",audit/GATE0_NONORCHESTRATION_SOURCE11_REVIEW_2026-09-30.json; exact selected/frozen/runtime/recovery/extended hashes
src/quant_platform/video_review_sidecars.py,False,True,0,,,RUNTIME_ONLY,,038d4b396fd8d8955324eca70b17a0692159fea5983e50b4bf07a8c7eebb477d,038d4b396fd8d8955324eca70b17a0692159fea5983e50b4bf07a8c7eebb477d,REVIEWED_TOP_LEVEL_NONVENUE_DEPENDENCY_DEFERRED_NO_PORT,Runtime-only historical video sidecar publisher; companion scripts are pending.,audit/GATE0_TOP_LEVEL_NONVENUE_SOURCE_RECONCILIATION_2026-09-30.json; audit/GATE0_TOP_LEVEL_NONVENUE_25_DECISIONS_2026-09-30.json
src/quant_platform/wizard_candidate_set.py,True,False,1,9d16b5326591acdc033f25b28e0c745491b3cc1b1bd897297896d5ca8d5a1ea8,forensic_b,,,,,REVIEWED_TOP_LEVEL_PROVIDER_NO_PORT,Active and runtime match. The forensic_b copy is an older candidate-set implementation with no independently justified safety port.,audit/GATE0_TOP_LEVEL_PROVIDER_SOURCE_REVIEW_2026-09-30.json
src/quant_platform/wizard_control_plane.py,True,False,2,00ae43f8625b4a8e06a15b6248e21982d0cd2ce49e31a9c035d67da04903dc45;44b0ebdee813a79ea671b6945470257c8d5371182997a8d127b494a8d7894fcc,forensic_b;visual_recovery,,,,,REVIEWED_TOP_LEVEL_PROVIDER_NO_PORT,Active and runtime match. Preserved older control-plane bytes should remain custody evidence while authority integration is deferred. Omitted forensic variant: The omitted variant supplies no missing readiness guard and weakens control-plane report publication; the other historical Boolean change requires its own qualification.,audit/GATE0_TOP_LEVEL_PROVIDER_SOURCE_REVIEW_2026-09-30.json;audit/GATE0_TOP_LEVEL_NINE_UNLISTED_VARIANTS_SUPPLEMENT_2026-09-30.json
src/quant_platform/wizard_credit_budget.py,True,False,1,5e30e9a7c130dd1d0fa9fb4f91bbebe48e29cff32ea5096cb26bc67e7dfec424,forensic_b;visual_recovery,,,,,REVIEWED_OMITTED_VARIANT_NO_PORT,Historical 5e30e9a7c130dd1d0fa9fb4f91bbebe48e29cff32ea5096cb26bc67e7dfec424 reviewed against selected ecc54b83f761cb1f80d439ea9aa561d7d117ee2c16b235b3cfce2c2d98e792e7. Selected staged budget CSV/JSON promotion uses governed target checks; historical direct replace bypasses the shared promotion guard. Retain selected active bytes; no authority or provider use authorized.,audit/GATE0_UNION_OMISSION_GAP_2026-09-30.json; audit/GATE0_OMITTED_UNION_NON_ORCHESTRATION_RECONCILIATION_2026-09-30.json
src/quant_platform/wizard_credit_ledger.py,True,True,1,cb11865bc44d8313806da3832d995e1785a8f75a94f6af96d21e8002e5411620,forensic_a;forensic_b;visual_recovery;workspace_outer,CHANGED,d1309095ea6f092270ad02d78429d8e1e3f063488443f963cbd551d8704e0b5b,88c22602a731f0d370f83dbc312db20590fdbf3c37789daf1195df62ac620256,88c22602a731f0d370f83dbc312db20590fdbf3c37789daf1195df62ac620256,REVIEWED_TOP_LEVEL_PROVIDER_NO_PORT,"Runtime changes reservation schema v1 to v2, adds captured-reader paths and issuer-bound request ceilings, and alters retry semantics. Existing v1 receipts and effect API require a coordinated migration.",audit/GATE0_TOP_LEVEL_PROVIDER_SOURCE_REVIEW_2026-09-30.json
src/quant_platform/wizard_dynamic_comparator_activation.py,True,False,1,9b16e3e46e16ce6edfde34c07a8f2755ff0c66d4e7c5d0e6532978dcf7d3f79c,forensic_b;visual_recovery,,,,,REVIEWED_OMITTED_VARIANT_NO_PORT,Historical 9b16e3e46e16ce6edfde34c07a8f2755ff0c66d4e7c5d0e6532978dcf7d3f79c reviewed against selected 305c5fc12baee34c79b5d7862e017bae83b56d9340557f492c73d3abbb93f04e. Selected comparator payload and staged files use governed atomic writes/promotion; historical direct writes and replace bypass shared guards. Retain selected active bytes; no authority or provider use authorized.,audit/GATE0_UNION_OMISSION_GAP_2026-09-30.json; audit/GATE0_OMITTED_UNION_NON_ORCHESTRATION_RECONCILIATION_2026-09-30.json
src/quant_platform/wizard_evidence.py,True,True,2,ad4e7014f2ff32cd8abad8618e85ba7434c16a2c108e4cf82bf62710bd88f251;cf3dca4e04ec24bf111290136ef4859c6e668f580ed35ef0573a34d7eea5bbf4,forensic_b;visual_recovery,CHANGED,d9118a8c11ae186cb5b608febe1bcd5f1f959ab472e11795352891d9d95c62fe,1f3aab9af2849bbff20988734222bc8e1811fdeef6c93812ce36ebcb7273324e,1f3aab9af2849bbff20988734222bc8e1811fdeef6c93812ce36ebcb7273324e,REVIEWED_TOP_LEVEL_PROVIDER_NO_PORT,"Runtime adds v2 run-configuration fields and hashes, cost/interval validation, and capture blockers. Porting whole file would change journal lineage and research sensitivity contracts; isolate later. Omitted forensic variant: A directionally inconsistent Wizard capture could be treated as eligible evidence and its reports would be less crash-safe.",audit/GATE0_TOP_LEVEL_PROVIDER_SOURCE_REVIEW_2026-09-30.json;audit/GATE0_TOP_LEVEL_NINE_UNLISTED_VARIANTS_SUPPLEMENT_2026-09-30.json
src/quant_platform/wizard_hourly_database.py,True,False,1,02f424f424e4d1f32ef26af50d2928ab260053ead9a48b2f85f8379d6e0e85f1,forensic_b;visual_recovery,,,,,REVIEWED_OMITTED_VARIANT_NO_PORT,Historical 02f424f424e4d1f32ef26af50d2928ab260053ead9a48b2f85f8379d6e0e85f1 reviewed against selected 1eba599cde9ab0f541ba6975ca2957ae0464792fc169c9f415f5c0f4cdbdbf40. Selected hourly database CSV is serialized in memory and atomically published; historical writes directly to destination. Retain selected active bytes; no authority or provider use authorized.,audit/GATE0_UNION_OMISSION_GAP_2026-09-30.json; audit/GATE0_OMITTED_UNION_NON_ORCHESTRATION_RECONCILIATION_2026-09-30.json
src/quant_platform/wizard_hyperliquid_bridge.py,True,False,2,83f464a1a8fc1ea8cac4250eab5397891cdc93a0a377a375f08d96a8de76f607;d8c4da0eebcd54c08f85366fa7399fb00ea8a5f5060cf19d79eea55fcedf847d,forensic_b;visual_recovery,,,,,REVIEWED_TOP_LEVEL_PROVIDER_NO_PORT,Active and runtime match. This bridge governs venue handoff; older forensic variants do not supply an isolated safe migration. Omitted forensic variant: The omitted variant has no independent safety-positive bridge change and weakens evidence publication.,audit/GATE0_TOP_LEVEL_PROVIDER_SOURCE_REVIEW_2026-09-30.json;audit/GATE0_TOP_LEVEL_NINE_UNLISTED_VARIANTS_SUPPLEMENT_2026-09-30.json
src/quant_platform/wizard_hyperliquid_mode_proof.py,True,False,2,66ab8cddcd27b7fac443c0cfa9f7fb4a2c4ce0c242de9b23c726b6094034ac23;b388a433532c42f6eec6daa84d5fc924c8ed42755ecc18c48aad1f3c92064568,forensic_b;visual_recovery,,,,,REVIEWED_TOP_LEVEL_PROVIDER_NO_PORT,Active and runtime match. Mode proof is an evidence gate for downstream activation; older forensic variants require separate proof review. Omitted forensic variant: A dry-run proof path would unnecessarily read credential material and publication custody would weaken.,audit/GATE0_TOP_LEVEL_PROVIDER_SOURCE_REVIEW_2026-09-30.json;audit/GATE0_TOP_LEVEL_NINE_UNLISTED_VARIANTS_SUPPLEMENT_2026-09-30.json
src/quant_platform/wizard_local_verification.py,True,False,1,9c5c3d7161ad04f24bcfa77c24750a4b86e2f7ae999658cd14b33425957fc2cf,forensic_b;visual_recovery,,,,,REVIEWED_OMITTED_VARIANT_NO_PORT,Historical 9c5c3d7161ad04f24bcfa77c24750a4b86e2f7ae999658cd14b33425957fc2cf reviewed against selected cdfa47373e90c3063e734ce3b1f32498a1db8b3cfcdea27e3566ea8ecaae6b9c. Selected verification uses canonical normalized two-leg weights and atomic reports; historical duplicates weight arithmetic and directly writes reports. Retain selected active bytes; no authority or provider use authorized.,audit/GATE0_UNION_OMISSION_GAP_2026-09-30.json; audit/GATE0_OMITTED_UNION_NON_ORCHESTRATION_RECONCILIATION_2026-09-30.json
src/quant_platform/wizard_mode_comparison.py,True,False,1,08f39f9863af4b9ff76569c566e08c7b8d09db7cc01179697d28ad8c9ed24fe4,forensic_b;visual_recovery,,,,,REVIEWED_OMITTED_VARIANT_NO_PORT,Historical 08f39f9863af4b9ff76569c566e08c7b8d09db7cc01179697d28ad8c9ed24fe4 reviewed against selected 33a3e0da134308925a42b0e6b6763a4aead6acb6a9c2bb0746a0f5803cdcd91b. Selected comparison CSV/text reports use atomic publication; historical direct writes can publish partial artifacts. Retain selected active bytes; no authority or provider use authorized.,audit/GATE0_UNION_OMISSION_GAP_2026-09-30.json; audit/GATE0_OMITTED_UNION_NON_ORCHESTRATION_RECONCILIATION_2026-09-30.json
src/quant_platform/wizard_mode_replay.py,True,True,2,c7d9675753c02f9ff206116ad42746569788e16c61586d3d70210e496725b3e5;fa8c4a08fd8a1de226eb556d8b0c87d362cc8989d6cb80cf21dbf134fe9c1388,forensic_a;forensic_b;visual_recovery;workspace_outer,CHANGED,775e0a59735974984a9a4fecef6ca5afa97396e58ffe3e5d78fb4beb9887aec7,83e1501e18cc00fb87a601da7d06b6558cdf8d69e8ef7e4b787cf2e32d37e99b,f1947c8c61777104ca1f0531cd459dd1ac397a1c21cb58c50cb883855ac29ac7,REVIEWED_TOP_LEVEL_PROVIDER_NO_PORT,"Runtime changes replay metric validation, copula bounds, dynamic warm-up, and z-score implementation. These change local replay outcomes and need math/economic-contract qualification.",audit/GATE0_TOP_LEVEL_PROVIDER_SOURCE_REVIEW_2026-09-30.json
src/quant_platform/wizard_ou_comparator_activation.py,True,False,2,883e68bfaa23f38fff81258d8bbcef53955d0a5bce07dfaa6a0391f184b1ffd8;be4a74918ae226f0e31bc4db27ff814e4136ff6b78f52dee3bd47f0542a6bc22,forensic_b;visual_recovery,,,,,REVIEWED_TOP_LEVEL_PROVIDER_NO_PORT,Active and runtime match. Older forensic activation copy is unsafe to select without OU promotion-gate review. Omitted forensic variant: Immutable activation evidence could be partially written or race with another writer; the variant supplies no missing activation gate.,audit/GATE0_TOP_LEVEL_PROVIDER_SOURCE_REVIEW_2026-09-30.json;audit/GATE0_TOP_LEVEL_NINE_UNLISTED_VARIANTS_SUPPLEMENT_2026-09-30.json
src/quant_platform/wizard_ou_v4_comparator_activation.py,True,False,1,47a54147aa4fd0d5f3708cf78f9f51f49c503aacc63fd9ff8a8a7a2f21a2c01d,forensic_b,,,,,REVIEWED_TOP_LEVEL_PROVIDER_NO_PORT,Active and runtime match. Older forensic activation copy is unsafe to select without OU v4 promotion-gate review.,audit/GATE0_TOP_LEVEL_PROVIDER_SOURCE_REVIEW_2026-09-30.json
src/quant_platform/wizard_ou_v5_comparator_activation.py,True,False,1,bbffd3659d8498bb6fa1d57d36085d16fba3823d7a10a031b53ebaf3c991cca6,forensic_b,,,,,REVIEWED_TOP_LEVEL_PROVIDER_NO_PORT,Active and runtime match. Older forensic activation copy is unsafe to select without OU v5 promotion-gate review.,audit/GATE0_TOP_LEVEL_PROVIDER_SOURCE_REVIEW_2026-09-30.json
src/quant_platform/wizard_ou_v6_comparator_activation.py,True,False,1,809b4cfb8b389854765f07db94239d6011e8f8d8e9599cde9f4a9a285e3c5f69,forensic_b,,,,,REVIEWED_TOP_LEVEL_PROVIDER_NO_PORT,Active and runtime match. Older forensic activation copy is unsafe to select without OU v6 promotion-gate review.,audit/GATE0_TOP_LEVEL_PROVIDER_SOURCE_REVIEW_2026-09-30.json
src/quant_platform/wizard_pair_detail_ui_bundle.py,True,False,1,037ada6da2cc06c038f7a2b662b30cf8770b8c989677a1f8b56ce68c19c1b967,forensic_b;visual_recovery,,,,,REVIEWED_OMITTED_VARIANT_NO_PORT,Historical 037ada6da2cc06c038f7a2b662b30cf8770b8c989677a1f8b56ce68c19c1b967 reviewed against selected dce7181ef8f07eff0c65aafc1a07c46d73808b48e20750bf22b88102ac281899. Selected bundle uses canonical 14-mode matrix and atomic receipts; historical planned 16 cells include two unsupported pair-page modes and uses direct writes. Retain selected active bytes; no authority or provider use authorized.,audit/GATE0_UNION_OMISSION_GAP_2026-09-30.json; audit/GATE0_OMITTED_UNION_NON_ORCHESTRATION_RECONCILIATION_2026-09-30.json
src/quant_platform/wizard_pair_matrix.py,True,False,1,7f0ccd045dfbb04de7e424899a3a047c053110ab27c28bbf1fd3224f319d6c19,forensic_b;visual_recovery,,,,,REVIEWED_OMITTED_VARIANT_NO_PORT,Historical 7f0ccd045dfbb04de7e424899a3a047c053110ab27c28bbf1fd3224f319d6c19 reviewed against selected 8a29ff43d1578e25a39e18bf55a743a3cf7641cba6915f666ea2c0645234c26a. Selected pair matrix CSV is serialized in memory and atomically published; historical writes directly to destination. Retain selected active bytes; no authority or provider use authorized.,audit/GATE0_UNION_OMISSION_GAP_2026-09-30.json; audit/GATE0_OMITTED_UNION_NON_ORCHESTRATION_RECONCILIATION_2026-09-30.json
src/quant_platform/wizard_research_journal.py,True,True,2,613a99f364bf1ec08b0b727cc04916f454852792e56b244efe57115dabc2b198;6f1193577a1616d84663352d09ccb28bc449d6aebd09a96c2bb3521e2670cf6a,forensic_a;forensic_b;visual_recovery;workspace_outer,CHANGED,47e2a0fd119fb0bec555ac2a66f672a16fd573448e7e4cd4337d0d0ff8d57e3f,58117628715a5d4ab394b830db07e3aead2e63b2ac2b717cbc88fff3c233c46f,58117628715a5d4ab394b830db07e3aead2e63b2ac2b717cbc88fff3c233c46f,REVIEWED_WIZARD_JOURNAL_SCHEMA_GUARD_PORT_REMAINDER_DEFERRED,A narrow isolated source/test commit validates nonempty definitions and same-layer uniqueness while preserving legitimate cross-layer duplicate fields; it rejects a schema-owned journal_layer. The full runtime version wrongly requires journal_layer in the schema and rejects the existing cross-layer definitions.,audit/GATE0_TOP_LEVEL_PROVIDER_SOURCE_REVIEW_2026-09-30.json
src/quant_platform/wizard_run_config.py,False,True,0,,,CHANGED,da5d0c959f6aa38bacee6fdbb92c42a77d5600fe8553bafd76c8ede29ca6ec7d,723769ff422c7f6f42c6ea381d58903815434c6313ca2b14f0702f07878a6ced,723769ff422c7f6f42c6ea381d58903815434c6313ca2b14f0702f07878a6ced,REVIEWED_TOP_LEVEL_PROVIDER_NO_PORT,Runtime changes configuration schema v1 to v2 and canonical hashes/operators/optional settings. This requires coordinated Wizard evidence and lineage migration.,audit/GATE0_TOP_LEVEL_PROVIDER_SOURCE_REVIEW_2026-09-30.json
src/quant_platform/yahoo_crypto.py,True,False,1,50c06dc0cbe3e0a194b7033dd2ee32d74809684c37e9500bbaefb495711abf9a,forensic_b;visual_recovery,,,,,REVIEWED_OMITTED_VARIANT_NO_PORT,Historical 50c06dc0cbe3e0a194b7033dd2ee32d74809684c37e9500bbaefb495711abf9a reviewed against selected 99caa2f05cd9d5a15f428a1d2ff3b0dee876e52ad701eacc5ddaea830e0f6b1f. Selected Yahoo candle and report artifacts use governed atomic writes; historical direct writes can publish partial artifacts. Retain selected active bytes; no authority or provider use authorized.,audit/GATE0_UNION_OMISSION_GAP_2026-09-30.json; audit/GATE0_OMITTED_UNION_NON_ORCHESTRATION_RECONCILIATION_2026-09-30.json
src/quant_platform/youtube_brain.py,True,False,2,0501afad9d86cc33c318c2ca84083477c15609efd9b4f5641c8e4c946fa1d4a1;7ae6a7aea30ec8905d1d0e262a1c4ae4aa5c2f16cce7b651f0aaa7036700ffa9,forensic_b;visual_recovery,,,,,REVIEWED_SELECTIVE_NATIVE_FORMULA_READINESS_PORT_REMAINDER_NO_PORT,"The forensic_b variant distinguishes native claims plus formula evidence from external priors and incomplete native extraction, but both historical variants publish directly. The selected source now carries the narrow readiness rules while retaining atomic CSV/Parquet publication. No whole-file historical port or trading authority is granted.",audit/GATE0_YOUTUBE_BRAIN_SOURCE_DECISION_2026-09-30.json; selective ports 7776c58 and ac28775
src/quant_platform/youtube_caption_insights.py,True,False,1,522baf6aa070a99e8135f622fac9cd20df3d79033b7c06c1040348dfad645993,forensic_b;visual_recovery,,,,,REVIEWED_OMITTED_VARIANT_NO_PORT,Historical 522baf6aa070a99e8135f622fac9cd20df3d79033b7c06c1040348dfad645993 reviewed against selected c0a96601f7f339efdf14a57d598e4d9524f8a35924b62bbce9c0d26418c75513. Selected caption insight CSV/text outputs use governed atomic publication; historical direct writes are weaker. Retain selected active bytes; no authority or provider use authorized.,audit/GATE0_UNION_OMISSION_GAP_2026-09-30.json; audit/GATE0_OMITTED_UNION_NON_ORCHESTRATION_RECONCILIATION_2026-09-30.json
src/quant_platform/youtube_channel_research.py,True,False,1,be2702cc0264e76ef670d7746a56031d9d81c8c0ad27c288811c9fc8dbf85dc2,forensic_b;visual_recovery,,,,,REVIEWED_OMITTED_VARIANT_NO_PORT,Historical be2702cc0264e76ef670d7746a56031d9d81c8c0ad27c288811c9fc8dbf85dc2 reviewed against selected 61562db7d70d16a4ad7492839d468d71650eea15d5ca000205698677454cd0d9. Selected channel snapshot and CSV/text outputs use governed atomic publication; historical direct writes are weaker. Retain selected active bytes; no authority or provider use authorized.,audit/GATE0_UNION_OMISSION_GAP_2026-09-30.json; audit/GATE0_OMITTED_UNION_NON_ORCHESTRATION_RECONCILIATION_2026-09-30.json
src/quant_platform/youtube_hypothesis_validation.py,True,False,1,0ff9981b868ef60442c49a3b53599b573a06e7c3dced25456055da87c4eaeada,forensic_b;visual_recovery,,,,,REVIEWED_OMITTED_VARIANT_NO_PORT,Historical 0ff9981b868ef60442c49a3b53599b573a06e7c3dced25456055da87c4eaeada reviewed against selected 0927593cec965fe053c55d808808d9e92ce283ce4e24d621120083bcd51c6b2a. Selected hypothesis validation CSV/text outputs use governed atomic publication; historical direct writes are weaker. Retain selected active bytes; no authority or provider use authorized.,audit/GATE0_UNION_OMISSION_GAP_2026-09-30.json; audit/GATE0_OMITTED_UNION_NON_ORCHESTRATION_RECONCILIATION_2026-09-30.json
src/quant_platform/zscore_utils.py,True,True,1,e0dcffdc7ad0f8b1acbeaaa6cdcc00f4858bb182aabdc0a2058898ccff629b8a,forensic_b,CHANGED,5389a17a06da83ed63620adf77b098f9d28e2080479f212cffadb506b14d443a,df614baae604efd056e3b3d6c12e249238e61daf9a5658bab708b22b7f2b72ab,df614baae604efd056e3b3d6c12e249238e61daf9a5658bab708b22b7f2b72ab,REVIEWED_TOP_LEVEL_NONVENUE_NARROW_PORT_REMAINDER_DEFERRED,Active value-dependent source choice skips valid zeros and can change historical prefix after future data; isolated tested fix binds source by schema. Selected narrow source commits: c91fac0ff4d35afa51ebdc366be280d0447b4d66; broader runtime changes remain deferred.,audit/GATE0_TOP_LEVEL_NONVENUE_SOURCE_RECONCILIATION_2026-09-30.json; audit/GATE0_TOP_LEVEL_NONVENUE_25_DECISIONS_2026-09-30.json
src/quantized_stat_arb_platform.egg-info/PKG-INFO,True,True,1,3e903933f82d36d9c5ea184029545da02e5a8ad9333f8f298b1d1ae99c6e9de9,forensic_b;visual_recovery,CHANGED,d0fb982aa259782fb69ad861ad6a5a208ab0dac1b753cbb33da33f7abf6858c7,697b4abda800aecb2643270dd3b60446f5e6d93f63b446e334cc6b8aa2c40115,697b4abda800aecb2643270dd3b60446f5e6d93f63b446e334cc6b8aa2c40115,GENERATED_PACKAGE_METADATA_NO_PORT,Ignored generated package metadata. Dependency decisions remain in pyproject.toml and uv.lock.,Exact savepoint/reconciliation SHA-256 match; Git ignored
src/quantized_stat_arb_platform.egg-info/SOURCES.txt,True,True,3,0c7e96dd59bd879e359b442606b45142ec0679c8a46a614ac2ff0f399be09ab1;7309988921af155a9df3b44cd7b4dc1a7daafe8e61f597f941e55d5e8522e893;b1873f2463f7490cedd270f7447216df825d4a99f2c9832a620d1de93a910f55,forensic_b;source_candidate;visual_recovery,CHANGED,2b807f538372eab0667615b4159963b474ba769f493488195a4ca42a9c499ebe,ed00799de2121174375d879fe1d71ea25ab27430f025af2dac7f8e0b99571e8c,c0d4d24cf128825a6a3087d7c667b395eacc69686b91940ddddd6d204b3ba457,GENERATED_PACKAGE_METADATA_NO_PORT,Ignored generated package metadata. Dependency decisions remain in pyproject.toml and uv.lock.,Exact savepoint/reconciliation SHA-256 match; Git ignored
src/quantized_stat_arb_platform.egg-info/requires.txt,True,True,1,d9ac0c7d4d9758ea0459a5c913f7a0e63197d9c3d828ed794d253e289ba41cd4,forensic_b;visual_recovery,CHANGED,0074e121ca43eba1012969b278ec3a8314eda167b63dfe0abf87bc2d19e8cf57,b458591e734762a4e9f0e62069accf83710309e480682a181798fef197080696,b458591e734762a4e9f0e62069accf83710309e480682a181798fef197080696,GENERATED_PACKAGE_METADATA_NO_PORT,Ignored generated package metadata. Dependency decisions remain in pyproject.toml and uv.lock.,Exact savepoint/reconciliation SHA-256 match; Git ignored
tests/candidate_queue_support.py,False,True,0,,,CHANGED,50fcfd02714bd54fec08195539b85f50b5ffc12b229545bd4773392decaa599a,4eb38e5b26b47a16bbf8d140a3f4a82005f06ab2f745ec890fd4c078287642c3,4eb38e5b26b47a16bbf8d140a3f4a82005f06ab2f745ec890fd4c078287642c3,REVIEWED_RETAIN_SELECTED_TEST_NO_PORT,Selected support adds current candidate queue and history contract fixtures; the runtime copy expects a retired history contract and would regress current fixture wiring.,audit/GATE0_REMAINING_PENDING_TEST_SUPPORT_RECONCILIATION_2026-09-30.json
tests/check_late_bootstrap700.py,False,True,0,,,RUNTIME_ONLY,,7455c65135c0e4c0bc8aa9086075df3bbd188d3e74a64190bdc557fe47d77d61,7455c65135c0e4c0bc8aa9086075df3bbd188d3e74a64190bdc557fe47d77d61,REVIEWED_DEPENDENCY_BLOCKED_TEST_NO_PORT,"Runtime test requires quant_platform.orchestration.collection_admission_barrier, absent from the selected dependency contract.",audit/GATE0_REMAINING_PENDING_TEST_SUPPORT_RECONCILIATION_2026-09-30.json
tests/collection_daily_fixture_support.py,False,True,0,,,RUNTIME_ONLY,,b62b6688bbc3b33aba2ae75c997e29dbc47b4b35a4d0bdce4263bbb52503f9b4,b62b6688bbc3b33aba2ae75c997e29dbc47b4b35a4d0bdce4263bbb52503f9b4,REVIEWED_DEPENDENCY_BLOCKED_TEST_NO_PORT,"Runtime test requires src/quant_platform/orchestration/corrective_external_effects.py:ExactHttpResponse, absent from the selected dependency contract.",audit/GATE0_REMAINING_PENDING_TEST_SUPPORT_RECONCILIATION_2026-09-30.json
tests/collection_launcher_native_support.py,False,True,0,,,RUNTIME_ONLY,,caa11db510ffc053b681af3f52c6fb0c59afbcb57e411ebabf7f60ee3dd738c7,caa11db510ffc053b681af3f52c6fb0c59afbcb57e411ebabf7f60ee3dd738c7,REVIEWED_MISSING_ACTIVE_MODULE_TEST_DEFERRED_NO_PORT,This preserved runtime-only test or fixture is absent from the active checkout and directly imports at least one module absent from the active package; it cannot collect against the canonical source until the corresponding source cohort is reviewed and ported.,audit/GATE0_MISSING_MODULE_TEST_REVIEW_2026-09-30.json
tests/collection_observer_negative_support.py,False,True,0,,,RUNTIME_ONLY,,6802fa078e6016b087502826fc4b0efe5f447a7813d2e99da6b3fd68813e1c44,6802fa078e6016b087502826fc4b0efe5f447a7813d2e99da6b3fd68813e1c44,REVIEWED_MISSING_ACTIVE_MODULE_TEST_DEFERRED_NO_PORT,This preserved runtime-only test or fixture is absent from the active checkout and directly imports at least one module absent from the active package; it cannot collect against the canonical source until the corresponding source cohort is reviewed and ported.,audit/GATE0_MISSING_MODULE_TEST_REVIEW_2026-09-30.json
tests/collection_overlay_fixture_support.py,False,True,0,,,RUNTIME_ONLY,,e805b9a25c0f889cf0163c3b071fcf3b76a1102e66c0cc07696b5bfeed7776fd,e805b9a25c0f889cf0163c3b071fcf3b76a1102e66c0cc07696b5bfeed7776fd,REVIEWED_DEPENDENCY_BLOCKED_TEST_NO_PORT,"Runtime test requires src/quant_platform/orchestration/current_wizard_hyperliquid_costs.py:materialize_prepared_current_wizard_hyperliquid_cost_evidence, absent from the selected dependency contract.",audit/GATE0_REMAINING_PENDING_TEST_SUPPORT_RECONCILIATION_2026-09-30.json
tests/collection_profile715.py,False,True,0,,,RUNTIME_ONLY,,1e76ccc5788078399ee88c43f2266e6a58cd8ca54f093ff4af33da5750ff591a,1e76ccc5788078399ee88c43f2266e6a58cd8ca54f093ff4af33da5750ff591a,REVIEWED_DEPENDENCY_BLOCKED_TEST_NO_PORT,Runtime-only helper is consumed by an absent collection profile test and has no selected active consumer.,audit/GATE0_REMAINING_PENDING_TEST_SUPPORT_RECONCILIATION_2026-09-30.json
tests/collection_publication_profile724.py,False,True,0,,,RUNTIME_ONLY,,a7616541706cf5279560ad09b77486d2f9bde9f837c4f8d9bcb344aae585dcee,a7616541706cf5279560ad09b77486d2f9bde9f837c4f8d9bcb344aae585dcee,REVIEWED_DEPENDENCY_BLOCKED_TEST_NO_PORT,Runtime-only helper belongs to the absent legacy publication profile suite.,audit/GATE0_REMAINING_PENDING_TEST_SUPPORT_RECONCILIATION_2026-09-30.json
tests/collection_watchdog_native_support.py,False,True,0,,,RUNTIME_ONLY,,de6340a91c2209dcd551ae913a78d81aaa9fa4ef01f630cedd3fd332f7765428,de6340a91c2209dcd551ae913a78d81aaa9fa4ef01f630cedd3fd332f7765428,REVIEWED_MISSING_ACTIVE_MODULE_TEST_DEFERRED_NO_PORT,This preserved runtime-only test or fixture is absent from the active checkout and directly imports at least one module absent from the active package; it cannot collect against the canonical source until the corresponding source cohort is reviewed and ported.,audit/GATE0_MISSING_MODULE_TEST_REVIEW_2026-09-30.json
tests/conftest.py,False,True,0,,,CHANGED,8380be1ed3fd331d6b0700c95d9f180b118899a74ad986d6e47257702fa60c06,f1b7a27a065773fad5183d387ddc0cb5de34ce7630f5053b2867219487893e0b,f1b7a27a065773fad5183d387ddc0cb5de34ce7630f5053b2867219487893e0b,REVIEWED_RETAIN_SELECTED_TEST_NO_PORT,Selected collection and publication profiles carry the current suite fixture contract; the runtime copy expects absent legacy publication profile fixtures.,audit/GATE0_REMAINING_PENDING_TEST_SUPPORT_RECONCILIATION_2026-09-30.json
tests/native_handoff_fixture_support.py,False,True,0,,,RUNTIME_ONLY,,3b78a7da3f630cc244bd0bb376f0f559cf99cb8c97677240633cc3b53fc018ea,3b78a7da3f630cc244bd0bb376f0f559cf99cb8c97677240633cc3b53fc018ea,REVIEWED_DEPENDENCY_BLOCKED_TEST_NO_PORT,Runtime-only native handoff helper belongs to an absent stage 3/4 rehearsal suite.,audit/GATE0_REMAINING_PENDING_TEST_SUPPORT_RECONCILIATION_2026-09-30.json
tests/native_inventory_fixture_support.py,False,True,0,,,RUNTIME_ONLY,,e8e250ea581860bff7cfda4d96e72fc4e9bc46f37d67a8012e85c43ae9ec43cf,e8e250ea581860bff7cfda4d96e72fc4e9bc46f37d67a8012e85c43ae9ec43cf,REVIEWED_DEPENDENCY_BLOCKED_TEST_NO_PORT,"Runtime test requires quant_platform.orchestration.corrective_external_effects.ExactHttpRequest, absent from the selected dependency contract.",audit/GATE0_REMAINING_PENDING_TEST_SUPPORT_RECONCILIATION_2026-09-30.json
tests/pair_cost_bundle_support.py,False,True,0,,,CHANGED,ac96420a1841f82f14091a1a05ecfc7681d55963e9caf1881d5af895e34e0ac1,23e66c76413910b6f64c7d51c345baa2ad90d505fb42ae22cbd3c56b6b6438a4,23e66c76413910b6f64c7d51c345baa2ad90d505fb42ae22cbd3c56b6b6438a4,REVIEWED_EXACT_POLICY_TEST_SUPPORT_PORT,Ported preserved pair-cost test support bytes exactly for the selected cadence checks.,audit/GATE0_SELECTED_SAFETY_SOURCE_RECONCILIATION_2026-09-30.json
tests/postseal_materialized_artifact_currentness.py,False,True,0,,,RUNTIME_ONLY,,6fa8f957dc920b2196377e52df2cfd837178bc763842960ec1a0b764403f580c,6fa8f957dc920b2196377e52df2cfd837178bc763842960ec1a0b764403f580c,REVIEWED_DEPENDENCY_BLOCKED_TEST_NO_PORT,Runtime-only postseal helper belongs to absent postseal currentness checks.,audit/GATE0_REMAINING_PENDING_TEST_SUPPORT_RECONCILIATION_2026-09-30.json
tests/precollection_fixture_support.py,False,True,0,,,RUNTIME_ONLY,,ad47811cfe8b1caf89244e44529e0e0e18670fa034283344434959a0d13293a3,ad47811cfe8b1caf89244e44529e0e0e18670fa034283344434959a0d13293a3,REVIEWED_MISSING_ACTIVE_MODULE_TEST_DEFERRED_NO_PORT,This preserved runtime-only test or fixture is absent from the active checkout and directly imports at least one module absent from the active package; it cannot collect against the canonical source until the corresponding source cohort is reviewed and ported.,audit/GATE0_MISSING_MODULE_TEST_REVIEW_2026-09-30.json
tests/runtime_separation_fixture_support.py,False,True,0,,,RUNTIME_ONLY,,899540cc3624d4d142e838b7c9da78d05d9d2bf74829fba89292ccfbcc92330e,899540cc3624d4d142e838b7c9da78d05d9d2bf74829fba89292ccfbcc92330e,REVIEWED_DEPENDENCY_BLOCKED_TEST_NO_PORT,Runtime-only separation helper belongs to an absent startup preflight test.,audit/GATE0_REMAINING_PENDING_TEST_SUPPORT_RECONCILIATION_2026-09-30.json
tests/subprocess_environment_support.py,False,True,0,,,RUNTIME_ONLY,,f3d893eff5aba8a4b1faca136747ffedcbedc6e0990da5cb02c1784fd1346d34,f3d893eff5aba8a4b1faca136747ffedcbedc6e0990da5cb02c1784fd1346d34,REVIEWED_DEPENDENCY_BLOCKED_TEST_NO_PORT,Runtime-only subprocess helper has no selected consumer; its consumers are historical corrective tests.,audit/GATE0_REMAINING_PENDING_TEST_SUPPORT_RECONCILIATION_2026-09-30.json
tests/test_accounting_repairs.py,False,True,0,,,RUNTIME_ONLY,,0771b03b34eda3291976781eeeebb3bc50b73cfe427da53a4a263a31045823d4,0771b03b34eda3291976781eeeebb3bc50b73cfe427da53a4a263a31045823d4,REVIEWED_REPLACED_BY_VERSIONED_V23_TEST,Preserved runtime-only test adapted into tests/test_accounting_repairs_v23.py; original bytes remain in Mac savepoint and source-delta custody.,audit/GATE0_ACCOUNTING_CANDIDATE_DECISION_2026-09-30.json; exact LocalRuntime and Mac savepoint hashes; off-drive 167-pass direct and 2509-case full JUnits; profit-factor and boolean-input probes; audit/GATE0_ACCOUNTING_QUALIFICATION_2026-09-30.json; qualified-source manifest and full JUnit SHA-256; audit/GATE0_V23_SOURCE_TRANSITION_2026-09-30.json
tests/test_active_pipeline.py,True,True,2,019d0e00d1050c529bc7c4090bab4e750a8928ea9becb7ef9022e0f579a26e89;cfd6b930864fbc4f487665547d965977cc59db4334ea315ea3b5b46f1a4a7a69,forensic_b;visual_recovery,CHANGED,5ff039ce58ff7b1a08e40df3ca90f84ed42c0a0469f46bfbf23a93280c424442,ccc8f1705c214b0bde2dd913df20a69c09176ad4b21eef4ebb231ce843f610ba,ccc8f1705c214b0bde2dd913df20a69c09176ad4b21eef4ebb231ce843f610ba,REVIEWED_DEPENDENCY_BLOCKED_TEST_NO_PORT,Runtime proxy quarantine test requires absent payload legacy-proxy declaration helper.,audit/GATE0_REMAINING_PENDING_TEST_SUPPORT_RECONCILIATION_2026-09-30.json
tests/test_api_extraction.py,True,False,1,30bdcdf545403b2917125528bc0ac2132f4cbb8ebcfe839c023c579118e22efb,forensic_b;visual_recovery,,,,,REVIEWED_OMITTED_VARIANT_NO_PORT,Historical 30bdcdf545403b2917125528bc0ac2132f4cbb8ebcfe839c023c579118e22efb reviewed against selected 1c09cda0e41b276f5823dca1fe022cf3100d28737f8646cca5353cc689eb67e8. Selected regression tests prove official and unknown Wizard endpoints cannot bypass governed transport; historical tests lack these cases. Retain selected active bytes; no authority or provider use authorized.,audit/GATE0_UNION_OMISSION_GAP_2026-09-30.json; audit/GATE0_OMITTED_UNION_NON_ORCHESTRATION_RECONCILIATION_2026-09-30.json
tests/test_apify_sources.py,False,True,1,fc8c01a350ae48822a88138b6c252d01eebf605385c1625b87e91461a678baac,forensic_b;visual_recovery,CHANGED,3812994627b533ff53ebc2abf63dd13085cac1da9323c508c608b02790eff3df,4c801a614883662a3d1591a7b2fd8519a2399cd0fd1d1a57761aa446dcce98c9,4c801a614883662a3d1591a7b2fd8519a2399cd0fd1d1a57761aa446dcce98c9,REVIEWED_RETAIN_SELECTED_TEST_NO_PORT,Selected assertions use the current secret fixture and exact source list; forensic copies only alter older fixture expectations.,audit/GATE0_REMAINING_PENDING_TEST_SUPPORT_RECONCILIATION_2026-09-30.json
tests/test_authoritative_lineage_closure.py,False,True,0,,,RUNTIME_ONLY,,9c017be88c749250b64b898eba6b332295581d88dc28564d9d2fe6ad9d64d4b5,9c017be88c749250b64b898eba6b332295581d88dc28564d9d2fe6ad9d64d4b5,REVIEWED_DEPENDENCY_BLOCKED_TEST_NO_PORT,"Runtime test requires scripts.build_authoritative_lineage_closure, absent from the selected dependency contract.",audit/GATE0_REMAINING_PENDING_TEST_SUPPORT_RECONCILIATION_2026-09-30.json
tests/test_backtest.py,True,True,2,16848e74c234e4b47291134deb7a46853360564de8bf1182f2c882e639d7f417;77504a189c96d3077bb1b422b53830f9ba00ecdbbef64eebb54d29afc0fab6ac,forensic_b;visual_recovery,CHANGED,689490c8491e8c1cc0110d0d35503d66a8ec180c9efc5614fc627eeb38a52ee0,91d660b2c6c6edbf100eacded3769855ed7584f1657eb45952219b8e3bbf18f8,91d660b2c6c6edbf100eacded3769855ed7584f1657eb45952219b8e3bbf18f8,REVIEWED_RETAIN_SELECTED_TEST_NO_PORT,Selected tests cover current V2.3 backtest semantics; the extra runtime crossing truth-table case is tautological and adds no independent contract.,audit/GATE0_REMAINING_PENDING_TEST_SUPPORT_RECONCILIATION_2026-09-30.json
tests/test_binance_testnet.py,False,True,1,c6905fbf01b80c13d3a74b2d270fe7887b2f5e63a007c1e3dcc5d675ad06f7c9,forensic_b;visual_recovery,CHANGED,e75b6eaefb206562b862999c380e79378aab82ff2f3c7daca51387137189964f,1c0d58827f51f086adfcd0e2e780863bf67e89a0f6a11098a47030caea523d78,1c0d58827f51f086adfcd0e2e780863bf67e89a0f6a11098a47030caea523d78,REVIEWED_DOMAIN_AUTHORITY_DEPENDENCY_DEFERRED_NO_PORT,Runtime adds canonical instance-method shadow denial. Historical forensic tests instead permit a testnet submission path and omit active gate00g denial. Review the runtime adapter guard and its test together; retain selected active tests now.,audit/GATE0_DOMAIN_TEST_COHORT_REVIEW_2026-09-30.json; exact selected/frozen/runtime/recovery/extended hashes
tests/test_boot701.py,False,True,0,,,RUNTIME_ONLY,,09ff4cbdf4a81b703e9da1bde330254d843365dc1f90ba31fa5fba0b5796049c,09ff4cbdf4a81b703e9da1bde330254d843365dc1f90ba31fa5fba0b5796049c,REVIEWED_DEPENDENCY_BLOCKED_TEST_NO_PORT,Runtime test dynamically loads absent Darwin boot identity source.,audit/GATE0_REMAINING_PENDING_TEST_SUPPORT_RECONCILIATION_2026-09-30.json
tests/test_campaign_schedule674.py,False,True,0,,,RUNTIME_ONLY,,e5d9c905d5e8bf7fc394f1de648323384c2fc48cc8886c0d84f3e6781443cb26,e5d9c905d5e8bf7fc394f1de648323384c2fc48cc8886c0d84f3e6781443cb26,REVIEWED_MISSING_ACTIVE_MODULE_TEST_DEFERRED_NO_PORT,This preserved runtime-only test or fixture is absent from the active checkout and directly imports at least one module absent from the active package; it cannot collect against the canonical source until the corresponding source cohort is reviewed and ported.,audit/GATE0_MISSING_MODULE_TEST_REVIEW_2026-09-30.json
tests/test_canonical_wizard_hyperliquid_contract.py,True,False,1,1224532fdf002ffb2bb241e66220496ef24d1bd172aef0d853d12105dd245700,forensic_b,,,,,REVIEWED_RETAIN_SELECTED_TEST_NO_PORT,Selected and runtime tests have identical bytes; the distinct forensic copy predates the selected canonical contract.,audit/GATE0_REMAINING_PENDING_TEST_SUPPORT_RECONCILIATION_2026-09-30.json
tests/test_capture_input_minimization.cjs,False,True,0,,,RUNTIME_ONLY,,1269dd8267a5d66966f734710ad0260da0596060b5abd1f49c243da0416c0cdc,1269dd8267a5d66966f734710ad0260da0596060b5abd1f49c243da0416c0cdc,PRESERVED_REVIEW_REQUIRED_NO_PORT,,
tests/test_charge_retry660.py,False,True,0,,,RUNTIME_ONLY,,3e67a03fb21508e1e46f7ff06c915f2b032d52179122e7558e6000646e03b78f,3e67a03fb21508e1e46f7ff06c915f2b032d52179122e7558e6000646e03b78f,REVIEWED_DEPENDENCY_BLOCKED_TEST_NO_PORT,"Runtime test requires quant_platform.orchestration.corrective_external_effects.external_effect_worker_session, absent from the selected dependency contract.",audit/GATE0_REMAINING_PENDING_TEST_SUPPORT_RECONCILIATION_2026-09-30.json
tests/test_cli.py,True,True,1,bc1f9dfd2f8618b73c9a8fabf02763093a103fa95ca8aa6f0f771bd0248bdf18,forensic_a;forensic_b;visual_recovery;workspace_outer,CHANGED,9f0b80e555a896dfbfac2983417eaabe17333828eab908ae26560dbf25948eb3,6fe641c4ee96cf74aaed3b53683902b1e6a9c2ca865717f4d096b74b88591fb9,6fe641c4ee96cf74aaed3b53683902b1e6a9c2ca865717f4d096b74b88591fb9,REVIEWED_DEPENDENCY_BLOCKED_TEST_NO_PORT,Runtime test requires dYdX direct fallback and transport guards that differ from the selected indexer adapter contract.,audit/GATE0_REMAINING_PENDING_TEST_SUPPORT_RECONCILIATION_2026-09-30.json
tests/test_closure_predecessor_currentness.py,False,True,0,,,RUNTIME_ONLY,,ecd94cfc5714beacec4d51ee156cbc45d2f5a5f87b1d4355c8c5bf4d86495269,ecd94cfc5714beacec4d51ee156cbc45d2f5a5f87b1d4355c8c5bf4d86495269,REVIEWED_DEPENDENCY_BLOCKED_TEST_NO_PORT,"Runtime test requires scripts.validate_full_video_gap_rescrub, absent from the selected dependency contract.",audit/GATE0_REMAINING_PENDING_TEST_SUPPORT_RECONCILIATION_2026-09-30.json
tests/test_collection_barrier664.py,False,True,0,,,RUNTIME_ONLY,,4a502c808e6215ddf88e30fbef59b8bc413bc185e37e1142d8fe6ec9d6408c06,4a502c808e6215ddf88e30fbef59b8bc413bc185e37e1142d8fe6ec9d6408c06,REVIEWED_EFFECT_V6_DEPENDENCY_NO_PORT,"Direct barrier test depends on runtime-only collection route, owner, lease, or release components.",audit/GATE0_EFFECT_V6_TRIO_REVIEW_2026-09-30.json
tests/test_collection_campaign_identity.py,False,True,0,,,RUNTIME_ONLY,,509a71a6c0fbbb7cc1c2c46ff411c2c371b04a2207d4ea5a59306b34e442d1c3,509a71a6c0fbbb7cc1c2c46ff411c2c371b04a2207d4ea5a59306b34e442d1c3,REVIEWED_MISSING_ACTIVE_MODULE_TEST_DEFERRED_NO_PORT,This preserved runtime-only test or fixture is absent from the active checkout and directly imports at least one module absent from the active package; it cannot collect against the canonical source until the corresponding source cohort is reviewed and ported.,audit/GATE0_MISSING_MODULE_TEST_REVIEW_2026-09-30.json
tests/test_collection_candle_paths.py,False,True,0,,,RUNTIME_ONLY,,b13c0d3986ab83a3d3267c1e92334df220626a66580c393a5ccdfe023f49baa4,b13c0d3986ab83a3d3267c1e92334df220626a66580c393a5ccdfe023f49baa4,REVIEWED_DEPENDENCY_BLOCKED_COLLECTION_TEST_NO_PORT,LocalRuntime test b13c0d3986ab83a3d3267c1e92334df220626a66580c393a5ccdfe023f49baa4 is absent selected active. Selected active src/quant_platform/hyperliquid.py lacks hyperliquid_candle_output_paths. Preserve test for coordinated collection dependency review; no isolated port or authority grant. ,; audit/GATE0_COLLECTION_PENDING_TEST_RECONCILIATION_2026-09-30.json
tests/test_collection_chain_completion.py,False,True,0,,,RUNTIME_ONLY,,73f9a027378aca7af67e93eb94e6609847a07938679e552c4a73ff04b5a4d22e,73f9a027378aca7af67e93eb94e6609847a07938679e552c4a73ff04b5a4d22e,REVIEWED_DEPENDENCY_BLOCKED_COLLECTION_TEST_NO_PORT,LocalRuntime test 73f9a027378aca7af67e93eb94e6609847a07938679e552c4a73ff04b5a4d22e is absent selected active. Selected active src/quant_platform/orchestration/current_wizard_hyperliquid_validation.py lacks capture_completed_chain_inputs. Preserve test for coordinated collection dependency review; no isolated port or authority grant. ,; audit/GATE0_COLLECTION_PENDING_TEST_RECONCILIATION_2026-09-30.json
tests/test_collection_chain_preparation.py,False,True,0,,,RUNTIME_ONLY,,23d96ed77740d9f9d1ec2d5f9b6529b6d653512a76c801340c5480566d1f3c17,23d96ed77740d9f9d1ec2d5f9b6529b6d653512a76c801340c5480566d1f3c17,REVIEWED_DEPENDENCY_BLOCKED_COLLECTION_TEST_NO_PORT,LocalRuntime test 23d96ed77740d9f9d1ec2d5f9b6529b6d653512a76c801340c5480566d1f3c17 is absent selected active. Selected active src/quant_platform/orchestration/current_wizard_hyperliquid_validation.py lacks prepare_current_wizard_hyperliquid_chain_validation. Preserve test for coordinated collection dependency review; no isolated port or authority grant. ,; audit/GATE0_COLLECTION_PENDING_TEST_RECONCILIATION_2026-09-30.json
tests/test_collection_chain_semantics.py,False,True,0,,,RUNTIME_ONLY,,8aaedee0041e3d7c8dabf163dde2ec0109f309fa389a17bae03b95031df31bb9,8aaedee0041e3d7c8dabf163dde2ec0109f309fa389a17bae03b95031df31bb9,REVIEWED_MISSING_ACTIVE_MODULE_TEST_DEFERRED_NO_PORT,This preserved runtime-only test or fixture is absent from the active checkout and directly imports at least one module absent from the active package; it cannot collect against the canonical source until the corresponding source cohort is reviewed and ported.,audit/GATE0_MISSING_MODULE_TEST_REVIEW_2026-09-30.json
tests/test_collection_completed_refresh.py,False,True,0,,,RUNTIME_ONLY,,87cf1364d8239d48d8d3dab238bc7f486f8f12b284696c24f722caf3faa4b64d,87cf1364d8239d48d8d3dab238bc7f486f8f12b284696c24f722caf3faa4b64d,REVIEWED_DEPENDENCY_BLOCKED_COLLECTION_TEST_NO_PORT,LocalRuntime test 87cf1364d8239d48d8d3dab238bc7f486f8f12b284696c24f722caf3faa4b64d is absent selected active. Selected active src/quant_platform/orchestration/exhaustive_wizard_api_refresh.py lacks capture_completed_exhaustive_wizard_api_refresh_inputs. Preserve test for coordinated collection dependency review; no isolated port or authority grant. ,; audit/GATE0_COLLECTION_PENDING_TEST_RECONCILIATION_2026-09-30.json
tests/test_collection_concentration_preparation.py,False,True,0,,,RUNTIME_ONLY,,66df24496816d4379331f09c321aaa2a0aa6e12b821a84e02a1e1ef4866388ff,66df24496816d4379331f09c321aaa2a0aa6e12b821a84e02a1e1ef4866388ff,REVIEWED_DEPENDENCY_BLOCKED_COLLECTION_TEST_NO_PORT,LocalRuntime test 66df24496816d4379331f09c321aaa2a0aa6e12b821a84e02a1e1ef4866388ff is absent selected active. Selected active src/quant_platform/orchestration/current_wizard_hyperliquid_concentration.py lacks prepare_current_wizard_hyperliquid_concentration. Preserve test for coordinated collection dependency review; no isolated port or authority grant. ,; audit/GATE0_COLLECTION_PENDING_TEST_RECONCILIATION_2026-09-30.json
tests/test_collection_cost_preparation.py,False,True,0,,,RUNTIME_ONLY,,a69914545d7b9487aeef1fda435d6a53b3aec1e39bfa74ddd67db720c5f55ebc,a69914545d7b9487aeef1fda435d6a53b3aec1e39bfa74ddd67db720c5f55ebc,REVIEWED_DEPENDENCY_BLOCKED_COLLECTION_TEST_NO_PORT,LocalRuntime test a69914545d7b9487aeef1fda435d6a53b3aec1e39bfa74ddd67db720c5f55ebc is absent selected active. Selected active src/quant_platform/orchestration/current_wizard_hyperliquid_costs.py lacks prepare_current_wizard_hyperliquid_cost_evidence. Preserve test for coordinated collection dependency review; no isolated port or authority grant. ,; audit/GATE0_COLLECTION_PENDING_TEST_RECONCILIATION_2026-09-30.json
tests/test_collection_credit_reader.py,False,True,0,,,RUNTIME_ONLY,,c9de889ee18abd5d7b7f51811e621696d68a02c935321e5f07cc98f3c2990db0,c9de889ee18abd5d7b7f51811e621696d68a02c935321e5f07cc98f3c2990db0,REVIEWED_DEPENDENCY_BLOCKED_COLLECTION_TEST_NO_PORT,LocalRuntime test c9de889ee18abd5d7b7f51811e621696d68a02c935321e5f07cc98f3c2990db0 is absent selected active. Selected active src/quant_platform/wizard_credit_ledger.py function validate_wizard_credit_lane_evidence lacks the captured_reader parameter. Preserve test for coordinated collection dependency review; no isolated port or authority grant. ,; audit/GATE0_COLLECTION_PENDING_TEST_RECONCILIATION_2026-09-30.json
tests/test_collection_daily_entry.py,False,True,0,,,RUNTIME_ONLY,,1dba0fe43d5a6e6db6ae8be6e3996ac8e7b164c7c6e80ce8f93a62fce67007fe,1dba0fe43d5a6e6db6ae8be6e3996ac8e7b164c7c6e80ce8f93a62fce67007fe,REVIEWED_DEPENDENCY_BLOCKED_COLLECTION_TEST_NO_PORT,LocalRuntime test 1dba0fe43d5a6e6db6ae8be6e3996ac8e7b164c7c6e80ce8f93a62fce67007fe is absent selected active. Selected active source module src/quant_platform/orchestration/collection_daily_entry.py is absent. Preserve test for coordinated collection dependency review; no isolated port or authority grant. ,; audit/GATE0_COLLECTION_PENDING_TEST_RECONCILIATION_2026-09-30.json
tests/test_collection_daily_finalization.py,False,True,0,,,RUNTIME_ONLY,,3d883f7afbac4cabda2c8d78e40720b741a75748f119ca15cff0b7d0eabd6845,3d883f7afbac4cabda2c8d78e40720b741a75748f119ca15cff0b7d0eabd6845,REVIEWED_MISSING_ACTIVE_MODULE_TEST_DEFERRED_NO_PORT,This preserved runtime-only test or fixture is absent from the active checkout and directly imports at least one module absent from the active package; it cannot collect against the canonical source until the corresponding source cohort is reviewed and ported.,audit/GATE0_MISSING_MODULE_TEST_REVIEW_2026-09-30.json
tests/test_collection_daily_route.py,False,True,0,,,RUNTIME_ONLY,,3c17909791ce3b94214ffeea51f29ff28d8401d7001c3ee2004dceb7947bdcc8,3c17909791ce3b94214ffeea51f29ff28d8401d7001c3ee2004dceb7947bdcc8,REVIEWED_DEPENDENCY_BLOCKED_COLLECTION_TEST_NO_PORT,LocalRuntime test 3c17909791ce3b94214ffeea51f29ff28d8401d7001c3ee2004dceb7947bdcc8 is absent selected active. Selected active source module src/quant_platform/orchestration/collection_daily_entry.py is absent. Preserve test for coordinated collection dependency review; no isolated port or authority grant. ,; audit/GATE0_COLLECTION_PENDING_TEST_RECONCILIATION_2026-09-30.json
tests/test_collection_daily_runner_paths.py,False,True,0,,,RUNTIME_ONLY,,aff098f155fa7a77c58c7e20b50498e50fc2cf91791437c26cd86cbd8bb292c2,aff098f155fa7a77c58c7e20b50498e50fc2cf91791437c26cd86cbd8bb292c2,REVIEWED_DEPENDENCY_BLOCKED_COLLECTION_TEST_NO_PORT,LocalRuntime test aff098f155fa7a77c58c7e20b50498e50fc2cf91791437c26cd86cbd8bb292c2 is absent selected active. Selected active src/quant_platform/orchestration/current_wizard_hyperliquid_daily_runner.py lacks daily_pipeline_output_paths. Preserve test for coordinated collection dependency review; no isolated port or authority grant. ,; audit/GATE0_COLLECTION_PENDING_TEST_RECONCILIATION_2026-09-30.json
tests/test_collection_discovery_paths.py,False,True,0,,,RUNTIME_ONLY,,95599d7ae123207b1ca024b2909cdf96736a2b9fc598d3487ea7e705fe7adc3a,95599d7ae123207b1ca024b2909cdf96736a2b9fc598d3487ea7e705fe7adc3a,REVIEWED_DEPENDENCY_BLOCKED_COLLECTION_TEST_NO_PORT,LocalRuntime test 95599d7ae123207b1ca024b2909cdf96736a2b9fc598d3487ea7e705fe7adc3a is absent selected active. Selected active src/quant_platform/crypto_wizards_sweep.py lacks wizard_discovery_output_paths. Preserve test for coordinated collection dependency review; no isolated port or authority grant. ,; audit/GATE0_COLLECTION_PENDING_TEST_RECONCILIATION_2026-09-30.json
tests/test_collection_discovery_stage.py,False,True,0,,,RUNTIME_ONLY,,bf7d0bae245b86530933fc256e878d340b8a09d96cc2251320874b6054fa202a,bf7d0bae245b86530933fc256e878d340b8a09d96cc2251320874b6054fa202a,REVIEWED_MISSING_ACTIVE_MODULE_TEST_DEFERRED_NO_PORT,This preserved runtime-only test or fixture is absent from the active checkout and directly imports at least one module absent from the active package; it cannot collect against the canonical source until the corresponding source cohort is reviewed and ported.,audit/GATE0_MISSING_MODULE_TEST_REVIEW_2026-09-30.json
tests/test_collection_display_evidence.py,False,True,0,,,RUNTIME_ONLY,,6f01960a387a7f86e1b164a7264a3a92f4c151f0813b36a8413e0b50731c4410,6f01960a387a7f86e1b164a7264a3a92f4c151f0813b36a8413e0b50731c4410,REVIEWED_MISSING_ACTIVE_MODULE_TEST_DEFERRED_NO_PORT,This preserved runtime-only test or fixture is absent from the active checkout and directly imports at least one module absent from the active package; it cannot collect against the canonical source until the corresponding source cohort is reviewed and ported.,audit/GATE0_MISSING_MODULE_TEST_REVIEW_2026-09-30.json
tests/test_collection_display_preparation.py,False,True,0,,,RUNTIME_ONLY,,8eab2c4684a19f988cb76479026e364535ed82062649fa52d5952ff2eeb56d06,8eab2c4684a19f988cb76479026e364535ed82062649fa52d5952ff2eeb56d06,REVIEWED_DEPENDENCY_BLOCKED_COLLECTION_TEST_NO_PORT,LocalRuntime test 8eab2c4684a19f988cb76479026e364535ed82062649fa52d5952ff2eeb56d06 is absent selected active. Selected active source module src/quant_platform/orchestration/current_wizard_collection_display.py is absent. Preserve test for coordinated collection dependency review; no isolated port or authority grant. ,; audit/GATE0_COLLECTION_PENDING_TEST_RECONCILIATION_2026-09-30.json
tests/test_collection_failure_preparation.py,False,True,0,,,RUNTIME_ONLY,,8bd3fdee3c52190f0fe2eb4e78b117e1daec1609c4217cf085df21e28cde08de,8bd3fdee3c52190f0fe2eb4e78b117e1daec1609c4217cf085df21e28cde08de,REVIEWED_DEPENDENCY_BLOCKED_COLLECTION_TEST_NO_PORT,LocalRuntime test 8bd3fdee3c52190f0fe2eb4e78b117e1daec1609c4217cf085df21e28cde08de is absent selected active. Selected active src/quant_platform/orchestration/current_wizard_hyperliquid_failure_attribution.py lacks prepare_current_wizard_hyperliquid_failure_attribution. Preserve test for coordinated collection dependency review; no isolated port or authority grant. ,; audit/GATE0_COLLECTION_PENDING_TEST_RECONCILIATION_2026-09-30.json
tests/test_collection_funding_paths.py,False,True,0,,,RUNTIME_ONLY,,734841c52bfc6a2b46e0d0982c9005bddd5cd11a8506dabe73a1e262e8a94014,734841c52bfc6a2b46e0d0982c9005bddd5cd11a8506dabe73a1e262e8a94014,REVIEWED_DEPENDENCY_BLOCKED_COLLECTION_TEST_NO_PORT,LocalRuntime test 734841c52bfc6a2b46e0d0982c9005bddd5cd11a8506dabe73a1e262e8a94014 is absent selected active. Selected active src/quant_platform/hyperliquid.py lacks hyperliquid_funding_output_paths. Preserve test for coordinated collection dependency review; no isolated port or authority grant. ,; audit/GATE0_COLLECTION_PENDING_TEST_RECONCILIATION_2026-09-30.json
tests/test_collection_handoff_preparation.py,False,True,0,,,RUNTIME_ONLY,,34eafefe134a9de784f6d4512bf90fa0d331f44d2d09dc45cb97c218a95bee96,34eafefe134a9de784f6d4512bf90fa0d331f44d2d09dc45cb97c218a95bee96,REVIEWED_DEPENDENCY_BLOCKED_COLLECTION_TEST_NO_PORT,LocalRuntime test 34eafefe134a9de784f6d4512bf90fa0d331f44d2d09dc45cb97c218a95bee96 is absent selected active. Selected active src/quant_platform/orchestration/current_wizard_hyperliquid_handoff.py lacks prepare_current_wizard_hyperliquid_handoff. Preserve test for coordinated collection dependency review; no isolated port or authority grant. ,; audit/GATE0_COLLECTION_PENDING_TEST_RECONCILIATION_2026-09-30.json
tests/test_collection_handoff_semantics.py,False,True,0,,,RUNTIME_ONLY,,8d9dfcf4d67cb5547a860e79d92b011161acb21f3d9599f8713b90310d7eb505,8d9dfcf4d67cb5547a860e79d92b011161acb21f3d9599f8713b90310d7eb505,REVIEWED_MISSING_ACTIVE_MODULE_TEST_DEFERRED_NO_PORT,This preserved runtime-only test or fixture is absent from the active checkout and directly imports at least one module absent from the active package; it cannot collect against the canonical source until the corresponding source cohort is reviewed and ported.,audit/GATE0_MISSING_MODULE_TEST_REVIEW_2026-09-30.json
tests/test_collection_history_preparation.py,False,True,0,,,RUNTIME_ONLY,,ff32f63a2faaf65d96dcdd6e90b915116056586801220b90701c6d646b452e9d,ff32f63a2faaf65d96dcdd6e90b915116056586801220b90701c6d646b452e9d,REVIEWED_DEPENDENCY_BLOCKED_COLLECTION_TEST_NO_PORT,LocalRuntime test ff32f63a2faaf65d96dcdd6e90b915116056586801220b90701c6d646b452e9d is absent selected active. Selected active src/quant_platform/orchestration/current_wizard_hyperliquid_replay.py lacks prepare_current_wizard_hyperliquid_history. Preserve test for coordinated collection dependency review; no isolated port or authority grant. ,; audit/GATE0_COLLECTION_PENDING_TEST_RECONCILIATION_2026-09-30.json
tests/test_collection_inventory_dependency.py,False,True,0,,,RUNTIME_ONLY,,be161fcf16e55d39333770daba4dc183fce2b396785f8f6f00b8f03bc526b48a,be161fcf16e55d39333770daba4dc183fce2b396785f8f6f00b8f03bc526b48a,REVIEWED_DEPENDENCY_BLOCKED_COLLECTION_TEST_NO_PORT,LocalRuntime test be161fcf16e55d39333770daba4dc183fce2b396785f8f6f00b8f03bc526b48a is absent selected active. Selected active source module src/quant_platform/orchestration/collection_inventory_stage.py is absent. Preserve test for coordinated collection dependency review; no isolated port or authority grant. ,; audit/GATE0_COLLECTION_PENDING_TEST_RECONCILIATION_2026-09-30.json
tests/test_collection_inventory_paths.py,False,True,0,,,RUNTIME_ONLY,,a38b50a7f269056061c00337c8ee859132fbff8e4603c1823eb8737471d953a6,a38b50a7f269056061c00337c8ee859132fbff8e4603c1823eb8737471d953a6,REVIEWED_DEPENDENCY_BLOCKED_COLLECTION_TEST_NO_PORT,LocalRuntime test a38b50a7f269056061c00337c8ee859132fbff8e4603c1823eb8737471d953a6 is absent selected active. Selected active src/quant_platform/execution.py lacks hyperliquid_inventory_output_paths. Preserve test for coordinated collection dependency review; no isolated port or authority grant. ,; audit/GATE0_COLLECTION_PENDING_TEST_RECONCILIATION_2026-09-30.json
tests/test_collection_inventory_stage.py,False,True,0,,,RUNTIME_ONLY,,04b71adb9e8071b84f815e4b81735a9c2e140acb61114d188ee439dbd0f0d63e,04b71adb9e8071b84f815e4b81735a9c2e140acb61114d188ee439dbd0f0d63e,REVIEWED_DEPENDENCY_BLOCKED_COLLECTION_TEST_NO_PORT,LocalRuntime test 04b71adb9e8071b84f815e4b81735a9c2e140acb61114d188ee439dbd0f0d63e is absent selected active. Selected active source module src/quant_platform/orchestration/collection_inventory_stage.py is absent. Preserve test for coordinated collection dependency review; no isolated port or authority grant. ,; audit/GATE0_COLLECTION_PENDING_TEST_RECONCILIATION_2026-09-30.json
tests/test_collection_learning_completion.py,False,True,0,,,RUNTIME_ONLY,,68fde0cd7cc9af746be858cbeeca38f06d75183db3671ab272d60e78f7d1c26d,68fde0cd7cc9af746be858cbeeca38f06d75183db3671ab272d60e78f7d1c26d,REVIEWED_DEPENDENCY_BLOCKED_COLLECTION_TEST_NO_PORT,LocalRuntime test 68fde0cd7cc9af746be858cbeeca38f06d75183db3671ab272d60e78f7d1c26d is absent selected active. Selected active src/quant_platform/orchestration/current_wizard_hyperliquid_learning.py lacks capture_completed_learning_inputs. Preserve test for coordinated collection dependency review; no isolated port or authority grant. ,; audit/GATE0_COLLECTION_PENDING_TEST_RECONCILIATION_2026-09-30.json
tests/test_collection_learning_preparation.py,False,True,0,,,RUNTIME_ONLY,,06b3741847c45454762b06ba41e3c629437823c4fd5240a3598f3aaca82e8f3f,06b3741847c45454762b06ba41e3c629437823c4fd5240a3598f3aaca82e8f3f,REVIEWED_DEPENDENCY_BLOCKED_COLLECTION_TEST_NO_PORT,LocalRuntime test 06b3741847c45454762b06ba41e3c629437823c4fd5240a3598f3aaca82e8f3f is absent selected active. Selected active src/quant_platform/orchestration/current_wizard_hyperliquid_learning.py lacks prepare_current_wizard_hyperliquid_learning_ledger. Preserve test for coordinated collection dependency review; no isolated port or authority grant. ,; audit/GATE0_COLLECTION_PENDING_TEST_RECONCILIATION_2026-09-30.json
tests/test_collection_ledger_paths.py,False,True,0,,,RUNTIME_ONLY,,41bd29fb48d8469b20f44f3f5928cf7e9c99fe50100b831e0089ceedd5d21736,41bd29fb48d8469b20f44f3f5928cf7e9c99fe50100b831e0089ceedd5d21736,REVIEWED_DEPENDENCY_BLOCKED_COLLECTION_TEST_NO_PORT,LocalRuntime test 41bd29fb48d8469b20f44f3f5928cf7e9c99fe50100b831e0089ceedd5d21736 is absent selected active. Selected active src/quant_platform/wizard_credit_ledger.py lacks wizard_credit_ledger_paths. Preserve test for coordinated collection dependency review; no isolated port or authority grant. ,; audit/GATE0_COLLECTION_PENDING_TEST_RECONCILIATION_2026-09-30.json
tests/test_collection_leverage_completion.py,False,True,0,,,RUNTIME_ONLY,,7ac7dc51ac0118acd1fc19282c561ff8e4f59a72ec88bed8ea8287f4bb777771,7ac7dc51ac0118acd1fc19282c561ff8e4f59a72ec88bed8ea8287f4bb777771,REVIEWED_DEPENDENCY_BLOCKED_COLLECTION_TEST_NO_PORT,LocalRuntime test 7ac7dc51ac0118acd1fc19282c561ff8e4f59a72ec88bed8ea8287f4bb777771 is absent selected active. Selected active src/quant_platform/orchestration/current_wizard_hyperliquid_leverage.py lacks capture_completed_leverage_inputs. Preserve test for coordinated collection dependency review; no isolated port or authority grant. ,; audit/GATE0_COLLECTION_PENDING_TEST_RECONCILIATION_2026-09-30.json
tests/test_collection_leverage_preparation.py,False,True,0,,,RUNTIME_ONLY,,7510e89afd177b4463c092f47f3270f146af0f477e051ffff77d5c563aba0172,7510e89afd177b4463c092f47f3270f146af0f477e051ffff77d5c563aba0172,REVIEWED_DEPENDENCY_BLOCKED_COLLECTION_TEST_NO_PORT,LocalRuntime test 7510e89afd177b4463c092f47f3270f146af0f477e051ffff77d5c563aba0172 is absent selected active. Selected active src/quant_platform/orchestration/current_wizard_hyperliquid_leverage.py lacks prepare_current_wizard_hyperliquid_leverage_surface. Preserve test for coordinated collection dependency review; no isolated port or authority grant. ,; audit/GATE0_COLLECTION_PENDING_TEST_RECONCILIATION_2026-09-30.json
tests/test_collection_observed_preparation.py,False,True,0,,,RUNTIME_ONLY,,8e5ab62331c9a7699ed96eded60c984dbeacc32564faf3d942e495e49bb8346c,8e5ab62331c9a7699ed96eded60c984dbeacc32564faf3d942e495e49bb8346c,REVIEWED_DEPENDENCY_BLOCKED_COLLECTION_TEST_NO_PORT,LocalRuntime test 8e5ab62331c9a7699ed96eded60c984dbeacc32564faf3d942e495e49bb8346c is absent selected active. Selected active src/quant_platform/orchestration/current_wizard_hyperliquid_observed_replay.py lacks prepare_current_wizard_hyperliquid_observed_cost_replay. Preserve test for coordinated collection dependency review; no isolated port or authority grant. ,; audit/GATE0_COLLECTION_PENDING_TEST_RECONCILIATION_2026-09-30.json
tests/test_collection_observer_process.py,False,True,0,,,RUNTIME_ONLY,,86c66cb0f7a16776dc1dfede9f23003cc42ec6ed3dc3789d626632c33db1516f,86c66cb0f7a16776dc1dfede9f23003cc42ec6ed3dc3789d626632c33db1516f,REVIEWED_MISSING_ACTIVE_MODULE_TEST_DEFERRED_NO_PORT,This preserved runtime-only test or fixture is absent from the active checkout and directly imports at least one module absent from the active package; it cannot collect against the canonical source until the corresponding source cohort is reviewed and ported.,audit/GATE0_MISSING_MODULE_TEST_REVIEW_2026-09-30.json
tests/test_collection_observer_route.py,False,True,0,,,RUNTIME_ONLY,,f54c42504ff81209a44ae2ebeadd93e8b022da2974c8d9bb07c7705c4c736aab,f54c42504ff81209a44ae2ebeadd93e8b022da2974c8d9bb07c7705c4c736aab,REVIEWED_MISSING_ACTIVE_MODULE_TEST_DEFERRED_NO_PORT,This preserved runtime-only test or fixture is absent from the active checkout and directly imports at least one module absent from the active package; it cannot collect against the canonical source until the corresponding source cohort is reviewed and ported.,audit/GATE0_MISSING_MODULE_TEST_REVIEW_2026-09-30.json
tests/test_collection_overlay_preparation.py,False,True,0,,,RUNTIME_ONLY,,bfb6eb4236d18628aa713e85aa577adb7496206e513f0246733cda0d1a98a542,bfb6eb4236d18628aa713e85aa577adb7496206e513f0246733cda0d1a98a542,REVIEWED_DEPENDENCY_BLOCKED_COLLECTION_TEST_NO_PORT,LocalRuntime test bfb6eb4236d18628aa713e85aa577adb7496206e513f0246733cda0d1a98a542 is absent selected active. Selected active src/quant_platform/orchestration/current_wizard_hyperliquid_walkforward.py lacks prepare_current_wizard_hyperliquid_walkforward. Preserve test for coordinated collection dependency review; no isolated port or authority grant. ,; audit/GATE0_COLLECTION_PENDING_TEST_RECONCILIATION_2026-09-30.json
tests/test_collection_owner665.py,False,True,0,,,RUNTIME_ONLY,,bdf335c8529933a638be41ebbc8f817ffd8df341c19e935d0af4759a19316031,bdf335c8529933a638be41ebbc8f817ffd8df341c19e935d0af4759a19316031,REVIEWED_EFFECT_V6_DEPENDENCY_NO_PORT,"Direct barrier test depends on runtime-only collection route, owner, lease, or release components.",audit/GATE0_EFFECT_V6_TRIO_REVIEW_2026-09-30.json
tests/test_collection_producer_paths.py,False,True,0,,,RUNTIME_ONLY,,dd619e127a09a438b928912de2cf8c461cee30aac04cf6876fe126a6303f5ac1,dd619e127a09a438b928912de2cf8c461cee30aac04cf6876fe126a6303f5ac1,REVIEWED_DEPENDENCY_BLOCKED_COLLECTION_TEST_NO_PORT,LocalRuntime test dd619e127a09a438b928912de2cf8c461cee30aac04cf6876fe126a6303f5ac1 is absent selected active. Selected active src/quant_platform/orchestration/exhaustive_wizard_api_refresh.py lacks exhaustive_wizard_api_refresh_output_paths. Preserve test for coordinated collection dependency review; no isolated port or authority grant. ,; audit/GATE0_COLLECTION_PENDING_TEST_RECONCILIATION_2026-09-30.json
tests/test_collection_profile715.py,False,True,0,,,RUNTIME_ONLY,,9bcfceecdf09e5cc003414194a2ff4160b56e5f9e7cf91891862a8b452fcaada,9bcfceecdf09e5cc003414194a2ff4160b56e5f9e7cf91891862a8b452fcaada,REVIEWED_DEPENDENCY_BLOCKED_COLLECTION_TEST_NO_PORT,LocalRuntime test 9bcfceecdf09e5cc003414194a2ff4160b56e5f9e7cf91891862a8b452fcaada is absent selected active. Selected active fixture/support test tests/collection_profile715.py is absent. Preserve test for coordinated collection dependency review; no isolated port or authority grant. ,; audit/GATE0_COLLECTION_PENDING_TEST_RECONCILIATION_2026-09-30.json
tests/test_collection_publication_sequence.py,False,True,0,,,RUNTIME_ONLY,,7e492759065eb773af44fc442fbab0ab7dee2a7701a4aeaebd4a65b0075ee8b5,7e492759065eb773af44fc442fbab0ab7dee2a7701a4aeaebd4a65b0075ee8b5,REVIEWED_DEPENDENCY_BLOCKED_COLLECTION_TEST_NO_PORT,LocalRuntime test 7e492759065eb773af44fc442fbab0ab7dee2a7701a4aeaebd4a65b0075ee8b5 is absent selected active. Selected active source module src/quant_platform/orchestration/collection_publication_sequence.py is absent. Preserve test for coordinated collection dependency review; no isolated port or authority grant. ,; audit/GATE0_COLLECTION_PENDING_TEST_RECONCILIATION_2026-09-30.json
tests/test_collection_refresh_preparation.py,False,True,0,,,RUNTIME_ONLY,,91ec4b8488d9848fd0ddd371bcce81826d99d9eb5a5be0349839249532b09ae7,91ec4b8488d9848fd0ddd371bcce81826d99d9eb5a5be0349839249532b09ae7,REVIEWED_DEPENDENCY_BLOCKED_COLLECTION_TEST_NO_PORT,LocalRuntime test 91ec4b8488d9848fd0ddd371bcce81826d99d9eb5a5be0349839249532b09ae7 is absent selected active. Selected active src/quant_platform/orchestration/exhaustive_wizard_api_refresh.py lacks prepare_exhaustive_wizard_api_refresh. Preserve test for coordinated collection dependency review; no isolated port or authority grant. ,; audit/GATE0_COLLECTION_PENDING_TEST_RECONCILIATION_2026-09-30.json
tests/test_collection_regime_preparation.py,False,True,0,,,RUNTIME_ONLY,,bc76af3a1431d322780395e0ee6b56fbb66a8283b1b29a63134022a6f59c3458,bc76af3a1431d322780395e0ee6b56fbb66a8283b1b29a63134022a6f59c3458,REVIEWED_DEPENDENCY_BLOCKED_COLLECTION_TEST_NO_PORT,LocalRuntime test bc76af3a1431d322780395e0ee6b56fbb66a8283b1b29a63134022a6f59c3458 is absent selected active. Selected active src/quant_platform/orchestration/current_wizard_hyperliquid_regimes.py lacks prepare_current_wizard_hyperliquid_regime_attribution. Preserve test for coordinated collection dependency review; no isolated port or authority grant. ,; audit/GATE0_COLLECTION_PENDING_TEST_RECONCILIATION_2026-09-30.json
tests/test_collection_replay_preparation.py,False,True,0,,,RUNTIME_ONLY,,ba8812ce76d37f873f7f00896bd89dabc457c77f3acacf0b850c62c0314d2045,ba8812ce76d37f873f7f00896bd89dabc457c77f3acacf0b850c62c0314d2045,REVIEWED_DEPENDENCY_BLOCKED_COLLECTION_TEST_NO_PORT,LocalRuntime test ba8812ce76d37f873f7f00896bd89dabc457c77f3acacf0b850c62c0314d2045 is absent selected active. Selected active src/quant_platform/orchestration/current_wizard_hyperliquid_replay.py lacks prepare_current_wizard_hyperliquid_canonical_replay. Preserve test for coordinated collection dependency review; no isolated port or authority grant. ,; audit/GATE0_COLLECTION_PENDING_TEST_RECONCILIATION_2026-09-30.json
tests/test_collection_robustness_identity.py,False,True,0,,,RUNTIME_ONLY,,a3faf0f9cbd98261c8af47b49c1ef84e0070cee9f7d247167476c311bc6f579a,a3faf0f9cbd98261c8af47b49c1ef84e0070cee9f7d247167476c311bc6f579a,REVIEWED_DEPENDENCY_BLOCKED_COLLECTION_TEST_NO_PORT,LocalRuntime test a3faf0f9cbd98261c8af47b49c1ef84e0070cee9f7d247167476c311bc6f579a is absent selected active. Selected active src/quant_platform/orchestration/current_wizard_hyperliquid_robustness.py function _validation lacks the strict parameter. Preserve test for coordinated collection dependency review; no isolated port or authority grant. ,; audit/GATE0_COLLECTION_PENDING_TEST_RECONCILIATION_2026-09-30.json
tests/test_collection_robustness_preparation.py,False,True,0,,,RUNTIME_ONLY,,0e7baad64f94f56d3926d1c060a4628347d0150aae5c5030f671bcb2e1869c51,0e7baad64f94f56d3926d1c060a4628347d0150aae5c5030f671bcb2e1869c51,REVIEWED_DEPENDENCY_BLOCKED_COLLECTION_TEST_NO_PORT,LocalRuntime test 0e7baad64f94f56d3926d1c060a4628347d0150aae5c5030f671bcb2e1869c51 is absent selected active. Selected active src/quant_platform/orchestration/current_wizard_hyperliquid_robustness.py lacks prepare_current_wizard_hyperliquid_robustness. Preserve test for coordinated collection dependency review; no isolated port or authority grant. ,; audit/GATE0_COLLECTION_PENDING_TEST_RECONCILIATION_2026-09-30.json
tests/test_collection_robustness_semantics.py,False,True,0,,,RUNTIME_ONLY,,d4791519bfaba8b81a5cbd2d375c914438a2568a7ed97cdd09ab778b1a1feaa1,d4791519bfaba8b81a5cbd2d375c914438a2568a7ed97cdd09ab778b1a1feaa1,REVIEWED_MISSING_ACTIVE_MODULE_TEST_DEFERRED_NO_PORT,This preserved runtime-only test or fixture is absent from the active checkout and directly imports at least one module absent from the active package; it cannot collect against the canonical source until the corresponding source cohort is reviewed and ported.,audit/GATE0_MISSING_MODULE_TEST_REVIEW_2026-09-30.json
tests/test_collection_runtime_route.py,True,True,1,4ca36d09311306ae0b023fb496e15a2341e0103cb014097203fba14d5a59cc90,source_candidate,RUNTIME_ONLY,,a9d79637cd5be399b9e3939051c837b4d15203446d3e594b5cdb75aa6e72aa8d,a9d79637cd5be399b9e3939051c837b4d15203446d3e594b5cdb75aa6e72aa8d,REVIEWED_DEPENDENCY_BLOCKED_COLLECTION_TEST_NO_PORT,LocalRuntime test a9d79637cd5be399b9e3939051c837b4d15203446d3e594b5cdb75aa6e72aa8d is absent selected active. Selected active source module src/quant_platform/orchestration/collection_runtime_route.py is absent. Preserve test for coordinated collection dependency review; no isolated port or authority grant. Distinct source_candidate test permits bootstrap dispatch after matching environment without immutable copied runtime; retained LocalRuntime test requires runtime mismatch and zero dispatch.,; audit/GATE0_COLLECTION_PENDING_TEST_RECONCILIATION_2026-09-30.json
tests/test_collection_scope_paths718.py,False,True,0,,,RUNTIME_ONLY,,2801956d6cbebb179391fd35053188e7c68cad95a174314149e9c505a16d2566,2801956d6cbebb179391fd35053188e7c68cad95a174314149e9c505a16d2566,REVIEWED_DEPENDENCY_BLOCKED_COLLECTION_TEST_NO_PORT,LocalRuntime test 2801956d6cbebb179391fd35053188e7c68cad95a174314149e9c505a16d2566 is absent selected active. Selected active fixture/support test tests/test_collection_startup_verify.py is absent. Preserve test for coordinated collection dependency review; no isolated port or authority grant. ,; audit/GATE0_COLLECTION_PENDING_TEST_RECONCILIATION_2026-09-30.json
tests/test_collection_sequence_supervisor.py,False,True,0,,,RUNTIME_ONLY,,4d492314a164185169809b682736902d3fced3ff79a0be2edb4453f651606cdf,96f43f487632c31a8e71ea74022e2661328fa8feb243443a091198da43984b9c,REVIEWED_EFFECT_V6_DEPENDENCY_NO_PORT,"Direct barrier test depends on runtime-only collection route, owner, lease, or release components.",audit/GATE0_EFFECT_V6_TRIO_REVIEW_2026-09-30.json
tests/test_collection_snapshot_reader.py,False,True,0,,,RUNTIME_ONLY,,f10944e1cbc167a76964c860063c49a27790d85c539d74b8938a9e34ec790e85,f10944e1cbc167a76964c860063c49a27790d85c539d74b8938a9e34ec790e85,REVIEWED_MISSING_ACTIVE_MODULE_TEST_DEFERRED_NO_PORT,This preserved runtime-only test or fixture is absent from the active checkout and directly imports at least one module absent from the active package; it cannot collect against the canonical source until the corresponding source cohort is reviewed and ported.,audit/GATE0_MISSING_MODULE_TEST_REVIEW_2026-09-30.json
tests/test_collection_stage_evidence.py,False,True,0,,,RUNTIME_ONLY,,8608733fcc058faa7b2f254ab919d6cd9feb4027c3d14a317b007b1a62c86b60,8608733fcc058faa7b2f254ab919d6cd9feb4027c3d14a317b007b1a62c86b60,REVIEWED_DEPENDENCY_BLOCKED_COLLECTION_TEST_NO_PORT,LocalRuntime test 8608733fcc058faa7b2f254ab919d6cd9feb4027c3d14a317b007b1a62c86b60 is absent selected active. Selected active source module src/quant_platform/orchestration/collection_stage_evidence.py is absent. Preserve test for coordinated collection dependency review; no isolated port or authority grant. ,; audit/GATE0_COLLECTION_PENDING_TEST_RECONCILIATION_2026-09-30.json
tests/test_collection_startup_contract.py,False,True,0,,,RUNTIME_ONLY,,563db209bdb40a77d91f1d7f00f3f4a0a8a5772ae10491cf2d5600e332c025a7,563db209bdb40a77d91f1d7f00f3f4a0a8a5772ae10491cf2d5600e332c025a7,REVIEWED_DEPENDENCY_BLOCKED_COLLECTION_TEST_NO_PORT,LocalRuntime test 563db209bdb40a77d91f1d7f00f3f4a0a8a5772ae10491cf2d5600e332c025a7 is absent selected active. Selected active source module src/quant_platform/orchestration/collection_startup_contract.py is absent. Preserve test for coordinated collection dependency review; no isolated port or authority grant. ,; audit/GATE0_COLLECTION_PENDING_TEST_RECONCILIATION_2026-09-30.json
tests/test_collection_startup_preflight.py,False,True,0,,,RUNTIME_ONLY,,113522efa9e15c1ffea2d481f041f7ce8f6a603690e1c758fc71d751e37fdd5e,113522efa9e15c1ffea2d481f041f7ce8f6a603690e1c758fc71d751e37fdd5e,REVIEWED_MISSING_ACTIVE_MODULE_TEST_DEFERRED_NO_PORT,This preserved runtime-only test or fixture is absent from the active checkout and directly imports at least one module absent from the active package; it cannot collect against the canonical source until the corresponding source cohort is reviewed and ported.,audit/GATE0_MISSING_MODULE_TEST_REVIEW_2026-09-30.json
tests/test_collection_startup_verify.py,True,True,1,9347352e679eb02f527b37d46df6544314ff4aa35a3d0d25b5da9666ea317fe4,source_candidate,RUNTIME_ONLY,,33023519ff01c83148038dfeeb2f4851e05ab779cabeb09fac248fbf8d77f511,33023519ff01c83148038dfeeb2f4851e05ab779cabeb09fac248fbf8d77f511,REVIEWED_DEPENDENCY_BLOCKED_COLLECTION_TEST_NO_PORT,LocalRuntime test 33023519ff01c83148038dfeeb2f4851e05ab779cabeb09fac248fbf8d77f511 is absent selected active. Selected active source module src/quant_platform/orchestration/collection_startup_contract.py is absent. Preserve test for coordinated collection dependency review; no isolated port or authority grant. Distinct source_candidate test omits the Finder AppleDouble source-fingerprint exclusion regression retained in LocalRuntime.,; audit/GATE0_COLLECTION_PENDING_TEST_RECONCILIATION_2026-09-30.json
tests/test_collection_subtests720.py,False,True,0,,,RUNTIME_ONLY,,01b30262a7d09f2d7f63bf90eb273744ef3ae05658eb71d188594b40a9b52c5c,01b30262a7d09f2d7f63bf90eb273744ef3ae05658eb71d188594b40a9b52c5c,REVIEWED_DEPENDENCY_BLOCKED_COLLECTION_TEST_NO_PORT,LocalRuntime test 01b30262a7d09f2d7f63bf90eb273744ef3ae05658eb71d188594b40a9b52c5c is absent selected active. Selected active fixture/support test tests/test_collection_startup_verify.py is absent. Preserve test for coordinated collection dependency review; no isolated port or authority grant. ,; audit/GATE0_COLLECTION_PENDING_TEST_RECONCILIATION_2026-09-30.json
tests/test_collection_system_check_stage.py,False,True,0,,,RUNTIME_ONLY,,abc5b17179e4b91805c18baf74b0278e62656ce61ad0f70a6f61590be295660d,abc5b17179e4b91805c18baf74b0278e62656ce61ad0f70a6f61590be295660d,REVIEWED_DEPENDENCY_BLOCKED_COLLECTION_TEST_NO_PORT,LocalRuntime test abc5b17179e4b91805c18baf74b0278e62656ce61ad0f70a6f61590be295660d is absent selected active. Selected active source module src/quant_platform/orchestration/collection_system_check_stage.py is absent. Preserve test for coordinated collection dependency review; no isolated port or authority grant. ,; audit/GATE0_COLLECTION_PENDING_TEST_RECONCILIATION_2026-09-30.json
tests/test_collection_terminal_targets708.py,False,True,0,,,RUNTIME_ONLY,,62f12d807f4e0778a0e4ea29a54442752a9761fdfe78b7babe2d035a1e2fea1e,62f12d807f4e0778a0e4ea29a54442752a9761fdfe78b7babe2d035a1e2fea1e,REVIEWED_EFFECT_V6_DEPENDENCY_NO_PORT,"Direct barrier test depends on runtime-only collection route, owner, lease, or release components.",audit/GATE0_EFFECT_V6_TRIO_REVIEW_2026-09-30.json
tests/test_collection_walkforward_preparation.py,False,True,0,,,RUNTIME_ONLY,,2b3be3db1cbb59d194212eef0484295e7c04e2a452e7afbaf1e1f283a683875c,2b3be3db1cbb59d194212eef0484295e7c04e2a452e7afbaf1e1f283a683875c,REVIEWED_DEPENDENCY_BLOCKED_COLLECTION_TEST_NO_PORT,LocalRuntime test 2b3be3db1cbb59d194212eef0484295e7c04e2a452e7afbaf1e1f283a683875c is absent selected active. Selected active src/quant_platform/orchestration/current_wizard_hyperliquid_walkforward.py lacks prepare_current_wizard_hyperliquid_walkforward. Preserve test for coordinated collection dependency review; no isolated port or authority grant. ,; audit/GATE0_COLLECTION_PENDING_TEST_RECONCILIATION_2026-09-30.json
tests/test_contract_boundaries.py,False,True,0,,,RUNTIME_ONLY,,d763540c5a23e6e574805d21fd1b859146f2f7fa04d4e71b0eaba3f86c0e652a,d763540c5a23e6e574805d21fd1b859146f2f7fa04d4e71b0eaba3f86c0e652a,REVIEWED_MISSING_ACTIVE_MODULE_TEST_DEFERRED_NO_PORT,This preserved runtime-only test or fixture is absent from the active checkout and directly imports at least one module absent from the active package; it cannot collect against the canonical source until the corresponding source cohort is reviewed and ported.,audit/GATE0_MISSING_MODULE_TEST_REVIEW_2026-09-30.json
tests/test_corrective_acceptance_policy_validation.py,False,True,0,,,RUNTIME_ONLY,,84c18c0f46988b893e4017584fb3cd7a8a219e39edc9c6a9ae2ae74a43e68ee7,84c18c0f46988b893e4017584fb3cd7a8a219e39edc9c6a9ae2ae74a43e68ee7,REVIEWED_DEPENDENT_VALIDATOR_DEFERRED_NO_PORT,Pure validator regression tests are preserved with the dormant validator; no active consumer exists in canonical_status v1.,audit/GATE0_SELECTED_SAFETY_SOURCE_RECONCILIATION_2026-09-30.json
tests/test_corrective_agent_governance.py,False,True,0,,,CHANGED,6c8618d029648611af7d1cf11964274e0655d81c961e45bc7ccb2dd5b2d461e2,6c8618d029648611af7d1cf11964274e0655d81c961e45bc7ccb2dd5b2d461e2,7e46f6e330c6fc9a91f17ffabfae09fe8e434f88733f460aeacdab24f025c048,REVIEWED_CORRECTIVE_COHORT_DEFERRED_NO_PORT,"Runtime adds four dashboard research specialist assertions, but the selected governance source has no such specialist. Keep current test and revisit with the specialist source cohort. Selected/frozen hashes and differences are recorded in the cohort report; preserve all variants without an isolated test port.",; audit/GATE0_CORRECTIVE_TEST_COHORT_2026-09-30.json; audit/GATE0_CORRECTIVE_TEST_COHORT_2026-09-30.md; audit/verify_gate0_corrective_test_cohort.py
tests/test_corrective_canonical_status.py,False,True,0,,,CHANGED,696406095546efb0254746dd367b35c183a7ce8a400cf22035220d25407fd0a3,7c1725ceb084fb48e681e981573044fcf364e004de089b02c1ad39ac54e03d49,7c1725ceb084fb48e681e981573044fcf364e004de089b02c1ad39ac54e03d49,REVIEWED_CORRECTIVE_COHORT_DEFERRED_NO_PORT,"Runtime adds 23 Gate 2/3, phase00 v2, threshold and lineage adversarial tests against a later canonical-status contract. Selected producer differs; port the tests with that source contract only. Selected/frozen hashes and differences are recorded in the cohort report; preserve all variants without an isolated test port.",; audit/GATE0_CORRECTIVE_TEST_COHORT_2026-09-30.json; audit/GATE0_CORRECTIVE_TEST_COHORT_2026-09-30.md; audit/verify_gate0_corrective_test_cohort.py
tests/test_corrective_daily_scheduler.py,False,True,1,df9a69b84427bb9aec810504beb6901de501c44e14dd1b8746f7418005bb0ab2,forensic_b;visual_recovery,CHANGED,0093447a1705059b1ce420904f6c75815a75aec210f10c4b55d66e623dd4479b,bcc0b325e861251ed6c2f93427bbf09d7c5406a7ee38308d1232f74664ead2af,078bc40af3ce0a9f7889131bd4a1942f0caec97c9409bf087379effd6f5823c2,REVIEWED_CORRECTIVE_COHORT_DEFERRED_NO_PORT,"Runtime adds 11 terminal-credit, exact-cadence and accounting tests; older visual/forensic test drops effect supervision and malformed-lock coverage. Selected scheduler source remains distinct; keep current assertions. Selected/frozen hashes and differences are recorded in the cohort report; preserve all variants without an isolated test port.",audit/GATE0_EXTENDED_VARIANT_GAP_2026-09-30.json; audit/GATE0_CORRECTIVE_TEST_COHORT_2026-09-30.json; audit/GATE0_CORRECTIVE_TEST_COHORT_2026-09-30.md; audit/verify_gate0_corrective_test_cohort.py
tests/test_corrective_data_evidence.py,False,True,0,,,CHANGED,21b7ac5e2952edf168219cb9c9f2b8274dd7eb5763bfd8b54629ac461c744ae1,d4af0529fbcc84e5f3e78567fbc579d6c363a51b55443419c8aaeadb44a2b8ec,d4af0529fbcc84e5f3e78567fbc579d6c363a51b55443419c8aaeadb44a2b8ec,PORTED_V23_PARTIAL_HISTORICAL_REVIEW_REQUIRED,Ported targeted strict L2 cadence regressions; other preserved runtime test drift remains for semantic review.,audit/GATE0_SELECTED_SAFETY_SOURCE_RECONCILIATION_2026-09-30.json
tests/test_corrective_effect_witness_inspection.py,False,True,0,,,RUNTIME_ONLY,,c8f55d73a5ccfbe267c2c1f28cd7a4eb13002867802be549ff77913467b6bb69,c8f55d73a5ccfbe267c2c1f28cd7a4eb13002867802be549ff77913467b6bb69,REVIEWED_MISSING_ACTIVE_MODULE_TEST_DEFERRED_NO_PORT,This preserved runtime-only test or fixture is absent from the active checkout and directly imports at least one module absent from the active package; it cannot collect against the canonical source until the corresponding source cohort is reviewed and ported.,audit/GATE0_MISSING_MODULE_TEST_REVIEW_2026-09-30.json
tests/test_corrective_financial_effect_registry.py,False,True,0,,,CHANGED,1b17aff0d86835ea549e48498f34c4c3bda413352dba44dc21a73270d41d141c,570636fe420148b89858d54e88c406c930ff280b69e58980b83a26003669024d,570636fe420148b89858d54e88c406c930ff280b69e58980b83a26003669024d,REVIEWED_CORRECTIVE_COHORT_DEFERRED_NO_PORT,"Runtime expects 22 AST-qualified reviewed effect surfaces and adds class-shadow rejection, while selected registry/test contract counts 19 and retains AppleDouble exclusion. Review registry and tests together. Selected/frozen hashes and differences are recorded in the cohort report; preserve all variants without an isolated test port.",; audit/GATE0_CORRECTIVE_TEST_COHORT_2026-09-30.json; audit/GATE0_CORRECTIVE_TEST_COHORT_2026-09-30.md; audit/verify_gate0_corrective_test_cohort.py
tests/test_corrective_gate1_cadence.py,False,True,0,,,RUNTIME_ONLY,,300d4496fdc9f7dcfde689f6a73a9cdb7b4beea148dd74366bd695709d918787,300d4496fdc9f7dcfde689f6a73a9cdb7b4beea148dd74366bd695709d918787,REVIEWED_MISSING_ACTIVE_MODULE_TEST_DEFERRED_NO_PORT,This preserved runtime-only test or fixture is absent from the active checkout and directly imports at least one module absent from the active package; it cannot collect against the canonical source until the corresponding source cohort is reviewed and ported.,audit/GATE0_MISSING_MODULE_TEST_REVIEW_2026-09-30.json
tests/test_corrective_gate3_evidence.py,False,True,0,,,RUNTIME_ONLY,,f56eea70643fda56c5e771629090c754b01a22548d3c6c374b31f93fae141122,f56eea70643fda56c5e771629090c754b01a22548d3c6c374b31f93fae141122,REVIEWED_MISSING_ACTIVE_MODULE_TEST_DEFERRED_NO_PORT,This preserved runtime-only test or fixture is absent from the active checkout and directly imports at least one module absent from the active package; it cannot collect against the canonical source until the corresponding source cohort is reviewed and ported.,audit/GATE0_MISSING_MODULE_TEST_REVIEW_2026-09-30.json
tests/test_corrective_gate3_historical_candidate.py,False,True,0,,,RUNTIME_ONLY,,b86b6e2e114de9f6d0974e43ff41b6d6d82bee2ddae7b6f483a2c37956fd4b77,b86b6e2e114de9f6d0974e43ff41b6d6d82bee2ddae7b6f483a2c37956fd4b77,REVIEWED_MISSING_ACTIVE_MODULE_TEST_DEFERRED_NO_PORT,"Runtime-only test covers private held historical candidate custody, path redirection, source census and race defenses. Its producer module is absent from selected source; preserve test as blocked candidate. Selected/frozen hashes and differences are recorded in the cohort report; preserve all variants without an isolated test port.",; audit/GATE0_CORRECTIVE_TEST_COHORT_2026-09-30.json; audit/GATE0_CORRECTIVE_TEST_COHORT_2026-09-30.md; audit/verify_gate0_corrective_test_cohort.py
tests/test_corrective_gate3_historical_candidate_validation.py,False,True,0,,,RUNTIME_ONLY,,0e7774785590399d70831d39bb41cec2b33d6c9e11d1131626ec1336b0db1dd1,0e7774785590399d70831d39bb41cec2b33d6c9e11d1131626ec1336b0db1dd1,REVIEWED_MISSING_ACTIVE_MODULE_TEST_DEFERRED_NO_PORT,This preserved runtime-only test or fixture is absent from the active checkout and directly imports at least one module absent from the active package; it cannot collect against the canonical source until the corresponding source cohort is reviewed and ported.,audit/GATE0_MISSING_MODULE_TEST_REVIEW_2026-09-30.json
tests/test_corrective_gate3_historical_validation_note.py,False,True,0,,,RUNTIME_ONLY,,de1c026773f48877f7656b2e21d5e72cc6d64525d02d1e4a64fcb0b4a5048a8c,de1c026773f48877f7656b2e21d5e72cc6d64525d02d1e4a64fcb0b4a5048a8c,REVIEWED_MISSING_ACTIVE_MODULE_TEST_DEFERRED_NO_PORT,"Runtime-only test covers historical validation-note custody, 600-second deadline, child verifier and pointer races. Its producer module is absent from selected source; preserve test as blocked candidate. Selected/frozen hashes and differences are recorded in the cohort report; preserve all variants without an isolated test port.",; audit/GATE0_CORRECTIVE_TEST_COHORT_2026-09-30.json; audit/GATE0_CORRECTIVE_TEST_COHORT_2026-09-30.md; audit/verify_gate0_corrective_test_cohort.py
tests/test_corrective_governance.py,True,False,1,25003da774b6c8e57fb973907ca13087dc7dfede1b214c3cbf6e0d9101782734,forensic_b;visual_recovery,,,,,REVIEWED_OMITTED_VARIANT_NO_PORT,"Historical 25003da774b6c8e57fb973907ca13087dc7dfede1b214c3cbf6e0d9101782734 reviewed against selected b2c04d54625eebbf516908c2cfedd0f6a2661f3bd2fe1200fa41288303a12ddd. Selected regression proves an acceptance policy integrity receipt grants no candidate, testnet, or live trading authority; historical test lacks that assertion. Retain selected active bytes; no authority or provider use authorized.",audit/GATE0_UNION_OMISSION_GAP_2026-09-30.json; audit/GATE0_OMITTED_UNION_NON_ORCHESTRATION_RECONCILIATION_2026-09-30.json
tests/test_corrective_history_disposition.py,False,True,0,,,RUNTIME_ONLY,,6b9efbf75d66ad956bc04409ee11ae71fcd645c3254ca2b26cc89f04b48e0c9a,6b9efbf75d66ad956bc04409ee11ae71fcd645c3254ca2b26cc89f04b48e0c9a,REVIEWED_MISSING_ACTIVE_MODULE_TEST_DEFERRED_NO_PORT,This preserved runtime-only test or fixture is absent from the active checkout and directly imports at least one module absent from the active package; it cannot collect against the canonical source until the corresponding source cohort is reviewed and ported.,audit/GATE0_MISSING_MODULE_TEST_REVIEW_2026-09-30.json
tests/test_corrective_l2_scheduler.py,False,True,1,eb27f217b7261d225fc0e66f5ba503a7e126ad1938b1b666b04132e5b9981174,forensic_b;visual_recovery,CHANGED,ed906d7bd62348371208266e26248c67af146cd6d2ad386f0ea65e6b787a1699,daeea9687126e0197646ef20d59a3584642f1ed43fd31b987bb66b5f63e092d3,daeea9687126e0197646ef20d59a3584642f1ed43fd31b987bb66b5f63e092d3,REVIEWED_CORRECTIVE_COHORT_DEFERRED_NO_PORT,Runtime adds terminal lineage and self-assertion rejection; older visual/forensic test accepts outcomes that selected L2 lattice now blocks. Keep selected test until scheduler/terminal contracts reconcile. Selected/frozen hashes and differences are recorded in the cohort report; preserve all variants without an isolated test port.,audit/GATE0_EXTENDED_VARIANT_GAP_2026-09-30.json; audit/GATE0_CORRECTIVE_TEST_COHORT_2026-09-30.json; audit/GATE0_CORRECTIVE_TEST_COHORT_2026-09-30.md; audit/verify_gate0_corrective_test_cohort.py
tests/test_corrective_lineage.py,False,True,0,,,CHANGED,8eddd653538c8ba35cc07cce28cd110f7c77c08a64b8bcbf011b825a97fcbe27,3c4ad3acd3f5fe1429925d4052f14abd9c8daf2f298848d25067d38863375caa,3c4ad3acd3f5fe1429925d4052f14abd9c8daf2f298848d25067d38863375caa,REVIEWED_CORRECTIVE_COHORT_DEFERRED_NO_PORT,"Runtime adds AST-pinned consumer/delegation and startup-bytecode checks, replacing the selected 74-candidate count. Selected lineage producer differs; retain current test and review runtime pair. Selected/frozen hashes and differences are recorded in the cohort report; preserve all variants without an isolated test port.",; audit/GATE0_CORRECTIVE_TEST_COHORT_2026-09-30.json; audit/GATE0_CORRECTIVE_TEST_COHORT_2026-09-30.md; audit/verify_gate0_corrective_test_cohort.py
tests/test_corrective_live_canary.py,True,False,1,128801e9837108636c25162185828fc08717dd9b237f5a915f5f829812f7f0f0,forensic_b;visual_recovery,,,,,REVIEWED_OMITTED_VARIANT_NO_PORT,Historical 128801e9837108636c25162185828fc08717dd9b237f5a915f5f829812f7f0f0 reviewed against selected c63ee233214aadc2d36ee0f3c0eda859a5df57efda7c8a05aad8a693578f9b82. Selected test patches the active raw info client network boundary; historical patches the obsolete default client symbol. Retain selected active bytes; no authority or provider use authorized.,audit/GATE0_UNION_OMISSION_GAP_2026-09-30.json; audit/GATE0_OMITTED_UNION_NON_ORCHESTRATION_RECONCILIATION_2026-09-30.json
tests/test_corrective_live_canary_execution.py,False,True,1,c494053c7bff9cfdae2eab3361d8e3813a603fbf1fb6bc0b48761cc45df36dcf,forensic_b;visual_recovery,CHANGED,af8f157d161f57d2c560a1bfdefc121c4cc5b847089c791a848b33d93764378e,e94566f9fd81e57ba993c3189a8ff54aa7c62f04b0ac9e9fe70d89b732432056,e94566f9fd81e57ba993c3189a8ff54aa7c62f04b0ac9e9fe70d89b732432056,REVIEWED_CORRECTIVE_COHORT_DEFERRED_NO_PORT,Historical visual/forensic test removes adversarial order-authority and revocation coverage. Runtime test is only a fixture-key change but live-canary producer differs; retain selected guard tests. Selected/frozen hashes and differences are recorded in the cohort report; preserve all variants without an isolated test port.,audit/GATE0_EXTENDED_VARIANT_GAP_2026-09-30.json; audit/GATE0_CORRECTIVE_TEST_COHORT_2026-09-30.json; audit/GATE0_CORRECTIVE_TEST_COHORT_2026-09-30.md; audit/verify_gate0_corrective_test_cohort.py
tests/test_corrective_phase00_checkpoint_validation.py,False,True,0,,,RUNTIME_ONLY,,975fb9831d824a73faeaa0271126ed7e29c2481dad62c2d7e385275fb529f2bd,975fb9831d824a73faeaa0271126ed7e29c2481dad62c2d7e385275fb529f2bd,REVIEWED_MISSING_ACTIVE_MODULE_TEST_DEFERRED_NO_PORT,This preserved runtime-only test or fixture is absent from the active checkout and directly imports at least one module absent from the active package; it cannot collect against the canonical source until the corresponding source cohort is reviewed and ported.,audit/GATE0_MISSING_MODULE_TEST_REVIEW_2026-09-30.json
tests/test_corrective_phase00_closure.py,False,True,0,,,CHANGED,5db82ce4ca93288b1c348bd43f7f57b248eff7200abf1f8c0f249c09130d1d28,15a3f9b760abc0a2ec901e095765d3c1070006a33bf0cddfef561603a307150c,15a3f9b760abc0a2ec901e095765d3c1070006a33bf0cddfef561603a307150c,REVIEWED_CORRECTIVE_COHORT_DEFERRED_NO_PORT,"Runtime adds 73 closure/observer adversarial tests for newer maintenance epochs, immutable targets and source races, while selected source and legacy toolchain assertions differ. Port coherently. Selected/frozen hashes and differences are recorded in the cohort report; preserve all variants without an isolated test port.",; audit/GATE0_CORRECTIVE_TEST_COHORT_2026-09-30.json; audit/GATE0_CORRECTIVE_TEST_COHORT_2026-09-30.md; audit/verify_gate0_corrective_test_cohort.py
tests/test_corrective_phase00_control.py,False,True,0,,,CHANGED,22faf7eddd9888a4c082248f50652007f7579e5dd5c9913dde6414855f4ffbf6,1cda1d4d46f9435dcad5daf22237b0f01b4acc07ca6b91afef04008eaba556c7,1cda1d4d46f9435dcad5daf22237b0f01b4acc07ca6b91afef04008eaba556c7,REVIEWED_CORRECTIVE_COHORT_DEFERRED_NO_PORT,"Runtime adds 62 checkpoint, source-census and authority tests for later phase00 control. Selected source differs and retains current gitignore/74-candidate assertions; do not copy isolated tests. Selected/frozen hashes and differences are recorded in the cohort report; preserve all variants without an isolated test port.",; audit/GATE0_CORRECTIVE_TEST_COHORT_2026-09-30.json; audit/GATE0_CORRECTIVE_TEST_COHORT_2026-09-30.md; audit/verify_gate0_corrective_test_cohort.py
tests/test_corrective_phase00_descendants.py,False,True,0,,,CHANGED,479443975528fdb4e4bee91912a78a6a7e055906d65d9c717b7558dad845c4e2,d8c1bd9d5404cab8263e963222c3a39a0c90e9517bdb33e1fd24699d06f740a1,d8c1bd9d5404cab8263e963222c3a39a0c90e9517bdb33e1fd24699d06f740a1,REVIEWED_CORRECTIVE_COHORT_DEFERRED_NO_PORT,"Runtime adds 48 epoch, lineage, pointer and historical-audit tests for later descendant producer. Selected source differs; defer as a source/test pair. Selected/frozen hashes and differences are recorded in the cohort report; preserve all variants without an isolated test port.",; audit/GATE0_CORRECTIVE_TEST_COHORT_2026-09-30.json; audit/GATE0_CORRECTIVE_TEST_COHORT_2026-09-30.md; audit/verify_gate0_corrective_test_cohort.py
tests/test_corrective_program.py,False,True,0,,,CHANGED,61328d29cfd7f04018b32dcd685c83b73d51a9b7d0c8b1a9115590b4b3e4c0db,badef89088549fbaf34cd921eb2dccc9a11c1b758fe052539dcd673411fc637d,badef89088549fbaf34cd921eb2dccc9a11c1b758fe052539dcd673411fc637d,REVIEWED_CORRECTIVE_COHORT_DEFERRED_NO_PORT,Runtime adds a T12 scientific-accounting test and helper fixtures. Selected corrective program source differs; retain selected tests pending the coherent T12 contract. Selected/frozen hashes and differences are recorded in the cohort report; preserve all variants without an isolated test port.,; audit/GATE0_CORRECTIVE_TEST_COHORT_2026-09-30.json; audit/GATE0_CORRECTIVE_TEST_COHORT_2026-09-30.md; audit/verify_gate0_corrective_test_cohort.py
tests/test_corrective_publication_registry.py,False,True,0,,,CHANGED,50544888ffa192f0350c5f4f96c39e2a19ec4ff81798173d00adf46bda729685,415d9dc3a91f65e7b0d27670745077e7359d68f485b8495bc292fae59309d7ac,415d9dc3a91f65e7b0d27670745077e7359d68f485b8495bc292fae59309d7ac,REVIEWED_ACTIVE_TEST_RETAIN_HISTORICAL_NO_PORT,Runtime removes the selected AppleDouble sidecar exclusion regression. Keep that selected filesystem-safety assertion; runtime producer differences can be reviewed separately. Selected/frozen hashes and differences are recorded in the cohort report; preserve all variants without an isolated test port.,; audit/GATE0_CORRECTIVE_TEST_COHORT_2026-09-30.json; audit/GATE0_CORRECTIVE_TEST_COHORT_2026-09-30.md; audit/verify_gate0_corrective_test_cohort.py
tests/test_corrective_registered_rerun.py,True,False,1,e38a41d38c7f5606052d2267ec46a03f0012031e53fce4522b99c9422160b769,forensic_b;visual_recovery,,,,,REVIEWED_OMITTED_VARIANT_NO_PORT,Historical e38a41d38c7f5606052d2267ec46a03f0012031e53fce4522b99c9422160b769 reviewed against selected a26fa7646b94906cb82587aa5d454db18365d56c19e4cf58c84f848c3af0adcb. Selected tests bind credit ledger to observed before/after spend and protected snapshot permissions; historical tests omit those guards. Retain selected active bytes; no authority or provider use authorized.,audit/GATE0_UNION_OMISSION_GAP_2026-09-30.json; audit/GATE0_OMITTED_UNION_NON_ORCHESTRATION_RECONCILIATION_2026-09-30.json
tests/test_corrective_registered_rerun_executor.py,True,False,1,be1f22176ee466affcadb3d8b798ddf5d940a9c93393b457065c5a39f1983478,forensic_b;visual_recovery,,,,,REVIEWED_OMITTED_VARIANT_NO_PORT,Historical be1f22176ee466affcadb3d8b798ddf5d940a9c93393b457065c5a39f1983478 reviewed against selected 00173e210f76e622fade57678d08df456fd8621c002b448d7c91a0e68fb2a556. Selected executor tests supply observed spend/activity rows and assert the active authority blocker; historical tests omit current evidence contract. Retain selected active bytes; no authority or provider use authorized.,audit/GATE0_UNION_OMISSION_GAP_2026-09-30.json; audit/GATE0_OMITTED_UNION_NON_ORCHESTRATION_RECONCILIATION_2026-09-30.json
tests/test_corrective_release_gates.py,False,True,1,b2f22d4015260cb7242db1f93f0f436f48bc23ba36e3d7624184b80bde59ba38,forensic_b;visual_recovery,CHANGED,5b790d1aba812e5614bbf1f14179f0a6454a808a89aaaefcf4165662cbbec29a,6657cb8f175eaf33665bac4ce866e1cd00e4680e8f4652234893abfd5fda26cf,6657cb8f175eaf33665bac4ce866e1cd00e4680e8f4652234893abfd5fda26cf,REVIEWED_CORRECTIVE_COHORT_DEFERRED_NO_PORT,"Runtime adds 14 exact-current cadence, disposition-content and literal-boolean tests. Older visual/forensic copy lacks a selected guard. Selected release-gate producer differs; defer runtime tests with its source. Selected/frozen hashes and differences are recorded in the cohort report; preserve all variants without an isolated test port.",audit/GATE0_EXTENDED_VARIANT_GAP_2026-09-30.json; audit/GATE0_CORRECTIVE_TEST_COHORT_2026-09-30.json; audit/GATE0_CORRECTIVE_TEST_COHORT_2026-09-30.md; audit/verify_gate0_corrective_test_cohort.py
tests/test_corrective_runtime.py,False,True,1,6e256139900e590bcac3b7736cbaae32428e2cd113cc44760e7fe7ba47cd5733,forensic_b;visual_recovery,CHANGED,c39341d12639f6496b345cc61db29ef12fedfc998677272e551870630884545e,c62b6fb1f90e1d4d702947d2d5a1ac111eef67c3dcb5d6f9f18e8373d2d649ae,c62b6fb1f90e1d4d702947d2d5a1ac111eef67c3dcb5d6f9f18e8373d2d649ae,REVIEWED_CORRECTIVE_COHORT_DEFERRED_NO_PORT,Runtime adds five immutable/atomic writer race tests; older visual/forensic copy drops selected ENOSPC and runtime-contract provenance tests. Review writer implementation and both test sets together. Selected/frozen hashes and differences are recorded in the cohort report; preserve all variants without an isolated test port.,audit/GATE0_EXTENDED_VARIANT_GAP_2026-09-30.json; audit/GATE0_CORRECTIVE_TEST_COHORT_2026-09-30.json; audit/GATE0_CORRECTIVE_TEST_COHORT_2026-09-30.md; audit/verify_gate0_corrective_test_cohort.py
tests/test_corrective_scheduler_lock.py,False,True,0,,,CHANGED,5d4a29549e1665cd744745acc877105c42494dcb37967fabdbe592d04a475a64,2fc1baee9ee8c29afd958c7d8be483bba99e2eff92deb4d512e80fadddc4d20f,2fc1baee9ee8c29afd958c7d8be483bba99e2eff92deb4d512e80fadddc4d20f,REVIEWED_CORRECTIVE_COHORT_DEFERRED_NO_PORT,"Runtime adds 62 publication-directory durability, xattr, quarantine and lock-inode tests for later lock implementation. Selected lock producer differs; retain current tests until that source is adopted. Selected/frozen hashes and differences are recorded in the cohort report; preserve all variants without an isolated test port.",; audit/GATE0_CORRECTIVE_TEST_COHORT_2026-09-30.json; audit/GATE0_CORRECTIVE_TEST_COHORT_2026-09-30.md; audit/verify_gate0_corrective_test_cohort.py
tests/test_corrective_scheduler_runtime_readiness.py,True,False,1,f8660a593e24075f5697b129ccd1e9a0e5ec712607ca711617b51a79fefa325d,forensic_b;visual_recovery,,,,,REVIEWED_OMITTED_VARIANT_NO_PORT,"Historical f8660a593e24075f5697b129ccd1e9a0e5ec712607ca711617b51a79fefa325d reviewed against selected 9aab2fea346c140174d5974eef6f7374542cc43b2020255eec46242074b9c858. Selected tests cover exact runtime identity, bounded launchctl parsing, log mode/redaction, desired state, terminal pointers, and installer contract; historical suite lacks these safeguards. Retain selected active bytes; no authority or provider use authorized.",audit/GATE0_UNION_OMISSION_GAP_2026-09-30.json; audit/GATE0_OMITTED_UNION_NON_ORCHESTRATION_RECONCILIATION_2026-09-30.json
tests/test_corrective_scheduler_terminal.py,False,True,0,,,CHANGED,b3d94ff20d015f60541da5a1e33576f8f1e0d340dd1bc9bcb99dfcabc14c290b,aee43473b5be89a65d44b39c8d00b21ee6faa58ff73332ad8c776aab7016fb26,aee43473b5be89a65d44b39c8d00b21ee6faa58ff73332ad8c776aab7016fb26,REVIEWED_CORRECTIVE_COHORT_DEFERRED_NO_PORT,"Runtime adds terminal loader, post-hook and idempotent slot-claim tests. Selected terminal producer differs; port with its source contract only. Selected/frozen hashes and differences are recorded in the cohort report; preserve all variants without an isolated test port.",; audit/GATE0_CORRECTIVE_TEST_COHORT_2026-09-30.json; audit/GATE0_CORRECTIVE_TEST_COHORT_2026-09-30.md; audit/verify_gate0_corrective_test_cohort.py
tests/test_corrective_stage4_handoff_readiness.py,True,False,1,47c5d02403090921beaba37150504d0aa71c80ad89c28814fa66d8f8845aac5c,forensic_b;visual_recovery,,,,,REVIEWED_OMITTED_VARIANT_NO_PORT,Historical 47c5d02403090921beaba37150504d0aa71c80ad89c28814fa66d8f8845aac5c reviewed against selected b0efae8ccf3d29a43cb7b76830be1c772da3d2c0e45876adc8f82ec6ee70a8ee. Selected tests use context-managed CSV reads while retaining assertions; historical version leaves file handles open. Retain selected active bytes; no authority or provider use authorized.,audit/GATE0_UNION_OMISSION_GAP_2026-09-30.json; audit/GATE0_OMITTED_UNION_NON_ORCHESTRATION_RECONCILIATION_2026-09-30.json
tests/test_corrective_testnet_collateral_transfer.py,False,True,1,bda2c2106162fae8b0c50fb0bcfb075b5e5caabbf201b2e22bb163c52f6f3ecd,forensic_b;visual_recovery,CHANGED,ff44e9ed362de38bac44f73e9e3f2841a41010378d60f5b2fdc47c9335a5395e,2dbd28d7905724fab5996fefb3794a6893ce7d6b458e00a4712906b635ba291d,2dbd28d7905724fab5996fefb3794a6893ce7d6b458e00a4712906b635ba291d,REVIEWED_ACTIVE_TEST_RETAIN_HISTORICAL_NO_PORT,Historical visual/forensic test removes Gate00G missing/stale/replayed/tampered authority checks before key/exchange access. Runtime only changes fixture secret; retain selected authority regressions. Selected/frozen hashes and differences are recorded in the cohort report; preserve all variants without an isolated test port.,audit/GATE0_EXTENDED_VARIANT_GAP_2026-09-30.json; audit/GATE0_CORRECTIVE_TEST_COHORT_2026-09-30.json; audit/GATE0_CORRECTIVE_TEST_COHORT_2026-09-30.md; audit/verify_gate0_corrective_test_cohort.py
tests/test_corrective_testnet_pair_execution.py,False,True,1,08e714c51b1bca02e1347cba78220cebde973c648bd80bcb0abd44488aabf323,forensic_b;visual_recovery,CHANGED,f059ff6e7023ab05945e8a354ce98aef77bb05734a7e6fbd65bdecd2636ea573,f30044e0598fbf7bd99dec188410ed864370f81a5ae729c61cd5232c7704025c,f30044e0598fbf7bd99dec188410ed864370f81a5ae729c61cd5232c7704025c,REVIEWED_CORRECTIVE_COHORT_DEFERRED_NO_PORT,"Runtime adds canonical executor method-shadow rejection, while visual/forensic test drops selected substituted-executor denial. Selected pair-execution producer differs; retain current tests and review future guard together. Selected/frozen hashes and differences are recorded in the cohort report; preserve all variants without an isolated test port.",audit/GATE0_EXTENDED_VARIANT_GAP_2026-09-30.json; audit/GATE0_CORRECTIVE_TEST_COHORT_2026-09-30.json; audit/GATE0_CORRECTIVE_TEST_COHORT_2026-09-30.md; audit/verify_gate0_corrective_test_cohort.py
tests/test_corrective_trusted_artifact.py,False,True,0,,,RUNTIME_ONLY,,a2f64b18fe2f53d339f1dae6553d0be9488ed308a2f4c760cba7add7480e790e,a2f64b18fe2f53d339f1dae6553d0be9488ed308a2f4c760cba7add7480e790e,REVIEWED_MISSING_ACTIVE_MODULE_TEST_DEFERRED_NO_PORT,This preserved runtime-only test or fixture is absent from the active checkout and directly imports at least one module absent from the active package; it cannot collect against the canonical source until the corresponding source cohort is reviewed and ported.,audit/GATE0_MISSING_MODULE_TEST_REVIEW_2026-09-30.json
tests/test_corrective_wizard_capture_manifest.py,True,False,1,a01b249306f577d7a13bb288c645a69b6b6bfd9e9c57f3e5b7decd1be7500028,forensic_b;visual_recovery,,,,,REVIEWED_OMITTED_VARIANT_NO_PORT,Historical a01b249306f577d7a13bb288c645a69b6b6bfd9e9c57f3e5b7decd1be7500028 reviewed against selected 54e4e2fecedee846be81d7c3ab241bd776d9c5bcfbf0eaa68e5be5364f36e1d0. Selected tests assert no-follow symlink publication and protected source file mode; historical mocks lack no-follow contract. Retain selected active bytes; no authority or provider use authorized.,audit/GATE0_UNION_OMISSION_GAP_2026-09-30.json; audit/GATE0_OMITTED_UNION_NON_ORCHESTRATION_RECONCILIATION_2026-09-30.json
tests/test_corrective_wizard_capture_reconciliation.py,True,False,1,803b4a448ac64304a692cafd621f0a49d34268aece62f1844cb7acc10aff7fbc,forensic_b;visual_recovery,,,,,REVIEWED_OMITTED_VARIANT_NO_PORT,Historical 803b4a448ac64304a692cafd621f0a49d34268aece62f1844cb7acc10aff7fbc reviewed against selected e5a4e3a2320c170d2fdc93a2e69d7f8f69b2d89c057b619a707e61c439568c6b. Selected tests assert no-follow symlink publication and protected fixture modes; historical mocks lack these current contract checks. Retain selected active bytes; no authority or provider use authorized.,audit/GATE0_UNION_OMISSION_GAP_2026-09-30.json; audit/GATE0_OMITTED_UNION_NON_ORCHESTRATION_RECONCILIATION_2026-09-30.json
tests/test_corrective_wizard_copula_behavioral.py,False,True,1,2f39391233915b3f8148fa8157a6c9643d93c880ec7bca83b650237603e448b4,forensic_b;visual_recovery,CHANGED,6afc75a6a0c304552c8f8f04da2fb17c518c3be57658fe30a91f192394b78e2b,effd7cc070b2ec6710ce7b7aef422d0816f916ef40aa4b044944d2c01b9d8cd2,effd7cc070b2ec6710ce7b7aef422d0816f916ef40aa4b044944d2c01b9d8cd2,REVIEWED_CORRECTIVE_COHORT_DEFERRED_NO_PORT,Runtime adapts request mock to transport/body/header changes; visual/forensic test drops effect-issuer coverage. Selected direct producer is unchanged but provider transport contract differs; retain current authority tests. Selected/frozen hashes and differences are recorded in the cohort report; preserve all variants without an isolated test port.,audit/GATE0_EXTENDED_VARIANT_GAP_2026-09-30.json; audit/GATE0_CORRECTIVE_TEST_COHORT_2026-09-30.json; audit/GATE0_CORRECTIVE_TEST_COHORT_2026-09-30.md; audit/verify_gate0_corrective_test_cohort.py
tests/test_corrective_wizard_copula_supersession.py,False,True,0,,,RUNTIME_ONLY,,a936f4735145b57e587f8549ccd911478467f47e4490f5d5c9e4db0f988856fc,a936f4735145b57e587f8549ccd911478467f47e4490f5d5c9e4db0f988856fc,REVIEWED_MISSING_ACTIVE_MODULE_TEST_DEFERRED_NO_PORT,This preserved runtime-only test or fixture is absent from the active checkout and directly imports at least one module absent from the active package; it cannot collect against the canonical source until the corresponding source cohort is reviewed and ported.,audit/GATE0_MISSING_MODULE_TEST_REVIEW_2026-09-30.json
tests/test_corrective_wizard_ou_v4_failure_attribution.py,True,False,1,30b4cdf3962d6901787f90ebfe762ae44817a966af35b68c6917ae3581f951d3,forensic_b;visual_recovery,,,,,REVIEWED_OMITTED_VARIANT_NO_PORT,Historical 30b4cdf3962d6901787f90ebfe762ae44817a966af35b68c6917ae3581f951d3 reviewed against selected 486ef9be67ca747395dac5c2ff5c818f92ce76973a9689bb0d10d2094ae27dbd. Selected assertion retains the same no-reuse contract without stale lint suppression; historical test adds no missing behavior. Retain selected active bytes; no authority or provider use authorized.,audit/GATE0_UNION_OMISSION_GAP_2026-09-30.json; audit/GATE0_OMITTED_UNION_NON_ORCHESTRATION_RECONCILIATION_2026-09-30.json
tests/test_corrective_wizard_ou_v4_holdout.py,True,False,1,3f38a13cccc8b046370173a10b13332936a93190fd65097b51b9c1d620ade223,forensic_b;visual_recovery,,,,,REVIEWED_OMITTED_VARIANT_NO_PORT,Historical 3f38a13cccc8b046370173a10b13332936a93190fd65097b51b9c1d620ade223 reviewed against selected 48b47be00571a143d327adb7339103be4040814dca09371e8ab1efd37f270071. Selected failure mock asserts no-follow symlink publication; historical mock accepts an obsolete signature. Retain selected active bytes; no authority or provider use authorized.,audit/GATE0_UNION_OMISSION_GAP_2026-09-30.json; audit/GATE0_OMITTED_UNION_NON_ORCHESTRATION_RECONCILIATION_2026-09-30.json
tests/test_corrective_wizard_ou_v5_holdout.py,True,False,1,0f3ee008f8af6701d09f2197a1fac6021d131709707d306d9311a90260808e64,forensic_b;visual_recovery,,,,,REVIEWED_OMITTED_VARIANT_NO_PORT,Historical 0f3ee008f8af6701d09f2197a1fac6021d131709707d306d9311a90260808e64 reviewed against selected 5265826b5d4f1451b952461a4e252ed1e34420a11268ac14d7b2ffca654a2039. Selected fixture explicitly sets protected mode 0600; historical fixture omits current file-permission requirement. Retain selected active bytes; no authority or provider use authorized.,audit/GATE0_UNION_OMISSION_GAP_2026-09-30.json; audit/GATE0_OMITTED_UNION_NON_ORCHESTRATION_RECONCILIATION_2026-09-30.json
tests/test_corrective_wizard_ou_v6_holdout.py,True,True,1,419792c4e41d3d687f106f3856747c5cc0f030d177641145f5c69e5982d6da73,forensic_a;forensic_b;visual_recovery;workspace_outer,CHANGED,7e6a111f326e99fbc20eb1db2fed58ee67470e7183f8828073a25fff19fcc83e,8260cc4b20e429b1a1165857b0cdfb88af7d4388f84e5d68936bbc53d4557cc0,8260cc4b20e429b1a1165857b0cdfb88af7d4388f84e5d68936bbc53d4557cc0,REVIEWED_CORRECTIVE_COHORT_DEFERRED_NO_PORT,Runtime adds terminal-closure validation and incomplete-capture assertions; selected terminal-closure source lacks validate_ou_v6_terminal_closure. Historical visual/forensic copy is older. Defer with terminal-closure source. Selected/frozen hashes and differences are recorded in the cohort report; preserve all variants without an isolated test port.,; audit/GATE0_CORRECTIVE_TEST_COHORT_2026-09-30.json; audit/GATE0_CORRECTIVE_TEST_COHORT_2026-09-30.md; audit/verify_gate0_corrective_test_cohort.py
tests/test_corrective_wizard_ou_v6_terminal_accounting.py,False,True,0,,,RUNTIME_ONLY,,5f368d62c12585f4208812cbb17f80ff32a83ad0dc7478ca898f3ec7ed353e99,5f368d62c12585f4208812cbb17f80ff32a83ad0dc7478ca898f3ec7ed353e99,REVIEWED_MISSING_ACTIVE_MODULE_TEST_DEFERRED_NO_PORT,"Runtime-only test covers scientific candidate identity, exact source hashes and zero-authority proofs. Its terminal-accounting producer is absent from selected source; preserve as blocked candidate. Selected/frozen hashes and differences are recorded in the cohort report; preserve all variants without an isolated test port.",; audit/GATE0_CORRECTIVE_TEST_COHORT_2026-09-30.json; audit/GATE0_CORRECTIVE_TEST_COHORT_2026-09-30.md; audit/verify_gate0_corrective_test_cohort.py
tests/test_corrective_wizard_proof_launcher.py,False,True,1,0bddb086903d165ba9090b4160ab26654ac431f84d138dc0eb598f62ea75e31d,forensic_b;visual_recovery,CHANGED,e491ec5f78c885ac1931450abcd56282d6625e0577a323a3775d37b06dcd76d0,7fa56e92e299c6d9f5ec1d4001dc588fcff4a7c70fae0ac304839687e07650b4,7fa56e92e299c6d9f5ec1d4001dc588fcff4a7c70fae0ac304839687e07650b4,REVIEWED_ACTIVE_TEST_RETAIN_HISTORICAL_NO_PORT,Historical visual/forensic test removes production effect-issuer and in-process launcher assertions. Runtime only changes fixture secret; keep selected authority boundary tests. Selected/frozen hashes and differences are recorded in the cohort report; preserve all variants without an isolated test port.,audit/GATE0_EXTENDED_VARIANT_GAP_2026-09-30.json; audit/GATE0_CORRECTIVE_TEST_COHORT_2026-09-30.json; audit/GATE0_CORRECTIVE_TEST_COHORT_2026-09-30.md; audit/verify_gate0_corrective_test_cohort.py
tests/test_corrective_wizard_proof_scheduler.py,False,True,1,e021ea525453a669a6b7fdf67267db09545eee64a151ebfccd4eeb09887771e1,forensic_b;visual_recovery,CHANGED,d7174ba3d0770eacdd04dd377bc99dae4a9c9becfe21cf743b883daa835d96bf,2c7ebe3e048d63fc8becd05baa129d146b5e8fa100f36d416be3db1ca3882c49,2c7ebe3e048d63fc8becd05baa129d146b5e8fa100f36d416be3db1ca3882c49,REVIEWED_CORRECTIVE_COHORT_DEFERRED_NO_PORT,Runtime adds nonretryable credit-deferral closure; older visual/forensic test prechecks API key and overstates orphaned spend authority. Selected scheduler source differs; retain current reservation-first assertions. Selected/frozen hashes and differences are recorded in the cohort report; preserve all variants without an isolated test port.,audit/GATE0_EXTENDED_VARIANT_GAP_2026-09-30.json; audit/GATE0_CORRECTIVE_TEST_COHORT_2026-09-30.json; audit/GATE0_CORRECTIVE_TEST_COHORT_2026-09-30.md; audit/verify_gate0_corrective_test_cohort.py
tests/test_corrective_wizard_reset_readiness.py,True,False,1,ccab08c626bb3d1be6e1e3ae8968879799887c72437175942224e31fd0c08e82,forensic_b;visual_recovery,,,,,REVIEWED_OMITTED_VARIANT_NO_PORT,"Historical ccab08c626bb3d1be6e1e3ae8968879799887c72437175942224e31fd0c08e82 reviewed against selected 61e784e7aa9ce9f514d93732fa78e30ae6e83a4aaf9199252f4994ee3396883d. Selected tests use current .venv/python3 identity, protected snapshots, and context-managed reads; historical .venv312 path is stale. Retain selected active bytes; no authority or provider use authorized.",audit/GATE0_UNION_OMISSION_GAP_2026-09-30.json; audit/GATE0_OMITTED_UNION_NON_ORCHESTRATION_RECONCILIATION_2026-09-30.json
tests/test_corrective_wizard_surface_inventory.py,False,True,0,,,CHANGED,3078fc0faaea2835ff008878e18392054d5cf79b766f7b9994be8c8807277a09,63ed2f308f40d113d2256221e9aaf09f3118fc75d351c3575d4eac62c273f2fb,63ed2f308f40d113d2256221e9aaf09f3118fc75d351c3575d4eac62c273f2fb,REVIEWED_ACTIVE_RETAIN_RUNTIME_NO_PORT,"The coherent LocalRuntime candidate omits three recorded inspection gaps and one capture opportunity, reducing its contract/test counts; no matching completion evidence is established by this static source delta. Retain the active 28/21 inventory and six passing current tests for Gate 0; preserve candidate bytes for dashboard evidence review.",audit/GATE0_DASHBOARD_INVENTORY_DECISION_2026-09-30.json; exact three-file hashes and AST set delta; six targeted tests
tests/test_corrective_wizard_unattended_preflight.py,True,False,1,708b41f2f974580ffc3eefdde65f9321468e56267017039da8d155e278f3ba75,forensic_b;visual_recovery,,,,,REVIEWED_OMITTED_VARIANT_NO_PORT,Historical 708b41f2f974580ffc3eefdde65f9321468e56267017039da8d155e278f3ba75 reviewed against selected 90a6d18938838b64616e2e4cf43fdf62261aae362f768bb6f984ea21e016067b. Selected tests require exception detail redaction and current .venv/python3 path; historical tests expect leaked error text and stale runtime path. Retain selected active bytes; no authority or provider use authorized.,audit/GATE0_UNION_OMISSION_GAP_2026-09-30.json; audit/GATE0_OMITTED_UNION_NON_ORCHESTRATION_RECONCILIATION_2026-09-30.json
tests/test_crypto_wizards_history.py,False,True,1,cd558f8258d5ad40800bd17f10e9f97d94621672f03cdf2fb7eaf75021defee7,forensic_b;visual_recovery,CHANGED,66f35706ef9a2a865c61eb6f8d38ee1897d57c763c2c538c3838ccb4e84f110b,3085134bcc4d7a1a564f8683265730745e56db094afafd278f446bcbf0ca7f83,3085134bcc4d7a1a564f8683265730745e56db094afafd278f446bcbf0ca7f83,REVIEWED_DEPENDENCY_BLOCKED_TEST_NO_PORT,Runtime test requires governed exact HTTP and no-redirect transport absent from the selected history fetch path.,audit/GATE0_REMAINING_PENDING_TEST_SUPPORT_RECONCILIATION_2026-09-30.json
tests/test_crypto_wizards_scanner.py,False,True,0,,,CHANGED,7e36ec4f244996d66145978ab684ea26792defd52c2c245aec83bdd06963cc87,7ee3f16ef33797c300a0e7fa0e41fbee1e2462ccea4456121b081b565275252a,7ee3f16ef33797c300a0e7fa0e41fbee1e2462ccea4456121b081b565275252a,REVIEWED_DEPENDENCY_BLOCKED_TEST_NO_PORT,Runtime test requires independent leg volatility and tail-risk fields absent from the selected scanner contract.,audit/GATE0_REMAINING_PENDING_TEST_SUPPORT_RECONCILIATION_2026-09-30.json
tests/test_crypto_wizards_sweep.py,False,True,1,b791597cf8b00c630089cd8db157132d0dcdd0242822510db872000a8e97d7db,forensic_b;visual_recovery,CHANGED,b50aaf478aa7d8f379bc90a54e1c173b7ea27721d689942e5a41e4230e77336d,0fd4784bbdebc9f6a65c793736359109c9aecc1b795f320bb1466ee7bf31b834,0fd4784bbdebc9f6a65c793736359109c9aecc1b795f320bb1466ee7bf31b834,REVIEWED_RETAIN_SELECTED_TEST_NO_PORT,Selected tests bind the current authority secret fixture; the runtime variant carries an older secret expectation.,audit/GATE0_REMAINING_PENDING_TEST_SUPPORT_RECONCILIATION_2026-09-30.json
tests/test_current_lineage_action_census.py,False,True,0,,,RUNTIME_ONLY,,00bb32bb08a67b9de4748de57052118c82b50b83f27f057c8c4b070494b9b403,00bb32bb08a67b9de4748de57052118c82b50b83f27f057c8c4b070494b9b403,REVIEWED_DEPENDENCY_BLOCKED_TEST_NO_PORT,"Runtime test requires scripts.build_current_lineage_action_census, absent from the selected dependency contract.",audit/GATE0_REMAINING_PENDING_TEST_SUPPORT_RECONCILIATION_2026-09-30.json
tests/test_current_lineage_selector_consistency.py,False,True,0,,,RUNTIME_ONLY,,3153d769c0f74cf3e82bde40c6748adf660a1c4a37db6f6afd1c29b3155efbae,3153d769c0f74cf3e82bde40c6748adf660a1c4a37db6f6afd1c29b3155efbae,REVIEWED_DEPENDENCY_BLOCKED_TEST_NO_PORT,"Runtime test requires scripts.build_authoritative_lineage_closure, absent from the selected dependency contract.",audit/GATE0_REMAINING_PENDING_TEST_SUPPORT_RECONCILIATION_2026-09-30.json
tests/test_current_test_bundle_consumers.py,False,True,0,,,RUNTIME_ONLY,,db8660bab7d11c35217b3a9dbcb1de5fcabc3c797038ba86e69310aa90dc294f,db8660bab7d11c35217b3a9dbcb1de5fcabc3c797038ba86e69310aa90dc294f,REVIEWED_DEPENDENCY_BLOCKED_TEST_NO_PORT,"Runtime test requires scripts.build_self_inspection_scorecard, absent from the selected dependency contract.",audit/GATE0_REMAINING_PENDING_TEST_SUPPORT_RECONCILIATION_2026-09-30.json
tests/test_current_wizard_hyperliquid_completion_audit.py,True,False,1,0d7754e592938258deeb119015642a3cb044378637ef68307324048a7fceff7e,forensic_b;visual_recovery,,,,,REVIEWED_OMITTED_VARIANT_NO_PORT,Historical 0d7754e592938258deeb119015642a3cb044378637ef68307324048a7fceff7e reviewed against selected 1d8ac42612a9557bd955bb23115eabad817bd3bb69f4c140d4909631c65e26ce. Selected audit fixture expects the canonical 14 pair-page mode cells; historical 16-cell expectation includes unsupported modes. Retain selected active bytes; no authority or provider use authorized.,audit/GATE0_UNION_OMISSION_GAP_2026-09-30.json; audit/GATE0_OMITTED_UNION_NON_ORCHESTRATION_RECONCILIATION_2026-09-30.json
tests/test_current_wizard_hyperliquid_daily_runner.py,False,True,1,3955e7517125849c35b4e7804048c869aaf2a985da22acab3278c73e4930ffa6,forensic_b;visual_recovery,CHANGED,2e62201280336c042d8eb1e46901a428d19dcb3e1bce323c222902d43202e0ed,914b5eb6c198c6f18163c354e4fb1787ad312e3bc072f5f6d4bedc442c730ee5,0f5e0db7853ec1d2efb151f52322f757b9c430808036c7694b78ed3dd2d88ea1,REVIEWED_DOMAIN_AUTHORITY_DEPENDENCY_DEFERRED_NO_PORT,"Runtime adds accounting failure stop, Keychain-reference, and invalid-placeholder checks while changing the selected fresh-passing-artifact test. Historical tests omit selected in-process/effect-supervision checks. Integrate only with its scheduler source cohort.",audit/GATE0_DOMAIN_TEST_COHORT_REVIEW_2026-09-30.json; exact selected/frozen/runtime/recovery/extended hashes
tests/test_current_wizard_hyperliquid_handoff.py,True,True,2,4540a665f8e4a233a9a41b837cd39593af0aa543ce134adcc7d6e6761b272044;5c757bac58d4f59abc934a747478b01e1326e5ab086d5f1708180f1dfc581295,forensic_a;forensic_b;visual_recovery;workspace_outer,CHANGED,72e7598b1dd1ce8840ecdeddc8d8c8c6e55ec8aa76038081bc4052c81ba8d2b7,29f8bc76870555f7d4904ad41c7e0e262b366b31447bc11d33bdf9a70af75353,29f8bc76870555f7d4904ad41c7e0e262b366b31447bc11d33bdf9a70af75353,REVIEWED_DOMAIN_AUTHORITY_DEPENDENCY_DEFERRED_NO_PORT,"Runtime adds 24 path, byte, mutation, funding-cache, terminal-beta, and replay custody tests for a later handoff contract. Forensic also adds a causal Y-on-X exposure test. Keep selected test contract until corresponding source family is integrated.",audit/GATE0_DOMAIN_TEST_COHORT_REVIEW_2026-09-30.json; exact selected/frozen/runtime/recovery/extended hashes
tests/test_current_wizard_hyperliquid_math_comparison.py,True,False,1,d4b28a2f03d1ee1ab1ca1a6d49023f2d592a77dc8a43dd6e0edf24ffa2b652bd,forensic_a;forensic_b;visual_recovery;workspace_outer,,,,,REVIEWED_ACTIVE_TEST_RETAIN_HISTORICAL_NO_PORT,Runtime is byte-identical to selected; older forensic copy lacks current comparison coverage. No source or test change justified by this path.,audit/GATE0_DOMAIN_TEST_COHORT_REVIEW_2026-09-30.json; exact selected/frozen/runtime/recovery/extended hashes
tests/test_daily_stage_deadline.py,False,True,0,,,RUNTIME_ONLY,,49c3d17e25e9961ebf9a3d381a5135d901336b5a8e3e565df01f735dfecced0e,49c3d17e25e9961ebf9a3d381a5135d901336b5a8e3e565df01f735dfecced0e,REVIEWED_SELECTIVE_DAILY_TIMEOUT_TEST_PORT,Selected in-process timeout can be swallowed inside the stage body; a separate fail-closed source repair is required before porting. Focused deadline regression and source repair were ported in 85612e8.,audit/GATE0_REMAINING_PENDING_TEST_SUPPORT_RECONCILIATION_2026-09-30.json; selective source/test repair 85612e8
tests/test_daily_stage_effect_accounting.py,False,True,0,,,RUNTIME_ONLY,,258df19276a86630a2514cc5d34e947977f0de0b73bc3d360c462c8b2db95182,258df19276a86630a2514cc5d34e947977f0de0b73bc3d360c462c8b2db95182,REVIEWED_DEPENDENCY_BLOCKED_TEST_NO_PORT,"Runtime test requires src/quant_platform/orchestration/current_wizard_hyperliquid_daily_runner.py:_stage_effect_accounting, absent from the selected dependency contract.",audit/GATE0_REMAINING_PENDING_TEST_SUPPORT_RECONCILIATION_2026-09-30.json
tests/test_decide_color_team_admission.py,False,True,0,,,RUNTIME_ONLY,,3a2b6ef098026c75c12dc35fdc01621747b9bfecaa2b04db00c91536fa7232af,3a2b6ef098026c75c12dc35fdc01621747b9bfecaa2b04db00c91536fa7232af,REVIEWED_DECIDE_DIRECT_TEST_DEFERRED_NO_PORT,Direct test of an unported package; retain with the preserved dependency cohort. It is not current active test coverage.,audit/GATE0_DECIDE_SOURCE_FAMILY_RECONCILIATION_2026-09-30.json
tests/test_decide_color_team_architecture.py,False,True,0,,,RUNTIME_ONLY,,a5b4d67830bb1b63475085de6869d6fd30eb7034bc88003a1cd44a49a6d795c4,a5b4d67830bb1b63475085de6869d6fd30eb7034bc88003a1cd44a49a6d795c4,REVIEWED_DECIDE_DIRECT_TEST_DEFERRED_NO_PORT,Direct test of an unported package; retain with the preserved dependency cohort. It is not current active test coverage.,audit/GATE0_DECIDE_SOURCE_FAMILY_RECONCILIATION_2026-09-30.json
tests/test_decide_color_team_integrity_regressions.py,False,True,0,,,RUNTIME_ONLY,,d9d12f707b9ae21871eaabe5709a834502b86e08b3d4dfa6dadaddf492fd2c75,d9d12f707b9ae21871eaabe5709a834502b86e08b3d4dfa6dadaddf492fd2c75,REVIEWED_DECIDE_DIRECT_TEST_DEFERRED_NO_PORT,Direct test of an unported package; retain with the preserved dependency cohort. It is not current active test coverage.,audit/GATE0_DECIDE_SOURCE_FAMILY_RECONCILIATION_2026-09-30.json
tests/test_decide_color_team_isolation.py,False,True,0,,,RUNTIME_ONLY,,e323146101f6e96734ae3115eb0c33b2477057b73121be859010ad73fe399115,e323146101f6e96734ae3115eb0c33b2477057b73121be859010ad73fe399115,REVIEWED_DECIDE_DIRECT_TEST_DEFERRED_NO_PORT,Direct test of an unported package; retain with the preserved dependency cohort. It is not current active test coverage.,audit/GATE0_DECIDE_SOURCE_FAMILY_RECONCILIATION_2026-09-30.json
tests/test_decide_color_team_trials.py,False,True,0,,,RUNTIME_ONLY,,496857e69754cb84e3088f337c71819bf3ff013a312d6fc104c9aa4ea20c938a,496857e69754cb84e3088f337c71819bf3ff013a312d6fc104c9aa4ea20c938a,REVIEWED_DECIDE_DIRECT_TEST_DEFERRED_NO_PORT,Direct test of an unported package; retain with the preserved dependency cohort. It is not current active test coverage.,audit/GATE0_DECIDE_SOURCE_FAMILY_RECONCILIATION_2026-09-30.json
tests/test_decide_contracts.py,False,True,0,,,RUNTIME_ONLY,,09e6b6aa360a206f20ec0532e161d883882da8a655e891647995b5885de7bf0a,09e6b6aa360a206f20ec0532e161d883882da8a655e891647995b5885de7bf0a,REVIEWED_DECIDE_DIRECT_TEST_DEFERRED_NO_PORT,Direct test of an unported package; retain with the preserved dependency cohort. It is not current active test coverage.,audit/GATE0_DECIDE_SOURCE_FAMILY_RECONCILIATION_2026-09-30.json
tests/test_decide_deep_challenge.py,False,True,0,,,RUNTIME_ONLY,,3da64a5ec9783ce311fe9acecb67b90723761b8b66bac0f775125c831470627b,3da64a5ec9783ce311fe9acecb67b90723761b8b66bac0f775125c831470627b,REVIEWED_DECIDE_DIRECT_TEST_DEFERRED_NO_PORT,Direct test of an unported package; retain with the preserved dependency cohort. It is not current active test coverage.,audit/GATE0_DECIDE_SOURCE_FAMILY_RECONCILIATION_2026-09-30.json
tests/test_decide_fast_challenge.py,False,True,0,,,RUNTIME_ONLY,,f86cb5c445fd8322e560ec30af936b627569cfa5cb132788450c7f781c0fa1e3,f86cb5c445fd8322e560ec30af936b627569cfa5cb132788450c7f781c0fa1e3,REVIEWED_DECIDE_DIRECT_TEST_DEFERRED_NO_PORT,Direct test of an unported package; retain with the preserved dependency cohort. It is not current active test coverage.,audit/GATE0_DECIDE_SOURCE_FAMILY_RECONCILIATION_2026-09-30.json
tests/test_decide_pipeline.py,False,True,0,,,RUNTIME_ONLY,,862fd6ade04c1ce41ea4648680ef303d12f4a934fca04d05f475bbafd89507d4,862fd6ade04c1ce41ea4648680ef303d12f4a934fca04d05f475bbafd89507d4,REVIEWED_DECIDE_DIRECT_TEST_DEFERRED_NO_PORT,Direct test of an unported package; retain with the preserved dependency cohort. It is not current active test coverage.,audit/GATE0_DECIDE_SOURCE_FAMILY_RECONCILIATION_2026-09-30.json
tests/test_decide_proof_admission.py,False,True,0,,,RUNTIME_ONLY,,18c47404a6057b9130bf29125bb883e055dd9c69bc84d59bc0162e40665e899c,18c47404a6057b9130bf29125bb883e055dd9c69bc84d59bc0162e40665e899c,REVIEWED_DECIDE_DIRECT_TEST_DEFERRED_NO_PORT,Direct test of an unported package; retain with the preserved dependency cohort. It is not current active test coverage.,audit/GATE0_DECIDE_SOURCE_FAMILY_RECONCILIATION_2026-09-30.json
tests/test_decide_shadow_handoff.py,False,True,0,,,RUNTIME_ONLY,,1ca88ec74429af2218ade99db8c944df28d9c2bb6bd092b4979efee13554f90f,1ca88ec74429af2218ade99db8c944df28d9c2bb6bd092b4979efee13554f90f,REVIEWED_DECIDE_DIRECT_TEST_DEFERRED_NO_PORT,Direct test of an unported package; retain with the preserved dependency cohort. It is not current active test coverage.,audit/GATE0_DECIDE_SOURCE_FAMILY_RECONCILIATION_2026-09-30.json
tests/test_dydx_candles.py,True,True,2,2447c8aabc0953cb802e22a7c106548db4f4149b15b129b84b3a124bd72d9f8b;3f0840b1d61c2abeb2ec4e6a2446a6273317dbccb0e80237b1c5c2ff6fe0f858,forensic_b;visual_recovery,CHANGED,20c01247f05ff559f1ed9ce26f62ff5745814d8e84c0f6fd69eb76d5d149efe7,2f894a1df45fb3317d7fb930cdb05af939001bbdb15f1ddd7bd1a2f642365cfc,2f894a1df45fb3317d7fb930cdb05af939001bbdb15f1ddd7bd1a2f642365cfc,REVIEWED_HISTORICAL_VARIANTS_RECONCILED,"All historical test functions are represented; replaced obsolete price-OLS assertions with log Y-on-X contract checks and added funding chronology plus proxy and monthly regressions. Additional frozen variant reviewed: The visual test copy omits six selected regressions for monthly identity, funding chronology and native-feature preservation, and asserts that provisional values occupy canonical feature names. Preserve all SHA/root custody and retain selected source; no whole-file port.",audit/GATE0_DYDX_ML_SOURCE_RECONCILIATION_2026-09-30.json; audit/GATE0_EXTENDED_VARIANT_GAP_2026-09-30.json; audit/GATE0_REMAINING_REOPENED_EXTENDED_VARIANTS_2026-09-30.json
tests/test_dydx_public_mainnet.py,False,True,0,,,RUNTIME_ONLY,,be554f221def28de8e7a2efb1d1de41636ffae0202e7fc02b52abd631cb12c76,be554f221def28de8e7a2efb1d1de41636ffae0202e7fc02b52abd631cb12c76,REVIEWED_MISSING_ACTIVE_MODULE_TEST_DEFERRED_NO_PORT,This preserved runtime-only test or fixture is absent from the active checkout and directly imports at least one module absent from the active package; it cannot collect against the canonical source until the corresponding source cohort is reviewed and ported.,audit/GATE0_MISSING_MODULE_TEST_REVIEW_2026-09-30.json
tests/test_dynamic_agent_ledger.py,False,True,1,b2615dbc5ca2b85a22b1582726b392513d06570bfe45343f0e88240de0a2aa03,forensic_b;visual_recovery,CHANGED,0f4d16f7f0afc5a4f9d620025d617fa56392531d5db1c620c2e04f30db4b3cb5,5e546add30d0635f047da893537818ab5ccc65e2d3770cc3f3bdf01d03548457,5e546add30d0635f047da893537818ab5ccc65e2d3770cc3f3bdf01d03548457,REVIEWED_DEPENDENCY_BLOCKED_TEST_NO_PORT,Runtime ledger test expects publication worker context capture absent from selected scheduler lock.,audit/GATE0_REMAINING_PENDING_TEST_SUPPORT_RECONCILIATION_2026-09-30.json
tests/test_dynamic_agent_venue_gate.py,True,False,1,fec7d8368d6d689cd387b275836d2790ef15c9b0256afcc669a0ec5f2cb853f1,forensic_b,,,,,REVIEWED_RETAIN_SELECTED_TEST_NO_PORT,Selected and runtime tests have identical bytes; retain the selected venue gate contract over the distinct forensic copy.,audit/GATE0_REMAINING_PENDING_TEST_SUPPORT_RECONCILIATION_2026-09-30.json
tests/test_elapsed_capture_job.py,False,True,0,,,RUNTIME_ONLY,,,5c3f3ad1fe623a09bd8f80bba2fabd6b749495f48529f09ecfee57f1b596a821,REVIEWED_MISSING_ACTIVE_MODULE_TEST_DEFERRED_NO_PORT,This preserved runtime-only test or fixture is absent from the active checkout and directly imports at least one module absent from the active package; it cannot collect against the canonical source until the corresponding source cohort is reviewed and ported.,audit/GATE0_MISSING_MODULE_TEST_REVIEW_2026-09-30.json
tests/test_elapsed_capture_store.py,False,True,0,,,RUNTIME_ONLY,,,64c69ba9bdd9ef6a50e50fae7340266430dc0def8e29f3399d55fefd24af8afc,REVIEWED_MISSING_ACTIVE_MODULE_TEST_DEFERRED_NO_PORT,This preserved runtime-only test or fixture is absent from the active checkout and directly imports at least one module absent from the active package; it cannot collect against the canonical source until the corresponding source cohort is reviewed and ported.,audit/GATE0_MISSING_MODULE_TEST_REVIEW_2026-09-30.json
tests/test_elapsed_causal_capture.py,False,True,0,,,RUNTIME_ONLY,,,08cd9a0cf9c807791979971c9d07931fe8276543e67ba06ccef6010b3dd077f0,REVIEWED_MISSING_ACTIVE_MODULE_TEST_DEFERRED_NO_PORT,This preserved runtime-only test or fixture is absent from the active checkout and directly imports at least one module absent from the active package; it cannot collect against the canonical source until the corresponding source cohort is reviewed and ported.,audit/GATE0_MISSING_MODULE_TEST_REVIEW_2026-09-30.json
tests/test_entry_exit_contracts.py,False,True,0,,,RUNTIME_ONLY,,a3415f070f8dc6f5e055772e6659c9f56775bc4ea650d4fd31b93e9534171032,a3415f070f8dc6f5e055772e6659c9f56775bc4ea650d4fd31b93e9534171032,REVIEWED_MISSING_ACTIVE_MODULE_TEST_DEFERRED_NO_PORT,This preserved runtime-only test or fixture is absent from the active checkout and directly imports at least one module absent from the active package; it cannot collect against the canonical source until the corresponding source cohort is reviewed and ported.,audit/GATE0_MISSING_MODULE_TEST_REVIEW_2026-09-30.json
tests/test_env.py,True,False,2,751f46c6bb7f26dcd6d78384a752af17a278b88c4df6088b22f8e8c99ffdffe8;909910bb58e5e20adfa8b245b40380c6d0310867754372d4ac88e90599027d85,forensic_b;visual_recovery,,,,,REVIEWED_RETAIN_SELECTED_TEST_NO_PORT,Selected and runtime tests have identical bytes; the two forensic hashes are historical environment expectations.,audit/GATE0_REMAINING_PENDING_TEST_SUPPORT_RECONCILIATION_2026-09-30.json
tests/test_estimator_consumer_repairs.py,False,True,0,,,RUNTIME_ONLY,,872f44b3b1ea3a5be31729e8fbc4010aaad7d1090addcffcede3e54312544600,872f44b3b1ea3a5be31729e8fbc4010aaad7d1090addcffcede3e54312544600,PRESERVED_REVIEW_REQUIRED_NO_PORT,,
tests/test_estimator_repairs.py,False,True,0,,,RUNTIME_ONLY,,f777e64eee7b78e3b7fb511fc2d6419fa28f309f83d2ff6922e0f478781a61a0,f777e64eee7b78e3b7fb511fc2d6419fa28f309f83d2ff6922e0f478781a61a0,PRESERVED_REVIEW_REQUIRED_NO_PORT,,
tests/test_exact_directory_inventory.py,False,True,0,,,RUNTIME_ONLY,,956f30a3c58ab7980e5fcd982cf4a83636ecb92c117d6e72f71d9cc602c6856e,956f30a3c58ab7980e5fcd982cf4a83636ecb92c117d6e72f71d9cc602c6856e,REVIEWED_MISSING_ACTIVE_MODULE_TEST_DEFERRED_NO_PORT,This preserved runtime-only test or fixture is absent from the active checkout and directly imports at least one module absent from the active package; it cannot collect against the canonical source until the corresponding source cohort is reviewed and ported.,audit/GATE0_MISSING_MODULE_TEST_REVIEW_2026-09-30.json
tests/test_exact_http_transport_authority.py,False,True,0,,,RUNTIME_ONLY,,8f1f354136993d09dc6e5a2234f6259b5da05036dfe9df409007050d035a9085,8f1f354136993d09dc6e5a2234f6259b5da05036dfe9df409007050d035a9085,REVIEWED_DEPENDENCY_BLOCKED_TEST_NO_PORT,"Runtime test requires quant_platform.orchestration.corrective_external_effects.ExactHttpRequest, absent from the selected dependency contract.",audit/GATE0_REMAINING_PENDING_TEST_SUPPORT_RECONCILIATION_2026-09-30.json
tests/test_exact_publication_targets.py,False,True,0,,,RUNTIME_ONLY,,55c2536ff9def950766b83bbd650a9ddf905cb514df484b9b1f45ef287a412aa,55c2536ff9def950766b83bbd650a9ddf905cb514df484b9b1f45ef287a412aa,REVIEWED_DEPENDENCY_BLOCKED_TEST_NO_PORT,"Runtime test requires quant_platform.orchestration.corrective_scheduler_lock.capture_publication_worker_context, absent from the selected dependency contract.",audit/GATE0_REMAINING_PENDING_TEST_SUPPORT_RECONCILIATION_2026-09-30.json
tests/test_execution.py,True,True,2,52626de96f132a153526d9b47e862018cd3213d9f27c859b9df1bc1cc06440b6;c30d30fb6f64abcf111bdd1ac4c43a2010a3d40c028434356fcec213e321a466,forensic_b;visual_recovery,CHANGED,9471785c124f8b48ab66fd43c994c5c947acdb9264efce438f4c1f63c0fd145f,d0bb4fe00090ce10c4f3b8f74e35ac2914a548d15db953f8d6dc53c28f4f678a,d0bb4fe00090ce10c4f3b8f74e35ac2914a548d15db953f8d6dc53c28f4f678a,REVIEWED_DOMAIN_AUTHORITY_DEPENDENCY_DEFERRED_NO_PORT,"Runtime adds browser-state coercion and freshness, dYdX market metadata, adapter identity, helper/method mutation, and wrapper revalidation tests. Historical forensic tests allow unfenced client paths. Review runtime execution/effect source and tests as one authority contract.",audit/GATE0_DOMAIN_TEST_COHORT_REVIEW_2026-09-30.json; exact selected/frozen/runtime/recovery/extended hashes
tests/test_exhaustive_wizard_hyperliquid_learning.py,True,False,1,3ab3ca12a961e79cce2fbfdce272400e8cdc87e6574e9c20d207c31fecc77e0b,forensic_b;visual_recovery,,,,,REVIEWED_OMITTED_VARIANT_NO_PORT,Historical 3ab3ca12a961e79cce2fbfdce272400e8cdc87e6574e9c20d207c31fecc77e0b reviewed against selected 2d48de51b4eec2b152feeb4af192587890026381c5333cfb47372f9dd85e5a96. Selected test binds math-v2.1 y-on-x contract; historical test expects old math-v2 label. Retain selected active bytes; no authority or provider use authorized.,audit/GATE0_UNION_OMISSION_GAP_2026-09-30.json; audit/GATE0_OMITTED_UNION_NON_ORCHESTRATION_RECONCILIATION_2026-09-30.json
tests/test_exhaustive_wizard_hyperliquid_replay.py,True,False,2,1110a792d727ba319428cd51019ddb58959774fea861b7700bbe245c28e5d082;f6cde9d8ffa4ff2007cf467226acae0d66513a4329ecd630a9e3ee93d3d32f9b,forensic_a;forensic_b;visual_recovery;workspace_outer,,,,,REVIEWED_RETAIN_SELECTED_TEST_NO_PORT,Selected and runtime tests have identical bytes; two forensic variants predate the current replay contract.,audit/GATE0_REMAINING_PENDING_TEST_SUPPORT_RECONCILIATION_2026-09-30.json
tests/test_experiment_regime_clock.py,False,True,0,,,RUNTIME_ONLY,,37ded80035d31e4c72e1c21b8c8a220cefd67ca86e86684d91d9833f17d56ab3,37ded80035d31e4c72e1c21b8c8a220cefd67ca86e86684d91d9833f17d56ab3,PRESERVED_REVIEW_REQUIRED_NO_PORT,,
tests/test_experiments.py,True,False,2,0dbd0816630de56cc6e4fb414bc9007a4b9528026fc321929b8a7bc22637ffed;7273a76a8100c9ac8e248ebe07da3108816cc3c89031125a8742abaf6c7b041f,forensic_b;visual_recovery,,,,,REVIEWED_STUDENT_TEACHER_HISTORICAL_VARIANTS,"Five historical tests are mapped to current experiment and historical-strategy-authority regressions. Additional frozen variant reviewed: The visual copy lacks five selected regressions for incomplete two-leg inputs, nonfinite/open-trade gating, claimed eligibility, independent repriced trades and string boolean flags. Preserve all SHA/root custody and retain selected source; no whole-file port.",audit/GATE0_STUDENT_TEACHER_SOURCE_RECONCILIATION_2026-09-30.json; audit/GATE0_EXTENDED_VARIANT_GAP_2026-09-30.json; audit/GATE0_REMAINING_REOPENED_EXTENDED_VARIANTS_2026-09-30.json
tests/test_external_effect_worker_hardening.py,False,True,0,,,RUNTIME_ONLY,,e0bf6a5ced6ba99315c849aefd208dfcd720a672bebc206e2b0ea4a1064d3f0f,e0bf6a5ced6ba99315c849aefd208dfcd720a672bebc206e2b0ea4a1064d3f0f,REVIEWED_DEPENDENCY_BLOCKED_TEST_NO_PORT,"Runtime test requires quant_platform.orchestration.corrective_external_effects.ExternalEffectWorkerGrant, absent from the selected dependency contract.",audit/GATE0_REMAINING_PENDING_TEST_SUPPORT_RECONCILIATION_2026-09-30.json
tests/test_feature_engine.py,False,True,0,,,CHANGED,49347383d5974ac6950cb823a75f65180cf69c4b05185472f358f2e12da8d7ce,10727c989ff7998612478439c14f54ad9d1c5066c1ba45cb14c16ce7c4ac8e56,10727c989ff7998612478439c14f54ad9d1c5066c1ba45cb14c16ce7c4ac8e56,REVIEWED_RETAIN_SELECTED_TEST_NO_PORT,Selected tests add current canonical metrics and proxy quarantine cases beyond the runtime copy.,audit/GATE0_REMAINING_PENDING_TEST_SUPPORT_RECONCILIATION_2026-09-30.json
tests/test_finalize_full_project_test_receipt.py,False,True,0,,,RUNTIME_ONLY,,ea69e57cae34730d4086594f052b19cc412c03b0213f7f1680aaed35dae3bf5b,ea69e57cae34730d4086594f052b19cc412c03b0213f7f1680aaed35dae3bf5b,REVIEWED_DEPENDENCY_BLOCKED_TEST_NO_PORT,"Runtime test requires scripts.finalize_full_project_test_receipt, absent from the selected dependency contract.",audit/GATE0_REMAINING_PENDING_TEST_SUPPORT_RECONCILIATION_2026-09-30.json
tests/test_finalize_relevant_test_receipt.py,False,True,0,,,RUNTIME_ONLY,,81acd908236c800799f86d3fdc45c13fd17d25de913bf2a22e7865d1d8f40b6a,81acd908236c800799f86d3fdc45c13fd17d25de913bf2a22e7865d1d8f40b6a,REVIEWED_DEPENDENCY_BLOCKED_TEST_NO_PORT,"Runtime test requires scripts.finalize_relevant_test_receipt, absent from the selected dependency contract.",audit/GATE0_REMAINING_PENDING_TEST_SUPPORT_RECONCILIATION_2026-09-30.json
tests/test_fixture_ingestion.py,True,False,1,e316fbf229b415cc2f5a6fe7b7ec5814bf2aabcdb9eeea897e2b4c9e0474a71a,forensic_b;visual_recovery,,,,,REVIEWED_OMITTED_VARIANT_NO_PORT,"Historical e316fbf229b415cc2f5a6fe7b7ec5814bf2aabcdb9eeea897e2b4c9e0474a71a reviewed against selected 8aa632cb916b883d07d99ce69e40253ec86c2fd647090ba1464ee32f2a4b4ccb. Selected tests require explicit hedge ratio, canonical y-on-x spread, and invalid funding clock skip; historical tests expect invented raw-price spread. Retain selected active bytes; no authority or provider use authorized.",audit/GATE0_UNION_OMISSION_GAP_2026-09-30.json; audit/GATE0_OMITTED_UNION_NON_ORCHESTRATION_RECONCILIATION_2026-09-30.json
tests/test_forensic_project_audit.py,False,True,0,,,RUNTIME_ONLY,,94d8e5826123c08bee1d2525420e250c99e01f207fdde69b3db03070dfea1712,94d8e5826123c08bee1d2525420e250c99e01f207fdde69b3db03070dfea1712,REVIEWED_MISSING_ACTIVE_MODULE_TEST_DEFERRED_NO_PORT,This preserved runtime-only test or fixture is absent from the active checkout and directly imports at least one module absent from the active package; it cannot collect against the canonical source until the corresponding source cohort is reviewed and ported.,audit/GATE0_MISSING_MODULE_TEST_REVIEW_2026-09-30.json
tests/test_forward_walk_classification_repairs.py,False,True,0,,,RUNTIME_ONLY,,0d874997986017c103cfa2c8dd752da9baba3923799681c6d7ea02c36d59a278,0d874997986017c103cfa2c8dd752da9baba3923799681c6d7ea02c36d59a278,REVIEWED_DEPENDENCY_BLOCKED_TEST_NO_PORT,Selected fold slicing drops an initial interval for length 11 and 3 folds; source repair is needed before porting the runtime regression.,audit/GATE0_REMAINING_PENDING_TEST_SUPPORT_RECONCILIATION_2026-09-30.json
tests/test_funding.py,True,False,1,bff6b5464c1371bf3fbadff891cf2ff78ff3004e116d4b5a0c3b624c8887ad88,forensic_b,,,,,REVIEWED_RETAIN_SELECTED_TEST_NO_PORT,Selected and runtime tests have identical bytes; forensic funding test bytes are historical.,audit/GATE0_REMAINING_PENDING_TEST_SUPPORT_RECONCILIATION_2026-09-30.json
tests/test_funding_allocation_candidate.py,False,True,0,,,RUNTIME_ONLY,,cc9617efe0f74151758d532eeccbfafa9a4414c754f771218d936c35b67ed9e9,cc9617efe0f74151758d532eeccbfafa9a4414c754f771218d936c35b67ed9e9,REVIEWED_DEPENDENCY_BLOCKED_TEST_NO_PORT,"Runtime test requires quant_platform.orchestration.corrective_external_effects.InertHttpResponseFixture, absent from the selected dependency contract.",audit/GATE0_REMAINING_PENDING_TEST_SUPPORT_RECONCILIATION_2026-09-30.json
tests/test_gate00g_order_authority.py,False,True,0,,,CHANGED,ed55b13d356b4f7e1306349bde85acf0b685e197bdc7232806b650230cf3f5b2,3017033ae5bf0c555e919c72b831ef920aa6ac8395a037967ea3621d65375784,3017033ae5bf0c555e919c72b831ef920aa6ac8395a037967ea3621d65375784,REVIEWED_DEPENDENCY_BLOCKED_TEST_NO_PORT,Runtime test extends deferred private sink scope and signature authority beyond the selected contract.,audit/GATE0_REMAINING_PENDING_TEST_SUPPORT_RECONCILIATION_2026-09-30.json
tests/test_human_evidence_dashboard.py,False,True,0,,,RUNTIME_ONLY,,958921fb8fa7b81cd7be298b67497eaad8536007d9e7aaf23241d2d289352772,958921fb8fa7b81cd7be298b67497eaad8536007d9e7aaf23241d2d289352772,REVIEWED_MISSING_ACTIVE_MODULE_TEST_DEFERRED_NO_PORT,This preserved runtime-only test or fixture is absent from the active checkout and directly imports at least one module absent from the active package; it cannot collect against the canonical source until the corresponding source cohort is reviewed and ported.,audit/GATE0_MISSING_MODULE_TEST_REVIEW_2026-09-30.json
tests/test_human_evidence_presentation_isolated.py,False,True,0,,,RUNTIME_ONLY,,197bec8ddce987769e5dcb798fa85746f6374cb26b76ae18559a9aa19b9a0b2b,197bec8ddce987769e5dcb798fa85746f6374cb26b76ae18559a9aa19b9a0b2b,REVIEWED_DEPENDENCY_BLOCKED_TEST_NO_PORT,Runtime test dynamically loads absent human evidence research source.,audit/GATE0_REMAINING_PENDING_TEST_SUPPORT_RECONCILIATION_2026-09-30.json
tests/test_human_view_repairs.py,False,True,0,,,RUNTIME_ONLY,,d74bbeeea7248617149b2b58f059dd4efadad3048a82a0d3f35e94583ae91c81,d74bbeeea7248617149b2b58f059dd4efadad3048a82a0d3f35e94583ae91c81,REVIEWED_DEPENDENCY_BLOCKED_TEST_NO_PORT,Runtime test dynamically loads absent human evidence view source.,audit/GATE0_REMAINING_PENDING_TEST_SUPPORT_RECONCILIATION_2026-09-30.json
tests/test_hyperliquid.py,True,True,2,4a57f163f44b1b12f0c3ada9bbef7096cb7e4b2e0e4360f4ee54900b4f0e03d4;7cbcf906a7c6e19faac16630361aa14d1cfa35b78250f78981fcc8819fc7412f,forensic_a;forensic_b;visual_recovery;workspace_outer,CHANGED,20566317f90aafd44810459524a664d12a11b810096a7d258b583a9933645881,8cf9955b1c155f848ba3f89e885096bbca954d4c241605690a0dbeae6b8417f4,8cf9955b1c155f848ba3f89e885096bbca954d4c241605690a0dbeae6b8417f4,REVIEWED_DEPENDENCY_BLOCKED_TEST_NO_PORT,Runtime nonfinite JSON rewrite test exposes selected json.loads/json.dumps allow_nan behavior; source repair is required.,audit/GATE0_REMAINING_PENDING_TEST_SUPPORT_RECONCILIATION_2026-09-30.json
tests/test_hyperliquid_l2_calibration_intake.py,False,True,0,,,RUNTIME_ONLY,,,857dd80393295ab88893d0f658921fd742fe48835e800a455ba1397d1b207247,REVIEWED_MISSING_ACTIVE_MODULE_TEST_DEFERRED_NO_PORT,This preserved runtime-only test or fixture is absent from the active checkout and directly imports at least one module absent from the active package; it cannot collect against the canonical source until the corresponding source cohort is reviewed and ported.,audit/GATE0_MISSING_MODULE_TEST_REVIEW_2026-09-30.json
tests/test_hyperliquid_testnet.py,False,True,1,a263be3a091115d60abdd32a65143012be9989af24922a69f7b1735a4aaca456,forensic_b;visual_recovery,CHANGED,5d8457b67ddf1b1d7eaaae2157f17125856c901b75fa56eec0db71c2fa2daba7,d5a66d6d07e7e032e93d3d05f863b280280083fa301fe868245ac3fffcd3dcde,d5a66d6d07e7e032e93d3d05f863b280280083fa301fe868245ac3fffcd3dcde,REVIEWED_DOMAIN_AUTHORITY_DEPENDENCY_DEFERRED_NO_PORT,Runtime adds canonical executor method-shadow denial. Older forensic test delegates through a substituted executor and shifts approval timing. Keep selected denial/approval tests; review guard source with the runtime test.,audit/GATE0_DOMAIN_TEST_COHORT_REVIEW_2026-09-30.json; exact selected/frozen/runtime/recovery/extended hashes
tests/test_institutional_fund_graph.py,False,True,0,,,RUNTIME_ONLY,,140857ecffaef54c37f2faad6d2d249f261de1ed30ae509e3a7c5290af7ad5dc,140857ecffaef54c37f2faad6d2d249f261de1ed30ae509e3a7c5290af7ad5dc,REVIEWED_MISSING_ACTIVE_MODULE_TEST_DEFERRED_NO_PORT,This preserved runtime-only test or fixture is absent from the active checkout and directly imports at least one module absent from the active package; it cannot collect against the canonical source until the corresponding source cohort is reviewed and ported.,audit/GATE0_MISSING_MODULE_TEST_REVIEW_2026-09-30.json
tests/test_institutional_metric_integrity.py,False,True,0,,,RUNTIME_ONLY,,2fe171ca89d41c698e18b47ba7335661f371cb3351e38bc708416590d918d4d8,2fe171ca89d41c698e18b47ba7335661f371cb3351e38bc708416590d918d4d8,PRESERVED_REVIEW_REQUIRED_NO_PORT,,
tests/test_institutional_portfolio_risk.py,False,True,0,,,RUNTIME_ONLY,,ece0adddb0dff12de83232c0b2daa46d9edefdae9dad74eaed37a0c0defc4b6e,ece0adddb0dff12de83232c0b2daa46d9edefdae9dad74eaed37a0c0defc4b6e,REVIEWED_MISSING_ACTIVE_MODULE_TEST_DEFERRED_NO_PORT,This preserved runtime-only test or fixture is absent from the active checkout and directly imports at least one module absent from the active package; it cannot collect against the canonical source until the corresponding source cohort is reviewed and ported.,audit/GATE0_MISSING_MODULE_TEST_REVIEW_2026-09-30.json
tests/test_ledger_clock_consumer.py,False,True,0,,,RUNTIME_ONLY,,d83f9ee6754344324e2ca0026d1f3f60f0223148deec0f371534a9f1a1ea30a0,d83f9ee6754344324e2ca0026d1f3f60f0223148deec0f371534a9f1a1ea30a0,PRESERVED_REVIEW_REQUIRED_NO_PORT,,
tests/test_legacy_pipeline_quarantine.py,False,True,0,,,RUNTIME_ONLY,,352d7594ff6c80b56161fe7b15d18b1bc02bd16a0ff3f7a674d93ffead391656,352d7594ff6c80b56161fe7b15d18b1bc02bd16a0ff3f7a674d93ffead391656,PRESERVED_REVIEW_REQUIRED_NO_PORT,,
tests/test_lineage_video_routing.py,False,True,0,,,RUNTIME_ONLY,,5e2bb7caeac9eae2a57edf6fe39a422626e6bd115036e22b43a77153f2e39493,5e2bb7caeac9eae2a57edf6fe39a422626e6bd115036e22b43a77153f2e39493,REVIEWED_DEPENDENCY_BLOCKED_TEST_NO_PORT,"Runtime test requires scripts.build_lineage_video_routing, absent from the selected dependency contract.",audit/GATE0_REMAINING_PENDING_TEST_SUPPORT_RECONCILIATION_2026-09-30.json
tests/test_maintenance_binding684.py,False,True,0,,,RUNTIME_ONLY,,60ffbda97410ac6139ac1c25db2fd309674891a17b54d5df287a9f9033b60af1,60ffbda97410ac6139ac1c25db2fd309674891a17b54d5df287a9f9033b60af1,REVIEWED_MISSING_ACTIVE_MODULE_TEST_DEFERRED_NO_PORT,This preserved runtime-only test or fixture is absent from the active checkout and directly imports at least one module absent from the active package; it cannot collect against the canonical source until the corresponding source cohort is reviewed and ported.,audit/GATE0_MISSING_MODULE_TEST_REVIEW_2026-09-30.json
tests/test_math_desk_census.py,False,True,0,,,RUNTIME_ONLY,,f3bbdc9bbd4127791ee7cda8e2d460717af213f4d9fa9ab51189e6866d8ec31c,f3bbdc9bbd4127791ee7cda8e2d460717af213f4d9fa9ab51189e6866d8ec31c,REVIEWED_GOVERNED_EVIDENCE_BLOCKED_MATH_DESK_NO_PORT,"Preserve this exact runtime-only Math Desk regression file with its unselected 27-module package. The 174-case cohort has 89 passes, 18 failures, and 67 errors under missing governed inputs; active checkout lacks the package and matching dependency/data contract. The test is not current certification or a trading authorization.",audit/GATE0_MATH_DESK_DECISION_2026-09-30.json; exact Mac savepoint test hash; Math Desk JUnit and availability receipt
tests/test_math_desk_contracts.py,False,True,0,,,RUNTIME_ONLY,,a0e0fe85fb9989965b070d4832ad90885f4539aad4d5ff6fa2d4f31aa3b8900f,a0e0fe85fb9989965b070d4832ad90885f4539aad4d5ff6fa2d4f31aa3b8900f,REVIEWED_GOVERNED_EVIDENCE_BLOCKED_MATH_DESK_NO_PORT,"Preserve this exact runtime-only Math Desk regression file with its unselected 27-module package. The 174-case cohort has 89 passes, 18 failures, and 67 errors under missing governed inputs; active checkout lacks the package and matching dependency/data contract. The test is not current certification or a trading authorization.",audit/GATE0_MATH_DESK_DECISION_2026-09-30.json; exact Mac savepoint test hash; Math Desk JUnit and availability receipt
tests/test_math_desk_m3_core.py,False,True,0,,,RUNTIME_ONLY,,c58fe03d3102b51e55138274ac885918dff7ed70630d32b0b7fd82f488be8f0b,c58fe03d3102b51e55138274ac885918dff7ed70630d32b0b7fd82f488be8f0b,REVIEWED_GOVERNED_EVIDENCE_BLOCKED_MATH_DESK_NO_PORT,"Preserve this exact runtime-only Math Desk regression file with its unselected 27-module package. The 174-case cohort has 89 passes, 18 failures, and 67 errors under missing governed inputs; active checkout lacks the package and matching dependency/data contract. The test is not current certification or a trading authorization.",audit/GATE0_MATH_DESK_DECISION_2026-09-30.json; exact Mac savepoint test hash; Math Desk JUnit and availability receipt
tests/test_math_desk_m4_wizard_parity.py,False,True,0,,,RUNTIME_ONLY,,6a0de7143bd10b4dada1498bd3977d11883ddcf292d997669ae84c66844b892f,6a0de7143bd10b4dada1498bd3977d11883ddcf292d997669ae84c66844b892f,REVIEWED_GOVERNED_EVIDENCE_BLOCKED_MATH_DESK_NO_PORT,"Preserve this exact runtime-only Math Desk regression file with its unselected 27-module package. The 174-case cohort has 89 passes, 18 failures, and 67 errors under missing governed inputs; active checkout lacks the package and matching dependency/data contract. The test is not current certification or a trading authorization.",audit/GATE0_MATH_DESK_DECISION_2026-09-30.json; exact Mac savepoint test hash; Math Desk JUnit and availability receipt
tests/test_math_desk_m5_exhaustive.py,False,True,0,,,RUNTIME_ONLY,,64ec19627b588b17791cca4c0c14e042b594427f0decadd1939adbc3d2293146,64ec19627b588b17791cca4c0c14e042b594427f0decadd1939adbc3d2293146,REVIEWED_GOVERNED_EVIDENCE_BLOCKED_MATH_DESK_NO_PORT,"Preserve this exact runtime-only Math Desk regression file with its unselected 27-module package. The 174-case cohort has 89 passes, 18 failures, and 67 errors under missing governed inputs; active checkout lacks the package and matching dependency/data contract. The test is not current certification or a trading authorization.",audit/GATE0_MATH_DESK_DECISION_2026-09-30.json; exact Mac savepoint test hash; Math Desk JUnit and availability receipt
tests/test_math_desk_m5_source_evidence.py,False,True,0,,,RUNTIME_ONLY,,81733f126d1a8bbcbd16ec1cc0f51d5bdfec3567527b4fee472d645c3a6795d6,81733f126d1a8bbcbd16ec1cc0f51d5bdfec3567527b4fee472d645c3a6795d6,REVIEWED_GOVERNED_EVIDENCE_BLOCKED_MATH_DESK_NO_PORT,"Preserve this exact runtime-only Math Desk regression file with its unselected 27-module package. The 174-case cohort has 89 passes, 18 failures, and 67 errors under missing governed inputs; active checkout lacks the package and matching dependency/data contract. The test is not current certification or a trading authorization.",audit/GATE0_MATH_DESK_DECISION_2026-09-30.json; exact Mac savepoint test hash; Math Desk JUnit and availability receipt
tests/test_math_desk_m5_visual.py,False,True,0,,,RUNTIME_ONLY,,d9feae11f4dcfabbf5fab67a119703c74230750269759f9b44922b5279a423e3,d9feae11f4dcfabbf5fab67a119703c74230750269759f9b44922b5279a423e3,REVIEWED_GOVERNED_EVIDENCE_BLOCKED_MATH_DESK_NO_PORT,"Preserve this exact runtime-only Math Desk regression file with its unselected 27-module package. The 174-case cohort has 89 passes, 18 failures, and 67 errors under missing governed inputs; active checkout lacks the package and matching dependency/data contract. The test is not current certification or a trading authorization.",audit/GATE0_MATH_DESK_DECISION_2026-09-30.json; exact Mac savepoint test hash; Math Desk JUnit and availability receipt
tests/test_math_desk_m6_backlog_resolution.py,False,True,0,,,RUNTIME_ONLY,,3e3451edae58c88115caaf958b7fdb0e07be4af6052c4d0dc0961582f2e5d85d,3e3451edae58c88115caaf958b7fdb0e07be4af6052c4d0dc0961582f2e5d85d,REVIEWED_GOVERNED_EVIDENCE_BLOCKED_MATH_DESK_NO_PORT,"Preserve this exact runtime-only Math Desk regression file with its unselected 27-module package. The 174-case cohort has 89 passes, 18 failures, and 67 errors under missing governed inputs; active checkout lacks the package and matching dependency/data contract. The test is not current certification or a trading authorization.",audit/GATE0_MATH_DESK_DECISION_2026-09-30.json; exact Mac savepoint test hash; Math Desk JUnit and availability receipt
tests/test_math_desk_m6_m8.py,False,True,0,,,RUNTIME_ONLY,,cd1ffd03ec34c5f415558bc4058fc9d9efccbb57e4ee1cd26c053e8011fa48f7,cd1ffd03ec34c5f415558bc4058fc9d9efccbb57e4ee1cd26c053e8011fa48f7,REVIEWED_GOVERNED_EVIDENCE_BLOCKED_MATH_DESK_NO_PORT,"Preserve this exact runtime-only Math Desk regression file with its unselected 27-module package. The 174-case cohort has 89 passes, 18 failures, and 67 errors under missing governed inputs; active checkout lacks the package and matching dependency/data contract. The test is not current certification or a trading authorization.",audit/GATE0_MATH_DESK_DECISION_2026-09-30.json; exact Mac savepoint test hash; Math Desk JUnit and availability receipt
tests/test_math_desk_risk_census.py,False,True,0,,,RUNTIME_ONLY,,20952500c605519f5ea2a6af9ce95adde46da8aabf3013fa63b597037dfd1100,20952500c605519f5ea2a6af9ce95adde46da8aabf3013fa63b597037dfd1100,REVIEWED_GOVERNED_EVIDENCE_BLOCKED_MATH_DESK_NO_PORT,"Preserve this exact runtime-only Math Desk regression file with its unselected 27-module package. The 174-case cohort has 89 passes, 18 failures, and 67 errors under missing governed inputs; active checkout lacks the package and matching dependency/data contract. The test is not current certification or a trading authorization.",audit/GATE0_MATH_DESK_DECISION_2026-09-30.json; exact Mac savepoint test hash; Math Desk JUnit and availability receipt
tests/test_math_desk_scope_registry.py,False,True,0,,,RUNTIME_ONLY,,087b0c334fd8a07934f5d4248ed2c687b5e25ee5a1ac3bfc2d14cd38a3a259ec,087b0c334fd8a07934f5d4248ed2c687b5e25ee5a1ac3bfc2d14cd38a3a259ec,REVIEWED_GOVERNED_EVIDENCE_BLOCKED_MATH_DESK_NO_PORT,"Preserve this exact runtime-only Math Desk regression file with its unselected 27-module package. The 174-case cohort has 89 passes, 18 failures, and 67 errors under missing governed inputs; active checkout lacks the package and matching dependency/data contract. The test is not current certification or a trading authorization.",audit/GATE0_MATH_DESK_DECISION_2026-09-30.json; exact Mac savepoint test hash; Math Desk JUnit and availability receipt
tests/test_math_v2_acceptance.py,False,True,0,,,CHANGED,9599313e1ede12b2aae4a670b10c112987d65d1782e5c39a26ec5b268b11ef1e,9599313e1ede12b2aae4a670b10c112987d65d1782e5c39a26ec5b268b11ef1e,1bd29afbeff2a82c56947146201ecaf505cb12187c2cf32a878ba2efb1a5ba9a,REVIEWED_MATH_MARKER_CURRENTNESS,Historical runtime test differs only by per-test scoped publication authority; current global fixture and new no-authority regression cover it.,GATE0_MATH_MARKER_CURRENTNESS_2026-09-30.json
tests/test_meta_learning.py,False,True,0,,,CHANGED,182beacc6539f98063db05c6613b777fb14eebe4b46021c5034810c22658acc9,53988a888558e88da9e65445d474eba06b59ed362c3e8729200451340c962bb9,53988a888558e88da9e65445d474eba06b59ed362c3e8729200451340c962bb9,REVIEWED_DEPENDENCY_BLOCKED_TEST_NO_PORT,Runtime tests require verified outcome readiness and reported versus verified separation absent selected meta learning.,audit/GATE0_REMAINING_PENDING_TEST_SUPPORT_RECONCILIATION_2026-09-30.json
tests/test_meta_learning_repairs.py,False,True,0,,,RUNTIME_ONLY,,95fdcb5087cd858342dc12fb4fa5344f8eecc798cf9951c1cecd9e5c4c9e024d,95fdcb5087cd858342dc12fb4fa5344f8eecc798cf9951c1cecd9e5c4c9e024d,REVIEWED_DEPENDENCY_BLOCKED_TEST_NO_PORT,"Selected realized-return parser accepts ambiguous, boolean, and nonfinite values; source repair is needed before the runtime regression.",audit/GATE0_REMAINING_PENDING_TEST_SUPPORT_RECONCILIATION_2026-09-30.json
tests/test_mixed_version_metadata_repairs.py,False,True,0,,,RUNTIME_ONLY,,88638fcded8ea4dac1adb4787a659725d98083d5ae5bb644657aa3c42015c7fb,88638fcded8ea4dac1adb4787a659725d98083d5ae5bb644657aa3c42015c7fb,REVIEWED_DEPENDENCY_BLOCKED_TEST_NO_PORT,Runtime test dynamically loads historical math desk M3/M4 source not selected active.,audit/GATE0_REMAINING_PENDING_TEST_SUPPORT_RECONCILIATION_2026-09-30.json
tests/test_ml_filter.py,True,False,2,6d9fac418448eeef73b0718f7b8232b8188a129fa0f4f5f4a6bb1fe03809cca4;79b14fff82db187e296c2f9b50bbe49556362bc13e94c1176dfdb40f9ec50af3,forensic_a;forensic_b;visual_recovery;workspace_outer,,,,,REVIEWED_HISTORICAL_VARIANTS_RECONCILED,All historical test functions are represented; restored daily alias and missing funding checks while retaining causal entry-feature and no-future-data assertions.,audit/GATE0_DYDX_ML_SOURCE_RECONCILIATION_2026-09-30.json
tests/test_multi_asset_capture_job.py,False,True,0,,,CHANGED,6fbd8a81e3093902739f8849a918d205d1d59a8022e8a691affa1122a90c9d63,,852d5e26528fbb90f2df3ebba1d91c012e77d1391de92bb719b38d9510e4891e,REVIEWED_RETAIN_SELECTED_TEST_NO_PORT,Selected coverage includes the current multi-asset capture job contract and is substantially broader than the runtime copy.,audit/GATE0_REMAINING_PENDING_TEST_SUPPORT_RECONCILIATION_2026-09-30.json
tests/test_native_stage34_rehearsal.py,False,True,0,,,RUNTIME_ONLY,,317e39b3ead2bf92e3e16d8db1b3ce0e038393f17ff3f6635d7f2d9eebea2c6e,317e39b3ead2bf92e3e16d8db1b3ce0e038393f17ff3f6635d7f2d9eebea2c6e,REVIEWED_DEPENDENCY_BLOCKED_TEST_NO_PORT,"Runtime test requires src/quant_platform/orchestration/corrective_external_effects.py:ExactHttpResponse, absent from the selected dependency contract.",audit/GATE0_REMAINING_PENDING_TEST_SUPPORT_RECONCILIATION_2026-09-30.json
tests/test_node_contract_repairs.py,False,True,0,,,RUNTIME_ONLY,,6274397a604c44f9a35c4d8068512cf757af1450207f890770b220d145204a08,6274397a604c44f9a35c4d8068512cf757af1450207f890770b220d145204a08,REVIEWED_GOVERNED_EVIDENCE_BLOCKED_MATH_DESK_NO_PORT,"Related pure metadata regression test for the unselected Math Desk candidate. Its 57 deterministic cases pass on the exact LocalRuntime bytes, but the five governed source documents and active Math Desk package remain unavailable; preserve without porting or treating declared node metadata as algorithm certification.",audit/GATE0_MATH_DESK_DECISION_2026-09-30.json; exact LocalRuntime/savepoint/manifest hash; off-drive 57-case JUnit
tests/test_observation_handoff670.py,False,True,0,,,RUNTIME_ONLY,,7151ca7398c596e511b06a9760ce2d5c9338197a63208dcc9ce2e2762975ea85,7151ca7398c596e511b06a9760ce2d5c9338197a63208dcc9ce2e2762975ea85,REVIEWED_EFFECT_V6_DEPENDENCY_NO_PORT,"Direct barrier test depends on runtime-only collection route, owner, lease, or release components.",audit/GATE0_EFFECT_V6_TRIO_REVIEW_2026-09-30.json
tests/test_observer_credited711.py,False,True,0,,,RUNTIME_ONLY,,761b5a844136f4a9d5882c3379d21c53c996ec75893d37142aff361ae32e7ab6,761b5a844136f4a9d5882c3379d21c53c996ec75893d37142aff361ae32e7ab6,REVIEWED_EFFECT_V6_DEPENDENCY_NO_PORT,"Direct barrier test depends on runtime-only collection route, owner, lease, or release components.",audit/GATE0_EFFECT_V6_TRIO_REVIEW_2026-09-30.json
tests/test_orchestration_rl.py,True,True,2,24c60e72ab21ce0e4d7267f0274087ed4b169cf3c461b295139402193683e9be;a2077b4af3593c2cf73c046a2bb4fd8c5607d02b33e95f520fdf8d0969c97183,forensic_b;visual_recovery,CHANGED,8a63d69fb5279b6a5f63aeb4e034b4906d834d4bca7146aa33291430dd78d501,8a63d69fb5279b6a5f63aeb4e034b4906d834d4bca7146aa33291430dd78d501,40ff6bf8b4c40be21b4a13e01a294eb2152ab152726f46336671c953ffe608cd,REVIEWED_SELECTIVE_FORENSIC_TEST_PORT,"Additional frozen variant found in extended manifest; semantic review pending. Visual copy has old root-dependent agent-stage assertions and old RL acceptance expectation. Forensic_b separately supplies the exact forward-only strength-cap regression, copied verbatim into selected tests; selected forward OOS and report-only tests remain.",audit/GATE0_EXTENDED_VARIANT_GAP_2026-09-30.json; audit/GATE0_STRATEGY_DESKS_27_PATH_QUEUE_UPDATE_2026-09-30.csv
tests/test_orientation_remediation_closure.py,False,True,0,,,RUNTIME_ONLY,,dd4a91596c1da91f2dbbee2c25c216189547a633cc50a182b6f39fd2eacf7c4a,dd4a91596c1da91f2dbbee2c25c216189547a633cc50a182b6f39fd2eacf7c4a,REVIEWED_DEPENDENCY_BLOCKED_TEST_NO_PORT,"Runtime test requires scripts.lineage_state_contract.REQUIRED_PRESENT_SELECTOR_STAGES, absent from the selected dependency contract.",audit/GATE0_REMAINING_PENDING_TEST_SUPPORT_RECONCILIATION_2026-09-30.json
tests/test_owner_admission666.py,False,True,0,,,RUNTIME_ONLY,,daeabf4b4a0c37a2d8701a14cb7abc8866a8c640f71c73e17a05c13023e8d17f,daeabf4b4a0c37a2d8701a14cb7abc8866a8c640f71c73e17a05c13023e8d17f,REVIEWED_EFFECT_V6_DEPENDENCY_NO_PORT,"Direct barrier test depends on runtime-only collection route, owner, lease, or release components.",audit/GATE0_EFFECT_V6_TRIO_REVIEW_2026-09-30.json
tests/test_owner_release668.py,False,True,0,,,RUNTIME_ONLY,,330c0943f4bb79421c100a9e633970056d67a5d8b55236e2b3c1e53b461064ab,330c0943f4bb79421c100a9e633970056d67a5d8b55236e2b3c1e53b461064ab,REVIEWED_EFFECT_V6_DEPENDENCY_NO_PORT,"Direct barrier test depends on runtime-only collection route, owner, lease, or release components.",audit/GATE0_EFFECT_V6_TRIO_REVIEW_2026-09-30.json
tests/test_owner_release_inputs669.py,False,True,0,,,RUNTIME_ONLY,,9bae8353be5b391e96bc47f04b1a0eac25cb684dc84a3e10997ebaa89a9a6a8a,9bae8353be5b391e96bc47f04b1a0eac25cb684dc84a3e10997ebaa89a9a6a8a,REVIEWED_EFFECT_V6_DEPENDENCY_NO_PORT,"Direct barrier test depends on runtime-only collection route, owner, lease, or release components.",audit/GATE0_EFFECT_V6_TRIO_REVIEW_2026-09-30.json
tests/test_owner_workload680.py,False,True,0,,,RUNTIME_ONLY,,b24cecd14e6a17c7b3fbdfbf42549ed197cc375620acb08e6f9b6254a02cab83,b24cecd14e6a17c7b3fbdfbf42549ed197cc375620acb08e6f9b6254a02cab83,REVIEWED_EFFECT_V6_DEPENDENCY_NO_PORT,"Direct barrier test depends on runtime-only collection route, owner, lease, or release components.",audit/GATE0_EFFECT_V6_TRIO_REVIEW_2026-09-30.json
tests/test_package_build.py,False,True,0,,,RUNTIME_ONLY,,41e6ce70511f9f146ab0c62faa1e9691968859e636df5239107bb517c6aff1e6,41e6ce70511f9f146ab0c62faa1e9691968859e636df5239107bb517c6aff1e6,REVIEWED_REPLACED_BY_COMMIT_BOUND_WHEEL_BUILDER_NO_PORT,"Runtime-only helper stages working pyproject/src on internal disk and rejects wheel sidecars; its two focused tests pass. The active Gate 0 helper uses exact tracked HEAD, requires clean tracked source, verifies wheel ZIP plus clean install/import, and stages off the Expansion filesystem. Preserve runtime helper and test bytes without copying them.",audit/GATE0_DEPENDENCY_LOCK_DECISION_2026-09-30.json; exact runtime/savepoint/manifest hashes; two focused candidate tests; off-drive wheel diagnostic; active staged build receipt
tests/test_partial_cleanup662.py,False,True,0,,,RUNTIME_ONLY,,94cb6968a837d92db3d6ca47b6582094c3a976c42bf023b1c3cc8f8f2daaabb3,94cb6968a837d92db3d6ca47b6582094c3a976c42bf023b1c3cc8f8f2daaabb3,REVIEWED_DEPENDENCY_BLOCKED_TEST_NO_PORT,"Runtime test requires quant_platform.orchestration.corrective_external_effects._partial_permit_cleanup, absent from the selected dependency contract.",audit/GATE0_REMAINING_PENDING_TEST_SUPPORT_RECONCILIATION_2026-09-30.json
tests/test_performance_input_repairs.py,False,True,0,,,RUNTIME_ONLY,,e1121b3fe0e1fc5cdaf8cc5b2baf2eab0433680c610cab9527b351a3aa1adb7a,e1121b3fe0e1fc5cdaf8cc5b2baf2eab0433680c610cab9527b351a3aa1adb7a,PRESERVED_REVIEW_REQUIRED_NO_PORT,,
tests/test_performance_math_v2.py,True,False,2,1dab8d3cd80ae70c3311bdb522d115c0be4eb3ce29bcec4ca3d1afe584cab40e;4f276f987dcaf7ab5a711aedc84a261330f4ea08f48990d98e5fa9c178e8343b,forensic_a;forensic_b;visual_recovery;workspace_outer,,,,,REVIEWED_SELECTIVE_MATH_PERFORMANCE_TEST_PORT,Merged 12 viable historical timeframe/fixed-unit tests and updated stale math-v2 literal to current MATH_VERSION; preserved other variants.,audit/GATE0_SELECTED_SAFETY_SOURCE_RECONCILIATION_2026-09-30.json
tests/test_personal_trader_graph.py,False,True,0,,,RUNTIME_ONLY,,2e54e61aa5ba2bd03809b3d48bfe7357b22a669986a83b097c19b32431595548,2e54e61aa5ba2bd03809b3d48bfe7357b22a669986a83b097c19b32431595548,REVIEWED_MISSING_ACTIVE_MODULE_TEST_DEFERRED_NO_PORT,This preserved runtime-only test or fixture is absent from the active checkout and directly imports at least one module absent from the active package; it cannot collect against the canonical source until the corresponding source cohort is reviewed and ported.,audit/GATE0_MISSING_MODULE_TEST_REVIEW_2026-09-30.json
tests/test_phase00_active_artifact_envelopes.py,False,True,0,,,CHANGED,fea65d4d4ffeded62634b7d88bb6b2659c88cd647c37d4bc97282a1047263d83,c53ea6bf4d4f161b8b3419b85fd79242275ebc5c76bc6aec888c98c2505d654f,c53ea6bf4d4f161b8b3419b85fd79242275ebc5c76bc6aec888c98c2505d654f,REVIEWED_DEPENDENCY_BLOCKED_TEST_NO_PORT,Runtime artifact envelope tests require absent trusted-artifact source and legacy pointer schemas.,audit/GATE0_REMAINING_PENDING_TEST_SUPPORT_RECONCILIATION_2026-09-30.json
tests/test_phase00_closure_launcher.py,False,True,0,,,RUNTIME_ONLY,,29278a4de5bd2cf36fed36abb96409d78c65bd9c9d98c8ffdbb3170221f40091,29278a4de5bd2cf36fed36abb96409d78c65bd9c9d98c8ffdbb3170221f40091,REVIEWED_DEPENDENCY_BLOCKED_TEST_NO_PORT,Runtime test invokes an absent phase 00 closure launcher script.,audit/GATE0_REMAINING_PENDING_TEST_SUPPORT_RECONCILIATION_2026-09-30.json
tests/test_phase00_effect_authority.py,False,True,0,,,CHANGED,d81d5fb698893d4dece3e42e99ff63f3e717a69fd69ff6f19555a0d21c76dce2,67c1d117368881d2853a603b6821d9a60e852dbcadc508b8735624cfd0c277ed,67c1d117368881d2853a603b6821d9a60e852dbcadc508b8735624cfd0c277ed,REVIEWED_DEPENDENCY_BLOCKED_TEST_NO_PORT,Runtime checkpoint and process authority tests require v6 checkpoint symbols absent from selected source.,audit/GATE0_REMAINING_PENDING_TEST_SUPPORT_RECONCILIATION_2026-09-30.json
tests/test_phase00_expansion_interfaces.py,False,True,0,,,CHANGED,5004a2ead9a737f2ba00fe09ba0557bd7b52fd96d40e2c5a5c7ecfd1478ffa87,1eebece63b3d7d57c0b37679bb8bf1b58beb0608e17f77ad921482c211187a77,1eebece63b3d7d57c0b37679bb8bf1b58beb0608e17f77ad921482c211187a77,PRESERVED_REVIEW_REQUIRED_NO_PORT,,
tests/test_phase00_external_effects.py,False,True,0,,,CHANGED,fe9507490a903abe82d4c04e2dbfc8765ff1f65eed3ddda2ccda950f6b88600e,54cbbd3aedb0c9f30d51b2a654868cf142631790f70bd09f2cbfb5cc46903db5,361ce5976f60bcc06ecb6993fd4ecb452c3d950a346903b8e38ec2e3176a4057,REVIEWED_DEPENDENCY_BLOCKED_TEST_NO_PORT,Runtime external worker tests require worker grant and exact HTTP APIs absent selected source.,audit/GATE0_REMAINING_PENDING_TEST_SUPPORT_RECONCILIATION_2026-09-30.json
tests/test_phase00_gate_checkpoint_consistency.py,False,True,0,,,RUNTIME_ONLY,,ce9ea7e9ae15d52c7fbc669f411f515556322f64445de4410f09f388ea94ea1c,ce9ea7e9ae15d52c7fbc669f411f515556322f64445de4410f09f388ea94ea1c,REVIEWED_MISSING_ACTIVE_MODULE_TEST_DEFERRED_NO_PORT,This preserved runtime-only test or fixture is absent from the active checkout and directly imports at least one module absent from the active package; it cannot collect against the canonical source until the corresponding source cohort is reviewed and ported.,audit/GATE0_MISSING_MODULE_TEST_REVIEW_2026-09-30.json
tests/test_phase00_hyperliquid_network_authority.py,False,True,0,,,CHANGED,aa9116ce17e9ed853e45ce678500f609da91d5e559ec67f93b618c05c1f56fe9,d5e2461aa602aa8ba68efe65f0c30d3b1caca725ebbfadcf567ad161210ddcf4,d5e2461aa602aa8ba68efe65f0c30d3b1caca725ebbfadcf567ad161210ddcf4,REVIEWED_RETAIN_SELECTED_TEST_NO_PORT,Selected test adds the current raw POST network owner to the authority set; runtime copy has the older owner list.,audit/GATE0_REMAINING_PENDING_TEST_SUPPORT_RECONCILIATION_2026-09-30.json
tests/test_phase00_lineage_dag.py,False,True,0,,,CHANGED,966ddf846edc93b22e21fffa71a2e07e9b700a7fc8027d1fed64093a23c95067,23cfcd7c2dc54975f33b97691249110d66de30df84424580e5197e3de4299f70,23cfcd7c2dc54975f33b97691249110d66de30df84424580e5197e3de4299f70,REVIEWED_DEPENDENCY_BLOCKED_TEST_NO_PORT,Runtime lineage test requires absent bounded lineage file constant.,audit/GATE0_REMAINING_PENDING_TEST_SUPPORT_RECONCILIATION_2026-09-30.json
tests/test_phase00_redaction.py,False,True,0,,,CHANGED,4a82dd8ed44323cabe3dd4059eadc57a2e15da91e55c3340e252a31022058bda,b25f1865a081e31bf73c8a401156d2db01744650a551ee9d7e344d1a1282e63b,b25f1865a081e31bf73c8a401156d2db01744650a551ee9d7e344d1a1282e63b,REVIEWED_DEPENDENCY_BLOCKED_TEST_NO_PORT,Runtime redaction test requires absent streaming secret scanner API.,audit/GATE0_REMAINING_PENDING_TEST_SUPPORT_RECONCILIATION_2026-09-30.json
tests/test_phase00_scheduler_supervisor.py,False,True,0,,,CHANGED,85409715ec2033b4831c4f801baa58c9fb5672decf2b0156a4707ab0a10be363,d3e42007013155f4afb3bf64d985fe9934a8ca09b146628442081b58d69f98dc,d3e42007013155f4afb3bf64d985fe9934a8ca09b146628442081b58d69f98dc,PORTED_V23_PARTIAL_HISTORICAL_REVIEW_REQUIRED,Ported missing/false/truthy proof and nonretryability regressions; remaining preserved supervisor test drift is deferred.,audit/GATE0_SELECTED_SAFETY_SOURCE_RECONCILIATION_2026-09-30.json
tests/test_phase00_supreme_diagnostics.py,False,True,0,,,CHANGED,a260ebb16ca1c42f2a4c9b12e6b3b53429433184dad5fa9bc116d45cd3ce56bd,fbb1f5eb583f0dba33daa8e77f88e6288eb097366e295ee2c0f6121058814cbf,fbb1f5eb583f0dba33daa8e77f88e6288eb097366e295ee2c0f6121058814cbf,REVIEWED_DEPENDENCY_BLOCKED_TEST_NO_PORT,Runtime diagnostics tests require trusted artifact and worker context authority absent selected source.,audit/GATE0_REMAINING_PENDING_TEST_SUPPORT_RECONCILIATION_2026-09-30.json
tests/test_planned_audit_downstream.py,False,True,0,,,RUNTIME_ONLY,,4d91ffebcd12f28aa146370404dd2e67283cc669564a0221beacdf561c8cc78a,4d91ffebcd12f28aa146370404dd2e67283cc669564a0221beacdf561c8cc78a,REVIEWED_DEPENDENCY_BLOCKED_TEST_NO_PORT,"Runtime test requires scripts.build_full_video_diagnostic, absent from the selected dependency contract.",audit/GATE0_REMAINING_PENDING_TEST_SUPPORT_RECONCILIATION_2026-09-30.json
tests/test_planned_control_source_contract.py,False,True,0,,,RUNTIME_ONLY,,72ac90d84719a91998e55042092d7199b4b13afda3cd4409f23e34100a7b4285,72ac90d84719a91998e55042092d7199b4b13afda3cd4409f23e34100a7b4285,REVIEWED_DEPENDENCY_BLOCKED_TEST_NO_PORT,"Runtime test requires scripts.planned_control_source_contract, absent from the selected dependency contract.",audit/GATE0_REMAINING_PENDING_TEST_SUPPORT_RECONCILIATION_2026-09-30.json
tests/test_planned_registry_integration.py,False,True,0,,,RUNTIME_ONLY,,f18dc4c4a0dd83a3e8beea122f9d83f0bfdaea42cc7599c85f45afb0bfbe9f53,f18dc4c4a0dd83a3e8beea122f9d83f0bfdaea42cc7599c85f45afb0bfbe9f53,REVIEWED_DEPENDENCY_BLOCKED_TEST_NO_PORT,"Runtime test requires scripts.build_surface_log_test_registry, absent from the selected dependency contract.",audit/GATE0_REMAINING_PENDING_TEST_SUPPORT_RECONCILIATION_2026-09-30.json
tests/test_point_in_time_data.py,False,True,0,,,RUNTIME_ONLY,,91682e24291b99d9e4ad5671b8c6c122ba43d54ae16e16ae594af786b1ce4ccb,91682e24291b99d9e4ad5671b8c6c122ba43d54ae16e16ae594af786b1ce4ccb,REVIEWED_MISSING_ACTIVE_MODULE_TEST_DEFERRED_NO_PORT,This preserved runtime-only test or fixture is absent from the active checkout and directly imports at least one module absent from the active package; it cannot collect against the canonical source until the corresponding source cohort is reviewed and ported.,audit/GATE0_MISSING_MODULE_TEST_REVIEW_2026-09-30.json
tests/test_postseal_currentness_path_safety.py,False,True,0,,,RUNTIME_ONLY,,12892614bf9c32e252cc1bcb273df2dbc889a83906410dbd1dc61e31be13f787,12892614bf9c32e252cc1bcb273df2dbc889a83906410dbd1dc61e31be13f787,REVIEWED_DEPENDENCY_BLOCKED_TEST_NO_PORT,"Runtime test requires scripts.attest_full_video_gap_rescrub_postseal, absent from the selected dependency contract.",audit/GATE0_REMAINING_PENDING_TEST_SUPPORT_RECONCILIATION_2026-09-30.json
tests/test_precollection_campaign_builder.py,False,True,0,,,RUNTIME_ONLY,,,a9910a3344ceae30db9af94e6fadf8b72b0cf6e0d52a7f36d20581c62d83bb0c,REVIEWED_MISSING_ACTIVE_MODULE_TEST_DEFERRED_NO_PORT,This preserved runtime-only test or fixture is absent from the active checkout and directly imports at least one module absent from the active package; it cannot collect against the canonical source until the corresponding source cohort is reviewed and ported.,audit/GATE0_MISSING_MODULE_TEST_REVIEW_2026-09-30.json
tests/test_precollection_cycle_owner.py,False,True,0,,,RUNTIME_ONLY,,a6ad6e6ef77f2a75c8f3e1cdfd02efd76a878d21445da14ebaf8594b9ab6f5de,a6ad6e6ef77f2a75c8f3e1cdfd02efd76a878d21445da14ebaf8594b9ab6f5de,REVIEWED_MISSING_ACTIVE_MODULE_TEST_DEFERRED_NO_PORT,This preserved runtime-only test or fixture is absent from the active checkout and directly imports at least one module absent from the active package; it cannot collect against the canonical source until the corresponding source cohort is reviewed and ported.,audit/GATE0_MISSING_MODULE_TEST_REVIEW_2026-09-30.json
tests/test_precollection_cycle_validation.py,False,True,0,,,RUNTIME_ONLY,,58ce17f9da7f7ed97d626ea3705603b8cd51ad62b40bfb103f2d927684304720,58ce17f9da7f7ed97d626ea3705603b8cd51ad62b40bfb103f2d927684304720,REVIEWED_MISSING_ACTIVE_MODULE_TEST_DEFERRED_NO_PORT,This preserved runtime-only test or fixture is absent from the active checkout and directly imports at least one module absent from the active package; it cannot collect against the canonical source until the corresponding source cohort is reviewed and ported.,audit/GATE0_MISSING_MODULE_TEST_REVIEW_2026-09-30.json
tests/test_precollection_cycle_worker.py,False,True,0,,,RUNTIME_ONLY,,d435244d9aac3cb5642a4edbf0822411a851cb1450c1b8965b6a7ee5fc20f538,d435244d9aac3cb5642a4edbf0822411a851cb1450c1b8965b6a7ee5fc20f538,REVIEWED_MISSING_ACTIVE_MODULE_TEST_DEFERRED_NO_PORT,This preserved runtime-only test or fixture is absent from the active checkout and directly imports at least one module absent from the active package; it cannot collect against the canonical source until the corresponding source cohort is reviewed and ported.,audit/GATE0_MISSING_MODULE_TEST_REVIEW_2026-09-30.json
tests/test_precollection_launcher_monitor.py,False,True,0,,,RUNTIME_ONLY,,12a3ba95aaa89624bd113eb71a00b874f6effb534a94d6a3d70220e7583c26c5,12a3ba95aaa89624bd113eb71a00b874f6effb534a94d6a3d70220e7583c26c5,REVIEWED_DEPENDENCY_BLOCKED_TEST_NO_PORT,"Runtime test requires quant_platform.orchestration.precollection_launcher_monitor, absent from the selected dependency contract.",audit/GATE0_REMAINING_PENDING_TEST_SUPPORT_RECONCILIATION_2026-09-30.json
tests/test_precollection_monitor_review.py,False,True,0,,,RUNTIME_ONLY,,cb14f26e2f4e4063aa1851ed3427d8a9c0389ef20d024b19a222aadd4daf21a1,cb14f26e2f4e4063aa1851ed3427d8a9c0389ef20d024b19a222aadd4daf21a1,REVIEWED_DEPENDENCY_BLOCKED_TEST_NO_PORT,"Runtime test requires quant_platform.orchestration.precollection_cycle_owner, absent from the selected dependency contract.",audit/GATE0_REMAINING_PENDING_TEST_SUPPORT_RECONCILIATION_2026-09-30.json
tests/test_precollection_monitor_schedule.py,False,True,0,,,RUNTIME_ONLY,,3acf57db5f4a4929d58a54228651d106d7c60a7c5ca1dc50cdfcd18356cf59f5,3acf57db5f4a4929d58a54228651d106d7c60a7c5ca1dc50cdfcd18356cf59f5,REVIEWED_MISSING_ACTIVE_MODULE_TEST_DEFERRED_NO_PORT,This preserved runtime-only test or fixture is absent from the active checkout and directly imports at least one module absent from the active package; it cannot collect against the canonical source until the corresponding source cohort is reviewed and ported.,audit/GATE0_MISSING_MODULE_TEST_REVIEW_2026-09-30.json
tests/test_precollection_observer_child.py,False,True,0,,,RUNTIME_ONLY,,58da5381eecff7be8f058bf26db49a04d66f76b2679583b8175c8a77abcb5571,6cc635cb90a5cd9c00f39b0fa799f0b6db9066be5eac91641259d3da449eb429,REVIEWED_DEPENDENCY_BLOCKED_TEST_NO_PORT,"Runtime test requires quant_platform.orchestration.precollection_observer_child, absent from the selected dependency contract.",audit/GATE0_REMAINING_PENDING_TEST_SUPPORT_RECONCILIATION_2026-09-30.json
tests/test_precollection_owned_schedule.py,False,True,0,,,RUNTIME_ONLY,,1e3fb9e60a2b14b936198302c9dda918544ae83115d5b7d4d7b75496bb42815f,1e3fb9e60a2b14b936198302c9dda918544ae83115d5b7d4d7b75496bb42815f,REVIEWED_MISSING_ACTIVE_MODULE_TEST_DEFERRED_NO_PORT,This preserved runtime-only test or fixture is absent from the active checkout and directly imports at least one module absent from the active package; it cannot collect against the canonical source until the corresponding source cohort is reviewed and ported.,audit/GATE0_MISSING_MODULE_TEST_REVIEW_2026-09-30.json
tests/test_precollection_poll_launcher.py,False,True,0,,,RUNTIME_ONLY,,e32d507360f0312d05bbf61633426613a421d14c7edccc40edb5cde7e6482c84,e32d507360f0312d05bbf61633426613a421d14c7edccc40edb5cde7e6482c84,REVIEWED_DEPENDENCY_BLOCKED_TEST_NO_PORT,"Runtime test requires quant_platform.orchestration.precollection_observer_child, absent from the selected dependency contract.",audit/GATE0_REMAINING_PENDING_TEST_SUPPORT_RECONCILIATION_2026-09-30.json
tests/test_precollection_poll_launcher_contract.py,False,True,0,,,RUNTIME_ONLY,,267469ec47cd1e46dd53c83069d7eeb743623925d29405a1556ee351adc218f3,267469ec47cd1e46dd53c83069d7eeb743623925d29405a1556ee351adc218f3,REVIEWED_MISSING_ACTIVE_MODULE_TEST_DEFERRED_NO_PORT,This preserved runtime-only test or fixture is absent from the active checkout and directly imports at least one module absent from the active package; it cannot collect against the canonical source until the corresponding source cohort is reviewed and ported.,audit/GATE0_MISSING_MODULE_TEST_REVIEW_2026-09-30.json
tests/test_precollection_poll_store.py,False,True,0,,,RUNTIME_ONLY,,24c48d88502383f27141d3273e58f8230039d693559cea600cdfd88b92e6a039,24c48d88502383f27141d3273e58f8230039d693559cea600cdfd88b92e6a039,REVIEWED_MISSING_ACTIVE_MODULE_TEST_DEFERRED_NO_PORT,This preserved runtime-only test or fixture is absent from the active checkout and directly imports at least one module absent from the active package; it cannot collect against the canonical source until the corresponding source cohort is reviewed and ported.,audit/GATE0_MISSING_MODULE_TEST_REVIEW_2026-09-30.json
tests/test_precollection_poll_watchdog.py,False,True,0,,,RUNTIME_ONLY,,667ab6f6730c09d7aa4dc02864dfcde41016c1227501aa5aebf184786652ca26,667ab6f6730c09d7aa4dc02864dfcde41016c1227501aa5aebf184786652ca26,REVIEWED_MISSING_ACTIVE_MODULE_TEST_DEFERRED_NO_PORT,This preserved runtime-only test or fixture is absent from the active checkout and directly imports at least one module absent from the active package; it cannot collect against the canonical source until the corresponding source cohort is reviewed and ported.,audit/GATE0_MISSING_MODULE_TEST_REVIEW_2026-09-30.json
tests/test_precollection_schedule_protocol.py,False,True,0,,,RUNTIME_ONLY,,1965d2ac2445dd76b4418b36c83ad2dd60d655d90985e903dcdb3e6f03132cac,1965d2ac2445dd76b4418b36c83ad2dd60d655d90985e903dcdb3e6f03132cac,REVIEWED_MISSING_ACTIVE_MODULE_TEST_DEFERRED_NO_PORT,This preserved runtime-only test or fixture is absent from the active checkout and directly imports at least one module absent from the active package; it cannot collect against the canonical source until the corresponding source cohort is reviewed and ported.,audit/GATE0_MISSING_MODULE_TEST_REVIEW_2026-09-30.json
tests/test_preowner_accounting677.py,False,True,0,,,RUNTIME_ONLY,,e2f6abe193242116c2b31e29c63ea14afb82a276a83d00c0a8d0336cf1d99969,e2f6abe193242116c2b31e29c63ea14afb82a276a83d00c0a8d0336cf1d99969,REVIEWED_MISSING_ACTIVE_MODULE_TEST_DEFERRED_NO_PORT,This preserved runtime-only test or fixture is absent from the active checkout and directly imports at least one module absent from the active package; it cannot collect against the canonical source until the corresponding source cohort is reviewed and ported.,audit/GATE0_MISSING_MODULE_TEST_REVIEW_2026-09-30.json
tests/test_preowner_assessment686.py,False,True,0,,,RUNTIME_ONLY,,7acd85f86a1e829c9465edc3353ce2ed0664dbc538e8ee28215a56069ce1bd94,7acd85f86a1e829c9465edc3353ce2ed0664dbc538e8ee28215a56069ce1bd94,REVIEWED_MISSING_ACTIVE_MODULE_TEST_DEFERRED_NO_PORT,This preserved runtime-only test or fixture is absent from the active checkout and directly imports at least one module absent from the active package; it cannot collect against the canonical source until the corresponding source cohort is reviewed and ported.,audit/GATE0_MISSING_MODULE_TEST_REVIEW_2026-09-30.json
tests/test_preowner_campaign675.py,False,True,0,,,RUNTIME_ONLY,,6a42664cdfd3f56ad1520b13a1f451af05a095f1dfa4daa7061d49bca805593e,6a42664cdfd3f56ad1520b13a1f451af05a095f1dfa4daa7061d49bca805593e,REVIEWED_MISSING_ACTIVE_MODULE_TEST_DEFERRED_NO_PORT,This preserved runtime-only test or fixture is absent from the active checkout and directly imports at least one module absent from the active package; it cannot collect against the canonical source until the corresponding source cohort is reviewed and ported.,audit/GATE0_MISSING_MODULE_TEST_REVIEW_2026-09-30.json
tests/test_preowner_inputs673.py,False,True,0,,,RUNTIME_ONLY,,f322c214238dd9cf2caf37fb68afe029a7ab3e7aa42e96f7b5fb1a47022f45f9,f322c214238dd9cf2caf37fb68afe029a7ab3e7aa42e96f7b5fb1a47022f45f9,REVIEWED_EFFECT_V6_DEPENDENCY_NO_PORT,"Direct barrier test depends on runtime-only collection route, owner, lease, or release components.",audit/GATE0_EFFECT_V6_TRIO_REVIEW_2026-09-30.json
tests/test_preowner_maintenance685.py,False,True,0,,,RUNTIME_ONLY,,51cf8f79d40eec343ab0fb39fafdaa98e2992b68e2263841cd86d2db3b57cf6d,51cf8f79d40eec343ab0fb39fafdaa98e2992b68e2263841cd86d2db3b57cf6d,REVIEWED_MISSING_ACTIVE_MODULE_TEST_DEFERRED_NO_PORT,This preserved runtime-only test or fixture is absent from the active checkout and directly imports at least one module absent from the active package; it cannot collect against the canonical source until the corresponding source cohort is reviewed and ported.,audit/GATE0_MISSING_MODULE_TEST_REVIEW_2026-09-30.json
tests/test_prestart_census676.py,False,True,0,,,RUNTIME_ONLY,,2507eafec613509e64f3d74c0e5630cc0adf9a9fc696920403cb6dd6fc6c23b9,2507eafec613509e64f3d74c0e5630cc0adf9a9fc696920403cb6dd6fc6c23b9,REVIEWED_DEPENDENCY_BLOCKED_TEST_NO_PORT,"Runtime test requires quant_platform.orchestration.corrective_daily_scheduler.load_current_campaign_attempt_accounting, absent from the selected dependency contract.",audit/GATE0_REMAINING_PENDING_TEST_SUPPORT_RECONCILIATION_2026-09-30.json
tests/test_process_identity699.py,False,True,0,,,RUNTIME_ONLY,,f3835313544c5221ad21f81879d800e769f5392750830a1add136fa0f76eff5b,f3835313544c5221ad21f81879d800e769f5392750830a1add136fa0f76eff5b,REVIEWED_DEPENDENCY_BLOCKED_TEST_NO_PORT,Runtime test dynamically loads absent Darwin process identity source.,audit/GATE0_REMAINING_PENDING_TEST_SUPPORT_RECONCILIATION_2026-09-30.json
tests/test_process_integration700.py,False,True,0,,,RUNTIME_ONLY,,7f376edced5ff946dac2f9c4cef87fcb968f4899aa399f85ff4ddc8665f1afd9,7f376edced5ff946dac2f9c4cef87fcb968f4899aa399f85ff4ddc8665f1afd9,REVIEWED_EFFECT_V6_DEPENDENCY_NO_PORT,"Direct barrier test depends on runtime-only collection route, owner, lease, or release components.",audit/GATE0_EFFECT_V6_TRIO_REVIEW_2026-09-30.json
tests/test_protective_exits.py,False,True,0,,,RUNTIME_ONLY,,9710694521f8c5657f45502fe51c8909832d227f72361b51bc2187e21a87e5ef,9710694521f8c5657f45502fe51c8909832d227f72361b51bc2187e21a87e5ef,PRESERVED_REVIEW_REQUIRED_NO_PORT,,
tests/test_protective_numeric_domain.py,False,True,0,,,RUNTIME_ONLY,,caaec33742a0cc9284e9dbe7e9ded285deecc0f673c88e9528a4b287a9f2ab17,caaec33742a0cc9284e9dbe7e9ded285deecc0f673c88e9528a4b287a9f2ab17,PRESERVED_REVIEW_REQUIRED_NO_PORT,,
tests/test_provider_binding707.py,False,True,0,,,RUNTIME_ONLY,,760c02a7a9e4e5ef3ce5a8328c41dce3c1708de41992d576d632ef5318b4fe30,760c02a7a9e4e5ef3ce5a8328c41dce3c1708de41992d576d632ef5318b4fe30,REVIEWED_MISSING_ACTIVE_MODULE_TEST_DEFERRED_NO_PORT,This preserved runtime-only test or fixture is absent from the active checkout and directly imports at least one module absent from the active package; it cannot collect against the canonical source until the corresponding source cohort is reviewed and ported.,audit/GATE0_MISSING_MODULE_TEST_REVIEW_2026-09-30.json
tests/test_publication_profile724.py,False,True,0,,,RUNTIME_ONLY,,942ac164b73328ec7b364204a4f7e6a3a770a3e85eaed223b771aa8dc1cf6588,942ac164b73328ec7b364204a4f7e6a3a770a3e85eaed223b771aa8dc1cf6588,REVIEWED_DEPENDENCY_BLOCKED_TEST_NO_PORT,"Runtime test requires tests.collection_publication_profile724.LEGACY_PUBLICATION_FILES, absent from the selected dependency contract.",audit/GATE0_REMAINING_PENDING_TEST_SUPPORT_RECONCILIATION_2026-09-30.json
tests/test_publication_worker_lifecycle_regressions.py,False,True,0,,,RUNTIME_ONLY,,ed82f1a041847b61c52ee137f8665304ca2842bcc0ccc699d1d9b5069362fdbf,ed82f1a041847b61c52ee137f8665304ca2842bcc0ccc699d1d9b5069362fdbf,REVIEWED_DEPENDENCY_BLOCKED_TEST_NO_PORT,"Runtime test requires quant_platform.orchestration.corrective_scheduler_lock.capture_publication_worker_context, absent from the selected dependency contract.",audit/GATE0_REMAINING_PENDING_TEST_SUPPORT_RECONCILIATION_2026-09-30.json
tests/test_pytest_execution_contract.py,False,True,0,,,RUNTIME_ONLY,,3f03e2097629e2d79970efb473a14ef862a20bfbaeb6d7b352338b33323d3b4a,3f03e2097629e2d79970efb473a14ef862a20bfbaeb6d7b352338b33323d3b4a,REVIEWED_DEPENDENCY_BLOCKED_TEST_NO_PORT,"Runtime test requires scripts.pytest_execution_contract, absent from the selected dependency contract.",audit/GATE0_REMAINING_PENDING_TEST_SUPPORT_RECONCILIATION_2026-09-30.json
tests/test_reconcile_reader661.py,False,True,0,,,RUNTIME_ONLY,,9347593832a97deb9d79718f4a719b3ca253d77dee9653e3900fbbd188a14495,9347593832a97deb9d79718f4a719b3ca253d77dee9653e3900fbbd188a14495,REVIEWED_DEPENDENCY_BLOCKED_TEST_NO_PORT,"Runtime test requires tests.test_external_effect_worker_hardening._authority, absent from the selected dependency contract.",audit/GATE0_REMAINING_PENDING_TEST_SUPPORT_RECONCILIATION_2026-09-30.json
tests/test_regimes.py,True,False,1,f57cd62ff4de735d6d60f9d6613685198740abd9c81fb0aa6be9e0940ba113b6,forensic_b,,,,,REVIEWED_RETAIN_SELECTED_TEST_NO_PORT,Selected and runtime tests have identical bytes; forensic regime tests are historical.,audit/GATE0_REMAINING_PENDING_TEST_SUPPORT_RECONCILIATION_2026-09-30.json
tests/test_released_admission681.py,False,True,0,,,RUNTIME_ONLY,,9b4ce63266eba0298f20efd98be8cf201e0a330e9599c8cc55e33febd71a8d98,9b4ce63266eba0298f20efd98be8cf201e0a330e9599c8cc55e33febd71a8d98,REVIEWED_EFFECT_V6_DEPENDENCY_NO_PORT,"Direct barrier test depends on runtime-only collection route, owner, lease, or release components.",audit/GATE0_EFFECT_V6_TRIO_REVIEW_2026-09-30.json
tests/test_released_workload679.py,False,True,0,,,RUNTIME_ONLY,,3bb4bff2ab4bb556bde22b74f884f84c66c3422cd8dbc7e7e80aa463a7bbcc98,3bb4bff2ab4bb556bde22b74f884f84c66c3422cd8dbc7e7e80aa463a7bbcc98,REVIEWED_MISSING_ACTIVE_MODULE_TEST_DEFERRED_NO_PORT,This preserved runtime-only test or fixture is absent from the active checkout and directly imports at least one module absent from the active package; it cannot collect against the canonical source until the corresponding source cohort is reviewed and ported.,audit/GATE0_MISSING_MODULE_TEST_REVIEW_2026-09-30.json
tests/test_research_assertion_contracts.py,False,True,0,,,RUNTIME_ONLY,,116fba82b42a7b6071579bb70c370e7c4e1b6d20282d9cc83c47eba2a5a20043,116fba82b42a7b6071579bb70c370e7c4e1b6d20282d9cc83c47eba2a5a20043,REVIEWED_MISSING_ACTIVE_MODULE_TEST_DEFERRED_NO_PORT,This preserved runtime-only test or fixture is absent from the active checkout and directly imports at least one module absent from the active package; it cannot collect against the canonical source until the corresponding source cohort is reviewed and ported.,audit/GATE0_MISSING_MODULE_TEST_REVIEW_2026-09-30.json
tests/test_research_assertion_isolation.py,False,True,0,,,RUNTIME_ONLY,,99e5627fb4c2dd7d7d3d206b4bb0d78eb6ae8d97d72b1bb2077562ce3d2e589d,99e5627fb4c2dd7d7d3d206b4bb0d78eb6ae8d97d72b1bb2077562ce3d2e589d,REVIEWED_RUNTIME_ONLY_DEPENDENCY_DEFERRED_NO_PORT,"Runtime-only AST scan asserts research_assertions is isolated from runtime imports. Selected checkout has no research_assertions.py, so it is not an applicable standalone test port.",audit/GATE0_DOMAIN_TEST_COHORT_REVIEW_2026-09-30.json; exact selected/frozen/runtime/recovery/extended hashes
tests/test_research_ingestion.py,True,False,2,a7706a7ae542c8b61c5b9d0b5859a83d85c6e3dfa9c53e623b22edada1a4931e;fe41362f9a5181712d9ecf2bab72fe420cded34c660a39c7a49012b3633f4b19,forensic_b;visual_recovery,,,,,REVIEWED_SELECTIVE_APPLEDOUBLE_PORT_REMAINDER_NO_PORT,"Runtime matches selected. Forensic adds AppleDouble sidecar exclusion, but removes selected CCXT evidence/failure tests. Select only the sidecar regression with a narrow registry-source fix; do not replace this file wholesale. AppleDouble sidecar exclusion and regression ported in 543d415; older wholesale tests remain rejected.",audit/GATE0_DOMAIN_TEST_COHORT_REVIEW_2026-09-30.json; exact selected/frozen/runtime/recovery/extended hashes; selective source/test repair 543d415
tests/test_research_paper_reproduction.py,True,True,1,27dbac489aee2d2620648c975f5806b3e3f47539e0b425d3e9406436015f77e4,forensic_b,CHANGED,778b7ca3e81ec8bc026e7aa2f3a481b33da8ba862943def4a300036b6c1c690c,1adc864f9b4488447fdd3aadc1ab02032a46c3621e5364c84289f033488e408c,1adc864f9b4488447fdd3aadc1ab02032a46c3621e5364c84289f033488e408c,REVIEWED_ACTIVE_TEST_RETAIN_HISTORICAL_NO_PORT,Selected changed after freeze to add canonical causal Y-on-X pair-frame test. Runtime and forensic are older. Retain selected stronger test; preserve frozen byte history.,audit/GATE0_DOMAIN_TEST_COHORT_REVIEW_2026-09-30.json; exact selected/frozen/runtime/recovery/extended hashes
tests/test_research_paper_reviews.py,True,False,2,947da823cf84ca6ac2dd2ff29a3f4a522bec7997a58de433b84d13bb29291ad4;d39164effe27eef3c2e3529ecdda3d129660459ff319a1ffe657e327191ff041,forensic_a;forensic_b;visual_recovery;workspace_outer,,,,,REVIEWED_ACTIVE_TEST_RETAIN_HISTORICAL_NO_PORT,Selected uses synthetic fixtures for all paper assessments; forensic differs by using a copied real inventory. Runtime matches selected. Keep deterministic selected test.,audit/GATE0_DOMAIN_TEST_COHORT_REVIEW_2026-09-30.json; exact selected/frozen/runtime/recovery/extended hashes
tests/test_research_producer_publication_safety.py,False,True,0,,,RUNTIME_ONLY,,dcbc8cb01d5127f30e187f9b9f0af56fdabebe5504be0f6221f7c5e1ad7c7477,dcbc8cb01d5127f30e187f9b9f0af56fdabebe5504be0f6221f7c5e1ad7c7477,REVIEWED_RUNTIME_ONLY_DEPENDENCY_DEFERRED_NO_PORT,Runtime-only four-case publication test imports seven producer scripts absent in selected checkout. It cannot be collected here without the script/source family.,audit/GATE0_DOMAIN_TEST_COHORT_REVIEW_2026-09-30.json; exact selected/frozen/runtime/recovery/extended hashes
tests/test_research_trial_registry.py,False,True,0,,,RUNTIME_ONLY,,9baf7ebf1173fee2e3446e65090057347a7c3c0a6f9079883ed3c11758b06663,9baf7ebf1173fee2e3446e65090057347a7c3c0a6f9079883ed3c11758b06663,REVIEWED_MISSING_ACTIVE_MODULE_TEST_DEFERRED_NO_PORT,This preserved runtime-only test or fixture is absent from the active checkout and directly imports at least one module absent from the active package; it cannot collect against the canonical source until the corresponding source cohort is reviewed and ported.,audit/GATE0_MISSING_MODULE_TEST_REVIEW_2026-09-30.json
tests/test_risk_metrics.py,False,True,0,,,RUNTIME_ONLY,,6b8a3755eb0e93b6c620213f6194f5e29a26810ff23ed4d07c95debf8d62fab5,6b8a3755eb0e93b6c620213f6194f5e29a26810ff23ed4d07c95debf8d62fab5,REVIEWED_REPLACED_BY_VERSIONED_V23_TEST,Preserved runtime-only test adapted into tests/test_risk_metrics_v23.py; original bytes remain in Mac savepoint and source-delta custody.,audit/GATE0_ACCOUNTING_CANDIDATE_DECISION_2026-09-30.json; exact LocalRuntime and Mac savepoint hashes; off-drive 167-pass direct and 2509-case full JUnits; profit-factor and boolean-input probes; audit/GATE0_ACCOUNTING_QUALIFICATION_2026-09-30.json; qualified-source manifest and full JUnit SHA-256; audit/GATE0_V23_SOURCE_TRANSITION_2026-09-30.json
tests/test_rl_brain_contract.py,True,False,1,7a5f4c0120779f28ac1ee9d4d62ad4388370ba93926b44b04b3ca8567eea7f23,forensic_b,,,,,REVIEWED_RETAIN_NO_PORT, Active equals LocalRuntime; older forensic variant retained without port.,; audit/GATE0_STRATEGY_DESKS_27_PATH_QUEUE_UPDATE_2026-09-30.csv
tests/test_runtime_binding687.py,False,True,0,,,RUNTIME_ONLY,,92c52eebaa8f549726f5438a77189235f249f126d760f83556c8244248f9d7a1,92c52eebaa8f549726f5438a77189235f249f126d760f83556c8244248f9d7a1,REVIEWED_MISSING_ACTIVE_MODULE_TEST_DEFERRED_NO_PORT,This preserved runtime-only test or fixture is absent from the active checkout and directly imports at least one module absent from the active package; it cannot collect against the canonical source until the corresponding source cohort is reviewed and ported.,audit/GATE0_MISSING_MODULE_TEST_REVIEW_2026-09-30.json
tests/test_runtime_types.py,False,True,0,,,RUNTIME_ONLY,,f5df0eb65d2fba7bfdbc0f1e87a199713a8576d04a4357412e29e1c79d77a463,f5df0eb65d2fba7bfdbc0f1e87a199713a8576d04a4357412e29e1c79d77a463,PRESERVED_REVIEW_REQUIRED_NO_PORT,,
tests/test_settings_identity_repairs.py,False,True,0,,,RUNTIME_ONLY,,801ba0c4a58b6709287622440799b6d595a5f00e61444cf633e92f3cb0ea51d6,801ba0c4a58b6709287622440799b6d595a5f00e61444cf633e92f3cb0ea51d6,REVIEWED_DEPENDENCY_BLOCKED_TEST_NO_PORT,"Runtime test requires src/quant_platform/wizard_run_config.py:canonical_comparison, absent from the selected dependency contract.",audit/GATE0_REMAINING_PENDING_TEST_SUPPORT_RECONCILIATION_2026-09-30.json
tests/test_static_desk_ecm_repairs.py,False,True,0,,,RUNTIME_ONLY,,efba8cf0be0c34d4e404c712a6fdd9f3557c3e80d24d5efacd3e5ebb97d70550,efba8cf0be0c34d4e404c712a6fdd9f3557c3e80d24d5efacd3e5ebb97d70550,REVIEWED_EXACT_RUNTIME_ECM_TEST_PORT,Ported the preserved 286-line focused EG/ECM regression test bytes exactly. Already exact-ported from LocalRuntime.,audit/GATE0_SELECTED_SAFETY_SOURCE_RECONCILIATION_2026-09-30.json; audit/GATE0_STRATEGY_DESKS_27_PATH_QUEUE_UPDATE_2026-09-30.csv
tests/test_static_desk_learning_consumer.py,False,True,0,,,RUNTIME_ONLY,,ad30b6cfd356222f8f0d3d3acfb3e817e525db77ebf0cb4e8ad8583c7423dac1,ad30b6cfd356222f8f0d3d3acfb3e817e525db77ebf0cb4e8ad8583c7423dac1,REVIEWED_EXACT_RUNTIME_RL_TEST_PORT, AST-isolated RL learning consumer checks no zero-fill and qualified metrics.,; audit/GATE0_STRATEGY_DESKS_27_PATH_QUEUE_UPDATE_2026-09-30.csv
tests/test_static_desk_learning_repairs.py,False,True,0,,,RUNTIME_ONLY,,ba9deef828a99f1e4d13b7316b586c56c12a5fd9922b56ce9d2893b4e1f8be01,ba9deef828a99f1e4d13b7316b586c56c12a5fd9922b56ce9d2893b4e1f8be01,REVIEWED_EXACT_RUNTIME_RL_TEST_PORT," Pure acceptance checks calendar equity, identities and comparison.",; audit/GATE0_STRATEGY_DESKS_27_PATH_QUEUE_UPDATE_2026-09-30.csv
tests/test_static_desk_math_adapter.py,False,True,0,,,RUNTIME_ONLY,,c04d54d9f6ed5542668138b9862557dcab0cb50e35d1740aa5dedf6659ff1b74,c04d54d9f6ed5542668138b9862557dcab0cb50e35d1740aa5dedf6659ff1b74,REVIEWED_MATH_TOOL_CONTRACT_MISMATCH_NO_PORT,Four retained tests cannot collect with active zscore_utils; exact isolated run executed zero tests. Imports absent quant_platform.tooling.math_validation.,audit/GATE0_TOOLING_RAG_SOURCE_RECONCILIATION_2026-09-30.json; audit/GATE0_STRATEGY_DESKS_27_PATH_QUEUE_UPDATE_2026-09-30.csv
tests/test_static_desk_rl_consumer_repairs.py,False,True,0,,,RUNTIME_ONLY,,f3e8d14d1cc6fa2ea8aa24f3824d0cb4d1ed2e721f137c6c6d7ea37979ea1b04,f3e8d14d1cc6fa2ea8aa24f3824d0cb4d1ed2e721f137c6c6d7ea37979ea1b04,REVIEWED_EXACT_RUNTIME_RL_TEST_PORT, AST-isolated backtest/acceptance checks no zero-fill and legacy unqualification.,; audit/GATE0_STRATEGY_DESKS_27_PATH_QUEUE_UPDATE_2026-09-30.csv
tests/test_static_desk_signal_repairs.py,False,True,0,,,RUNTIME_ONLY,,7d3e7e527e445898a3b5fdd91e25cc07579b2bee53e6047d85bf94c3268d838c,7d3e7e527e445898a3b5fdd91e25cc07579b2bee53e6047d85bf94c3268d838c,REVIEWED_EXACT_RUNTIME_SIGNAL_TEST_PORT," Tests active economic_contract/backtest, not preserved desk modules.",; audit/GATE0_STRATEGY_DESKS_27_PATH_QUEUE_UPDATE_2026-09-30.csv
tests/test_statistics_math_v2.py,True,True,2,ad575307c3b2736747829b76b46dbc834585dcd6762679a51c51accfb6c2459e;d954acb64472eff879f04c7b66cb25f0e128b93fecd3fc7270f006867d51bb69,forensic_a;forensic_b;visual_recovery;workspace_outer,CHANGED,a1b8231d30f2f68faa82b82ca60a2821e1c94837a7227204ebc36acffd309061,e7ef9be795b1fc48e583eb7a74f317b6df68d26f70b1eb3ae4da3fd0f9b8a92d,e7ef9be795b1fc48e583eb7a74f317b6df68d26f70b1eb3ae4da3fd0f9b8a92d,REVIEWED_CURRENT_MATH_TEST_RETAIN,Retained current tests; preserved runtime test imports absent math_desk/core_oracles and historical variants were evaluated against the selected EG/ECM contract.,audit/GATE0_SELECTED_SAFETY_SOURCE_RECONCILIATION_2026-09-30.json
tests/test_strategy_registry.py,True,True,1,5a4b9406f3dcbc46ef174991d200ab61dbe875ce12b7f02fc6a06a158ce08df2,forensic_b,CHANGED,cbedd98c035062c213056955063cf24afa1b50c7a75053a9b7bddcea7801d781,d0e9adb29e8f22dadf013e9ab91d27117f3dc742a05bbd012dfc239e7e133c0f,d0e9adb29e8f22dadf013e9ab91d27117f3dc742a05bbd012dfc239e7e133c0f,REVIEWED_DEPENDENCY_BLOCKED_TEST_NO_PORT,Runtime proxy provenance guards require source validation absent from selected risk ranking and rotation signals.,audit/GATE0_REMAINING_PENDING_TEST_SUPPORT_RECONCILIATION_2026-09-30.json
tests/test_student_readiness.py,False,True,1,419ec425ea01698ceb6306c6328800e9a12c8be4369f740089dac599b5f60afb,forensic_b;visual_recovery,CHANGED,12a135ab20637e1d372eebdcae81efe659f7d6a3a387c2d7b0e32a6428f6f937,f4849fa06f8690b43c0470c1d9f3436ca0b34d4d5999aaf0ba10d42b39e6af29,f4849fa06f8690b43c0470c1d9f3436ca0b34d4d5999aaf0ba10d42b39e6af29,REVIEWED_STUDENT_TEACHER_HISTORICAL_VARIANTS,"Restored explicit logged-policy fixture and added fail-closed schema, identity, timestamp, label and provenance regressions. Additional frozen variant reviewed: The visual/forensic copy omits five selected schema, identity, provenance, numeric timestamp and finite-label regressions and hardcodes math-v2 test data. Preserve all SHA/root custody and retain selected source; no whole-file port.",audit/GATE0_STUDENT_TEACHER_SOURCE_RECONCILIATION_2026-09-30.json; audit/GATE0_EXTENDED_VARIANT_GAP_2026-09-30.json; audit/GATE0_REMAINING_REOPENED_EXTENDED_VARIANTS_2026-09-30.json
tests/test_surface_external_input_validator.py,False,True,0,,,RUNTIME_ONLY,,522a97be07f4ade6de269847ea5cea55650ceb8984911536337d21510a5a8bd5,522a97be07f4ade6de269847ea5cea55650ceb8984911536337d21510a5a8bd5,REVIEWED_DEPENDENCY_BLOCKED_TEST_NO_PORT,"Runtime test requires scripts.validate_full_video_gap_rescrub, absent from the selected dependency contract.",audit/GATE0_REMAINING_PENDING_TEST_SUPPORT_RECONCILIATION_2026-09-30.json
tests/test_system_check_phase00_env.py,False,True,0,,,RUNTIME_ONLY,,9efabaa4610ee495970fa31186f55235e700d7315f3a6936b97e5355f62cf797,9efabaa4610ee495970fa31186f55235e700d7315f3a6936b97e5355f62cf797,REVIEWED_DEPENDENCY_BLOCKED_TEST_NO_PORT,"Runtime test requires tests.precollection_fixture_support.run_in_synthetic_campaign, absent from the selected dependency contract.",audit/GATE0_REMAINING_PENDING_TEST_SUPPORT_RECONCILIATION_2026-09-30.json
tests/test_teacher_adapters.py,False,True,1,9b9b20e32fd01489b47d833418c275827bea1c974bbf936b5af9265e5267734f,forensic_b;visual_recovery,CHANGED,851e5059f232e92aec94349f99b29952bd9ceaa12ec3f0e26660add49d8871d4,851e5059f232e92aec94349f99b29952bd9ceaa12ec3f0e26660add49d8871d4,8640c3d3b72db7b79a965520410f4374381538b0b37d2493f1958c8b87785c69,REVIEWED_STUDENT_TEACHER_HISTORICAL_VARIANTS,"Historical file-local publication fixture is superseded by global scoped publication authority in tests/conftest.py. Additional frozen variant reviewed: The visual/forensic copy hardcodes math-v2 in its fixture, so it does not track current shared math lineage; selected fixtures derive MATH_VERSION from the active math module. Preserve all SHA/root custody and retain selected source; no whole-file port.",audit/GATE0_STUDENT_TEACHER_SOURCE_RECONCILIATION_2026-09-30.json; audit/GATE0_EXTENDED_VARIANT_GAP_2026-09-30.json; audit/GATE0_REMAINING_REOPENED_EXTENDED_VARIANTS_2026-09-30.json
tests/test_teacher_control_plane.py,False,True,0,,,CHANGED,0a31f36c5142a2891ec8235adf4636fb972a96ffa57a42dc521e80f68426dd73,0a31f36c5142a2891ec8235adf4636fb972a96ffa57a42dc521e80f68426dd73,1cf55a7c3ab9e834db9433091c0f81f35f9521b4bc67b4c934e043d61094814b,REVIEWED_MATH_MARKER_CURRENTNESS,Historical runtime tests differ only by per-file scoped publication fixture; current global fixture and new marker regression cover it.,GATE0_MATH_MARKER_CURRENTNESS_2026-09-30.json
tests/test_teacher_council.py,False,True,1,eb7cb20ee9a422aaa0dfd5e0339224bfed35f509dcd12bc4b63376854a957622,forensic_b;visual_recovery,CHANGED,5f56e6556bf6a6c8c19d416a7a126bce96644f4495be4ade3f6055445d803f30,50e4603195ce593423ea991f1c81bfe1f52128eb1f2b76665fa616c87d222158,50e4603195ce593423ea991f1c81bfe1f52128eb1f2b76665fa616c87d222158,REVIEWED_STUDENT_TEACHER_HISTORICAL_VARIANTS,"Restored prior-math-version evidence rejection after the math repair. Add regressions for nonfinite returns, invalid policy values, stale math overrides, duplicate IDs and overflow-safe means. Additional frozen variant reviewed: The visual/forensic copy omits six selected regressions for prior/stale math, nonfinite returns, invalid policy thresholds, duplicate teacher IDs and overflow-safe weighted averages. Preserve all SHA/root custody and retain selected source; no whole-file port.",audit/GATE0_STUDENT_TEACHER_SOURCE_RECONCILIATION_2026-09-30.json; audit/GATE0_TEACHER_NUMERIC_GUARDS_2026-09-30.json; audit/GATE0_EXTENDED_VARIANT_GAP_2026-09-30.json; audit/GATE0_REMAINING_REOPENED_EXTENDED_VARIANTS_2026-09-30.json
tests/test_teacher_evidence_materializer.py,True,True,2,2c2e1d1b9c0af859b7ae3946df23c4ddf4663407f2f1e410b4292fa780f5ef3a;60196f5f0557ffaae905bb262fa6d93028ab3cdb2ab6af18024d4d2912f2ea85,forensic_a;forensic_b;visual_recovery;workspace_outer,CHANGED,a37bbf14009cd3ba553c91d45cce75ae39a27fb02338eca835301f1d8f241ceb,cea9cae309008f8f44b92143d1664d163405fec3dcd2d89d0cc3c3a1da2bd596,75937bd4d7b311743f4361cb967f7ed099b4675d47e2af2b343fcb2abe922ed7,REVIEWED_STUDENT_TEACHER_HISTORICAL_VARIANTS,"Both historical variants are subsumed by V2.3 orientation, seven-mode and output-guard regressions.",audit/GATE0_STUDENT_TEACHER_SOURCE_RECONCILIATION_2026-09-30.json
tests/test_teacher_numeric_repairs.py,False,True,0,,,RUNTIME_ONLY,,b0bc4ffc58391b417ba24ad74708f2de5c55a0ae1762d794df798b778a0b1560,b0bc4ffc58391b417ba24ad74708f2de5c55a0ae1762d794df798b778a0b1560,PRESERVED_REVIEW_REQUIRED_NO_PORT,,
tests/test_terminal_binding709.py,False,True,0,,,RUNTIME_ONLY,,90bb199db4adeb0b31424c151d74869c2afac6ce35072462752766b0611b811c,90bb199db4adeb0b31424c151d74869c2afac6ce35072462752766b0611b811c,REVIEWED_MISSING_ACTIVE_MODULE_TEST_DEFERRED_NO_PORT,This preserved runtime-only test or fixture is absent from the active checkout and directly imports at least one module absent from the active package; it cannot collect against the canonical source until the corresponding source cohort is reviewed and ported.,audit/GATE0_MISSING_MODULE_TEST_REVIEW_2026-09-30.json
tests/test_terminal_consumers710.py,False,True,0,,,RUNTIME_ONLY,,a8fd0c1deadf300fe6a1f9187ed5c3e0c97173e537b2fd53aa87389b6bdaffbd,a8fd0c1deadf300fe6a1f9187ed5c3e0c97173e537b2fd53aa87389b6bdaffbd,REVIEWED_DEPENDENCY_BLOCKED_TEST_NO_PORT,"Runtime test requires quant_platform.orchestration.precollection_observer_io, absent from the selected dependency contract.",audit/GATE0_REMAINING_PENDING_TEST_SUPPORT_RECONCILIATION_2026-09-30.json
tests/test_test_bundle_bootstrap.py,False,True,0,,,RUNTIME_ONLY,,e52b830e45694fec9894cc2a6a00aa536a260a3046b55a449c87c5ae9cc254b6,e52b830e45694fec9894cc2a6a00aa536a260a3046b55a449c87c5ae9cc254b6,REVIEWED_DEPENDENCY_BLOCKED_TEST_NO_PORT,"Runtime test requires scripts.finalize_relevant_test_receipt, absent from the selected dependency contract.",audit/GATE0_REMAINING_PENDING_TEST_SUPPORT_RECONCILIATION_2026-09-30.json
tests/test_test_receipt_attempt_custody.py,False,True,0,,,RUNTIME_ONLY,,4b591e5bdde3b31587cdfaa5594629f3608a5ea6377ac3bc893ddcd7c8eee044,4b591e5bdde3b31587cdfaa5594629f3608a5ea6377ac3bc893ddcd7c8eee044,REVIEWED_DEPENDENCY_BLOCKED_TEST_NO_PORT,"Runtime test requires scripts.finalize_full_project_test_receipt, absent from the selected dependency contract.",audit/GATE0_REMAINING_PENDING_TEST_SUPPORT_RECONCILIATION_2026-09-30.json
tests/test_three_brain_system.py,False,True,0,,,CHANGED,a43369eb914b811f47f5883a56014ba5a95cd677c3ae5e284e15d143441a3816,a7f2d9ab827ce031bb4d45843368d0cd3fb57c6f76dbc08f41c29ddeb6083fbb,a7f2d9ab827ce031bb4d45843368d0cd3fb57c6f76dbc08f41c29ddeb6083fbb,REVIEWED_RETAIN_SELECTED_TEST_NO_PORT,"Selected tests enforce current y-on-x orientation, while runtime has an older diagnostic expectation.",audit/GATE0_REMAINING_PENDING_TEST_SUPPORT_RECONCILIATION_2026-09-30.json
tests/test_timing_zscore_repairs.py,False,True,0,,,RUNTIME_ONLY,,0d9389ca9f769dcf0609163bece7f5fede3c12ec3e0e63f87f9a0e029e75b318,0d9389ca9f769dcf0609163bece7f5fede3c12ec3e0e63f87f9a0e029e75b318,REVIEWED_DEPENDENCY_BLOCKED_TEST_NO_PORT,"Runtime test requires quant_platform.zscore_utils.expanding_sample_zscore, absent from the selected dependency contract.",audit/GATE0_REMAINING_PENDING_TEST_SUPPORT_RECONCILIATION_2026-09-30.json
tests/test_udemy_math_reconciliation.py,True,False,2,1ed54617df7868692f7efbb44445936d1284bd8225da2b1a37a59dd1e9dbbec3;34135cc5e2effc719a765423a657e2f46033c9207fc31394be608d64b2d07af3,forensic_a;forensic_b;visual_recovery;workspace_outer,,,,,REVIEWED_RETAIN_SELECTED_TEST_NO_PORT,Selected and runtime tests have identical bytes; two forensic copies are earlier math reconciliation expectations.,audit/GATE0_REMAINING_PENDING_TEST_SUPPORT_RECONCILIATION_2026-09-30.json
tests/test_udemy_transcript_vault.py,True,False,1,2d1496387abbf42504ad5ad78e3c1e0060b4d2ffe9cdd9837f7926393db82250,forensic_b,,,,,REVIEWED_RETAIN_SELECTED_TEST_NO_PORT,Selected and runtime tests have identical bytes; forensic transcript vault tests are historical.,audit/GATE0_REMAINING_PENDING_TEST_SUPPORT_RECONCILIATION_2026-09-30.json
tests/test_uncertain_charge661.py,False,True,0,,,RUNTIME_ONLY,,cc2730dc7b36ff4b55401704d6d7d7e749367c74bca7ec773b58c330a053a427,cc2730dc7b36ff4b55401704d6d7d7e749367c74bca7ec773b58c330a053a427,REVIEWED_DEPENDENCY_BLOCKED_TEST_NO_PORT,"Runtime test requires quant_platform.orchestration.corrective_external_effects.mark_current_external_effect_session_failed_zero, absent from the selected dependency contract.",audit/GATE0_REMAINING_PENDING_TEST_SUPPORT_RECONCILIATION_2026-09-30.json
tests/test_unified_gap_snapshot_safety.py,False,True,0,,,RUNTIME_ONLY,,ce779983620a3c14c20d880faf0c3a1bd531575e41e2377d09da4f90a6e953f4,ce779983620a3c14c20d880faf0c3a1bd531575e41e2377d09da4f90a6e953f4,REVIEWED_DEPENDENCY_BLOCKED_TEST_NO_PORT,"Runtime test requires scripts.build_unified_gap_index, absent from the selected dependency contract.",audit/GATE0_REMAINING_PENDING_TEST_SUPPORT_RECONCILIATION_2026-09-30.json
tests/test_v2_run.py,True,False,1,852712eac034710e088503b2b118a2494c9687e96611b399c6faaa7201f677bd,forensic_b;visual_recovery,,,,,REVIEWED_OMITTED_VARIANT_NO_PORT,Historical 852712eac034710e088503b2b118a2494c9687e96611b399c6faaa7201f677bd reviewed against selected d5a02b287fc4a5814e417bfabc590e8552ef4a02a5c3bf159aec42492a137631. Selected fixture gives source snapshot mode 0600 for active publication checks; historical fixture omits permission requirement. Retain selected active bytes; no authority or provider use authorized.,audit/GATE0_UNION_OMISSION_GAP_2026-09-30.json; audit/GATE0_OMITTED_UNION_NON_ORCHESTRATION_RECONCILIATION_2026-09-30.json
tests/test_validator_check_contract.py,False,True,0,,,RUNTIME_ONLY,,dd7979a43a4e8ebfa65295091a7168908961ba16152fe7b6ac95d301770a4210,dd7979a43a4e8ebfa65295091a7168908961ba16152fe7b6ac95d301770a4210,REVIEWED_DEPENDENCY_BLOCKED_TEST_NO_PORT,"Runtime test requires scripts.validate_full_video_gap_rescrub, absent from the selected dependency contract.",audit/GATE0_REMAINING_PENDING_TEST_SUPPORT_RECONCILIATION_2026-09-30.json
tests/test_video_review_sidecars.py,False,True,0,,,RUNTIME_ONLY,,091601c665f14d6d14374adea43d4f975c85eef720b2bdaba67e48e6ef98f30f,091601c665f14d6d14374adea43d4f975c85eef720b2bdaba67e48e6ef98f30f,REVIEWED_MISSING_ACTIVE_MODULE_TEST_DEFERRED_NO_PORT,This preserved runtime-only test or fixture is absent from the active checkout and directly imports at least one module absent from the active package; it cannot collect against the canonical source until the corresponding source cohort is reviewed and ported.,audit/GATE0_MISSING_MODULE_TEST_REVIEW_2026-09-30.json
tests/test_wizard_candidate_set.py,True,False,1,3a5cd54038693f28185131a526dfabe19672cc4578982d0e2ff681b42611d4ab,forensic_b,,,,,REVIEWED_SELECTIVE_TIMEFRAME_PORT_REMAINDER_NO_PORT,"Runtime matches selected. Forensic adds 1m minute versus 1M monthly candidate-set identity regression. Selected source lowercases interval before hashing, collapsing these distinct timeframes. Port narrowly with source fix. Minute/monthly candidate identity repair and regression ported in 4152402; older wholesale tests remain rejected.",audit/GATE0_DOMAIN_TEST_COHORT_REVIEW_2026-09-30.json; exact selected/frozen/runtime/recovery/extended hashes; selective source/test repair 4152402
tests/test_wizard_control_plane.py,False,True,1,e28594c468b03168c5b169bd85bf3b95f41fd28e7a82f86051d60694a6466073,forensic_b;visual_recovery,CHANGED,5f13301d26385175e0a6f8b3eaf7d5905ad8c00c7ad5a8dba213fd660d3f2310,6476c3318f0fae7f413ae71cd8e8f8826fab5e63bb7650281074198bf1c78f59,6476c3318f0fae7f413ae71cd8e8f8826fab5e63bb7650281074198bf1c78f59,REVIEWED_ACTIVE_TEST_RETAIN_HISTORICAL_NO_PORT,Runtime changes only the shared effect-authority test secret fixture; forensic lacks selected authority tests. Keep selected fixture until shared authority setup is integrated.,audit/GATE0_DOMAIN_TEST_COHORT_REVIEW_2026-09-30.json; exact selected/frozen/runtime/recovery/extended hashes
tests/test_wizard_credit_ledger.py,True,True,1,94c4019f22682451e7b70f6437bb265781a255d67cee56fbf769a428e5596773,forensic_a;forensic_b;visual_recovery;workspace_outer,CHANGED,ea8d7d16b5e83fe29578d04893d2b3798463b9737388d16d319bd9e58dd1dc54,d3a2a164b7e0385f87bfe314b26ff53f4f015fd7aa91726bae8172da55195107,d3a2a164b7e0385f87bfe314b26ff53f4f015fd7aa91726bae8172da55195107,REVIEWED_DOMAIN_AUTHORITY_DEPENDENCY_DEFERRED_NO_PORT,Runtime changes publication worker context and zero-attempt external-spend authority semantics; forensic drops exact supervisor-binding test. Runtime references source helper absent in selected. Review source and test together.,audit/GATE0_DOMAIN_TEST_COHORT_REVIEW_2026-09-30.json; exact selected/frozen/runtime/recovery/extended hashes
tests/test_wizard_evidence.py,True,True,1,3ea4e2037f07f97bc08efe91d705c3909a5a1777356ceffdbeb339314f3af31d,forensic_b,CHANGED,7d9238a18f594afcb1deec410e0995d686c0d3d664d4f1241f45bbc4648c9937,b66733d86a2dafeb4c7a6a204f48bcb69fa3ce6eeffdeb4cbfa6376a2474e604,b66733d86a2dafeb4c7a6a204f48bcb69fa3ce6eeffdeb4cbfa6376a2474e604,REVIEWED_SELECTIVE_TIMEFRAME_PORT_REMAINDER_NO_PORT,"Runtime expects v2 config identity while selected expects v1. Forensic adds _bars_per_day minute/monthly regression. Selected source lowercases 1M and maps neither 1m nor 1M, defaulting both to one bar/day. Select only the timeframe repair and regression. Minute/monthly bars-per-day repair and regression ported in 4152402; older wholesale tests remain rejected.",audit/GATE0_DOMAIN_TEST_COHORT_REVIEW_2026-09-30.json; exact selected/frozen/runtime/recovery/extended hashes; selective source/test repair 4152402
tests/test_wizard_frozen_source_qualification.py,False,True,0,,,RUNTIME_ONLY,,,14958574e349651888de3cc9daae5e0a6676f8dedc0220e502e1d59a277d3091,REVIEWED_EVIDENCE_GATED_WIZARD_VALIDATION_NO_PORT,"Preserve the exact local-only frozen-source and research-validation candidate, docs, and tests. All 24 candidate tests pass and a disposable active integration passes 24 after correcting only two synthetic publication-fixture exclusions; no authoritative active input is installed and no collection, promotion, paper, or execution authority is granted.",audit/GATE0_WIZARD_GRAPH_CANDIDATE_DECISION_2026-09-30.json; exact runtime/savepoint/variant hashes; off-drive candidate JUnits and restored fixture
tests/test_wizard_hyperliquid_frozen_adapter.py,False,True,0,,,RUNTIME_ONLY,,,e4199ee25ecec1b85faabadcd022d76e7f0eb36c7ade906ed380508d8f9fce9b,REVIEWED_MISSING_ACTIVE_MODULE_TEST_DEFERRED_NO_PORT,This preserved runtime-only test or fixture is absent from the active checkout and directly imports at least one module absent from the active package; it cannot collect against the canonical source until the corresponding source cohort is reviewed and ported.,audit/GATE0_MISSING_MODULE_TEST_REVIEW_2026-09-30.json
tests/test_wizard_hyperliquid_l2_calibration_runner.py,False,True,0,,,RUNTIME_ONLY,,,ba998a237df827108c6e4f629bbf5a3320121f69ed5e26ef340f453d8fb4c1a8,REVIEWED_MISSING_ACTIVE_MODULE_TEST_DEFERRED_NO_PORT,This preserved runtime-only test or fixture is absent from the active checkout and directly imports at least one module absent from the active package; it cannot collect against the canonical source until the corresponding source cohort is reviewed and ported.,audit/GATE0_MISSING_MODULE_TEST_REVIEW_2026-09-30.json
tests/test_wizard_keychain.py,False,True,0,,,RUNTIME_ONLY,,,9fe17bfd70860ba75d46078e854dcfadf834e20cabecf55694c828fbd05cf5cd,REVIEWED_MISSING_ACTIVE_MODULE_TEST_DEFERRED_NO_PORT,This preserved runtime-only test or fixture is absent from the active checkout and directly imports at least one module absent from the active package; it cannot collect against the canonical source until the corresponding source cohort is reviewed and ported.,audit/GATE0_MISSING_MODULE_TEST_REVIEW_2026-09-30.json
tests/test_wizard_local_verification.py,True,False,1,4c4e92b3ad6374ca3d182c13b8f1a664214edcd1e77f8fa03763dc0b5a9f6ed5,forensic_b;visual_recovery,,,,,REVIEWED_OMITTED_VARIANT_NO_PORT,Historical 4c4e92b3ad6374ca3d182c13b8f1a664214edcd1e77f8fa03763dc0b5a9f6ed5 reviewed against selected ce93cc7426346ae3e1aa837ca81faa8f24a50e87f80383d16d19167d4dd5a54e. Selected expected long/short positions follow canonical y-on-x orientation; historical expectations reverse legs. Retain selected active bytes; no authority or provider use authorized.,audit/GATE0_UNION_OMISSION_GAP_2026-09-30.json; audit/GATE0_OMITTED_UNION_NON_ORCHESTRATION_RECONCILIATION_2026-09-30.json
tests/test_wizard_mode_comparison.py,True,False,1,c981b41b924adbab42c4217d38c9c174d33e463d247c7a762444af93785da22d,forensic_b;visual_recovery,,,,,REVIEWED_OMITTED_VARIANT_NO_PORT,Historical c981b41b924adbab42c4217d38c9c174d33e463d247c7a762444af93785da22d reviewed against selected a2856cf65d5efdb2a120d8ceea8d7dab810cf2086ed2f712521686e3e54e7b96. Selected expected long/short positions follow canonical y-on-x orientation; historical expectations reverse legs. Retain selected active bytes; no authority or provider use authorized.,audit/GATE0_UNION_OMISSION_GAP_2026-09-30.json; audit/GATE0_OMITTED_UNION_NON_ORCHESTRATION_RECONCILIATION_2026-09-30.json
tests/test_wizard_mode_replay.py,True,True,2,61c9d34310ed7b904e43151d04bc9a55bf0bad9a93d8fcb314a3c66bc4895aef;cc80a59c4d1bb14e2ab075e4de2046d19cd7a4947658655110be4d654b9c31e5,forensic_a;forensic_b;visual_recovery;workspace_outer,CHANGED,96ee5f0bbea469cda5ba9ccd2a62efde993bd7b3af8b6d57ad0858197f13550f,f80759057e4bbd20baa2344f9b4f6d12bcd559edd6cf6635ed2ea82f62ae8e61,3dffcd85ba236e20df4ab7c334c5a7a2913f98db4525809ba9a4d134cefe0aa0,REVIEWED_DOMAIN_AUTHORITY_DEPENDENCY_DEFERRED_NO_PORT,Runtime adds public CANONICAL_WIZARD_MODES and strict dynamic warmup tests; selected source lacks that symbol. Forensic adds stored-ratio/conditional tests but removes selected OU unit and economic-contract guards. Review source/test as a bounded math contract.,audit/GATE0_DOMAIN_TEST_COHORT_REVIEW_2026-09-30.json; exact selected/frozen/runtime/recovery/extended hashes
tests/test_wizard_pair_detail_api_pilot.py,True,False,1,1719c6cc3be951bf7b20694c41c21fe11d48cff425c03f27848a4250a71ff152,forensic_b;visual_recovery,,,,,REVIEWED_OMITTED_VARIANT_NO_PORT,Historical 1719c6cc3be951bf7b20694c41c21fe11d48cff425c03f27848a4250a71ff152 reviewed against selected 76e08aeabd6d3339a42b9e8c8f68b9e8b4b6a9c902de09acd34a71b534902f6d. Selected regression proves pair-detail official fetch requires reserved effect authority; historical tests lack this gate. Retain selected active bytes; no authority or provider use authorized.,audit/GATE0_UNION_OMISSION_GAP_2026-09-30.json; audit/GATE0_OMITTED_UNION_NON_ORCHESTRATION_RECONCILIATION_2026-09-30.json
tests/test_wizard_pair_detail_ui_bundle.py,True,False,1,1a09a8e2d7689c96a402de7f861f122ad2fe48f424b2ee8fea11f751a7f84537,forensic_b;visual_recovery,,,,,REVIEWED_OMITTED_VARIANT_NO_PORT,Historical 1a09a8e2d7689c96a402de7f861f122ad2fe48f424b2ee8fea11f751a7f84537 reviewed against selected 27128a8c88ab41591acde3df02185f2047a7f87c26e0f79f284e3661637b3cec. Selected tests assert input-value redaction and canonical 14-cell pair-page matrix; historical tests expect 16 cells and omit redaction. Retain selected active bytes; no authority or provider use authorized.,audit/GATE0_UNION_OMISSION_GAP_2026-09-30.json; audit/GATE0_OMITTED_UNION_NON_ORCHESTRATION_RECONCILIATION_2026-09-30.json
tests/test_wizard_papers_reproduction_controls.py,False,True,0,,,RUNTIME_ONLY,,b5d2616db2a77fffd35a17b7f408d36beae846005adbcc387da9e6c641fda28a,b5d2616db2a77fffd35a17b7f408d36beae846005adbcc387da9e6c641fda28a,REVIEWED_RUNTIME_ONLY_DEPENDENCY_DEFERRED_NO_PORT,"Runtime-only WP001 custody test binds 53 paper hashes, 57 physical PDFs, and 59 sidecars to an external Wizard Papers drive and runtime report package; neither package nor drive corpus is in selected checkout. Preserve as frozen external custody evidence.",audit/GATE0_DOMAIN_TEST_COHORT_REVIEW_2026-09-30.json; exact selected/frozen/runtime/recovery/extended hashes
tests/test_wizard_research_journal.py,False,True,0,,,CHANGED,c05a0397779d5787bd8782048e15538cae2a7a5b4dfb912c490efd34b1a8beaf,5b8a100aa8631426ac9bdc626f2a743795f707f9606cf9c824f1ef4b1f2d6a0e,5b8a100aa8631426ac9bdc626f2a743795f707f9606cf9c824f1ef4b1f2d6a0e,REVIEWED_ACTIVE_TEST_RETAIN_HISTORICAL_NO_PORT,Selected changed after freeze to reject duplicate schema definitions and a schema-owned journal_layer. Runtime/forensic are older. Retain selected regression and preserve frozen bytes.,audit/GATE0_DOMAIN_TEST_COHORT_REVIEW_2026-09-30.json; exact selected/frozen/runtime/recovery/extended hashes
tests/test_wizard_research_validation_spine.py,False,True,0,,,RUNTIME_ONLY,,,c634dec029981c4971719742b97b208ea60c4ca35eab087d0c722285648a6b06,REVIEWED_EVIDENCE_GATED_WIZARD_VALIDATION_NO_PORT,"Preserve the exact local-only frozen-source and research-validation candidate, docs, and tests. All 24 candidate tests pass and a disposable active integration passes 24 after correcting only two synthetic publication-fixture exclusions; no authoritative active input is installed and no collection, promotion, paper, or execution authority is granted.",audit/GATE0_WIZARD_GRAPH_CANDIDATE_DECISION_2026-09-30.json; exact runtime/savepoint/variant hashes; off-drive candidate JUnits and restored fixture
tests/test_wizard_source_route_config.py,False,True,0,,,RUNTIME_ONLY,,,df3fe1331fbebd637c31e426ff8d84e474381cf6b4db417c23d23a14d46784cd,REVIEWED_MISSING_ACTIVE_MODULE_TEST_DEFERRED_NO_PORT,This preserved runtime-only test or fixture is absent from the active checkout and directly imports at least one module absent from the active package; it cannot collect against the canonical source until the corresponding source cohort is reviewed and ported.,audit/GATE0_MISSING_MODULE_TEST_REVIEW_2026-09-30.json
tests/test_workload_and_capture_v2.py,False,True,0,,,RUNTIME_ONLY,,ccbee9b1f9d02710e0a43561d568f2496123aa9abc6a6d871ffd95750e10b184,ccbee9b1f9d02710e0a43561d568f2496123aa9abc6a6d871ffd95750e10b184,REVIEWED_DEPENDENCY_BLOCKED_TEST_NO_PORT,"Runtime test requires quant_platform.orchestration.daily_workload_preflight, absent from the selected dependency contract.",audit/GATE0_REMAINING_PENDING_TEST_SUPPORT_RECONCILIATION_2026-09-30.json
tests/test_workload_contract678.py,False,True,0,,,RUNTIME_ONLY,,aabdb30f148b9c708877ee1c3b38fe972bb0e44acad5177d75c29dde5895de43,0ed9c4e1f8a400b1e6e6e3b72e11c24bd2e7be6aec020e9bc9ae3600f692e0a6,REVIEWED_DEPENDENCY_BLOCKED_TEST_NO_PORT,"Runtime test requires quant_platform.orchestration.collection_release.workload_contract.check_released_workload, absent from the selected dependency contract.",audit/GATE0_REMAINING_PENDING_TEST_SUPPORT_RECONCILIATION_2026-09-30.json
tests/test_youtube_brain.py,True,False,1,749547cad516fcd0d6615a94c8fd7661c6553de295e25f78763b47b20dde098f,forensic_b,,,,,REVIEWED_SELECTIVE_NATIVE_READINESS_PORT_REMAINDER_NO_PORT,Runtime and visual recovery match selected. Forensic adds external-prior-only versus native-evidence readiness tests; selected brain status currently marks any nonempty claims ready and has no native_evidence_ready field. Requires narrow source/test contract review. Native video evidence readiness repair and regression ported in 7776c58; older wholesale tests remain rejected.,audit/GATE0_DOMAIN_TEST_COHORT_REVIEW_2026-09-30.json; exact selected/frozen/runtime/recovery/extended hashes; selective source/test repair 7776c58
tests/test_youtube_hypothesis_validation.py,True,False,1,371c145ffe72e1ed1129c922e4b1636830193d257b5646e24aa2126d1cd16bb2,forensic_b;visual_recovery,,,,,REVIEWED_OMITTED_VARIANT_NO_PORT,Historical 371c145ffe72e1ed1129c922e4b1636830193d257b5646e24aa2126d1cd16bb2 reviewed against selected e0b64bc8fb41954293f018e978d7099e7bf0829dffd51b4f1baf1b8c998ffdbd. Selected expected long/short positions follow canonical y-on-x orientation; historical expectations reverse legs. Retain selected active bytes; no authority or provider use authorized.,audit/GATE0_UNION_OMISSION_GAP_2026-09-30.json; audit/GATE0_OMITTED_UNION_NON_ORCHESTRATION_RECONCILIATION_2026-09-30.json
tests/test_zscore_utils.py,False,True,0,,,RUNTIME_ONLY,,ad70b72a05b74ee5fd418a908bbf16a809ba5a8e4147197dd4e17212fc326df3,ad70b72a05b74ee5fd418a908bbf16a809ba5a8e4147197dd4e17212fc326df3,REVIEWED_RETAIN_SELECTED_TEST_NO_PORT,Selected tests include current source binding checks beyond the runtime test.,audit/GATE0_REMAINING_PENDING_TEST_SUPPORT_RECONCILIATION_2026-09-30.json
uv.lock,True,False,2,bc67c17f3873991bc3dfb7a3bf782153d81838402a9c6057de4be9a854549a9a;f203179ba6e53f36ca60ddf50287587a740a5b06e30303ed21c8152bc2d381d9,forensic_a;forensic_b;source_candidate;visual_recovery;workspace_outer,,,,,REVIEWED_ACTIVE_LOCK_RETAIN_HISTORICAL_NO_PORT,"Retain the locked 140-package active resolution. The historical lock admits SciPy 1.18 under Python 3.12 and omits ccxt dependencies; the 157-package runtime lock adds unselected Math Desk and collection extras. Active lock check, dependency check, and exact-head macOS CI pass. Additional frozen variant reviewed: The 157-package source_candidate lock adds 17 unselected Math Desk/collection packages, including arch, cvxpy, pyvinecopulib and matplotlib, paired with an unselected pyproject manifest. Preserve all SHA/root custody and retain selected source; no whole-file port.",audit/GATE0_DEPENDENCY_LOCK_DECISION_2026-09-30.json; exact active/runtime/savepoint/variant hashes; uv lock --check --offline; uv pip check; exact-head CI; off-drive wheel diagnostic; audit/GATE0_EXTENDED_VARIANT_GAP_2026-09-30.json; audit/GATE0_REMAINING_REOPENED_EXTENDED_VARIANTS_2026-09-30.json
