relative_path,active_current_sha256,runtime_current_sha256,active_differs_from_freeze,runtime_differs_from_freeze,active_symbol_count,runtime_symbol_count,active_only_symbols,runtime_only_symbols,decision
scripts/build_corrective_checkpoint.py,020423b83689da87245c3f9725996f3eb1048a1449d8e528909ccd3fee2d4c5e,346641ad47e755de7a20e8c778a2a83d55ab8e8646f397946bb84f841c8c3e8e,False,False,6,6,,,SEMANTIC_REVIEW_REQUIRED_NO_PORT
scripts/build_current_recovery_checkpoint.py,ddf254e87562d648eb4e51912aab6155489af880fb61628d5b9b866d986bcd9f,2efead7edc86b63f4e29d72c8bec8cab63ec121ae5b1eafcfab785784d45bc01,False,False,8,8,,,SEMANTIC_REVIEW_REQUIRED_NO_PORT
scripts/build_dashboard_full_inventory.py,95a52ad1b04339ef49339da7f64acec827ac04234d095c8c19a03093ce68c839,22bd9898d54b2881e26a001242e0472776f4674d2b8c37b41757b86e2f2eddaa,False,False,11,11,,,SEMANTIC_REVIEW_REQUIRED_NO_PORT
src/quant_platform/active_pipeline.py,2a1abd88823ab5080b26a83eaf906036a1635ed266fff5a2c56936debb3f1685,ef84d959b794014badeb8a4d8099f972248eabef71c6e89f2e63e232a93d6348,False,False,210,214,,_configured_process_env_key_present;_payload_declares_legacy_research_proxies;_system_check_frame;_untrusted_feature_source_mask,SEMANTIC_REVIEW_REQUIRED_NO_PORT
src/quant_platform/apify_sources.py,b24b3ee6b060940ab13ca7c240898a044291538168423ee3e465892b5e7ca4eb,0e32a405f1bd8fe2089a4559ee62b503b6b2a0f672f2f54a11417cb7faac1f3c,False,False,31,31,,,SEMANTIC_REVIEW_REQUIRED_NO_PORT
src/quant_platform/backtest.py,0a060a6541ca24b9e5c310e3d632ed36283fd69fb9ad063dcf99a6b3059ce75d,a5988596d59144eac0cc8fea4a143b9cabfefbe2ee649b83e57764814cd0ee4f,False,False,18,19,,_validated_signal,SEMANTIC_REVIEW_REQUIRED_NO_PORT
src/quant_platform/binance_testnet.py,6e316f082ae3fafc61fea76afffff95dd3b28c377612e9334313e07ad0982461,4b0520be7f616967753db20c8e255b99486c464510d1123f929213fdb34bcba2,False,False,35,36,,_gate00g_binance_pair_order_call,SEMANTIC_REVIEW_REQUIRED_NO_PORT
src/quant_platform/cli.py,3a02690323ac110b1707da6e6fcd9b643705a66e13c80f15e2039e1846b65e9d,3569bc8e33e92ad6377453f86a2b89914d7cca5b27dcea7cfcfd783a7abd5bc6,False,False,318,325,,_current_wizard_daily_plan_publication;_dydx_public_session;_fetch_dydx_public_json;_l2_calibration_intake_publication;_prestart_campaign_publication;_validate_dydx_public_payload;_validate_dydx_public_response,SEMANTIC_REVIEW_REQUIRED_NO_PORT
src/quant_platform/crypto_wizards_history.py,5a9d0c035d498e04769a556690f37826899445d45f9ddaf90800de3d160132bc,e888e6f3c12e6ef5cb3d172d02723a0e36eaa883108fbf92da3e29a1f5d2ab2b,False,False,43,43,,,SEMANTIC_REVIEW_REQUIRED_NO_PORT
src/quant_platform/crypto_wizards_scanner.py,cbad3408b43ded3e00d1b2b833d919cccf67e0e194da029cde964ca21d447edc,8fdf434d91e551b85755193a8eb7e83e80a153736af246f5786342d1fbd45fab,False,False,29,30,,_labeled_scaled_number,SEMANTIC_REVIEW_REQUIRED_NO_PORT
src/quant_platform/crypto_wizards_sweep.py,e674761bff215c432b2301ddeed65f5c0002150800028eb87f5907105935e6fa,06394686395343b5ca39ccf019b6d7cfb6403a70ac68db2c7d7e24c23fea8152,False,False,28,30,,_wizard_sweep_request_id;wizard_discovery_output_paths,SEMANTIC_REVIEW_REQUIRED_NO_PORT
src/quant_platform/dydx_candles.py,ce2c1a58d580451f9662760b475f2aa0f32f1c3720fdd6b4100cb74d6ba5ae30,b113977e8894a4f6b378376e6ed94c898c8057dda6e6a0b34e844cab3bceb80d,False,False,30,40,,CutoffBoundedPricePairs;NonPositiveDerivedHedgeRatioError;NonPositiveDerivedHedgeRatioError.__init__;PriceHedgeRatioFit;PriceHedgeRatioFit.__post_init__;_cutoff_bounded_candle_alignment;_equivalent_feature_value;_mark_legacy_provisional_feature_provenance;fit_price_hedge_ratio;load_cutoff_bounded_price_pairs,SEMANTIC_REVIEW_REQUIRED_NO_PORT
src/quant_platform/dydx_record_only_adapter.py,f887cfc4bc10a24d921a1bd7159824532881cb831f9c8b747ca8908c1f8e2f45,e9d8240c943b91614fcbe4885ec2b2076eaa0b850f8b12ca880eff4f5c2f71d4,False,False,3,3,,,SEMANTIC_REVIEW_REQUIRED_NO_PORT
src/quant_platform/dydx_sdk_order_adapter.py,c8e633a22f8b65dcd31284d9e21a9b4ce7e175c37642745e5a3b488cb08680c9,9e9dbb3e5d7b5f23492f85604b3abb29c1da2874f5ad05a0a6523a9d86c7c6e6,False,False,28,30,,DydxSdkOrderAdapter._require_runtime_effect_binding;_active_market_payload,SEMANTIC_REVIEW_REQUIRED_NO_PORT
src/quant_platform/economic_contract.py,68c056da893f75b35890b65896f5b24ab4366344da081b937401d415f524d8c8,e58ed28342dfac66dcc290669282ebe046feb5cf624b3100c285cf14e20802ce,False,False,20,25,,expected_partial_fill_cost;lagged_two_leg_gross_return;positive_log_price;turnover_rate_cost;two_leg_turnover,SEMANTIC_REVIEW_REQUIRED_NO_PORT
src/quant_platform/execution.py,076431ef62cdd19415637cf00d9e5aaba37b771b31940f4d5bee671d93fc2171,a350d7a0a39a4435bf3f4d7d6733d50047e254c3e7abbb5f0c2496c62d9fbcbe,False,False,149,170,,_CanonicalAdapterBinding;_browser_flat_claim_is_current;_canonical_adapter_bindings_match;_canonical_adapter_bound_callable;_canonical_adapter_effect_methods;_canonical_adapter_module_state;_canonical_adapter_type;_canonical_execution_venue_bound_callable;_code_multisets_match;_declared_function_qualnames;_descriptor_functions;_execution_venue_denied_fills;_execution_venue_effect_call;_nested_code_objects;_register_canonical_adapter_type;_resolve_source_descriptor;_source_bound_class_descriptors;_source_bound_module_descriptors;_source_import_bindings;_trusted_source_snapshots_match;hyperliquid_inventory_output_paths,SEMANTIC_REVIEW_REQUIRED_NO_PORT
src/quant_platform/experiments.py,e53fbb31bb781b100899d65da3181e91197308b3d3f217c2be26d4af3325110f,d52144efc0bb7edf8f5ed0d54ffca610196528ff0f49904968ea8f21e8a81762,False,False,33,33,,,SEMANTIC_REVIEW_REQUIRED_NO_PORT
src/quant_platform/feature_engine.py,9ae34d2cb9b8aea8d37eb61f564e98f441c712c39f173b5d2c4c5d0a7c78050f,8c080965868d1c3dc222ba5bbce790e6adacb25bf3252fb65c91dcaf614ff62d,False,False,16,17,,_trusted_metric,SEMANTIC_REVIEW_REQUIRED_NO_PORT
src/quant_platform/formula_registry.py,20b03bf025a175c348c736b705d45445672ce37d57b2b9aad803e7f764432dca,95cf022ae89aff0fc96f8a2cacb45a3aed722be96f3eaf9348a13823e8f8384d,False,False,0,0,,,SEMANTIC_REVIEW_REQUIRED_NO_PORT
src/quant_platform/hyperliquid.py,ba2c7b24291bbe78de83a5dd75ad077af04b3c5207b5a327237844ae95ac454e,f16aea476b2631f05a6b2ee3cfc9694e8a2d65ae8f38e25924f4263f92c80425,False,False,58,61,_raw_hyperliquid_mainnet_info_call;_raw_hyperliquid_mainnet_info_http_result,_funding_retry_delay;_funding_time_remaining;_funding_wait;hyperliquid_candle_output_paths;hyperliquid_funding_output_paths,SEMANTIC_REVIEW_REQUIRED_NO_PORT
src/quant_platform/hyperliquid_testnet.py,4554e98b38ef870106e4b9c354b7f64766635f2933a632c399292b761572555f,c5c03c5ad3ccc9e539775ea4438b06f7f4cc4949dcb92d8b63afcebc7701400d,False,False,88,90,,_hyperliquid_executor_methods_intact;_hyperliquid_pair_submit_call,SEMANTIC_REVIEW_REQUIRED_NO_PORT
src/quant_platform/math_v2_acceptance.py,9e3c07290413ae40d50e8136d71901e8055704a058601f5833a530cdf8c9077a,a01ef2e6e2d81794ed6b37bd71b02b05378d38c983328f8a49929963c8c135f1,False,False,29,32,,_dependency_context;_source_binding;_validate_report_population,SEMANTIC_REVIEW_REQUIRED_NO_PORT
src/quant_platform/meta_learning.py,a6731a8f67f84487bdd3b26d4f8949e7609eaef64b1b25bb2d6b2ca64cfc53b9,1f29b9beb0d39901e45a7636cf499bcdd5a03de4e938d2a9c2c84dc3fecb99d9,False,False,20,31,,_clean_text;_finite_number;_modeling_threshold;_paper_outcomes;_strategy_identity;_structural_paper_candidate;_summary_outcomes;_timestamp;_trade_identity;_trade_outcomes;learning_event_summary_from_records,SEMANTIC_REVIEW_REQUIRED_NO_PORT
src/quant_platform/orchestration/__init__.py,a63d875e03570c6339850860534debdedc774ffb21eacde381c384b0f23261d8,945f755dc65895b22dd3259a22fd9a84f2e9172c6beb31af1faf94aa09e68291,False,False,1,1,,,SEMANTIC_REVIEW_REQUIRED_NO_PORT
src/quant_platform/orchestration/corrective_active_artifact_envelopes.py,473b33ebebf601a8269a1ac4d670f85d71d091fe056d9e101413fb192042d61b,57f063082e9848bf125182d44ac3b2ad07e2c3f166a8b4a5d9fdab362b0e8ea7,False,False,34,59,_file_sha256,_active_pointer_is_absent;_authorization_input_validation_failed;_blocked_decision_semantic_blockers;_canonical_json_file_bytes;_exact_typed_value;_expected_envelope_id;_expected_manifest_id;_is_canonical_nonempty_string_list;_is_canonical_string_list;_is_utc_timestamp;_json_snapshot_is_current;_live_canary_authorization_blockers;_load_strict_artifact;_parse_utc_timestamp;_reference_summary_issues;_require_prefixed_hex_id;_source_receipt_sha256;_state_is_possible_for_registration;_strict_nonempty_blocker_list;_strict_object_from_snapshot;_testnet_candidate_blockers;_testnet_smoke_approval_blockers;_trusted_snapshots_match;_valid_prefixed_hex_id;_validate_execution_authorization_input;active_artifact_snapshot_matches_envelope_decision,SEMANTIC_REVIEW_REQUIRED_NO_PORT
src/quant_platform/orchestration/corrective_agent_governance.py,6cbad4256dc9ad39355607d00a0eabff812862d8dd59ec96fe57a4f3de4d1a79,d9671bff7c1eff0f09b48977be410907a7a5b9e9273a060611c4c5e0c50f8802,False,False,15,15,,,SEMANTIC_REVIEW_REQUIRED_NO_PORT
src/quant_platform/orchestration/corrective_canonical_status.py,cdced91836205239a7b679e09536615b930023ac20d7badd01129dd3fc0b9d2c,a47f66460dec0d1a75b0aaf280982a0878c0820a1ed6d17daf80875b5e231c9e,False,False,19,46,,_authority_values_zero;_capture_gate_checkpoint_manifest_core;_capture_trusted_source;_first_payload_content_time;_first_payload_time;_is_pass_status;_is_proof_success_status;_nonnegative_int;_observe_current_phase00_closure;_observe_gate_truth;_observe_policy_source_contracts;_observed_manifest_source_hashes;_parse_content_utc;_phase00_immutable_observed_at;_read_remediation_evidence;_read_trusted_csv_or_empty;_read_trusted_json_or_empty;_read_trusted_json_or_none;_require_snapshot_generation_stable;_safe_root_artifact;_snapshot_identity;_source_observed_at;_source_observed_at_snapshot;_strict_nonnegative_int;_validate_current_stage4;_validate_wizard_proof_receipt;publish_gate_checkpoint_manifest,SEMANTIC_REVIEW_REQUIRED_NO_PORT
src/quant_platform/orchestration/corrective_daily_scheduler.py,0fb0350d262290289a787dc2bf708f71e2d45d70c6e12288a9ddc8ab10a8f22a,66ac37befdcab8c988d4d712c50f8fd0c7adc28bd44970fcef481eaaf845706c,False,False,43,61,,_campaign_read_only_authority;_daily_cadence_evaluation_is_exact_pass;_daily_cadence_evidence_summary;_evaluate_active_campaign_admission;_exact_unique_nonempty_strings;_gate1_campaign_identity;_literal_false;_parse_required_utc_datetime;_persisted_daily_cadence_summary_matches;_recompute_daily_cadence_evaluation;_select_daily_receipt_for_terminal;_slot_local_run_date;_strict_integer;_validate_daily_scheduler_lineage_detail;_validate_daily_scheduler_terminal_lineage_detail;current_daily_campaign_identity;load_current_campaign_attempt_accounting;reconcile_daily_cadence_after_terminal,SEMANTIC_REVIEW_REQUIRED_NO_PORT
src/quant_platform/orchestration/corrective_data_evidence.py,77de431827997e15a97c074d06aacd49badc674857f34c9ff836d361e46f1610,1af658bd376d50f44f1440d0f991f2f02001a47715823a44bb48075e89bf928f,False,False,36,43,,_ActiveArtifactSnapshot;_active_artifact_matches_snapshot;_execute_history_disposition_transaction;_pair_cost_model_candidates;_restore_active_artifacts;_snapshot_active_artifacts;_terminal_coverage_values,SEMANTIC_REVIEW_REQUIRED_NO_PORT
src/quant_platform/orchestration/corrective_effect_guard.py,7f8de2cacb8a25df125cf9b0aabd0fb8a5d0f7a8ecd47ad4b37ec63627b97889,e44e879a44bf86025d511d3096da1fe2ed1cebc65b64760af15bc5ab60f4d441,False,False,12,13,,_network_effects_denied,SEMANTIC_REVIEW_REQUIRED_NO_PORT
src/quant_platform/orchestration/corrective_external_effects.py,2693c75ff434fcc49ed50276b268533d46f1fb91b37bb68a430492196865a225,cdc92c1c3e2e1323ae623c3468763df5c8f19f3e67b72d4f846b3ad2e1b090d5,False,False,24,76,,ExactHttpRequest;ExactHttpResponse;ExactHttpResponse.json;ExactHttpResponse.raise_for_status;ExactHttpResponse.text;ExternalEffectSession.consumed_credits;ExternalEffectSession.consumed_requests;ExternalEffectSession.credential_receipts;ExternalEffectSession.credit_receipts;ExternalEffectSession.network_receipts;ExternalEffectWorkerGrant;ExternalEffectWorkerSpec;InertHttpResponseFixture;_ExternalEffectActivation;_ExternalEffectSessionState;_ExternalEffectTerminalSnapshot;_ExternalEffectWorkerActivation;_ExternalEffectWorkerBinding;_attempt_external_cleanup_actions;_canonical_exact_http_request;_current_external_worker_binding;_deactivate_external_activation;_decode_exact_http_response;_exact_http_response_sha256;_exact_query_scalar;_external_activation_live;_external_activation_live_unlocked;_external_activation_matches;_external_binding_activations;_external_execution_context_identity;_external_session_accounting;_external_session_state;_new_external_activation;_normalize_exact_http_headers;_normalize_exact_http_url;_partial_permit_cleanup;_require_request_within_authority_target;_reset_external_context_tokens;_reset_external_worker_state_after_fork;_run_without_network_allowance;_send_exact_http_request;_validate_http_status;_validated_exact_http_request;_validated_external_units;_validated_inert_http_response_fixture;exact_http_request;exact_http_request_binding;external_effect_worker_session;inert_http_json_response;issue_external_effect_worker_grant;mark_current_external_effect_session_failed_zero;revoke_external_effect_worker_grant,SEMANTIC_REVIEW_REQUIRED_NO_PORT
src/quant_platform/orchestration/corrective_financial_effect_registry.py,6d90d7e1534f99a7b44a68a4cff183744eae83d7a099861caf763ec69c5c15ed,4ed91af2170feeeb0455073fe1f14e10ec8527fbe1fbfbcea43d3554635501f3,True,False,22,26,,_FinancialEffectVisitor.visit_ClassDef;_build_reviewed_financial_surface_registry;_call_ast_sha256;_reviewed_surface,SEMANTIC_REVIEW_REQUIRED_NO_PORT
src/quant_platform/orchestration/corrective_hyperliquid_network.py,265cc4cfb5bd88e83a146eb70a3db4be8b88b65d50f7161151e3e5003f9d268d,361b5f270dfcbeed641bf28ed663b99e61358bc134f6e1dd0a4caa863177bc66,False,False,6,6,,,SEMANTIC_REVIEW_REQUIRED_NO_PORT
src/quant_platform/orchestration/corrective_l2_scheduler.py,5e0ecbf71cd32293231b58d2fd6c60b456d820befe15919be982016731de4e86,5982ba3555ace1a887a6ffdf145ca64bcda54161ff34171899c47e71d9ccc5fa,False,False,36,44,,_canonical_payload_sha256;_complete_l2_result_is_terminal_eligible;_is_sha256;_literal_zero_authority;_repository_relative_path;_validate_l2_source_receipt;_validate_terminal_bound_l2_receipt;publish_terminal_bound_l2_receipt,SEMANTIC_REVIEW_REQUIRED_NO_PORT
src/quant_platform/orchestration/corrective_lineage.py,63b47b2ae3b9304d420d35ec9395b918c9c28b08942983b6c4acb8821035c55d,ba4bba126d044e2d2e34ef758ac3313eecedf0f87c5812fd31a9ed230f6ae47a,False,False,54,63,,_authority_freshness_issues;_immutable_lineage_snapshot_is_current;_read_immutable_lineage_artifact;_receipt_chronology_issues;_strict_utf8_text;_trusted_artifact_snapshots_match;active_artifact_rows_with_snapshots;active_artifact_snapshots_are_current;phase00_no_bytecode_cli_invocation,SEMANTIC_REVIEW_REQUIRED_NO_PORT
src/quant_platform/orchestration/corrective_live_canary_execution.py,72334851b6a3077139f23405760629d5c2558847c0033042a4b123bc19d5165f,7fb8f2780f236c657f53f91fb2b1854fab9e42d3000c06e7958b08eeee732c6c,False,False,72,72,,,SEMANTIC_REVIEW_REQUIRED_NO_PORT
src/quant_platform/orchestration/corrective_live_canary_executor.py,16890a9d84cebcec6fc1b3fd6c3370cbac9950fbbb532f6446d8ac5d96059af6,00c0f1880e16dea56b19523b5112033db28ae070710f1eaad30fde1d369f840e,False,False,18,18,,,SEMANTIC_REVIEW_REQUIRED_NO_PORT
src/quant_platform/orchestration/corrective_live_parity_capture.py,e58658a2d0895373c5d0b5182bb441aefdc3f86fadd81df5e7fa74a36398218c,3676d43db0c84c6eb2dba071951896c8e376f9a6f746a3258879d5e6de489500,False,False,23,23,,,SEMANTIC_REVIEW_REQUIRED_NO_PORT
src/quant_platform/orchestration/corrective_order_authority.py,50b161310717df3fefd47e3606460ec2e816b72ddebdbd29cf95ddc454024b4b,f0a3d2dda229f1333ca1cbdd3ea82f239d7af456efcb978fd3fb011a6a93804d,False,False,30,30,,,SEMANTIC_REVIEW_REQUIRED_NO_PORT
src/quant_platform/orchestration/corrective_phase00_closure.py,e00c6965a747d1d1cf4ec9261404e24ca7078d276c83ea03fb29ba39a8ce2835,eb6a2e23681b7d3f7678ce5d9ceb5a5b3bc2a6404a9fbb40294c834ac506de89,False,False,42,104,_contained_pytest_command,_SourceCheckpointValidationError;_SourceCheckpointValidationError.__init__;_active_pointer_is_absent;_attest_private_toolchain;_bootstrap_write_profile;_build_phase00_closure_candidate_attested;_build_phase00_closure_verification_attested;_candidate_entry_snapshot;_candidate_json;_canonical_external_temp_parent;_closure_id_for_verification;_codesign_identity;_contained_verification_command;_copy_candidate_verification;_direct_child_is_genuinely_absent;_external_file_identity;_internal_authority_secret_markers;_is_prefixed_hex_identifier;_load_phase00_closure_candidate;_no_site_verification_python_command;_observe_prior_v2_closure_transition;_parse_pyvenv_config;_path_is_within;_phase2_host_profile;_pre_hardening_checkpoint_freshness_projection;_preflight_candidate_binding;_preflight_closure_publication;_preflight_immutable_closure_target;_publication_host_profile;_publish_phase00_closure_candidate_attested;_read_external_json;_read_verification_junit;_require_active_artifact_unchanged;_require_active_pointer_unchanged;_require_explicit_credential_claims;_require_internal_authority_secret_not_disclosed;_require_pre_hardening_manifest_shape;_require_prior_v2_no_effect_claims;_require_publication_host_attestation;_require_snapshot_hash;_required_aware_timestamp;_required_sha256;_required_unique_string_list;_run_before_verification_deadline;_sandbox_literal;_sha256_external_file;_strict_json_snapshot;_toolchain_inventory;_trusted_artifact_snapshot;_trusted_json_snapshot;_trusted_snapshots_match;_validate_anchor_identity;_validate_codesign_identity;_validate_pre_hardening_checkpoint;_validate_pre_hardening_source_checkpoint_chain;_validate_source_checkpoint_chain;_validate_toolchain_receipt;_write_candidate_entry;_write_phase00_closure_candidate;build_phase00_closure_candidate;publish_phase00_closure_candidate;validate_phase00_verification_timeout_seconds;validate_phase00_wait_timeout_seconds,SEMANTIC_REVIEW_REQUIRED_NO_PORT
src/quant_platform/orchestration/corrective_phase00_control.py,257baa8fead6678960f1cda35a8bd9756c9b0e6c21977574266dfd0b79ab6c98,ec59700ef0be818aee97cc0f693e3288068c29dbc30c29ef6a79b087edbf345f,False,False,33,75,_file_metadata,_blocked_lease_row;_commit_phase00_start_transition;_configuration_identity_row;_configuration_inventory;_confined_entry_identity;_confined_entry_metadata;_confined_lease_directory_rows;_confined_lease_entry_row;_confined_path_is_exactly_absent;_effect_authority_non_file_semantic_snapshot;_entry_kind;_has_exact_zero_authority_flags;_has_explicit_phase00_credential_claims;_ignored_root_execution_candidates;_ignored_source_rows;_is_exact_zero_int;_legacy_separate_project_forbidden_root_rows;_open_confined_directory;_open_confined_lease_directory;_open_confined_parent;_phase00_current_active_snapshot;_phase00_start_marker_payload;_phase00_start_publication_fingerprints;_phase00_start_snapshots_match;_phase00_start_transition;_primary_marker_snapshot;_read_expected_phase00_start_artifact;_require_phase00_start_snapshot;_resume_authorization_pointer;_resume_transition;_same_entry_snapshot;_tracked_deletion_tombstone_row;_tracked_head_entries;_tracked_index_flags;_tracked_special_entries;_tracked_special_entry_rows;_tracked_stage_entries;_trusted_artifact_matches_identity;_trusted_artifact_matches_inventory;_validate_primary_marker_precommit;_validated_resume_checkpoint;_validated_resume_closure;_walk_configuration_directory,SEMANTIC_REVIEW_REQUIRED_NO_PORT
src/quant_platform/orchestration/corrective_phase00_descendants.py,c86819067dc004d6fdf0b6f4713243dbd7284d465197a2f9e15ac08acd025001,3a4987c244e8496c0e498577e347707d85649cec004af2a35f78ff8f1ee40f10,False,False,30,52,_require_hash,_active_pointer_is_absent;_checkpoint_maintenance_id;_is_utc_timestamp;_json_values_exact;_load_strict_object_bytes;_read_csv_rows_bytes;_read_immutable_artifact;_read_immutable_artifact_bytes;_read_single_regular_artifact;_require_bytes_hash;_require_canonical_json_bytes;_require_current_active_artifact_inventory;_require_exact_descendant_claims;_require_exact_json_value;_require_historical_lineage_registry_binding;_require_immutable_snapshot_unchanged;_require_lineage_checkpoint_binding;_require_math_audit_snapshots_unchanged;_require_snapshot_hash;_require_trusted_snapshot_unchanged;_trusted_snapshots_match;_valid_prefixed_hex_id;_valid_sha256,SEMANTIC_REVIEW_REQUIRED_NO_PORT
src/quant_platform/orchestration/corrective_phase00_diagnostics.py,18486fb5c800a8397c947271fc2fc92002689bb4d748c953b0b74c333adfb50c,f0cbb50d4e820570b70f3da9a3ffd91a97a9aec52876c51a8f34a89e9b6470ff,False,False,7,28,,_authority_blockers;_gate2_disposition_checkpoint_values;_gate_truth_blockers;_is_authority_field;_is_pass_status;_is_proof_success_status;_literal_false;_nonblank_text;_normalized_sha256;_normalized_stage_id;_parse_aware_utc;_parse_checkpoint_evidence_progress;_safe_relative_artifact_path;_strict_int;_strict_json_equal;_strict_positive_int;bind_history_disposition_receipt;evaluate_gate_checkpoint_consistency;evaluate_history_disposition_contract;history_disposition_receipt_relative_path;history_disposition_validation_now,SEMANTIC_REVIEW_REQUIRED_NO_PORT
src/quant_platform/orchestration/corrective_program.py,83557e34e13e0486aec24b7f90f47f3f6ae7d0f73e6dbd2e1ce294daaa75f105,9bf6f8f3f6c216f5d930cfe34d765ac97fa0077ba3ff9d1a8c33c786b0785046,False,False,39,43,,_current_gate1_cadence_evaluation;_current_history_disposition;_history_disposition_task_status;_strict_nonnegative_int,SEMANTIC_REVIEW_REQUIRED_NO_PORT
src/quant_platform/orchestration/corrective_publication_registry.py,cfaa041821a1059f71239cadc84a759dbe2344f5318492bc9ade0cd789bb2d35,8999332417fb9846142c7e1c34c7e4eb16f9dcccb7a62ea720afe97716d7995e,False,False,26,26,,,SEMANTIC_REVIEW_REQUIRED_NO_PORT
src/quant_platform/orchestration/corrective_redaction.py,a58a01b38ebc49a3e088bfb3f907daf475a57271ab5c43f7cf0b813b4fb7b3e2,e308d464dc0ad909a0cffdab0556eb8b7a90d2dae7d2b39810616aeeea1368ef,False,False,20,31,,_StreamingSecretDetector;_StreamingSecretDetector.__init__;_StreamingSecretDetector._scan_and_bound;_StreamingSecretDetector._scan_window;_StreamingSecretDetector._update_bytes;_StreamingSecretDetector.finish;_StreamingSecretDetector.update;_jwt_candidate_status;_token_candidate_viable;_url_candidate_status;evidence_payload_secret_codes_from_chunks,SEMANTIC_REVIEW_REQUIRED_NO_PORT
src/quant_platform/orchestration/corrective_registered_rerun_executor.py,a20b38253f6d6e4a0e3735c1e4c95b7f9a66bc66fd83bbfcc93e78301ef37885,bc0d01a52db7aa847bfd6e38284fe10f5c0b92f882eb41fd3e893d03e587bc47,False,False,46,46,,,SEMANTIC_REVIEW_REQUIRED_NO_PORT
src/quant_platform/orchestration/corrective_release_gates.py,429197618a9c5f646f8c19d1f837eedff2907e89f02aa6396dc1d850e2852219,7f0fa2ddc85b458e45070d8c58dfb261cf8233d10a929ccdd72da724e980c669,False,False,51,61,,_blank_csv_cell;_current_gate1_scheduler_identity;_exact_unique_string_list;_history_disposition_binding_fields;_literal_false;_lower_sha256;_recent_utc_timestamp;_strict_integer;_strict_json_equal;_validated_history_disposition_binding,SEMANTIC_REVIEW_REQUIRED_NO_PORT
src/quant_platform/orchestration/corrective_runtime.py,6b1376de31b3cdf225eaee504eaad749c4b3e999a1edfc1a9576fcca62a042b9,494fcdb5b12029126382b6dfcd392b711565119a80daf3d34e2d80d2294f8936,False,False,50,83,,_DirectoryManifestScanState;_DirectorySealState;_RuntimeOSFacade;_RuntimeOSFacade.__getattr__;_adopt_interrupted_governed_immutable_create;_close_aborted_directory_publication;_close_descriptor_preserving_primary;_deny_process_local_writable_manifest_handles;_descriptor_has_extended_acl;_descriptor_xattr_manifest;_directory_entry_reference;_directory_manifest_scan;_directory_publication_outcome_detail;_directory_quarantine_path;_is_collection_contract;_open_unmanaged_publication_parent;_post_rename_manifest_projection;_publication_identity;_publication_object_identity;_quarantine_failed_directory_promotion;_record_directory_publication_outcome;_record_directory_publication_outcome_preserving;_recover_failed_directory_promotion;_rename_directory_noreplace;_require_directory_target_absent;_require_serialized_publication_target;_runtime_libc;_scan_directory_manifest_entries;_scheduler_environment_path;_seal_directory_descriptor;_seal_published_directory_root;_seal_staged_directory;_xattr_call_result,SEMANTIC_REVIEW_REQUIRED_NO_PORT
src/quant_platform/orchestration/corrective_scheduler_bootstrap.py,5c481135b93b07c875400ddbdc7e7941da19745768b0cac4c0b53a8f609ebda2,1ac19e701497b4b84f8df64676497ee8d466d784e4d319265c4db919dec51e0d,False,False,4,7,,_collection_distribution_identity_paths;_collection_import_paths;_collection_layout_blockers,SEMANTIC_REVIEW_REQUIRED_NO_PORT
src/quant_platform/orchestration/corrective_scheduler_lock.py,cbef6e90ea37170d6933b87c7f469aa1d9f7306ef7afc05934dd1cd6f597aedd,3ea56f7571c6b605b2ce1eacf29dd0164a768fb1063c0ef4673afdaa1c936ef5,False,False,29,101,,PublicationLeaseWorkerGrant;PublicationWorkerContext;PublicationWorkerContext._revoke_components;PublicationWorkerContext.cancel;PublicationWorkerContext.run;PublicationWorkerContext.submit;_PublicationLeaseActivation;_PublicationLeaseWorkerActivation;_PublicationLeaseWorkerBinding;_absent_phase00_resume_authorization;_assert_open_lock_path_identity;_attempt_cleanup_actions;_blocked_phase00_start_reconciliation;_blocked_phase00_start_state;_current_publication_lease_for_reentry;_drain_publication_lease_workers;_execution_context_identity;_fsync_phase00_resume_state;_inactive_phase00_maintenance_state;_invalid_phase00_maintenance_state;_invalid_phase00_resume_authorization;_is_lower_hex_sha256;_issue_current_publication_lease_worker_grant;_normalize_exact_directories;_normalize_exact_publication_targets;_open_existing_read_lock_file;_open_phase00_confined_directory;_phase00_authorization_with_snapshots;_phase00_confined_entry_is_absent;_phase00_exact_zero_authority_flags;_phase00_exact_zero_int;_phase00_explicit_credential_claims;_phase00_legacy_start_marker_from_artifact;_phase00_legacy_start_receipt_is_completed;_phase00_maintenance_provenance_exists;_phase00_maintenance_string;_phase00_maintenance_timestamp;_phase00_pretty_json_bytes;_phase00_primary_marker_is_still_absent;_phase00_start_marker_from_artifact;_phase00_start_receipt_census;_phase00_start_receipt_completion;_phase00_start_reconciliation_observation;_phase00_stat_snapshots_match;_phase00_state_without_primary_marker;_phase00_trusted_snapshots_match;_publication_lease_context_matches;_read_phase00_marker_descriptor;_rename_lock_state_noreplace;_require_phase00_artifact_unchanged;_require_phase00_marker_archive_identity;_require_phase00_marker_expected_identity;_require_phase00_resume_pointer_unchanged;_reset_publication_lease_workers_after_fork;_same_phase00_marker_object;_same_phase00_marker_snapshot;_seal_phase00_marker_descriptor;_validate_phase00_maintenance_receipt;_validate_phase00_resume_authorization_pointer;_validate_phase00_resume_authorization_receipt;_validate_phase00_resume_authorization_sources;_validate_phase00_resumed_marker_archive;_verify_collection_process_identity;capture_phase00_primary_marker;capture_publication_worker_context;phase00_resumed_marker_path;publication_lease_worker_session;read_phase00_resume_authorization;read_phase00_start_reconciliation;revoke_publication_lease_worker_grant;seal_captured_phase00_primary_marker;validate_current_directory_inventory,SEMANTIC_REVIEW_REQUIRED_NO_PORT
src/quant_platform/orchestration/corrective_scheduler_runtime_readiness.py,328385d6443d1b5d5a2621f8681ddc25a09a62b23ebc3658505daa2a800e1e9b,a79b3977a828302216356e026fab41b3ea88834075a8e4b044479032f65cd2b8,False,False,39,39,,,SEMANTIC_REVIEW_REQUIRED_NO_PORT
src/quant_platform/orchestration/corrective_scheduler_supervisor.py,f3bd9f22bf4a1858b7a2d737fd6d537a22ca0e1338bdfef4dceb343773a31cd4,625201d4c8b69d54b1c2e83351792bb21fb5dd757be5e57f879ef80cb866fa58,False,False,10,13,,_supervise_scheduler_run;_validate_collection_dispatch_summary;supervise_collection_scheduler_run,SEMANTIC_REVIEW_REQUIRED_NO_PORT
src/quant_platform/orchestration/corrective_scheduler_terminal.py,e20f69e3229e94c1615da9bdce6ca1078f289179f86b010008517a43e2b76403,34e313a53f87928f747bbe35e0126e9d3105b75273503d3a12dae682a916e2a4,False,False,32,36,,_collection_terminal_targets;_consume_scheduler_post_terminal_hooks;load_validated_credited_scheduler_terminal_receipt_by_run;register_scheduler_post_terminal_hook,SEMANTIC_REVIEW_REQUIRED_NO_PORT
src/quant_platform/orchestration/corrective_testnet_pair_execution.py,13f1ab46b266d3bd7a1faff74e251712a06414f974ec5e7771fdad2fc32c760b,a658141366e164ae0fda2b5dec09a1e537b52eee53624b08f4dfd428fd773c6a,False,False,29,30,,_gate00g_testnet_pair_submit_call,SEMANTIC_REVIEW_REQUIRED_NO_PORT
src/quant_platform/orchestration/corrective_wizard_browser_auth.py,f1a17d291181d675ab772c0b1acb4df1419172f93f2ef6f7b1404c8bdb8117aa,62733fadc7b5dc90492768cd574b025373fd99bf4d035a412c5d032131b5b468,False,False,19,20,,_validate_wizard_browser_auth_readiness_from_reader,SEMANTIC_REVIEW_REQUIRED_NO_PORT
src/quant_platform/orchestration/corrective_wizard_ou_v6_terminal_closure.py,ea6949799671fc28a9ab19a43e66605b54a3642a90fa852c99f911e06934bdf7,21f1377a0bb35862a2c691a00f4f30a5b0676af3ed4b8c9a9a7da17f9bc67269,False,False,12,16,,_capture_accounting_blockers;_contained_path;_strict_int;validate_ou_v6_terminal_closure,SEMANTIC_REVIEW_REQUIRED_NO_PORT
src/quant_platform/orchestration/corrective_wizard_proof_launcher.py,e9dfbf182f4561b42bf3725ef6316cf7ec09f87f8d1cb5afdd4985299ff8406a,be2bdd808ad8d427dcb4681327244de76ccd14d76f70b32c896f8140389f1ce1,False,False,60,60,,,SEMANTIC_REVIEW_REQUIRED_NO_PORT
src/quant_platform/orchestration/corrective_wizard_proof_scheduler.py,8caf2e49f662c40f38252506e1b039898cf5cf8807e71d3994b71bf01dba10eb,b9719636635a1289af3ac6ceae7d89423fa903bbd527208f0a3aff9fdce260e0,False,False,26,26,,,SEMANTIC_REVIEW_REQUIRED_NO_PORT
src/quant_platform/orchestration/corrective_wizard_surface_inventory.py,be13dbcc8eecf64a9a28ac8dafe48a4ce3cd046b5d0a18e574ed576172b39723,26a0b9f0bfbbb96730d60d08524e01f4ef9d8e1a77751d64651e0800c1986c58,False,False,19,19,,,SEMANTIC_REVIEW_REQUIRED_NO_PORT
src/quant_platform/orchestration/current_wizard_hyperliquid_cadence.py,0a255f48be7f9472767a5fc235ffd8ac2340cb2bc23af743e0cfe7c10cb8ff04,074a0c18ff528974bdeb5784b26fc4e6329fe95101acc5961b0e7620b279ac80,False,False,12,12,,,SEMANTIC_REVIEW_REQUIRED_NO_PORT
src/quant_platform/orchestration/current_wizard_hyperliquid_concentration.py,85fabe0d72826de1168fc7b1e8d0ca7e7921ccaef49aba391ed527d8ac102528,14e961837eac53fcbc4feddb3430274b8be50dc7718fc36081bcbeb0e58297cd,False,False,6,16,,PreparedConcentration;_build_concentration;_concentration_policy;_concentration_stage_lease;_prepare_concentration;_revalidate_concentration;_validate_concentration_sources;capture_completed_concentration_inputs;prepare_current_wizard_hyperliquid_concentration;run_prepared_current_wizard_hyperliquid_concentration,SEMANTIC_REVIEW_REQUIRED_NO_PORT
src/quant_platform/orchestration/current_wizard_hyperliquid_costs.py,fec643b2eedf87b31bbd72771c553a9f271196e253ab56fd62052bea4725facd,e81e682dd626d1edef9210405b4e746afed9eb1555376990bcefe46773c805ec,False,False,25,46,,PreparedCurrentCosts;_blocked_funding_assets;_bound_bytes;_bounded_funding_payload;_cache_records_match;_captured_csv;_captured_inputs_match;_cost_report_paths;_funding_remaining_requests;_is_sha256;_materialize_current_wizard_hyperliquid_cost_evidence;_materialize_funding_assets;_qualified_funding_cache_record;_source_inputs_match;_strict_aware_timestamp;_tail_contiguous;_validate_cost_stage_lease;_verify_cost_enriched_outputs;_verify_cost_sources;materialize_prepared_current_wizard_hyperliquid_cost_evidence;prepare_current_wizard_hyperliquid_cost_evidence,SEMANTIC_REVIEW_REQUIRED_NO_PORT
src/quant_platform/orchestration/current_wizard_hyperliquid_daily_runner.py,0b7f4a4dc4539c03d17210aa048230cd701bd8b5cd90879311703102e9957bfb,9918cdc6345a55aed91b19d31ce194c31120b7018f49221e77d325ed1f392e96,False,False,40,57,,_InProcessStageDeadlineExpired;_capture_snapshot_contract;_handoff_snapshot_contract_blockers;_hyperliquid_stage_external_context;_io_is_file;_io_read_bytes;_io_stat;_io_validated_at;_io_write_bytes;_keychain_item_exists;_publish_finalized_monitor_handoff;_read_keychain_item;_stage_effect_accounting;_unique_json_pairs;_validate_live_as_of;_wizard_keychain_reference;daily_pipeline_output_paths,SEMANTIC_REVIEW_REQUIRED_NO_PORT
src/quant_platform/orchestration/current_wizard_hyperliquid_failure_attribution.py,8731eab72e9489a01d0c0c1357359a53c973251d46f9dcb1ba444616309756c7,b2c27b1a03db035e59b22611a3240926ba700b2f66d6625742880b8b08820b21,False,False,25,41,,PreparedFailure;PreparedFailureRouting;_build_failure;_failure_frames;_failure_input_clock;_failure_lease;_failure_policy;_prepare_failure;_revalidate_failure;_robustness_reason;_verify_concentration_decision;capture_completed_failure_inputs;prepare_current_wizard_hyperliquid_failure_attribution;prepare_current_wizard_hyperliquid_failure_routing;run_prepared_current_wizard_hyperliquid_failure_attribution;run_prepared_current_wizard_hyperliquid_failure_routing,SEMANTIC_REVIEW_REQUIRED_NO_PORT
src/quant_platform/orchestration/current_wizard_hyperliquid_handoff.py,4211e54df3b1711c139b207bd00ba3f6e226227667dd1e0a5ac9780df0902803,d11435266ec5238f978d0592c7b0ae041d92a471c63ed83d2d0d176c27662a4c,False,False,16,29,,PreparedCurrentWizardHyperliquidHandoff;_canonical_root;_capture_completed_refresh;_handoff_clock;_handoff_csv;_handoff_lease;_handoff_output_population;_handoff_paths_from_manifest;_prepared_handoff_payloads;_producer_id;current_wizard_hyperliquid_handoff_output_paths;prepare_current_wizard_hyperliquid_handoff;run_prepared_current_wizard_hyperliquid_handoff,SEMANTIC_REVIEW_REQUIRED_NO_PORT
src/quant_platform/orchestration/current_wizard_hyperliquid_learning.py,c29fca8d47ed09552bfcd50ccfc611ca90336a265f0784cf3a518b451f52244e,f729aae1b94e29dbbc8e1a97a98a3ad955acc1e25efb89e14569a32e3b18386c,False,False,16,28,,PreparedLearning;_build_current_wizard_hyperliquid_learning_ledger;_learning_csv;_learning_frames;_learning_json;_learning_lease;_learning_payloads;_prepare_learning;_revalidate_learning;capture_completed_learning_inputs;prepare_current_wizard_hyperliquid_learning_ledger;run_prepared_current_wizard_hyperliquid_learning_ledger,SEMANTIC_REVIEW_REQUIRED_NO_PORT
src/quant_platform/orchestration/current_wizard_hyperliquid_leverage.py,2d249659415b58b12260175154c792e35c81a0019cdfe9a50593a892345cba21,9afce6017c3956568b3ae8d575024c1e8b4faa148f8a272459a356dc8563ffe6,False,False,18,38,,PreparedLeverage;_build_current_wizard_hyperliquid_leverage_surface;_captured_csv;_captured_json;_leverage_frames;_leverage_reference_paths;_leverage_stage_lease;_prepare_leverage;_revalidate_leverage;_same_walkforward_report;_selected_market_frames;_strict_clock;_validate_strict_market_evidence;_validate_strict_scenario_accounting;_validate_strict_selected_inputs;_verify_canonical_one_x_path;_verify_leverage_copies;capture_completed_leverage_inputs;prepare_current_wizard_hyperliquid_leverage_surface;run_prepared_current_wizard_hyperliquid_leverage_surface,SEMANTIC_REVIEW_REQUIRED_NO_PORT
src/quant_platform/orchestration/current_wizard_hyperliquid_observed_replay.py,a2b5fc4272b74d6016a13ce5cdcbe028608fee8bda3a87831a762b1c7b79f7d2,09bc33013a63cc83f95daf5111230a399d60302c5557cec26d70dd00221144b4,False,False,13,22,,PreparedObservedReplay;_observed_stage_lease;_prepare_observed_replay;_revalidate_observed;_run_observed_cost_replay;capture_completed_observed_replay_inputs;observed_cost_replay_output_paths;prepare_current_wizard_hyperliquid_observed_cost_replay;run_prepared_current_wizard_hyperliquid_observed_cost_replay,SEMANTIC_REVIEW_REQUIRED_NO_PORT
src/quant_platform/orchestration/current_wizard_hyperliquid_regimes.py,d0b2573e3e49e53c75aa1dad998c84671ff1da2c6b5300bd11bf686faf14e66f,89f050941b8a6a4f06c31a41fa0e974ae355c9a843fc8415bafbf74a612f9a2f,False,False,11,22,,PreparedRegime;_build_regime;_captured_gzip_csv;_prepare_regime;_regime_policy;_regime_stage_lease;_revalidate_regime;_validate_regime_sources;capture_completed_regime_inputs;prepare_current_wizard_hyperliquid_regime_attribution;run_prepared_current_wizard_hyperliquid_regime_attribution,SEMANTIC_REVIEW_REQUIRED_NO_PORT
src/quant_platform/orchestration/current_wizard_hyperliquid_replay.py,a90af31eceafef9a02f46b07e93e1f4142556140cbdbdf56e3d168756486efb8,36473978e4aeb4b46ced4959721038e3d3dacbffd0e74eaaa655d60f83d7aad3,False,False,37,74,,CapturedCandleSource;CapturedJsonArtifact;PreparedCanonicalReplay;PreparedCurrentHistory;UntrustedHistorySourceError;_asset_token;_candle_metadata_from_rows;_capture_in_run_candle_source;_capture_json_artifact;_claimed_exact_controlled_artifact;_claimed_in_run_candle_source;_claimed_root_relative_path;_experiment_matrix_validation_issues;_history_frame_from_payload;_is_exact_false;_is_exact_true;_load_hash_bound_history;_read_hash_bound_bytes;_read_hash_bound_csv;_read_stable_regular_bytes;_run_current_wizard_hyperliquid_canonical_replay;_safe_filename;_strict_finite_float;_strict_nonnegative_int;_strict_positive_int;_terminal_evidence_from_pair_row;_terminal_history_validation_issues;_terminal_replay_validation_issues;_valid_sha256;_validate_collection_replay_scalar_inputs;_validate_in_run_candle_source;_validate_regular_file_at_exact_path;_validated_ready_pair_history_source;materialize_prepared_current_wizard_hyperliquid_history;prepare_current_wizard_hyperliquid_canonical_replay;prepare_current_wizard_hyperliquid_history;run_prepared_current_wizard_hyperliquid_canonical_replay,SEMANTIC_REVIEW_REQUIRED_NO_PORT
src/quant_platform/orchestration/current_wizard_hyperliquid_robustness.py,063aab5994aa0ff81a919c87ccf0ed3e9f395b984d977efc01decffee1f857ff,5f487cccae70a62b7422f33b8a04b0ef5aa5f586f46e9c6c033e18e06e050554,False,False,15,25,,PreparedRobustness;_prepare_robustness;_revalidate_robustness;_robustness_policy;_robustness_stage_lease;_run_robustness;_strict_robustness_accounting;capture_completed_robustness_inputs;prepare_current_wizard_hyperliquid_robustness;run_prepared_current_wizard_hyperliquid_robustness,SEMANTIC_REVIEW_REQUIRED_NO_PORT
src/quant_platform/orchestration/current_wizard_hyperliquid_validation.py,00c04bd67c86f437fd9499bca391c13d29c99e404d5c2d7417ded3d4598bdaa8,593445e745c82710665181b0ab109394b915937989eea54230d8f649c5447f62,False,False,16,36,,PreparedChainValidation;_captured_artifact_hash;_chain_csv;_chain_json;_chain_lease;_claimed_exact_trusted_path;_computed_chain_payloads;_csv_explicit_boolean;_false_authority;_handoff_experiment_custody_checks;_prepare_chain_validation;_require_strict_counts;_revalidate_chain;_safe_filename;_strict_summary;_trusted_regular_file_under_root;_valid_sha256;capture_completed_chain_inputs;prepare_current_wizard_hyperliquid_chain_validation;run_prepared_current_wizard_hyperliquid_chain_validation,SEMANTIC_REVIEW_REQUIRED_NO_PORT
src/quant_platform/orchestration/current_wizard_hyperliquid_walkforward.py,07fe0fe5ff96a827076c076966bf504ddb9198c0b8aedb2f6b3e4542a4f5d9d4,8ddb2dc98bec8a5fa46b3282b35e495540fda68bcebd1d516029a851852bad2c,False,False,16,27,,PreparedWalkforward;_attach_m8_execution_evidence;_prepare_walkforward;_revalidate_walkforward;_run_walkforward;_source_freshness;_walkforward_policy;_walkforward_stage_lease;capture_completed_walkforward_inputs;prepare_current_wizard_hyperliquid_walkforward;run_prepared_current_wizard_hyperliquid_walkforward,SEMANTIC_REVIEW_REQUIRED_NO_PORT
src/quant_platform/orchestration/current_wizard_ou_optimal_overlay.py,96fd525b863e95aabbac646d5bec7154659f320071d46c72114eb99e90e2fb84,6692c8fd2fb78db887929aecd04a62e800250c94e8fe2ebf6506e69e079d36cd,False,False,18,29,,PreparedOUOverlay;_build_overlay;_input_spec;_manifest_paths;_overlay_stage_lease;_pair_page_frame_evidence;_prepare_overlay;_require_overlay_absence;_revalidate_overlay;prepare_current_wizard_ou_optimal_overlay;run_prepared_current_wizard_ou_optimal_overlay,SEMANTIC_REVIEW_REQUIRED_NO_PORT
src/quant_platform/orchestration/effect_authority.py,27075c73c226fac5035af96ae45c9005dcef8318e25c8e459281edf55f1cc584,0bedce3c97f9a788f391be25b72537b4fcfc42cd3782a6d98ab6402f74dec4f9,False,False,61,155,ExternalReservationRecord._optional_binding_nonce,EffectAuthority._append_journal_checkpoint;EffectAuthority._build_legacy_quarantine_payload;EffectAuthority._create_journal_initialization_seal;EffectAuthority._effect_state_signature;EffectAuthority._ensure_journal_initialization_seal;EffectAuthority._ensure_run_not_fenced;EffectAuthority._external_reservation_state_signature;EffectAuthority._fence_run_terminal;EffectAuthority._journal_effect_snapshot;EffectAuthority._journal_schema_shape_sha256;EffectAuthority._legacy_effect_journal_has_unresolved_rows;EffectAuthority._observed_project_root_identity;EffectAuthority._read_only_snapshot_connection;EffectAuthority._revalidate_root_binding;EffectAuthority._secure_file_sha256;EffectAuthority._snapshot_connection;EffectAuthority._validate_external_reservation_state;EffectAuthority._validate_read_only_accounting_snapshot;EffectAuthority._validate_run_provider_reservation_ceiling;EffectAuthority._validate_snapshot_initialization_seal;EffectAuthority._validated_checkpoint_head;EffectAuthority._validated_current_legacy_quarantine;EffectAuthority._validated_effect_outcome;EffectAuthority._validated_effect_run_fence;EffectAuthority._validated_external_reservation_claim;EffectAuthority._validated_external_reservation_closure;EffectAuthority._validated_external_reservation_material;EffectAuthority._validated_external_reservation_record;EffectAuthority._validated_journal_initialization_seal;EffectAuthority._validated_non_file_effect_material;EffectAuthority._validated_run_fence_material;EffectAuthority.active_external_reservation_units;EffectAuthority.claim_external_reservation;EffectAuthority.consume_external_reservation_units;EffectAuthority.external_reservation_retry_assessment;EffectAuthority.fence_run_for_recovery;EffectAuthority.fence_run_terminal;EffectAuthority.journal_checkpoint_anchor_is_current_or_ancestor;EffectAuthority.non_file_semantic_snapshot;EffectAuthority.read_only_file_publication_bindings;EffectAuthority.read_only_run_population;EffectAuthority.require_active_external_reservation;EffectConsumptionReceipt._consumed_at;EffectConsumptionReceipt._required_hash;EffectConsumptionReceipt.signed_payload;EffectOutcomeRecord;EffectOutcomeRecord._recorded_at;EffectOutcomeRecord._required_hash;EffectOutcomeRecord._required_text;EffectOutcomeRecord.signed_payload;EffectRunFenceRecord;EffectRunFenceRecord._fenced_at;EffectRunFenceRecord._required_hash;EffectRunFenceRecord._required_text;EffectRunFenceRecord.signed_payload;ExternalReservationClaimRecord;ExternalReservationClaimRecord._claimed_at;ExternalReservationClaimRecord._required_hash;ExternalReservationClaimRecord._required_text;ExternalReservationClaimRecord.signed_payload;ExternalReservationClosureRecord;ExternalReservationClosureRecord._closed_at;ExternalReservationClosureRecord._required_hash;ExternalReservationClosureRecord._required_text;ExternalReservationClosureRecord.signed_payload;ExternalReservationRecord.signed_payload;PublicationAuthorityWorkerGrant;_DarwinProcBSDInfo;_PublicationAuthorityWorkerActivation;_PublicationAuthorityWorkerBinding;_attempt_publication_cleanup_actions;_authorize_publication_payload;_current_publication_worker_binding;_darwin_process_start_observation;_directory_manifest_publication_units;_drain_publication_authority_workers;_posix_ps_process_start_observation;_process_absence_or_unknown;_process_start_observation;_publication_execution_context_identity;_read_effect_authority_key;_reset_publication_authority_workers_after_fork;_validate_publication_authority_context;_validated_durable_units;_validated_external_reservation_payload;_validated_request_accounting_export;authorize_directory_publication;issue_publication_authority_worker_grant;load_effect_authority_secret;load_or_create_effect_authority_secret;publication_authority_worker_session;publication_secret_scan_reason;require_publication_payload_safe;required_publication_worker_lease_id;revoke_publication_authority_worker_grant,SEMANTIC_REVIEW_REQUIRED_NO_PORT
src/quant_platform/orchestration/exhaustive_wizard_api_refresh.py,08e7db497504d27f80a0f6f0a83848021d98dea53e53640b48a761aebe2a5f1c,856fbfb1a1a616b43e169f9ae602d5aada2de00bb50fde5853f95f80a8e1994a,False,False,28,43,,PreparedExhaustiveWizardAPIRefresh;PreparedExhaustiveWizardAPIRefresh.summary;_RefreshSnapshotIdentity;_canonical_root;_captured_browser_route;_captured_csv;_prepare_refresh_payloads;_producer_id;_refresh_clock;_refresh_lease;_refresh_output_population;capture_completed_exhaustive_wizard_api_refresh_inputs;exhaustive_wizard_api_refresh_output_paths;prepare_exhaustive_wizard_api_refresh;run_prepared_exhaustive_wizard_api_refresh,SEMANTIC_REVIEW_REQUIRED_NO_PORT
src/quant_platform/orchestration/hyperliquid_testnet_lifecycle_evidence.py,ab2b604a575eeefd97012f95cefb2664fae41e72654467ecef029c757a8e7ef6,6c73e79122f3c06ed13cb85857344d056a069f76343c048eff6d0632640dc689,False,False,22,22,,,SEMANTIC_REVIEW_REQUIRED_NO_PORT
src/quant_platform/orchestration/interactive_mixtape_graph.py,782ead0502e4a8d4b607ac3d61097f6c0d219c891cf891bb8871cbe1a354d30f,4a9a6cecf335419ec49fd1de0ce15f168a21a4f7bd4f815a2cb4c10faeb9038b,False,False,18,18,,,SEMANTIC_REVIEW_REQUIRED_NO_PORT
src/quant_platform/orchestration/mini_agents.py,94a7325f4ed842f2fcf47567f9a79f7e1526ed3d3062fb3ea85e23b53758897c,09b05dca77d91c41f2d78cce07f1c3c676bb2afb83093be8ad615650bcad1b3d,False,False,18,18,,,SEMANTIC_REVIEW_REQUIRED_NO_PORT
src/quant_platform/orchestration/multi_asset_capture_job.py,94025e60e3c650fa4182ca3e87b1be4b8efe436db7b94b649a6fe1fb63badc19,7db4e864b50126356c0c67fb70712fcf8b2f8549a6a9a6b5855a1dc8cd47bb10,True,False,15,11,_asset_raw_label;_authorized_fetch;_decimal_field;_fsync_directory;_raw_hyperliquid_info_call,_fetch_public,SEMANTIC_REVIEW_REQUIRED_NO_PORT
src/quant_platform/orchestration/multi_asset_capture_verify.py,412ff120dd8a6788779ec240e8bf29ebd528bf99894ca2e4aedbb974472f1365,699e4d717b34796891219f66b4301d837cf6377a822dfac7d618e0237978b649,False,False,2,2,,,SEMANTIC_REVIEW_REQUIRED_NO_PORT
src/quant_platform/orchestration/nodes.py,ce147c8c3aad5a21d27c0f93ba70c9ceb5da10a4e36ea06525bb9521e77e0ca5,81f25d20cff59a6ada863362cd4907f5d93e9772e2f344da43bf8477aaffd4b7,False,False,10,12,,_wizard_frozen_source_qualification_result;_wizard_research_validation_spine_result,SEMANTIC_REVIEW_REQUIRED_NO_PORT
src/quant_platform/orchestration/student_readiness.py,b33d25dab5156275c026ec59934cfc369cce023b22cf34aa8c4655e9cfa333e9,7544803621ca3371ec5db8f8fb766d0dfe8d84d4631d3df5b31ea0acd618f965,False,False,12,16,,_binary_label;_explicit_timestamp;_finite_numbers;_identifier,SEMANTIC_REVIEW_REQUIRED_NO_PORT
src/quant_platform/orchestration/teacher_adapters.py,93a876e64ea988cb363d1cd7a176c6353083306c2515c831ae76c45bef9fe28b,2155c3a7e956148da1a487e406519a34dfaca47369f79f3fa25dc70a3a425a2d,False,False,18,18,,,SEMANTIC_REVIEW_REQUIRED_NO_PORT
src/quant_platform/orchestration/teacher_contracts.py,595cf2afea0da56d63dff3e64383b463419b0184dc9d4b7e51429177a0e781c3,2d492ba7480bca3d3281da3429775b7a84277e5f35b51068fddc0040b4f5b2d6,False,False,25,25,,,SEMANTIC_REVIEW_REQUIRED_NO_PORT
src/quant_platform/orchestration/teacher_control_plane.py,f1e2778596b2f8df64081584aad8f2aa13784bd4c2039cf0a6d5c782de25a1a1,ab8a5682d5cdb0290a05479d66f61e8cb46ec89112980a1cf5717e6fde59ca42,False,False,16,16,,,SEMANTIC_REVIEW_REQUIRED_NO_PORT
src/quant_platform/orchestration/teacher_council.py,57a76d07b46860e143c4a865c315577246c41bf7247c999d1da61a3b17fded83,6083b211042f6dc6694d3b017b5fbcf04d90b61cef97d90bc741a5598544c624,False,False,9,10,,TeacherCouncilPolicy.__post_init__,SEMANTIC_REVIEW_REQUIRED_NO_PORT
src/quant_platform/orchestration/teacher_evidence_materializer.py,742c7c52a9bf450c36d950f6be98313a956013368169d1de2734a9ec990b5816,4ea664abe060d908d15252f42315d67b736471f5896d11d5f8ee89f6011d2771,False,False,35,35,,,SEMANTIC_REVIEW_REQUIRED_NO_PORT
src/quant_platform/performance_math.py,59d7107be24495da625e92224cafc331ef88d5c8b8832ddda270d8bdffffb68f,85437a9e757192d7ef3284e50d90d88c79348ddac430c9b0e1880201f901fae7,False,False,7,11,,_parse_timestamps;_timestamp_grid;calculate_max_drawdown;compound_simple_returns,SEMANTIC_REVIEW_REQUIRED_NO_PORT
src/quant_platform/research_knowledge_store.py,754087b1b5f18f21873fbbb2d062b1570bbdd76cd854e7d5356e6fd22aee9db5,35a16180b218d68c62f07db3f313115d873f865136badea641c746e16133416d,False,False,7,9,,answer_research_question;query_research_evidence,SEMANTIC_REVIEW_REQUIRED_NO_PORT
src/quant_platform/research_paper_reproduction.py,067d095e3a6f69f805a9b2e4ad0d4b7930d61d3f0b7decfa12fe3a2d087d357a,1f1d7bd7a6856cf8c88f63f0c1dc5fa66924dfbb55c5366e4123aed813953655,False,False,22,22,,,SEMANTIC_REVIEW_REQUIRED_NO_PORT
src/quant_platform/rl/rl_acceptance.py,3fdd1b8f26486d6cc38f7a0b4fd96ba9f99c35dad1da6dd8341874dbe4dc17b1,27eeb01e320429ca47c3dac63e535a33b4f628e1d3febc54723b1d01aa420131,False,False,8,16,,EquityReturnContract;_comparison_failure;_compound_metrics;_digest;_finite_number;_finite_returns;_utc_time;_valid_identity,SEMANTIC_REVIEW_REQUIRED_NO_PORT
src/quant_platform/rl/rl_backtest.py,6d9e8414df8aeb0ee639f67f12c4f0891c0038bfbef618d6270608dd05a1206f,b6ef1ad5303c61294817243bc8320f9428071e1f9304a8c01538b8f913b33877,False,False,11,11,,,SEMANTIC_REVIEW_REQUIRED_NO_PORT
src/quant_platform/rl/rl_learning_agent.py,2220c6984d0eb4b3d0497733f54ddb44f86d38b310e70f5adca7bc9b36cc8c89,82c7939a968f28b047149ddff7ea6748a29ad00b07efda88b6d3b4580d057cf0,False,False,26,26,,,SEMANTIC_REVIEW_REQUIRED_NO_PORT
src/quant_platform/statistics/math_v2.py,140a36a04812959002b5865562d3ef44c422449a1ff5312d8a998c604930e187,f40fbd88078e96c9793242bb1b73cd8ce9853942707899d3c0c87e6c897257cb,False,False,15,25,,_ecm_relationship_reason;_eg_relationship_id;_finite_fit;_identified_design;_identified_finite_inference;_identity_digest;_observation_grid_reason;_pair_sample_identity;_temporal_pair_grid_reason;fit_static_y_on_x_ols,SEMANTIC_REVIEW_REQUIRED_NO_PORT
src/quant_platform/strategies.py,414575071f0562785c4be498a6ac7f491a666e52fad84a22726df79c49e1f75c,1888367c93c75f558d042d464868a8132cee935ab71ac290d93d559a0b39b2d7,False,False,46,47,,_research_proxy_mask,SEMANTIC_REVIEW_REQUIRED_NO_PORT
src/quant_platform/three_brain_system.py,52e84d769918a230f46472a62db4b63e4ff5833b6c691c43420f6537c071bcfc,6fd803fa4d6e2d53a574ce68c453cdebcda48bc074ba6c0ef66e09b3172def77,False,False,114,115,,_history_proxy_observations,SEMANTIC_REVIEW_REQUIRED_NO_PORT
src/quant_platform/trade_ledger.py,2999c8b1c9bff950722f24fb43e64c46bb73e0eaebb2d4c8c4be401d5ed85621,3c247c1170ffb7710007298f3bb8a4e792ee932ebec56ddb4262c4c7d6f8e5eb,False,False,3,3,,,SEMANTIC_REVIEW_REQUIRED_NO_PORT
src/quant_platform/wizard_credit_ledger.py,d1309095ea6f092270ad02d78429d8e1e3f063488443f963cbd551d8704e0b5b,88c22602a731f0d370f83dbc312db20590fdbf3c37789daf1195df62ac620256,False,False,25,30,_zero_effect_authority_retry_safe,_captured_ledger_paths;_external_authority_retry_assessment;_ledger_json_paths;_reconciliation_key_hash;_sealed_file_sha256;wizard_credit_ledger_paths,SEMANTIC_REVIEW_REQUIRED_NO_PORT
src/quant_platform/wizard_evidence.py,d9118a8c11ae186cb5b608febe1bcd5f1f959ab472e11795352891d9d95c62fe,1f3aab9af2849bbff20988734222bc8e1811fdeef6c93812ce36ebcb7273324e,False,False,126,129,,_capture_optional_settings;_capture_setting_missing;_validated_exploratory_cost_values,SEMANTIC_REVIEW_REQUIRED_NO_PORT
src/quant_platform/wizard_mode_replay.py,775e0a59735974984a9a4fecef6ca5afa97396e58ffe3e5d78fb4beb9887aec7,f1947c8c61777104ca1f0531cd459dd1ac397a1c21cb58c50cb883855ac29ac7,False,False,28,29,,_expanding_zscore_after_dynamic_warmup,SEMANTIC_REVIEW_REQUIRED_NO_PORT
src/quant_platform/wizard_research_journal.py,47e2a0fd119fb0bec555ac2a66f672a16fd573448e7e4cd4337d0d0ff8d57e3f,58117628715a5d4ab394b830db07e3aead2e63b2ac2b717cbc88fff3c233c46f,False,False,59,59,,,SEMANTIC_REVIEW_REQUIRED_NO_PORT
src/quant_platform/wizard_run_config.py,da5d0c959f6aa38bacee6fdbb92c42a77d5600fe8553bafd76c8ede29ca6ec7d,723769ff422c7f6f42c6ea381d58903815434c6313ca2b14f0702f07878a6ced,False,False,16,20,,WizardConfigurationError;canonical_comparison;canonical_optional_boolean;canonical_optional_count,SEMANTIC_REVIEW_REQUIRED_NO_PORT
src/quant_platform/zscore_utils.py,5389a17a06da83ed63620adf77b098f9d28e2080479f212cffadb506b14d443a,df614baae604efd056e3b3d6c12e249238e61daf9a5658bab708b22b7f2b72ab,False,False,4,7,,_exact_window_zscore;expanding_sample_zscore;rolling_sample_zscore,SEMANTIC_REVIEW_REQUIRED_NO_PORT
tests/candidate_queue_support.py,50fcfd02714bd54fec08195539b85f50b5ffc12b229545bd4773392decaa599a,4eb38e5b26b47a16bbf8d140a3f4a82005f06ab2f745ec890fd4c078287642c3,False,False,2,4,,_history_disposition_fields;ensure_valid_history_disposition,SEMANTIC_REVIEW_REQUIRED_NO_PORT
tests/conftest.py,8380be1ed3fd331d6b0700c95d9f180b118899a74ad986d6e47257702fa60c06,f1b7a27a065773fad5183d387ddc0cb5de34ce7630f5053b2867219487893e0b,False,False,5,2,_governed_evidence_hash;deny_unmarked_external_network;explicit_hyperliquid_keychain_authority;explicit_test_publication_authority;preserve_governed_evidence_during_tests,isolated_legacy_publication_authority;pytest_configure,SEMANTIC_REVIEW_REQUIRED_NO_PORT
tests/pair_cost_bundle_support.py,ac96420a1841f82f14091a1a05ecfc7681d55963e9caf1881d5af895e34e0ac1,23e66c76413910b6f64c7d51c345baa2ad90d505fb42ae22cbd3c56b6b6438a4,False,False,1,1,,,SEMANTIC_REVIEW_REQUIRED_NO_PORT
tests/test_active_pipeline.py,5ff039ce58ff7b1a08e40df3ca90f84ed42c0a0469f46bfbf23a93280c424442,ccc8f1705c214b0bde2dd913df20a69c09176ad4b21eef4ebb231ce843f610ba,False,False,52,55,test_registered_history_feature_normalization_keeps_provenance,test_legacy_research_proxy_payload_detection_supports_existing_and_new_files;test_registered_history_feature_normalization_clears_legacy_proxy_promotion;test_registered_history_feature_normalization_quarantines_legacy_payload_rows;test_registered_history_feature_normalization_quarantines_research_proxies,SEMANTIC_REVIEW_REQUIRED_NO_PORT
tests/test_apify_sources.py,3812994627b533ff53ebc2abf63dd13085cac1da9323c508c608b02790eff3df,4c801a614883662a3d1591a7b2fd8519a2399cd0fd1d1a57761aa446dcce98c9,False,False,26,26,,,SEMANTIC_REVIEW_REQUIRED_NO_PORT
tests/test_backtest.py,689490c8491e8c1cc0110d0d35503d66a8ec180c9efc5614fc627eeb38a52ee0,91d660b2c6c6edbf100eacded3769855ed7584f1657eb45952219b8e3bbf18f8,False,False,8,9,,test_rpt006_entry_exit_level_crossing_truth_table,SEMANTIC_REVIEW_REQUIRED_NO_PORT
tests/test_binance_testnet.py,e75b6eaefb206562b862999c380e79378aab82ff2f3c7daca51387137189964f,1c0d58827f51f086adfcd0e2e780863bf67e89a0f6a11098a47030caea523d78,False,False,21,22,,test_pair_execution_denies_canonical_instance_method_shadow,SEMANTIC_REVIEW_REQUIRED_NO_PORT
tests/test_cli.py,9f0b80e555a896dfbfac2983417eaabe17333828eab908ae26560dbf25948eb3,6fe641c4ee96cf74aaed3b53683902b1e6a9c2ca865717f4d096b74b88591fb9,False,False,192,195,test_dydx_long_history_plan_report_respects_forced_indexer_scheme;test_dydx_two_leg_request_template_report_respects_forced_indexer_scheme;test_fetch_dydx_funding_blocks_when_indexer_adapter_missing;test_fetch_dydx_two_leg_data_falls_back_to_configured_indexer_base;test_fetch_dydx_two_leg_data_respects_forced_indexer_scheme;test_fetch_public_json_curl_uses_resolve_without_ip_in_url;test_fetch_public_json_uses_ip_alias_when_dns_hints_exist;test_fetch_url_scheme_variants_prefers_forced_scheme;test_priority_readiness_report_marks_learning_store_ready_from_model_ready_outcomes,test_dydx_long_history_plan_report_preserves_https_scheme;test_dydx_two_leg_request_template_report_rejects_http_scheme;test_fetch_dydx_funding_blocks_when_mainnet_public_fetch_fails;test_fetch_dydx_two_leg_data_preserves_https_scheme;test_fetch_dydx_two_leg_data_rejects_configured_testnet_fallback;test_fetch_public_json_dydx_does_not_fallback_to_curl;test_fetch_public_json_rejects_ip_alias_fallback_for_dydx;test_fetch_url_scheme_variants_rejects_mainnet_downgrade;test_inprocess_system_check_rejects_different_cli_root;test_inprocess_system_check_uses_validated_root_under_guard;test_priority_readiness_report_blocks_modeling_from_unverified_reported_outcomes;test_system_check_cli_forwards_selected_root,SEMANTIC_REVIEW_REQUIRED_NO_PORT
tests/test_corrective_agent_governance.py,6c8618d029648611af7d1cf11964274e0655d81c961e45bc7ccb2dd5b2d461e2,7e46f6e330c6fc9a91f17ffabfae09fe8e434f88733f460aeacdab24f025c048,False,False,8,8,,,SEMANTIC_REVIEW_REQUIRED_NO_PORT
tests/test_corrective_canonical_status.py,696406095546efb0254746dd367b35c183a7ce8a400cf22035220d25407fd0a3,7c1725ceb084fb48e681e981573044fcf364e004de089b02c1ad39ac54e03d49,False,False,10,40,,_build;_current_history_disposition_validator;_history_disposition_progress;_pass_phase00;_pass_stage4;_seal_wizard_proof;_valid_history_disposition;test_acceptance_threshold_change_rotates_compiled_and_manifest_identity;test_blocked_proof_cannot_be_proven_by_28_of_28_counters;test_canonical_blocks_acceptance_policy_source_contract_drift;test_canonical_blocks_missing_or_tampered_manifest_twin;test_canonical_blocks_naive_child_clock;test_canonical_blocks_skeletal_acceptance_policy;test_canonical_malformed_inputs_fail_closed_without_crashing;test_canonical_rejects_naive_evaluation_clock;test_canonical_rejects_public_phase00_observer_injection;test_canonical_rejects_unsafe_immutable_manifest_metadata;test_canonical_requires_current_passing_phase00_closure;test_canonical_status_blocks_expired_dynamic_sources;test_canonical_status_blocks_gate2_checkpoint_contradiction;test_canonical_status_blocks_missing_v2_checkpoint_manifest;test_canonical_status_blocks_source_hash_drift;test_gate3_canonical_projection_uses_aggregate_validator_outcome;test_gate3_distinguishes_bounded_research_from_trading_authority;test_gate3_rejects_arbitrary_pass_prefixed_proof_status;test_gate3_rejects_self_declared_reduced_denominators;test_manifest_publication_rejects_a_b_a_source_race;test_missing_scientific_disposition_receipt_blocks_gate2_and_manifest;test_proof_requires_explicit_research_only_zero_authority_contract;test_republishing_mutable_phase00_pointer_cannot_renew_freshness,SEMANTIC_REVIEW_REQUIRED_NO_PORT
tests/test_corrective_daily_scheduler.py,0093447a1705059b1ce420904f6c75815a75aec210f10c4b55d66e623dd4479b,078bc40af3ce0a9f7889131bd4a1942f0caec97c9409bf087379effd6f5823c2,False,False,41,58,,_begin_synthetic_scheduler_run;_copy_prebuilt_semantic_receipt;_exact_gate1_cadence_evaluation;_freeze_scheduler_completion;_prepare_daily_supervisor_environment;_stub_corrective_daily_cadence_build;test_acceptance_count_never_uses_a_historical_maximum;test_acceptance_count_rejects_noncanonical_values;test_acceptance_count_requires_one_exact_current_integer;test_corrective_daily_cadence_rejects_partial_or_forged_v2_pass;test_corrective_daily_cadence_summary_binds_exact_v2_evaluation;test_crash_replay_reconciles_over_manual_row_idempotently_and_rejects_duplicates;test_current_campaign_identity_requires_regular_in_root_policy;test_execute_admission_blocks_before_pipeline_without_required_context;test_missing_request_accounting_cannot_claim_a_qualifying_cycle;test_supervised_run_reconciles_only_after_its_terminal_pass;test_terminal_hook_failure_stays_uncredited_and_visible,SEMANTIC_REVIEW_REQUIRED_NO_PORT
tests/test_corrective_data_evidence.py,21b7ac5e2952edf168219cb9c9f2b8274dd7eb5763bfd8b54629ac461c744ae1,d4af0529fbcc84e5f3e78567fbc579d6c363a51b55443419c8aaeadb44a2b8ec,False,False,19,20,test_history_remediation_excludes_intentionally_deferred_and_structural_rows,test_cost_collection_rejects_large_interior_gap_despite_sample_count_and_span;test_history_remediation_missing_cohort_evidence_preserves_active_outputs,SEMANTIC_REVIEW_REQUIRED_NO_PORT
tests/test_corrective_financial_effect_registry.py,e9057198160e449494ef7e7b6b40f0597111b537a24b36009f04df0483b50701,570636fe420148b89858d54e88c406c930ff280b69e58980b83a26003669024d,True,False,6,6,test_appledouble_sidecar_is_not_scanned_as_source,test_same_named_method_in_unreviewed_class_cannot_inherit_review,SEMANTIC_REVIEW_REQUIRED_NO_PORT
tests/test_corrective_l2_scheduler.py,ed906d7bd62348371208266e26248c67af146cd6d2ad386f0ea65e6b787a1699,daeea9687126e0197646ef20d59a3584642f1ed43fd31b987bb66b5f63e092d3,False,False,38,40,,test_credited_terminal_publishes_verifiable_l2_completion_lineage;test_source_receipt_cannot_self_assert_scheduler_completion,SEMANTIC_REVIEW_REQUIRED_NO_PORT
tests/test_corrective_lineage.py,8eddd653538c8ba35cc07cce28cd110f7c77c08a64b8bcbf011b825a97fcbe27,3c4ad3acd3f5fe1429925d4052f14abd9c8daf2f298848d25067d38863375caa,False,False,8,12,test_registry_accounts_for_all_74_audited_candidates,_consumer_ast_closure_sha256;test_every_unregistered_execution_input_has_an_explicit_strong_delegation;test_execution_authority_consumer_contract_is_bidirectional_and_ast_pinned;test_phase00_cli_startup_contract_cannot_create_ignored_bytecode_surfaces;test_registry_accounts_for_every_audited_candidate_and_effect_input,SEMANTIC_REVIEW_REQUIRED_NO_PORT
tests/test_corrective_live_canary_execution.py,af8f157d161f57d2c560a1bfdefc121c4cc5b847089c791a848b33d93764378e,e94566f9fd81e57ba993c3189a8ff54aa7c62f04b0ac9e9fe70d89b732432056,False,False,28,28,,,SEMANTIC_REVIEW_REQUIRED_NO_PORT
tests/test_corrective_phase00_closure.py,5db82ce4ca93288b1c348bd43f7f57b248eff7200abf1f8c0f249c09130d1d28,15a3f9b760abc0a2ec901e095765d3c1070006a33bf0cddfef561603a307150c,False,False,18,102,test_dependency_check_prefers_uv_and_targets_canonical_python;test_pytest_command_is_kernel_contained,_absent_legacy_separate_project_root_index;_authorize_prior_v2_fixture;_fixture_anchor_identity;_fixture_candidate_preflight;_fixture_candidate_verification;_fixture_toolchain;_rebind_fixture_closure_to_pre_hardening_checkpoints;_rebind_prior_v2_outer_hashes;_replace_read_only_json;_write_checkpoint_candidate;_write_pre_hardening_checkpoint_candidate;_write_prior_v2_closure;_write_read_only_json;test_checkpoint_transition_accepts_only_pinned_blocked_v2_closure_as_history;test_closure_binds_real_verification_window_and_distinct_publication_time;test_closure_id_changes_when_only_verification_completion_changes;test_closure_late_immutable_collision_prevents_earlier_writes;test_closure_observer_accepts_only_fully_valid_prior_epoch_pre_hardening_chain;test_closure_observer_redacts_secret_shaped_validator_error;test_closure_observer_rejects_active_mirror_rotation_during_validation;test_closure_observer_rejects_active_pointer_rotation_during_validation;test_closure_observer_rejects_ambiguous_generic_credential_claim;test_closure_observer_rejects_broken_symlink_active_pointer;test_closure_observer_rejects_broken_symlink_pointer_parent;test_closure_observer_rejects_current_descendant_from_other_maintenance;test_closure_observer_rejects_deleted_source_checkpoint;test_closure_observer_rejects_mutable_pointer_clock_renewal;test_closure_observer_rejects_rebound_completion_timestamp_substitution;test_closure_observer_rejects_runtime_current_checkpoint_maintenance_id_mismatch;test_closure_observer_rejects_symlinked_active_pointer;test_closure_observer_rejects_symlinked_bundle_ancestor;test_closure_observer_rejects_tampered_source_checkpoint;test_closure_observer_uses_post_maintenance_checkpoint_validation;test_closure_preflight_accepts_unchanged_exact_immutable_target;test_closure_preflight_rejects_active_checkpoint_from_other_maintenance;test_closure_preflight_rejects_epoch_a_descendant_in_epoch_b;test_closure_preflight_rejects_nonlatest_active_checkpoint;test_closure_preflight_rejects_oversized_collision_without_reading;test_closure_preflight_rejects_same_byte_inode_swap;test_closure_preflight_rejects_symlinked_immutable_target;test_closure_publishes_active_pointer_last;test_closure_rejects_reversed_or_future_verification_window_before_publication;test_closure_secret_in_ninth_leaf_fails_before_publication;test_control_evidence_hash_is_bound_to_exact_parsed_snapshot;test_cross_maintenance_checkpoints_never_satisfy_two_checkpoint_preflight;test_dependency_check_uses_attested_uv_offline_and_targets_private_python;test_every_verification_command_is_kernel_contained;test_historical_csv_reader_rejects_malformed_rows;test_historical_csv_reader_rejects_symlinked_parent;test_historical_csv_reader_uses_one_exact_snapshot;test_inert_candidate_rejects_internal_witness_in_reversible_encodings;test_inert_candidate_round_trip_binds_exact_verification_window;test_inert_candidate_secret_scan_runs_before_candidate_directory_creation;test_legacy_closure_observer_rejects_pointer_rotation;test_matching_checkpoints_rejects_mixed_descendant_controls;test_matching_checkpoints_rejects_same_timestamp_observations;test_matching_checkpoints_rejects_superseded_descendant_bootstrap;test_nested_python_command_binds_no_site_bootstrap_and_flags;test_no_site_pytest_bootstrap_prevents_project_runner_shadowing;test_phase00_cli_rejects_unsafe_wait_timeout_before_command_dispatch;test_phase00_closure_cli_accepts_exact_timeout_caps_and_zero_wait;test_phase00_closure_cli_forwards_bounded_extended_verification_timeout;test_phase00_closure_cli_forwards_default_timeouts;test_phase00_closure_cli_rejects_unsafe_verification_timeout;test_phase00_closure_rejects_unsafe_verification_timeout_before_preflight;test_phase00_closure_rejects_unsafe_wait_timeout_before_preflight;test_phase00_verification_rejects_in_tree_ambient_temp_parent;test_phase00_verification_uses_one_aggregate_monotonic_deadline;test_pre_hardening_compatibility_rejects_checkpoint_tamper;test_pre_hardening_compatibility_rejects_generic_checkpoint_failure;test_pre_hardening_compatibility_rejects_same_epoch_and_current_tree_use;test_prior_v2_closure_transition_rejects_malformed_substituted_or_nonzero_bundle;test_prior_v2_closure_transition_requires_exact_blocking_maintenance_epoch;test_publication_rejects_identical_byte_candidate_inode_swap;test_publication_rejects_mutated_candidate_stream_before_authority;test_publication_rejects_stale_candidate_before_authority;test_real_contained_ruff_no_cache_never_writes_repository;test_real_no_site_bootstrap_does_not_execute_hostile_pth;test_run_captured_converts_timeout_expired_to_bounded_failure;test_source_checkpoint_chain_rejects_duplicate_checkpoint_identity;test_strict_json_snapshot_does_not_surface_raw_decoder_error;test_verification_blocks_when_runner_mutates_attested_toolchain;test_verification_junit_reader_rejects_oversized_sparse_file;test_verification_junit_reader_rejects_symlink;test_verification_kernel_profile_denies_secret_reads_and_protected_writes;test_workspace_virtualenv_wrapper_cannot_enter_public_closure_builder,SEMANTIC_REVIEW_REQUIRED_NO_PORT
tests/test_corrective_phase00_control.py,22faf7eddd9888a4c082248f50652007f7579e5dd5c9913dde6414855f4ffbf6,1cda1d4d46f9435dcad5daf22237b0f01b4acc07ca6b91afef04008eaba556c7,False,False,24,88,test_gitignore_is_runtime_configuration_not_unknown;test_lineage_seal_resolves_all_74_candidates_and_revokes_on_mutation,_blocked_decision_payload;_install_valid_resume_closure;_test_writer_authority;_zero_execution_authorization_payload;test_absent_marker_is_rechecked_after_resume_authorization;test_absent_marker_with_tampered_authorization_blocks_reconciliation;test_checkpoint_binds_and_blocks_tracked_source_deletion;test_checkpoint_blocks_clean_tracked_symlink_when_external_target_mutates;test_checkpoint_blocks_git_index_flags_that_hide_source_mutation;test_checkpoint_blocks_ignored_execution_surface;test_checkpoint_blocks_in_scope_symlink_even_when_external_target_mutates;test_checkpoint_blocks_mode_change_hidden_by_core_filemode_false;test_checkpoint_blocks_root_conftest_hidden_by_git_info_exclude;test_checkpoint_bootstrap_explicitly_allows_only_superseded_closure_schema;test_checkpoint_hashes_bytes_hidden_by_git_clean_filter;test_checkpoint_rejects_invalid_effect_witness_before_publication;test_configuration_fingerprint_refuses_symlinked_config_parent;test_configuration_fingerprint_rejects_mutation_during_capture;test_controller_rejects_parent_authority_for_nested_project;test_controller_rejects_transient_existing_authority_before_publication;test_file_index_blocks_in_scope_symlink_and_directory_entries;test_file_index_refuses_symlinked_parent_without_hashing_external_content;test_file_index_rejects_rotation_after_trusted_content_snapshot;test_forbidden_separate_project_root_reappearance_between_manifests_is_unstable;test_ignored_separate_project_root_reappearance_is_descriptor_confined_and_blocked;test_lease_index_blocks_symlink_without_reading_or_disclosing_target;test_legacy_separate_project_allowlist_is_exact;test_legacy_separate_project_reappearance_always_blocks_checkpoint;test_legacy_separate_project_removal_is_bound_without_false_blocker;test_lineage_seal_rejects_checkpoint_from_prior_maintenance_epoch;test_lineage_seal_resolves_every_registered_candidate_and_revokes_on_mutation;test_newly_classified_paths_preserve_in_scope_hashes;test_phase00_path_classification;test_phase00_publication_rejects_stale_outer_binding;test_phase00_publication_reuses_only_exact_outer_binding;test_resume_archive_fsync_failures_remain_blocking_and_retryable;test_resume_archive_seal_failure_is_blocking_and_retryable;test_resume_archive_target_collision_is_never_overwritten;test_resume_authorization_pointer_rotation_during_read_fails_closed;test_resume_crash_after_atomic_archive_is_fail_closed_and_retryable;test_resume_marker_swap_after_precommit_validation_remains_blocking;test_resume_marker_swap_after_source_open_never_becomes_resumed;test_resume_reader_rejects_identical_byte_rotation_at_final_boundary;test_resume_rejects_generic_false_credential_claim_in_new_receipts;test_resume_rejects_missing_and_blocked_closure;test_resume_rejects_nonzero_closure_authority;test_resume_rejects_pass_closure_from_prior_maintenance_epoch;test_resume_revalidates_current_closure_immediately_before_marker_removal;test_resume_revalidates_primary_marker_immediately_before_removal;test_resume_stage_failures_are_fail_closed_and_retry_adopts_authorization;test_resume_state_is_restart_visible_in_a_bounded_subprocess;test_resumed_marker_archive_attack_revokes_nonblocking_state;test_sensitive_file_index_never_reads_or_derives_secret_content;test_staged_deletion_tombstone_cannot_be_hidden_by_untracked_replacement;test_start_adopts_one_legacy_receipt_only_orphan;test_start_does_not_overwrite_unexpected_active_pointer;test_start_final_revalidation_rejects_identical_byte_inode_rotation;test_start_fsync_failures_are_crash_recoverable_and_idempotent;test_start_never_overwrites_unsafe_primary_marker_entry;test_start_primary_marker_collision_is_never_overwritten;test_start_refuses_ambiguous_legacy_orphans;test_start_stage_failures_are_blocking_and_retry_the_exact_intent;test_symlinked_parent_of_forbidden_separate_project_root_blocks;test_tracked_head_parser_is_nul_safe_and_binds_committed_objects;test_tracked_index_flag_parser_is_nul_safe_and_blocks_hidden_changes;test_tracked_special_entry_parser_is_nul_safe_and_blocks_gitlinks,SEMANTIC_REVIEW_REQUIRED_NO_PORT
tests/test_corrective_phase00_descendants.py,479443975528fdb4e4bee91912a78a6a7e055906d65d9c717b7558dad845c4e2,d8c1bd9d5404cab8263e963222c3a39a0c90e9517bdb33e1fd24699d06f740a1,False,False,14,82,,_blocked_decision_payload;_configure_superseded_registry_fixture;_downgrade_active_lineage_pointer_to_v1;_historical_checkpoint_path;_historical_lineage_manifest_path;_initialize_effect_authority;_install_legacy_descendant_pointer;_lineage_checkpoint_path;_publish_real_active_lineage;_publish_real_fixture_bundle;_rebind_descendant_to_historical_lineage;_rewrite_descendant_leaf_and_bind_pointer;_rewrite_read_only_json;_tree_state;_write_all_registered_active_artifacts;_write_current_checkpoint_fixture;_write_real_historical_lineage_subset;_write_strict_checkpoint_bundle;_write_validated_checkpoint_bundle;_zero_execution_authorization_payload;test_current_checkpoint_observer_rejects_epoch_start_during_validation;test_current_checkpoint_preflight_accepts_matching_maintenance_epoch;test_current_checkpoint_preflight_rejects_previous_maintenance_epoch;test_current_checkpoint_preflight_rejects_reformatted_active_pointer;test_current_checkpoint_preflight_rejects_writable_historical_receipt;test_current_checkpoint_preflight_requires_blocking_maintenance;test_current_checkpoint_read_only_observer_binds_a_new_active_epoch;test_current_checkpoint_read_only_observer_survives_maintenance_resume;test_descendant_publication_allows_lineage_checkpoint_a_then_checkpoint_b;test_descendant_publication_rejects_legacy_v1_active_lineage;test_descendant_publication_rejects_lineage_checkpoint_from_wrong_epoch;test_descendant_publication_rejects_lineage_manifest_rotation_during_validation;test_descendant_publication_rejects_lineage_pointer_rotation_during_validation;test_descendant_publication_rejects_lineage_source_fingerprint_mismatch;test_descendant_publication_rejects_unbound_lineage_checkpoint;test_descendant_publication_rejects_writable_lineage_checkpoint_evidence;test_descendant_publication_requires_lineage_for_current_maintenance_epoch;test_historical_audit_binds_hash_to_the_parsed_trusted_snapshot;test_historical_audit_rejects_every_non_fail_closed_authority_claim;test_historical_audit_rejects_unknown_authority_fields;test_legacy_descendant_bootstrap_is_historical_only_when_explicit;test_legacy_descendant_rejects_checkpoint_from_wrong_maintenance_epoch;test_legacy_descendant_rejects_invalid_historical_checkpoint_claim;test_legacy_v1_lineage_is_accepted_only_for_legacy_bootstrap;test_new_descendant_never_accepts_legacy_v1_lineage_as_current;test_observer_rejects_hash_consistent_semantic_claim_forgery;test_observer_rejects_hash_consistent_unexpected_fields;test_observer_rejects_identical_content_active_pointer_inode_rotation;test_observer_rejects_identical_content_lineage_pointer_inode_rotation;test_observer_rejects_math_authority_change_after_audit_snapshot;test_observer_rejects_math_authority_change_during_final_lineage_recheck;test_observer_rejects_non_hex_control_id_before_bound_leaf_reads;test_observer_rejects_noncanonical_receipt_even_when_pointer_is_rehashed;test_observer_rejects_partial_legacy_checkpoint_binding;test_observer_rejects_receipt_manifest_replay_identity_mismatch;test_observer_rejects_receipt_replacement_after_its_trusted_snapshot;test_observer_rejects_receipt_rotation_during_final_lineage_recheck;test_observer_rejects_writable_descendant_leaf;test_observer_rejects_writable_historical_checkpoint;test_observer_treats_broken_active_pointer_symlink_as_invalid;test_real_historical_74_manifest_loads_after_current_77_and_drives_history;test_real_lineage_observer_rechecks_every_live_artifact_and_blocks_postseal_mutation;test_real_lineage_observer_rejects_live_artifact_mutation_during_final_recheck;test_semantic_observer_does_not_repair_unsafe_control_mode;test_semantic_observer_missing_key_is_side_effect_free;test_stable_manifest_freshness_detects_valid_non_file_authority_change;test_superseded_descendant_binds_historical_74_registry_not_current_77;test_superseded_descendant_rejects_malformed_substituted_or_nonzero_history,SEMANTIC_REVIEW_REQUIRED_NO_PORT
tests/test_corrective_program.py,61328d29cfd7f04018b32dcd685c83b73d51a9b7d0c8b1a9115590b4b3e4c0db,badef89088549fbaf34cd921eb2dccc9a11c1b758fe052539dcd673411fc637d,False,False,37,41,,_accepted_gate1_summary;_seed_gate_checkpoint_policy;_valid_history_disposition;test_t12_uses_scientific_accounting_not_queue_emptiness,SEMANTIC_REVIEW_REQUIRED_NO_PORT
tests/test_corrective_publication_registry.py,50544888ffa192f0350c5f4f96c39e2a19ec4ff81798173d00adf46bda729685,415d9dc3a91f65e7b0d27670745077e7359d68f485b8495bc292fae59309d7ac,False,False,12,11,test_appledouble_python_sidecars_are_not_scanned_as_source,,SEMANTIC_REVIEW_REQUIRED_NO_PORT
tests/test_corrective_release_gates.py,5b790d1aba812e5614bbf1f14179f0a6454a808a89aaaefcf4165662cbbec29a,6657cb8f175eaf33665bac4ce866e1cd00e4680e8f4652234893abfd5fda26cf,False,False,41,57,,_current_history_disposition_validator;_write_exact_gate1_cadence;test_archived_disposition_copy_content_must_match_candidate_queue;test_candidate_queue_rejects_self_consistent_shrunken_disposition;test_candidate_validation_rejects_disposition_receipt_content_substitution;test_release_cadence_accepts_only_exact_current_evaluation;test_release_cadence_has_no_legacy_consecutive_count_fallback;test_release_cadence_rejects_absent_or_tampered_current_fingerprint;test_release_cadence_rejects_historical_pass_after_current_failure;test_release_cadence_rejects_malformed_literal_false_contract;test_release_cadence_rejects_malformed_literal_true_contract;test_release_cadence_rejects_missing_current_summary_evidence;test_release_cadence_rejects_missing_duplicate_or_future_dates;test_release_cadence_rejects_mixed_epoch_and_scheduler_provenance;test_release_cadence_rejects_nonliteral_integer_evidence;test_release_cadence_rejects_stale_summary_or_changed_current_policy,SEMANTIC_REVIEW_REQUIRED_NO_PORT
tests/test_corrective_runtime.py,c39341d12639f6496b345cc61db29ef12fedfc998677272e551870630884545e,c62b6fb1f90e1d4d702947d2d5a1ac111eef67c3dcb5d6f9f18e8373d2d649ae,False,False,9,14,,test_atomic_writer_rejects_unsafe_payload_before_any_io;test_immutable_writer_adopts_only_exact_same_inode_temp_link_orphan;test_immutable_writer_does_not_adopt_unrecognized_hardlink;test_immutable_writer_rejects_inconclusive_orphan_before_adoption;test_immutable_writer_rejects_unsafe_exact_existing_before_any_io,SEMANTIC_REVIEW_REQUIRED_NO_PORT
tests/test_corrective_scheduler_lock.py,5d4a29549e1665cd744745acc877105c42494dcb37967fabdbe592d04a475a64,2fc1baee9ee8c29afd958c7d8be483bba99e2eff92deb4d512e80fadddc4d20f,False,False,28,98,,_assert_invalid_phase00_maintenance;_get_publication_test_xattr;_pretty_test_json;_rebind_marker_to_receipt;_rewrite_read_only_json;_set_publication_test_xattr;_write_legacy_phase00_completion;_write_phase00_maintenance_bundle;test_directory_composite_without_terminal_outcome_blocks_accounting;test_directory_manifest_rejects_file_mutation_during_scan;test_directory_promotion_binds_root_metadata_before_rename;test_directory_promotion_fsyncs_complete_tree_before_commit;test_directory_promotion_never_overwrites_raced_create_target;test_directory_promotion_preserves_verification_error_if_quarantine_fails;test_directory_promotion_quarantines_secret_injected_after_commit;test_directory_promotion_quarantines_symlink_injected_at_rename;test_directory_promotion_recovers_if_rename_commits_then_raises;test_directory_promotion_recovers_post_rename_parent_fsync_failure;test_directory_promotion_rejects_change_after_authorization_before_rename;test_directory_promotion_rejects_secret_content_before_authorization;test_directory_promotion_secret_scans_each_file_without_cross_file_join;test_directory_publication_accepts_only_durable_succeeded_outcome;test_directory_publication_adopts_receipt_after_authorizer_return_interrupt;test_directory_publication_binds_and_accounts_extended_attributes;test_directory_publication_budget_counts_manifest_and_all_file_bytes;test_directory_publication_preserves_target_after_terminal_outcome_interrupt;test_directory_publication_quarantines_root_mode_relaxation;test_directory_publication_quarantines_when_success_outcome_is_not_durable;test_directory_publication_rejects_secret_extended_attribute_before_authority;test_directory_publication_suppresses_close_only_error_after_durable_success;test_directory_publication_worker_budget_counts_full_tree;test_directory_quarantine_never_moves_raced_substitute_to_staged;test_directory_quarantine_refuses_known_substituted_target;test_directory_seal_blocks_uncooperative_final_scan_mutation;test_governed_read_lock_is_persistent_and_detects_inode_replacement;test_governed_read_lock_reuses_same_root_research_writer_without_deadlock;test_governed_writer_detects_lock_inode_replacement;test_mutable_directory_publication_is_explicit_and_owner_only;test_phase00_active_pointer_symlinked_parent_is_blocking;test_phase00_legacy_pair_checkpoint_rotation_blocks_completion;test_phase00_legacy_pair_not_strictly_before_current_epoch_blocks;test_phase00_maintenance_marker_hardlink_is_blocking_invalid;test_phase00_maintenance_marker_non_regular_is_blocking_invalid;test_phase00_maintenance_marker_oversize_is_blocking_invalid;test_phase00_maintenance_marker_rejects_invalid_timestamps;test_phase00_maintenance_marker_rejects_semantic_provenance_defects;test_phase00_maintenance_marker_requires_strict_json;test_phase00_maintenance_marker_symlink_is_blocking_invalid;test_phase00_maintenance_receipt_hardlink_is_blocking_invalid;test_phase00_maintenance_receipt_must_be_read_only;test_phase00_maintenance_receipt_oversize_is_blocking_invalid;test_phase00_maintenance_receipt_rejects_nonzero_authority;test_phase00_maintenance_receipt_requires_exact_cross_binding;test_phase00_maintenance_receipt_requires_strict_json;test_phase00_maintenance_receipt_tampering_is_blocking_invalid;test_phase00_maintenance_state_accepts_bound_active_receipt;test_phase00_maintenance_state_is_inactive_only_when_marker_is_absent;test_phase00_maintenance_state_preserves_expired_fail_closed_status;test_phase00_missing_intermediate_control_directory_is_genuinely_absent;test_phase00_missing_marker_with_start_provenance_requires_reconciliation;test_phase00_primary_marker_remains_authoritative_over_bad_active_mirror;test_phase00_receipt_only_start_orphan_is_recoverably_blocking;test_phase00_start_mirror_with_missing_receipt_remains_blocking;test_phase00_unsafe_start_receipt_orphan_is_ambiguous_and_blocking;test_phase00_writable_legacy_pair_is_completed_only_by_exact_double_collect;test_preexisting_directory_quarantine_blocks_before_commit;test_scheduler_terminal_lane_remains_available_for_invalid_blocking_marker;test_scheduler_terminal_writer_contends_on_normal_governed_read_lock;test_unmanaged_directory_promotion_rejects_symlinked_parent;test_unmanaged_exact_authority_must_include_directory_quarantine,SEMANTIC_REVIEW_REQUIRED_NO_PORT
tests/test_corrective_scheduler_terminal.py,b3d94ff20d015f60541da5a1e33576f8f1e0d340dd1bc9bcb99dfcabc14c290b,aee43473b5be89a65d44b39c8d00b21ee6faa58ff73332ad8c776aab7016fb26,False,False,10,13,,test_credited_terminal_loader_rejects_non_pass;test_post_terminal_hook_runs_once_after_credited_pass;test_slot_claim_is_readonly_idempotent_and_cannot_change_owner,SEMANTIC_REVIEW_REQUIRED_NO_PORT
tests/test_corrective_testnet_collateral_transfer.py,ff44e9ed362de38bac44f73e9e3f2841a41010378d60f5b2fdc47c9335a5395e,2dbd28d7905724fab5996fefb3794a6893ce7d6b458e00a4712906b635ba291d,False,False,16,16,,,SEMANTIC_REVIEW_REQUIRED_NO_PORT
tests/test_corrective_testnet_pair_execution.py,f059ff6e7023ab05945e8a354ce98aef77bb05734a7e6fbd65bdecd2636ea573,f30044e0598fbf7bd99dec188410ed864370f81a5ae729c61cd5232c7704025c,False,False,15,16,,test_execute_rejects_canonical_pair_executor_method_shadow_before_invocation,SEMANTIC_REVIEW_REQUIRED_NO_PORT
tests/test_corrective_wizard_copula_behavioral.py,6afc75a6a0c304552c8f8f04da2fb17c518c3be57658fe30a91f192394b78e2b,effd7cc070b2ec6710ce7b7aef422d0816f916ef40aa4b044944d2c01b9d8cd2,False,False,20,20,,,SEMANTIC_REVIEW_REQUIRED_NO_PORT
tests/test_corrective_wizard_ou_v6_holdout.py,7e6a111f326e99fbc20eb1db2fed58ee67470e7183f8828073a25fff19fcc83e,8260cc4b20e429b1a1165857b0cdfb88af7d4388f84e5d68936bbc53d4557cc0,False,False,15,15,,,SEMANTIC_REVIEW_REQUIRED_NO_PORT
tests/test_corrective_wizard_proof_launcher.py,e491ec5f78c885ac1931450abcd56282d6625e0577a323a3775d37b06dcd76d0,7fa56e92e299c6d9f5ec1d4001dc588fcff4a7c70fae0ac304839687e07650b4,False,False,73,73,,,SEMANTIC_REVIEW_REQUIRED_NO_PORT
tests/test_corrective_wizard_proof_scheduler.py,d7174ba3d0770eacdd04dd377bc99dae4a9c9becfe21cf743b883daa835d96bf,2c7ebe3e048d63fc8becd05baa129d146b5e8fa100f36d416be3db1ca3882c49,False,False,60,62,,_wizard_effect_issuer_session;test_authorized_credit_preflight_deferral_closes_nonretryable_attempt,SEMANTIC_REVIEW_REQUIRED_NO_PORT
tests/test_corrective_wizard_surface_inventory.py,3078fc0faaea2835ff008878e18392054d5cf79b766f7b9994be8c8807277a09,63ed2f308f40d113d2256221e9aaf09f3118fc75d351c3575d4eac62c273f2fb,False,False,7,7,,,SEMANTIC_REVIEW_REQUIRED_NO_PORT
tests/test_crypto_wizards_history.py,66f35706ef9a2a865c61eb6f8d38ee1897d57c763c2c538c3838ccb4e84f110b,3085134bcc4d7a1a564f8683265730745e56db094afafd278f446bcbf0ca7f83,False,False,13,14,,_json_response,SEMANTIC_REVIEW_REQUIRED_NO_PORT
tests/test_crypto_wizards_scanner.py,7e36ec4f244996d66145978ab684ea26792defd52c2c245aec83bdd06963cc87,7ee3f16ef33797c300a0e7fa0e41fbee1e2462ccea4456121b081b565275252a,False,False,5,7,,test_scanner_rows_fail_closed_on_non_numeric_leg_volatility;test_scanner_rows_keep_leg_volatility_separate_from_labeled_tail_risk,SEMANTIC_REVIEW_REQUIRED_NO_PORT
tests/test_crypto_wizards_sweep.py,b50aaf478aa7d8f379bc90a54e1c173b7ea27721d689942e5a41e4230e77336d,0fd4784bbdebc9f6a65c793736359109c9aecc1b795f320bb1466ee7bf31b834,False,False,14,14,,,SEMANTIC_REVIEW_REQUIRED_NO_PORT
tests/test_current_wizard_hyperliquid_daily_runner.py,2e62201280336c042d8eb1e46901a428d19dcb3e1bce323c222902d43202e0ed,0f5e0db7853ec1d2efb151f52322f757b9c430808036c7694b78ed3dd2d88ea1,False,False,35,38,test_snapshot_stage_semantics_seal_fresh_passing_artifacts,_forbidden_component_wizard_stage;test_accounting_read_failure_retains_semantics_and_halts_next_stage;test_daily_child_environment_uses_nonsecret_keychain_reference_lazily;test_snapshot_stage_semantics_seal_invalid_placeholder_without_qualifying,SEMANTIC_REVIEW_REQUIRED_NO_PORT
tests/test_current_wizard_hyperliquid_handoff.py,72e7598b1dd1ce8840ecdeddc8d8c8c6e55ec8aa76038081bc4052c81ba8d2b7,29f8bc76870555f7d4904ad41c7e0e262b366b31447bc11d33bdf9a70af75353,False,False,11,39,,_append_earlier_shared_asset_pair;_fixture_candles;_hyperliquid_candle_payload;_log_linear_candle_fetcher;test_candle_source_accepts_bucket_open_overlapping_nonboundary_request_start;test_candle_source_rejects_mutation_between_path_check_and_descriptor_stat;test_canonical_replay_rejects_experiment_snapshot_or_active_twin_mutation;test_canonical_replay_rejects_ready_pair_mutation_before_loading;test_canonical_replay_rejects_tampered_terminal_scientific_evidence;test_canonical_replay_rejects_transient_active_history_manifest_aba;test_captured_candles_prevent_builder_path_aba_from_flipping_terminal_beta;test_custody_rejects_spoofed_hyperliquid_payload_semantics;test_custody_rejects_symlink_in_any_intermediate_directory;test_degenerate_beta_fit_remains_unresolved_and_is_not_a_terminal_outcome;test_experiment_contract_rejects_shrunk_or_forged_grid;test_funding_cache_rejects_stale_endpoint_even_when_declared_cutoff_matches;test_handoff_experiment_artifact_rejects_untrusted_path_or_bytes;test_hash_bound_csv_rejects_mutation_at_open;test_hash_bound_pair_history_rejects_mutation_at_open;test_history_materialization_rejects_transient_active_handoff_manifest_aba;test_history_run_collision_preserves_existing_evidence_and_fetches_nothing;test_non_positive_beta_is_persisted_as_terminal_without_pair_artifact_or_refetch;test_ready_pair_history_source_rejects_untrusted_path_or_bytes;test_shared_asset_fetch_uses_latest_cutoff_while_each_pair_filters_its_own_cutoff;test_source_mutation_during_fit_cancels_terminal_classification;test_stale_pair_artifact_is_preserved_but_blocks_classification;test_two_timestamp_overlap_below_pair_minimum_is_not_terminal;test_untrusted_candle_source_is_blocked_once_without_retry_or_terminal,SEMANTIC_REVIEW_REQUIRED_NO_PORT
tests/test_dydx_candles.py,20c01247f05ff559f1ed9ce26f62ff5745814d8e84c0f6fd69eb76d5d149efe7,2f894a1df45fb3317d7fb930cdb05af939001bbdb15f1ddd7bd1a2f642365cfc,False,False,11,23,,_analytical_price_pairs;_write_log_price_candles;test_backfill_marks_matching_legacy_generic_risk_values_as_proxy;test_cutoff_alignment_rejects_two_overlaps_before_any_fit;test_full_sample_proxy_changes_with_future_rows_but_never_becomes_canonical;test_invalid_or_degenerate_price_fit_stays_an_unresolved_value_error;test_non_positive_price_hedge_ratio_is_a_typed_value_error;test_pair_fit_is_cutoff_bounded_before_a_hostile_post_cutoff_slope_flip;test_pair_history_rejects_invalid_zscore_before_creating_output_parent;test_price_hedge_ratio_fit_has_explicit_y_on_x_orientation;test_price_hedge_ratio_fit_retains_positive_beta_contract_metadata;test_vendor_request_is_identical_for_legacy_nan_and_normalized_null_zscore,SEMANTIC_REVIEW_REQUIRED_NO_PORT
tests/test_dynamic_agent_ledger.py,0f4d16f7f0afc5a4f9d620025d617fa56392531d5db1c620c2e04f30db4b3cb5,5e546add30d0635f047da893537818ab5ccc65e2d3770cc3f3bdf01d03548457,False,False,9,9,,,SEMANTIC_REVIEW_REQUIRED_NO_PORT
tests/test_execution.py,9471785c124f8b48ab66fd43c994c5c947acdb9264efce438f4c1f63c0fd145f,d0bb4fe00090ce10c4f3b8f74e35ac2914a548d15db953f8d6dc53c28f4f678a,False,False,78,95,,test_browser_account_override_coercions_cannot_synthesize_flat_state;test_current_browser_override_can_only_add_conflict_to_live_account_state;test_dydx_active_market_metadata_contract_accepts_exact_current_market;test_dydx_gate00g_spec_binds_exact_market_and_route;test_dydx_private_sink_requires_current_market_metadata_before_dispatch;test_gate00g_first_use_cannot_register_exact_metadata_and_top_code_with_malicious_helper;test_gate00g_rejects_canonical_instance_method_shadow;test_gate00g_rejects_canonical_module_dependency_mutation;test_gate00g_rejects_forged_dydx_class_identity_before_config_dispatch;test_gate00g_rejects_forged_generic_adapter_for_order_and_pair;test_gate00g_rejects_monkeypatched_canonical_module_identity;test_gate00g_rejects_sys_modules_adapter_source_substitution;test_gate00g_wrapper_rejects_noncanonical_bound_method;test_paper_dydx_revalidates_captured_method_after_initial_validation;test_paper_execution_never_uses_mutable_compatibility_as_authority;test_stale_or_policyless_browser_override_cannot_grant_account_state_authority;test_submit_paper_plan_revalidates_wrapper_method_after_venue_check,SEMANTIC_REVIEW_REQUIRED_NO_PORT
tests/test_feature_engine.py,49347383d5974ac6950cb823a75f65180cf69c4b05185472f358f2e12da8d7ce,10727c989ff7998612478439c14f54ad9d1c5066c1ba45cb14c16ce7c4ac8e56,False,False,2,4,,test_feature_engine_rejects_canonical_values_with_proxy_provenance;test_feature_engine_tail_and_backtest_scores_fail_closed_for_proxy_metrics,SEMANTIC_REVIEW_REQUIRED_NO_PORT
tests/test_gate00g_order_authority.py,ed55b13d356b4f7e1306349bde85acf0b685e197bdc7232806b650230cf3f5b2,3017033ae5bf0c555e919c72b831ef920aa6ac8395a037967ea3621d65375784,False,False,39,42,test_missing_authority_stops_all_three_venue_sinks_before_effects,test_dydx_private_sink_rejects_runtime_scope_reuse_before_network;test_gate00g_dydx_private_sink_signatures_are_frozen;test_missing_authority_stops_binance_and_hyperliquid_sinks_before_effects;test_missing_authority_stops_dydx_sink_before_effects,SEMANTIC_REVIEW_REQUIRED_NO_PORT
tests/test_hyperliquid.py,20566317f90aafd44810459524a664d12a11b810096a7d258b583a9933645881,8cf9955b1c155f848ba3f89e885096bbca954d4c241605690a0dbeae6b8417f4,False,False,21,22,,test_hyperliquid_history_rewrite_rejects_nonfinite_json_without_mutation,SEMANTIC_REVIEW_REQUIRED_NO_PORT
tests/test_hyperliquid_testnet.py,5d8457b67ddf1b1d7eaaae2157f17125856c901b75fa56eec0db71c2fa2daba7,d5a66d6d07e7e032e93d3d05f863b280280083fa301fe868245ac3fffcd3dcde,False,False,92,93,,test_pair_adapter_denies_canonical_executor_method_shadow,SEMANTIC_REVIEW_REQUIRED_NO_PORT
tests/test_math_v2_acceptance.py,9599313e1ede12b2aae4a670b10c112987d65d1782e5c39a26ec5b268b11ef1e,1bd29afbeff2a82c56947146201ecaf505cb12187c2cf32a878ba2efb1a5ba9a,False,False,1,1,,,SEMANTIC_REVIEW_REQUIRED_NO_PORT
tests/test_meta_learning.py,182beacc6539f98063db05c6613b777fb14eebe4b46021c5034810c22658acc9,53988a888558e88da9e65445d474eba06b59ed362c3e8729200451340c962bb9,False,False,5,5,,,SEMANTIC_REVIEW_REQUIRED_NO_PORT
tests/test_multi_asset_capture_job.py,73603e4c850d687947a8fa48d17a393c31e3931242c9d79b159d71858df3d13e,852d5e26528fbb90f2df3ebba1d91c012e77d1391de92bb719b38d9510e4891e,True,False,29,5,_candle;_candles;multi_asset_public_network_authority;test_asset_filename_label_cannot_escape_raw_directory;test_boolean_metadata_numbers_are_rejected;test_broken_ancestor_chain_is_rejected_before_fetch;test_closed_candle_any_field_revision_is_rejected;test_duplicate_asset_names_in_metadata_are_rejected;test_duplicate_capture_id_is_rejected_before_fetch;test_interrupted_publication_leaves_only_hidden_staging_evidence;test_invalid_candle_schema_is_rejected;test_missing_previously_closed_candle_is_rejected;test_multi_asset_capture_rejects_branch_from_nonterminal_predecessor;test_multi_asset_capture_rejects_new_root_when_store_is_not_empty;test_naive_observation_time_is_rejected_before_fetch;test_nonfinite_capture_threshold_is_rejected_before_fetch;test_nonfinite_market_metadata_is_excluded_from_universe;test_official_verifier_accepts_a_complete_synthetic_capture;test_official_verifier_rejects_future_or_naive_verification_time;test_official_verifier_rejects_unlinked_capture_directory;test_overflowing_open_interest_notional_is_excluded_from_universe;test_public_network_authority_is_required_before_any_fetch;test_publication_authority_is_required_before_any_fetch;test_publication_permission_failure_never_exposes_final_capture;test_raw_hyperliquid_response_is_read_before_context_closes;test_tampered_predecessor_raw_is_rejected_before_fetch,test_multi_asset_capture_rejects_closed_candle_revision;test_multi_asset_capture_rejects_tampered_predecessor_raw,SEMANTIC_REVIEW_REQUIRED_NO_PORT
tests/test_orchestration_rl.py,8a63d69fb5279b6a5f63aeb4e034b4906d834d4bca7146aa33291430dd78d501,40ff6bf8b4c40be21b4a13e01a294eb2152ab152726f46336671c953ffe608cd,False,False,40,40,,,SEMANTIC_REVIEW_REQUIRED_NO_PORT
tests/test_phase00_active_artifact_envelopes.py,fea65d4d4ffeded62634b7d88bb6b2659c88cd647c37d4bc97282a1047263d83,c53ea6bf4d4f161b8b3419b85fd79242275ebc5c76bc6aec888c98c2505d654f,False,False,13,62,test_bundle_covers_all_74_registered_artifacts_and_every_validator,_blocked_decision_payload;_downgrade_bundle_to_legacy;_rebind_envelope;_rebind_manifest;_zero_execution_authorization_payload;test_active_envelope_replacement_after_snapshot_invalidates_loaded_index;test_active_manifest_replacement_after_snapshot_invalidates_loaded_index;test_active_pointer_rotation_during_resolution_invalidates_loaded_index;test_broken_active_pointer_symlink_is_invalid_not_silently_absent;test_bundle_covers_every_registered_artifact_and_validator;test_envelope_application_always_revokes_supplied_authority;test_envelope_blockers_are_nonempty_canonical_unique_strings;test_envelope_file_hash_is_bound_to_the_parsed_trusted_snapshot;test_envelope_id_must_be_derived_from_exact_envelope_content;test_envelope_nested_evidence_shapes_fail_closed;test_envelope_path_must_be_the_exact_content_addressed_path;test_envelope_state_resolution_and_domain_are_one_closed_contract;test_execution_authorization_timestamp_is_exercised_and_future_date_blocks;test_execution_consumed_inputs_accept_only_current_zero_authority_forms;test_full_registry_manifest_rejects_authority_or_effect_claims_outside_closed_contract;test_full_registry_rejects_nonzero_or_coerced_execution_authority_inputs;test_genuinely_absent_active_pointer_remains_an_empty_optional_index;test_historical_manifest_id_is_strict_lowercase_hex_before_path_use;test_historical_manifest_metadata_is_validated_without_an_active_pointer;test_historical_manifest_replacement_after_snapshot_fails_closed;test_identical_registered_artifact_inode_rotation_cannot_return_valid;test_legacy_v1_bundle_remains_explicitly_valid_for_active_and_historical_reads;test_live_inventory_recomputes_domain_decision_instead_of_trusting_seal;test_manifest_entries_must_follow_the_exact_registry_order;test_manifest_entry_decision_fields_must_match_the_envelope;test_manifest_file_hash_is_bound_to_the_parsed_trusted_snapshot;test_manifest_id_must_be_derived_from_exact_manifest_content;test_manifest_path_must_be_the_exact_content_addressed_path;test_mixed_legacy_pointer_and_v2_manifest_fail_closed;test_noncanonical_manifest_bytes_are_rejected_even_when_rehashed;test_pointer_manifest_metadata_drift_invalidates_the_lineage;test_pointer_metadata_must_be_valid_not_merely_present;test_pointer_registry_size_requires_the_exact_integer_registry_cardinality;test_postseal_live_authorization_mutation_is_stale_and_never_authoritative;test_present_artifact_cannot_claim_the_missing_artifact_blocked_state;test_registered_artifact_change_during_inventory_cannot_return_valid;test_registered_artifact_rotation_during_inspection_fails_closed;test_registered_artifact_snapshot_is_bound_to_its_registry_path;test_registered_csv_replacement_during_trusted_read_fails_closed;test_registered_csv_under_symlinked_parent_fails_closed;test_registered_json_references_are_parsed_from_retained_snapshot;test_symbolic_link_in_manifest_parent_is_rejected;test_trusted_csv_preserves_existing_blocker_codes;test_validator_cannot_claim_a_state_that_its_builder_cannot_produce;test_writable_immutable_manifest_invalidates_the_lineage,SEMANTIC_REVIEW_REQUIRED_NO_PORT
tests/test_phase00_effect_authority.py,d81d5fb698893d4dece3e42e99ff63f3e717a69fd69ff6f19555a0d21c76dce2,67c1d117368881d2853a603b6821d9a60e852dbcadc508b8735624cfd0c277ed,False,False,23,54,test_v1_journal_migrates_additively_to_external_reservations,_publication_worker;_research_authority;test_apify_missing_credential_node_passes_in_phase00_sandbox;test_checkpoint_crossing_transaction_rolls_back_before_append;test_darwin_process_start_observation_fails_closed_when_libproc_is_unavailable;test_darwin_process_start_observation_is_stable_for_current_process;test_darwin_process_start_observation_rejects_invalid_libproc_payload;test_database_and_checkpoint_rollback_cannot_satisfy_terminal_anchor;test_database_rollback_cannot_restore_an_older_authority_state;test_deleted_journal_rows_cannot_prove_external_effect_absence;test_deleting_checkpoint_and_rows_cannot_rebootstrap_used_journal;test_deleting_entire_journal_population_cannot_look_like_first_boot;test_initialization_seal_tamper_fails_closed;test_journal_copy_cannot_replay_into_replaced_project_instance;test_legacy_quarantine_blocks_only_the_exact_known_run_slot;test_legacy_wal_or_journal_companion_is_quarantined_as_ambiguous;test_non_file_semantic_snapshot_is_read_only_and_file_stable;test_non_file_semantic_snapshot_never_prepares_missing_journal;test_non_file_semantic_snapshot_rejects_hidden_schema_or_metadata_mutation;test_non_file_semantic_snapshot_rejects_legacy_mutation;test_owner_failed_zero_retry_is_exact_and_cannot_escalate_or_cross_provider;test_phase00_sandbox_preserves_current_process_birth_identity;test_posix_process_start_fallback_remains_bounded;test_publication_authority_rejects_copied_async_contexts;test_publication_lease_rejects_copied_async_context_after_unlock;test_publication_session_denies_inconclusive_secret_scan_before_permit;test_publication_session_ttl_can_cover_delayed_issue_return_without_changing_default;test_publication_session_ttl_is_exact_and_profile_bounded;test_publication_worker_context_is_explicit_single_use_and_non_recursive;test_publication_worker_reuses_only_live_captured_lease;test_raw_copied_thread_and_delegated_worker_child_remain_denied;test_v1_journal_remains_inert_while_v6_journal_is_initialized,SEMANTIC_REVIEW_REQUIRED_NO_PORT
tests/test_phase00_expansion_interfaces.py,5004a2ead9a737f2ba00fe09ba0557bd7b52fd96d40e2c5a5c7ecfd1478ffa87,1eebece63b3d7d57c0b37679bb8bf1b58beb0608e17f77ad921482c211187a77,False,False,31,32,,test_wp028_holdout_contamination_requires_new_interval,SEMANTIC_REVIEW_REQUIRED_NO_PORT
tests/test_phase00_external_effects.py,8724d2c4c420a026e2e96d00093bc21b11ae0a16d11002cef6b6ebc363e01666,361ce5976f60bcc06ecb6993fd4ecb452c3d950a346903b8e38ec2e3176a4057,True,False,22,26,,_worker_spec;test_external_effect_issuer_rejects_active_and_stale_copied_tasks;test_external_effect_worker_grant_is_explicit_single_use_and_child_bound;test_external_issuer_cleanup_attempts_all_and_preserves_primary,SEMANTIC_REVIEW_REQUIRED_NO_PORT
tests/test_phase00_hyperliquid_network_authority.py,aa9116ce17e9ed853e45ce678500f609da91d5e559ec67f93b618c05c1f56fe9,d5e2461aa602aa8ba68efe65f0c30d3b1caca725ebbfadcf567ad161210ddcf4,False,False,9,10,,_direct_requests_post_lines,SEMANTIC_REVIEW_REQUIRED_NO_PORT
tests/test_phase00_lineage_dag.py,966ddf846edc93b22e21fffa71a2e07e9b700a7fc8027d1fed64093a23c95067,23cfcd7c2dc54975f33b97691249110d66de30df84424580e5197e3de4299f70,False,False,13,25,,_canonical_line;_write_canonical_receipt_files;test_authority_requires_an_explicit_finite_freshness_policy;test_events_after_the_authority_evaluation_clock_fail_closed;test_file_loader_applies_the_same_trust_contract_to_event_logs;test_file_loader_rejects_event_log_parent_component_rotation;test_file_loader_rejects_identical_final_component_inode_rotation;test_file_loader_rejects_parent_component_and_symlink_swaps;test_file_loader_requires_canonical_single_link_immutable_bounded_receipts;test_invalidation_builder_and_validator_reject_reverse_receipt_time;test_parent_chronology_future_receipts_and_stale_receipts_fail_closed;test_regeneration_builder_and_validator_reject_reverse_event_time,SEMANTIC_REVIEW_REQUIRED_NO_PORT
tests/test_phase00_redaction.py,069b10834fef6eda99773c0236b77fc54921baf37be92de0dc3d34c496e1a960,b25f1865a081e31bf73c8a401156d2db01744650a551ee9d7e344d1a1282e63b,True,False,11,17,,test_raw_stream_secret_scan_accepts_dense_conclusively_safe_urls;test_raw_stream_secret_scan_bounds_many_unresolved_candidates;test_raw_stream_secret_scan_detects_every_byte_boundary;test_raw_stream_secret_scan_handles_unbounded_candidates_and_binary_edges;test_raw_stream_secret_scan_handles_utf16_assignments_and_token_boundaries;test_raw_stream_url_candidate_work_is_bounded_and_fails_closed,SEMANTIC_REVIEW_REQUIRED_NO_PORT
tests/test_phase00_scheduler_supervisor.py,85409715ec2033b4831c4f801baa58c9fb5672decf2b0156a4707ab0a10be363,d3e42007013155f4afb3bf64d985fe9934a8ca09b146628442081b58d69f98dc,False,False,18,21,test_abandoned_reservation_without_provider_effect_is_failed_and_retryable,test_abandoned_reservation_without_provider_effect_is_nonretryable;test_effect_authority_crash_preserves_reason_without_leaking_cause;test_public_l2_supervisor_installs_zero_credit_no_credential_issuer;test_successful_scheduler_run_is_fenced_before_terminal_accounting,SEMANTIC_REVIEW_REQUIRED_NO_PORT
tests/test_phase00_supreme_diagnostics.py,a260ebb16ca1c42f2a4c9b12e6b3b53429433184dad5fa9bc116d45cd3ce56bd,fbb1f5eb583f0dba33daa8e77f88e6288eb097366e295ee2c0f6121058814cbf,False,False,14,15,,test_descendant_trusted_snapshot_rejects_lstat_open_replacement,SEMANTIC_REVIEW_REQUIRED_NO_PORT
tests/test_research_paper_reproduction.py,778b7ca3e81ec8bc026e7aa2f3a481b33da8ba862943def4a300036b6c1c690c,1adc864f9b4488447fdd3aadc1ab02032a46c3621e5364c84289f033488e408c,False,False,5,6,,test_causal_pair_frame_uses_canonical_y_on_x_orientation,SEMANTIC_REVIEW_REQUIRED_NO_PORT
tests/test_statistics_math_v2.py,a1b8231d30f2f68faa82b82ca60a2821e1c94837a7227204ebc36acffd309061,e7ef9be795b1fc48e583eb7a74f317b6df68d26f70b1eb3ae4da3fd0f9b8a92d,False,False,9,14,,test_rpt003_cadf_bidirectional_orientation;test_rpt005_exact_discrete_half_life_grid;test_rpt011_warmup_ddof_zero_scale_boundaries;test_wp011_bidirectional_orientation_declares_canonical_y_on_x;test_wp012_ou_kappa_sign_and_invalid_phi,SEMANTIC_REVIEW_REQUIRED_NO_PORT
tests/test_strategy_registry.py,cbedd98c035062c213056955063cf24afa1b50c7a75053a9b7bddcea7801d781,d0e9adb29e8f22dadf013e9ab91d27117f3dc742a05bbd012dfc239e7e133c0f,False,False,3,5,,test_risk_adjusted_strategy_requires_canonical_risk_metrics;test_risk_strategies_reject_explicit_and_legacy_proxy_provenance,SEMANTIC_REVIEW_REQUIRED_NO_PORT
tests/test_student_readiness.py,12a135ab20637e1d372eebdcae81efe659f7d6a3a387c2d7b0e32a6428f6f937,f4849fa06f8690b43c0470c1d9f3436ca0b34d4d5999aaf0ba10d42b39e6af29,False,False,6,6,,,SEMANTIC_REVIEW_REQUIRED_NO_PORT
tests/test_teacher_adapters.py,851e5059f232e92aec94349f99b29952bd9ceaa12ec3f0e26660add49d8871d4,8640c3d3b72db7b79a965520410f4374381538b0b37d2493f1958c8b87785c69,False,False,3,4,,_scoped_research_publication,SEMANTIC_REVIEW_REQUIRED_NO_PORT
tests/test_teacher_control_plane.py,0a31f36c5142a2891ec8235adf4636fb972a96ffa57a42dc521e80f68426dd73,1cf55a7c3ab9e834db9433091c0f81f35f9521b4bc67b4c934e043d61094814b,False,False,3,4,,_scoped_research_publication,SEMANTIC_REVIEW_REQUIRED_NO_PORT
tests/test_teacher_council.py,5f56e6556bf6a6c8c19d416a7a126bce96644f4495be4ade3f6055445d803f30,50e4603195ce593423ea991f1c81bfe1f52128eb1f2b76665fa616c87d222158,False,False,7,8,,test_previous_math_version_requires_new_evidence_after_repair,SEMANTIC_REVIEW_REQUIRED_NO_PORT
tests/test_teacher_evidence_materializer.py,a37bbf14009cd3ba553c91d45cce75ae39a27fb02338eca835301f1d8f241ceb,75937bd4d7b311743f4361cb967f7ed099b4675d47e2af2b343fcb2abe922ed7,False,False,8,10,,_scoped_research_publication;test_teacher_confidence_handles_nonfinite_profit_factor,SEMANTIC_REVIEW_REQUIRED_NO_PORT
tests/test_three_brain_system.py,a43369eb914b811f47f5883a56014ba5a95cd677c3ae5e284e15d143441a3816,a7f2d9ab827ce031bb4d45843368d0cd3fb57c6f76dbc08f41c29ddeb6083fbb,False,False,62,62,test_native_forward_walk_derives_spread_returns_and_can_flip_orientation,test_native_forward_walk_preserves_fixed_orientation_as_unqualified_diagnostic,SEMANTIC_REVIEW_REQUIRED_NO_PORT
tests/test_wizard_control_plane.py,5f13301d26385175e0a6f8b3eaf7d5905ad8c00c7ad5a8dba213fd660d3f2310,6476c3318f0fae7f413ae71cd8e8f8826fab5e63bb7650281074198bf1c78f59,False,False,9,9,,,SEMANTIC_REVIEW_REQUIRED_NO_PORT
tests/test_wizard_credit_ledger.py,ea8d7d16b5e83fe29578d04893d2b3798463b9737388d16d319bd9e58dd1dc54,d3a2a164b7e0385f87bfe314b26ff53f4f015fd7aa91726bae8172da55195107,False,False,16,16,test_reconciled_zero_attempt_reservation_can_retry_without_false_lockout,test_reconciled_zero_attempt_does_not_override_missing_authority_history,SEMANTIC_REVIEW_REQUIRED_NO_PORT
tests/test_wizard_evidence.py,7d9238a18f594afcb1deec410e0995d686c0d3d664d4f1241f45bbc4648c9937,b66733d86a2dafeb4c7a6a204f48bcb69fa3ce6eeffdeb4cbfa6376a2474e604,False,False,37,37,,,SEMANTIC_REVIEW_REQUIRED_NO_PORT
tests/test_wizard_mode_replay.py,96ee5f0bbea469cda5ba9ccd2a62efde993bd7b3af8b6d57ad0858197f13550f,3dffcd85ba236e20df4ab7c334c5a7a2913f98db4525809ba9a4d134cefe0aa0,False,False,14,16,,test_canonical_modes_remain_a_public_replay_contract;test_dynamic_spread_allows_only_declared_leading_hedge_warmup,SEMANTIC_REVIEW_REQUIRED_NO_PORT
tests/test_wizard_research_journal.py,c05a0397779d5787bd8782048e15538cae2a7a5b4dfb912c490efd34b1a8beaf,5b8a100aa8631426ac9bdc626f2a743795f707f9606cf9c824f1ef4b1f2d6a0e,False,False,10,11,,test_research_journal_rejects_duplicate_schema_field_definitions,SEMANTIC_REVIEW_REQUIRED_NO_PORT
