relative_path,category,copy_sha256,copy_roots,active_worktree_sha256,active_head_sha256,ancestor_56a1921_sha256,decision
.gitignore,source_or_dependency,3da3b072e4fa50524936a52692b191d986d31050f2c4fe1a05dae9d18260e16b,forensic_a;visual_recovery;workspace_outer,dc5d9009ab4fdabd6f5bee10c6d876ab382a977c9e316606a0f1458623c06f0b,dc5d9009ab4fdabd6f5bee10c6d876ab382a977c9e316606a0f1458623c06f0b,24e6d244f1298a57b9ebd40c0679a7765ca262548ee42075a1aa70509b0f23c0,SEMANTIC_REVIEW_REQUIRED_NO_PORT
.gitignore,source_or_dependency,8990aa900988cd65b9ce0dac05761928fe223d8d3251b50a7252b8f8086c1ffd,forensic_b,dc5d9009ab4fdabd6f5bee10c6d876ab382a977c9e316606a0f1458623c06f0b,dc5d9009ab4fdabd6f5bee10c6d876ab382a977c9e316606a0f1458623c06f0b,24e6d244f1298a57b9ebd40c0679a7765ca262548ee42075a1aa70509b0f23c0,SEMANTIC_REVIEW_REQUIRED_NO_PORT
config/corrective_artifact_retention.json,source_or_dependency,45c32dfe8207e277a0e449511a994b727ab5d08c14c0df7976aee9ed5bae66db,forensic_b;visual_recovery,24bfd020399006c025d48e95552ac4a2c02e6b7bf8641ca8fee6eb6e8a7f7300,24bfd020399006c025d48e95552ac4a2c02e6b7bf8641ca8fee6eb6e8a7f7300,45c32dfe8207e277a0e449511a994b727ab5d08c14c0df7976aee9ed5bae66db,ANCESTOR_VERSION_RETAIN_NO_PORT
config/research_paper_assessments.yaml,source_or_dependency,8ed4f963f5d4ae848102fbac25b32b2f56596245022485d32d2db6bec3546302,forensic_b,1a9c4c1d9aadcf07dff55b84d69c326b7195eaa5c2ba9460b7cd10cad48d4678,1a9c4c1d9aadcf07dff55b84d69c326b7195eaa5c2ba9460b7cd10cad48d4678,,SEMANTIC_REVIEW_REQUIRED_NO_PORT
data/agent_memory/magicka_agent.jsonl,historical_evidence,a90c0ccbcef76b1c918f982e6fe4bc81a478e0a418039ab3e913eca5c6582d49,visual_recovery,,,,RETAIN_ARCHIVE_NOT_CANONICAL_SOURCE
data/agent_memory/rl_idea_agent.jsonl,historical_evidence,38891d5f01a253a39db62455d5242ff39be4ffcee043f378dddea1e586f426c1,visual_recovery,,,,RETAIN_ARCHIVE_NOT_CANONICAL_SOURCE
data/agent_memory/sequential_thinking_magicka_agent.jsonl,historical_evidence,c7e2068a2d58d516e4dfc799f03af7d264cc2849f30b2abef16de16f6a6edf22,visual_recovery,,,,RETAIN_ARCHIVE_NOT_CANONICAL_SOURCE
data/external/research_sources/manifests/paper_03e6cc68db1b1e83.json,historical_evidence,ebf483f8cadbf7de41199211800f09b364f3132dc2b5f81b99c73d036eceb0d3,visual_recovery,,,,RETAIN_ARCHIVE_NOT_CANONICAL_SOURCE
data/external/research_sources/manifests/paper_2dda18bfbe5c0988.json,historical_evidence,b2f94fdcaf2278f2d783b0feb16d86853d37817c897ee11b180a946e9d703aee,visual_recovery,,,,RETAIN_ARCHIVE_NOT_CANONICAL_SOURCE
data/external/research_sources/manifests/paper_5202676052f4c33f.json,historical_evidence,cda1036f5af986c2e6a6da89aaec1e5b1e6bbbf4811b60b9f7ca438398e94e64,visual_recovery,,,,RETAIN_ARCHIVE_NOT_CANONICAL_SOURCE
data/external/research_sources/manifests/paper_52dc8767f30a86f9.json,historical_evidence,b9ad55b3e46f7d4cc3e26d0dc913841997eb87f87faab434c2e519d5f31ef594,visual_recovery,,,,RETAIN_ARCHIVE_NOT_CANONICAL_SOURCE
data/external/research_sources/manifests/paper_7468991d65d1c213.json,historical_evidence,c6061b7722c74b4a80b8c3be97d191e123c0301dcb1c73e81917f66ff1367da6,visual_recovery,,,,RETAIN_ARCHIVE_NOT_CANONICAL_SOURCE
data/external/research_sources/manifests/paper_7c68291b9b6a61fe.json,historical_evidence,dc129259e9f78d6511298c6320c366251569517799650c5eaa4f40f34acd9c5c,visual_recovery,,,,RETAIN_ARCHIVE_NOT_CANONICAL_SOURCE
data/external/research_sources/manifests/paper_83bedd65a3817a87.json,historical_evidence,83454a9d1b7b5241d3bbfc1e193c83f535e6649e4f362587eeb15770b968d359,visual_recovery,,,,RETAIN_ARCHIVE_NOT_CANONICAL_SOURCE
data/external/research_sources/manifests/paper_8ee8ed6d01c3aa01.json,historical_evidence,7baff4fb982f1487e8c9f7a23eee9c8a926aaa7f8fecddbda2fb65c6b4c4bc04,visual_recovery,,,,RETAIN_ARCHIVE_NOT_CANONICAL_SOURCE
data/external/research_sources/manifests/paper_94da77f36f3abdc6.json,historical_evidence,9888b8270e3c4be07baa109a42262dfe214a34874361fb43d1c2a56148a1f719,visual_recovery,,,,RETAIN_ARCHIVE_NOT_CANONICAL_SOURCE
data/external/research_sources/manifests/paper_9acd25bc0eb74b5f.json,historical_evidence,47930e8cfb2fb23c5a2552a00dbcb504f6c202432a24654410451272262452f3,visual_recovery,,,,RETAIN_ARCHIVE_NOT_CANONICAL_SOURCE
data/external/research_sources/manifests/paper_9d33d77526db17f3.json,historical_evidence,dab4e021499c1d21cf384af0da9894f18710780c10cd631e656c239792b9fdf3,visual_recovery,,,,RETAIN_ARCHIVE_NOT_CANONICAL_SOURCE
data/external/research_sources/manifests/paper_a2e2cdcb8d0f2fac.json,historical_evidence,dc6b20ce27618237b294437b3e5feea3f56ad0960cdea1fecbf37c35e7c52e75,visual_recovery,,,,RETAIN_ARCHIVE_NOT_CANONICAL_SOURCE
data/external/research_sources/manifests/paper_a628a8153b2dc59f.json,historical_evidence,adf295210266008aee89da2d05ba8c6b72df2eed7c165f1d5ba8d8db75482614,visual_recovery,,,,RETAIN_ARCHIVE_NOT_CANONICAL_SOURCE
data/external/research_sources/manifests/paper_bd860d3475116e96.json,historical_evidence,7419dabe79ce5b9bffe9adfc1febd44f100ce5e8eea790d93c9336e9b393f9de,visual_recovery,,,,RETAIN_ARCHIVE_NOT_CANONICAL_SOURCE
data/external/research_sources/manifests/paper_c1676ff9fff1cd97.json,historical_evidence,8d0045d7ff94ea0f2a8372943fb3d3479fea16f30baf4fee9be62aeaf35e1bcc,visual_recovery,,,,RETAIN_ARCHIVE_NOT_CANONICAL_SOURCE
data/external/research_sources/manifests/paper_c4eb8bf2cfaae346.json,historical_evidence,3e9f2ca0bb04b57ab2350a21e5a01cb3bca12fc214087419b203b74940eaa967,visual_recovery,,,,RETAIN_ARCHIVE_NOT_CANONICAL_SOURCE
data/external/research_sources/manifests/paper_c5cc04c898f6e7c9.json,historical_evidence,2dab40722404d030768a0345c2fb6be582deec6c382e921572db662698a92495,visual_recovery,,,,RETAIN_ARCHIVE_NOT_CANONICAL_SOURCE
data/external/research_sources/manifests/paper_c60e9f5f6a175ce5.json,historical_evidence,fc89dd4ad5e019a43c4c8d67cda2b5e5d616e2860f5cada6142afe6680b7504b,visual_recovery,,,,RETAIN_ARCHIVE_NOT_CANONICAL_SOURCE
data/external/research_sources/manifests/paper_ce12da98cbbace4d.json,historical_evidence,f645cf58a42daf0a8dcae5761c9aca57b5b053a8713663eb9838f9eb97d40a2c,visual_recovery,,,,RETAIN_ARCHIVE_NOT_CANONICAL_SOURCE
data/external/research_sources/manifests/paper_d07fd68e59dc78f4.json,historical_evidence,9349c1c149c7e6668bb22a9744542e0a6afa9cf0ba2a73b84cdfa147b21cfffb,visual_recovery,,,,RETAIN_ARCHIVE_NOT_CANONICAL_SOURCE
data/external/research_sources/manifests/paper_d4fcf1eb3a126f63.json,historical_evidence,e4826731e433b7d003f65b214415ad751ed983bfc752b6568939a9b8fbe64902,visual_recovery,,,,RETAIN_ARCHIVE_NOT_CANONICAL_SOURCE
data/external/research_sources/manifests/paper_f0b8fced125866b5.json,historical_evidence,cb94527d8000969ba6c83d73ee02d8632a7566bc6a7b42c4c9283994a7f95f2f,visual_recovery,,,,RETAIN_ARCHIVE_NOT_CANONICAL_SOURCE
data/external/research_sources/manifests/paper_fa0c8fdb8806dc71.json,historical_evidence,6b46ad9b12039dd7af015192986b8549d4b5d8d2830ed055be52d678d07d6b35,visual_recovery,,,,RETAIN_ARCHIVE_NOT_CANONICAL_SOURCE
data/external/research_sources/papers/paper_03e6cc68db1b1e83/source_manifest.json,historical_evidence,ebf483f8cadbf7de41199211800f09b364f3132dc2b5f81b99c73d036eceb0d3,visual_recovery,,,,RETAIN_ARCHIVE_NOT_CANONICAL_SOURCE
data/external/research_sources/papers/paper_2dda18bfbe5c0988/source_manifest.json,historical_evidence,b2f94fdcaf2278f2d783b0feb16d86853d37817c897ee11b180a946e9d703aee,visual_recovery,,,,RETAIN_ARCHIVE_NOT_CANONICAL_SOURCE
data/external/research_sources/papers/paper_5202676052f4c33f/source_manifest.json,historical_evidence,cda1036f5af986c2e6a6da89aaec1e5b1e6bbbf4811b60b9f7ca438398e94e64,visual_recovery,,,,RETAIN_ARCHIVE_NOT_CANONICAL_SOURCE
data/external/research_sources/papers/paper_52dc8767f30a86f9/source_manifest.json,historical_evidence,b9ad55b3e46f7d4cc3e26d0dc913841997eb87f87faab434c2e519d5f31ef594,visual_recovery,,,,RETAIN_ARCHIVE_NOT_CANONICAL_SOURCE
data/external/research_sources/papers/paper_7468991d65d1c213/source_manifest.json,historical_evidence,c6061b7722c74b4a80b8c3be97d191e123c0301dcb1c73e81917f66ff1367da6,visual_recovery,,,,RETAIN_ARCHIVE_NOT_CANONICAL_SOURCE
data/external/research_sources/papers/paper_7c68291b9b6a61fe/source_manifest.json,historical_evidence,dc129259e9f78d6511298c6320c366251569517799650c5eaa4f40f34acd9c5c,visual_recovery,,,,RETAIN_ARCHIVE_NOT_CANONICAL_SOURCE
data/external/research_sources/papers/paper_83bedd65a3817a87/source_manifest.json,historical_evidence,83454a9d1b7b5241d3bbfc1e193c83f535e6649e4f362587eeb15770b968d359,visual_recovery,,,,RETAIN_ARCHIVE_NOT_CANONICAL_SOURCE
data/external/research_sources/papers/paper_8ee8ed6d01c3aa01/source_manifest.json,historical_evidence,7baff4fb982f1487e8c9f7a23eee9c8a926aaa7f8fecddbda2fb65c6b4c4bc04,visual_recovery,,,,RETAIN_ARCHIVE_NOT_CANONICAL_SOURCE
data/external/research_sources/papers/paper_94da77f36f3abdc6/source_manifest.json,historical_evidence,9888b8270e3c4be07baa109a42262dfe214a34874361fb43d1c2a56148a1f719,visual_recovery,,,,RETAIN_ARCHIVE_NOT_CANONICAL_SOURCE
data/external/research_sources/papers/paper_9acd25bc0eb74b5f/source_manifest.json,historical_evidence,47930e8cfb2fb23c5a2552a00dbcb504f6c202432a24654410451272262452f3,visual_recovery,,,,RETAIN_ARCHIVE_NOT_CANONICAL_SOURCE
data/external/research_sources/papers/paper_9d33d77526db17f3/source_manifest.json,historical_evidence,dab4e021499c1d21cf384af0da9894f18710780c10cd631e656c239792b9fdf3,visual_recovery,,,,RETAIN_ARCHIVE_NOT_CANONICAL_SOURCE
data/external/research_sources/papers/paper_a2e2cdcb8d0f2fac/source_manifest.json,historical_evidence,dc6b20ce27618237b294437b3e5feea3f56ad0960cdea1fecbf37c35e7c52e75,visual_recovery,,,,RETAIN_ARCHIVE_NOT_CANONICAL_SOURCE
data/external/research_sources/papers/paper_a628a8153b2dc59f/source_manifest.json,historical_evidence,adf295210266008aee89da2d05ba8c6b72df2eed7c165f1d5ba8d8db75482614,visual_recovery,,,,RETAIN_ARCHIVE_NOT_CANONICAL_SOURCE
data/external/research_sources/papers/paper_bd860d3475116e96/source_manifest.json,historical_evidence,7419dabe79ce5b9bffe9adfc1febd44f100ce5e8eea790d93c9336e9b393f9de,visual_recovery,,,,RETAIN_ARCHIVE_NOT_CANONICAL_SOURCE
data/external/research_sources/papers/paper_c1676ff9fff1cd97/source_manifest.json,historical_evidence,8d0045d7ff94ea0f2a8372943fb3d3479fea16f30baf4fee9be62aeaf35e1bcc,visual_recovery,,,,RETAIN_ARCHIVE_NOT_CANONICAL_SOURCE
data/external/research_sources/papers/paper_c4eb8bf2cfaae346/source_manifest.json,historical_evidence,3e9f2ca0bb04b57ab2350a21e5a01cb3bca12fc214087419b203b74940eaa967,visual_recovery,,,,RETAIN_ARCHIVE_NOT_CANONICAL_SOURCE
data/external/research_sources/papers/paper_c5cc04c898f6e7c9/source_manifest.json,historical_evidence,2dab40722404d030768a0345c2fb6be582deec6c382e921572db662698a92495,visual_recovery,,,,RETAIN_ARCHIVE_NOT_CANONICAL_SOURCE
data/external/research_sources/papers/paper_c60e9f5f6a175ce5/source_manifest.json,historical_evidence,fc89dd4ad5e019a43c4c8d67cda2b5e5d616e2860f5cada6142afe6680b7504b,visual_recovery,,,,RETAIN_ARCHIVE_NOT_CANONICAL_SOURCE
data/external/research_sources/papers/paper_ce12da98cbbace4d/source_manifest.json,historical_evidence,f645cf58a42daf0a8dcae5761c9aca57b5b053a8713663eb9838f9eb97d40a2c,visual_recovery,,,,RETAIN_ARCHIVE_NOT_CANONICAL_SOURCE
data/external/research_sources/papers/paper_d07fd68e59dc78f4/source_manifest.json,historical_evidence,9349c1c149c7e6668bb22a9744542e0a6afa9cf0ba2a73b84cdfa147b21cfffb,visual_recovery,,,,RETAIN_ARCHIVE_NOT_CANONICAL_SOURCE
data/external/research_sources/papers/paper_d4fcf1eb3a126f63/source_manifest.json,historical_evidence,e4826731e433b7d003f65b214415ad751ed983bfc752b6568939a9b8fbe64902,visual_recovery,,,,RETAIN_ARCHIVE_NOT_CANONICAL_SOURCE
data/external/research_sources/papers/paper_f0b8fced125866b5/source_manifest.json,historical_evidence,cb94527d8000969ba6c83d73ee02d8632a7566bc6a7b42c4c9283994a7f95f2f,visual_recovery,,,,RETAIN_ARCHIVE_NOT_CANONICAL_SOURCE
data/external/research_sources/papers/paper_fa0c8fdb8806dc71/source_manifest.json,historical_evidence,6b46ad9b12039dd7af015192986b8549d4b5d8d2830ed055be52d678d07d6b35,visual_recovery,,,,RETAIN_ARCHIVE_NOT_CANONICAL_SOURCE
data/external/research_sources/research_source_registry.csv,historical_evidence,67ca170ade3ef07a2bc37f45ff311be3d6611dd5300557176977da85228123b7,visual_recovery,,,,RETAIN_ARCHIVE_NOT_CANONICAL_SOURCE
data/external/youtube/brain/caption_manifest.csv,historical_evidence,01ba4719c80b6fe911b091a7c05124b64eeece964e09c058ef8f9805daca546b,visual_recovery,,,,RETAIN_ARCHIVE_NOT_CANONICAL_SOURCE
data/external/youtube/brain/video_registry.csv,historical_evidence,01ba4719c80b6fe911b091a7c05124b64eeece964e09c058ef8f9805daca546b,visual_recovery,,,,RETAIN_ARCHIVE_NOT_CANONICAL_SOURCE
data/processed/research_knowledge/paper_research_rows.csv,historical_evidence,211086e0fe8236a371f372cf304bf8f03e8f7057c027d52340b80f1d0a290596,visual_recovery,,,,RETAIN_ARCHIVE_NOT_CANONICAL_SOURCE
data/processed/research_knowledge/research_features.csv,historical_evidence,eb22539e16ae128d439e67a10da9bccdefce56912f478866015e053cfa7581e6,visual_recovery,,,,RETAIN_ARCHIVE_NOT_CANONICAL_SOURCE
data/processed/research_knowledge/research_risk_priors.csv,historical_evidence,566d3bbf9c2fb18854efc60dcfbd660122f7b17adafebdd9264077ed0711d8f7,visual_recovery,,,,RETAIN_ARCHIVE_NOT_CANONICAL_SOURCE
data/processed/research_knowledge/research_rules.csv,historical_evidence,ae32c114624b1059f9db709b874ad205de228ac0180b642ee3ed922211222a6d,visual_recovery,,,,RETAIN_ARCHIVE_NOT_CANONICAL_SOURCE
data/processed/research_knowledge/research_strategy_hints.csv,historical_evidence,f22e9f02c1419d21c282e038e8f18547294395b0a75f13bc9aa4e0433f0ff9d5,visual_recovery,,,,RETAIN_ARCHIVE_NOT_CANONICAL_SOURCE
data/processed/youtube_brain/caption_insight_candidates.csv,historical_evidence,c3a3901e68a8c43278e0905bbcf0f9874c114d3a86c9d4a91a3645ee7a69e22c,visual_recovery,,,,RETAIN_ARCHIVE_NOT_CANONICAL_SOURCE
data/processed/youtube_brain/claims.csv,historical_evidence,dab3670ff35402f227afac6c71a6654f4f442d2618c07b20eb197d4f518f1ec7,visual_recovery,,,,RETAIN_ARCHIVE_NOT_CANONICAL_SOURCE
data/processed/youtube_brain/claims.parquet,historical_evidence,0f2b7813caa068defb6a48ef1799a124b9f939090656754127f677705e3b6495,visual_recovery,,,,RETAIN_ARCHIVE_NOT_CANONICAL_SOURCE
data/processed/youtube_brain/external_research_priors.csv,historical_evidence,dab3670ff35402f227afac6c71a6654f4f442d2618c07b20eb197d4f518f1ec7,visual_recovery,,,,RETAIN_ARCHIVE_NOT_CANONICAL_SOURCE
data/processed/youtube_brain/knowledge_nodes.csv,historical_evidence,463d9cde23d4dd6914d9e152e875092e038e51616dbd0296d1e3a53d46d04b06,visual_recovery,,,,RETAIN_ARCHIVE_NOT_CANONICAL_SOURCE
data/processed/youtube_brain/strategy_memory.csv,historical_evidence,f60fcc61940fb3ab931a5d675a27221e10bf1db6885adec5c1d5a37912ba3941,visual_recovery,,,,RETAIN_ARCHIVE_NOT_CANONICAL_SOURCE
data/processed/youtube_brain/warning_memory.csv,historical_evidence,008b323fa475a3a240461940d44063dc7190f758a2d3887db0b2781e0b33f192,visual_recovery,,,,RETAIN_ARCHIVE_NOT_CANONICAL_SOURCE
docs/current_corrective_operations.md,documentation,fcb93e7a0666eabbbcf5e79f6815458c180cbb1a58ffa926e75b4c00d8230ef9,forensic_a;forensic_b;visual_recovery;workspace_outer,7ae6a1e426a518925eae283f9edf0d822186b5b8b7b10564efd505333195d7d2,7ae6a1e426a518925eae283f9edf0d822186b5b8b7b10564efd505333195d7d2,38326ce0f34668492a218c6af1b02f67524e3f145ab18477167aed7097df17b2,SEMANTIC_REVIEW_REQUIRED_NO_PORT
docs/formula_dictionary.md,documentation,694491ac6a3635f27939c34b5c8577f3e75157b887ab4623ce8a057400abb12c,forensic_b,e973494a9a724138930703528a1dace1adcc33f75d27c0f75be6d668b22c8b35,e973494a9a724138930703528a1dace1adcc33f75d27c0f75be6d668b22c8b35,583d9329262ef0ef95455ff40c552e1902951b82e449a814f3df5f47f132c55b,SEMANTIC_REVIEW_REQUIRED_NO_PORT
docs/quant_brain.md,documentation,d4232479fbef6a1faf233eca318689f398a797a2137b7d7a46da5bfb3531c041,forensic_b,db70affb1b56dfc4deda07b3b5781161b85c2052cd9b651ac231089f43326bbd,db70affb1b56dfc4deda07b3b5781161b85c2052cd9b651ac231089f43326bbd,db70affb1b56dfc4deda07b3b5781161b85c2052cd9b651ac231089f43326bbd,SEMANTIC_REVIEW_REQUIRED_NO_PORT
docs/strategy_registry.csv,documentation,7bf6bc248b39a782bef3bb77f7f53f9d0d63837adb3b7946569dd77cbf4f9297,forensic_b,7d371db27b21b65a6a1b2a3764aeae4fff48c344c7cec07666d5902685188f56,7d371db27b21b65a6a1b2a3764aeae4fff48c344c7cec07666d5902685188f56,7d371db27b21b65a6a1b2a3764aeae4fff48c344c7cec07666d5902685188f56,SEMANTIC_REVIEW_REQUIRED_NO_PORT
pyproject.toml,source_or_dependency,a311ff77f4662dc08089616b7ec07a0dea4a4d214fc1ff94d7340ee59f56b9af,forensic_b,b3eddc87483f8b31a1b3e4d68a68cda447f2d7ff1eb491f08e2d157128d67981,44d9773a0486e3c53ec582bc5dac6f7948ff90540e048d096b5e8b298900ec8d,c1be42af57bdc587696b645feed31838a9198fc36e1f2bbfa125e9bcef9173b1,SEMANTIC_REVIEW_REQUIRED_NO_PORT
pyproject.toml,source_or_dependency,be967304aa53051a530bbeec7aeab41253ce160176bbdafae02c7698f709fd1d,forensic_a;visual_recovery;workspace_outer,b3eddc87483f8b31a1b3e4d68a68cda447f2d7ff1eb491f08e2d157128d67981,44d9773a0486e3c53ec582bc5dac6f7948ff90540e048d096b5e8b298900ec8d,c1be42af57bdc587696b645feed31838a9198fc36e1f2bbfa125e9bcef9173b1,SEMANTIC_REVIEW_REQUIRED_NO_PORT
reports/active/artifact_index.csv,historical_evidence,cf9cb3c435ff146d596c86ee679e069547c97096b76fa3a5906073d0dfeb5466,forensic_a;workspace_outer,,,,RETAIN_ARCHIVE_NOT_CANONICAL_SOURCE
reports/active/artifact_index.csv,historical_evidence,f49daad1ba2e764f63fe5221b3348c7711f3ceab5663b3780ff76f5cc3ee96f4,visual_recovery,,,,RETAIN_ARCHIVE_NOT_CANONICAL_SOURCE
reports/active/canonical_commands.md,historical_evidence,8dd6d2a451c5e61ceecedcd475930927ea6c5106c9bf8ee8ddc94517143977ee,forensic_b,c6084fb03f87577b111e63060d3da18b6c13b2be7b43161fbb4df34f26489e31,c6084fb03f87577b111e63060d3da18b6c13b2be7b43161fbb4df34f26489e31,c6084fb03f87577b111e63060d3da18b6c13b2be7b43161fbb4df34f26489e31,RETAIN_ARCHIVE_NOT_CANONICAL_SOURCE
reports/active/canonical_wizard_hyperliquid_contract.json,historical_evidence,2f975e200a65ec70536e5f316e398360ce62184d64cb12b26ca923ce84148895,forensic_a;visual_recovery;workspace_outer,,,,RETAIN_ARCHIVE_NOT_CANONICAL_SOURCE
reports/active/corrective_baseline_files.csv,historical_evidence,a768628b57e3b27644ee02dbc3db71ed3deb22d4aa2f1b5a4bf1936f34cb680d,visual_recovery,,,,RETAIN_ARCHIVE_NOT_CANONICAL_SOURCE
reports/active/corrective_baseline_manifest.json,historical_evidence,e4f4851c1e3a367bfb7a7216ee953d46b2666fc928f4ed18ee1be809eaae2017,visual_recovery,,,,RETAIN_ARCHIVE_NOT_CANONICAL_SOURCE
reports/active/current_state.csv,historical_evidence,c7bbe1bca2f1a59a22a967ae66bea5cd64f9e910290d44422510b730a364ca58,visual_recovery,,,,RETAIN_ARCHIVE_NOT_CANONICAL_SOURCE
reports/active/current_state.csv,historical_evidence,c9c7379a246e57d3efba217a12de2274ede3b0aef697f9b380a55f8195d27452,forensic_a;workspace_outer,,,,RETAIN_ARCHIVE_NOT_CANONICAL_SOURCE
reports/active/current_state.md,historical_evidence,2a5d85a3fdb66a83f056449ca95359643f747f1d30548776714c53e00a08ad0d,visual_recovery,,,,RETAIN_ARCHIVE_NOT_CANONICAL_SOURCE
reports/active/current_state.md,historical_evidence,586023b95211c116ccbae2191877af8d6ae3c1a5c4bd496dd207f6eda4653767,forensic_a;workspace_outer,,,,RETAIN_ARCHIVE_NOT_CANONICAL_SOURCE
reports/active/dydx_execution_market_attempts.csv,historical_evidence,fbc768d8acbcc1780b619bf23612cd2f419bdaf65f3fb9680b31ed910def9830,visual_recovery,,,,RETAIN_ARCHIVE_NOT_CANONICAL_SOURCE
reports/active/dydx_execution_market_compatibility.csv,historical_evidence,a40c58575023739253da7a21302f90ec2ac4dd54cbd673a60967954fbd38354e,visual_recovery,,,,RETAIN_ARCHIVE_NOT_CANONICAL_SOURCE
reports/active/evidence_registry.csv,historical_evidence,be9b2b3c106bc685d9bb2814c98beb48f53c0ac83910c14c6c5f2e677395360f,forensic_a;visual_recovery;workspace_outer,,,,RETAIN_ARCHIVE_NOT_CANONICAL_SOURCE
reports/active/evidence_registry.md,historical_evidence,4b628c066badbc000813a7ab1a94d70340f8b16053d440b3639967d76702a19b,forensic_a;visual_recovery;workspace_outer,,,,RETAIN_ARCHIVE_NOT_CANONICAL_SOURCE
reports/active/evidence_source_health.csv,historical_evidence,d39d18138ed3c0c970c9730a0b590d3f1b3b38920ae465e68be86c31b15f7de4,forensic_a;visual_recovery;workspace_outer,,,,RETAIN_ARCHIVE_NOT_CANONICAL_SOURCE
reports/active/orchestrator_events.jsonl,historical_evidence,9352b403146f1a4fd6f63693045132ceacb8c236c2f1973a3007f3d5bf7a9fa6,visual_recovery,,,,RETAIN_ARCHIVE_NOT_CANONICAL_SOURCE
reports/active/orchestrator_run_status.csv,historical_evidence,67f23cd573845f1881ee5a08b7801d6ee06ee50a0c94c0e0795aa106a5938c03,visual_recovery,,,,RETAIN_ARCHIVE_NOT_CANONICAL_SOURCE
reports/active/orchestrator_run_status.md,historical_evidence,302b780fc7551134bdd5065702ebee216c43c78eb829ed4f99013b66a44630ee,visual_recovery,,,,RETAIN_ARCHIVE_NOT_CANONICAL_SOURCE
reports/active/project_spine_audit.md,historical_evidence,4e7f75645d8b1b8056bc5a3875625cc595e3afaf16a5d31b987b78bafbced4ca,visual_recovery,,,,RETAIN_ARCHIVE_NOT_CANONICAL_SOURCE
reports/active/quant_release_index.csv,historical_evidence,e22af0c4eaee5cba06bfba6fc337d7c9add52d95683f93c45d022a5a8ce77cd3,visual_recovery,,,,RETAIN_ARCHIVE_NOT_CANONICAL_SOURCE
reports/active/quant_release_index.md,historical_evidence,7d88cc4f70c76a91d783f4223b77ed58abfa7801c433444b4eb3d2aac74270c2,visual_recovery,,,,RETAIN_ARCHIVE_NOT_CANONICAL_SOURCE
reports/active/system_check.csv,historical_evidence,41e5d39e711adb409a8d4b55ad7ae0cf3d9b150c677358dfd53b7736e2b01fc5,forensic_a;workspace_outer,,,,RETAIN_ARCHIVE_NOT_CANONICAL_SOURCE
reports/active/system_check.csv,historical_evidence,56a0277c2f11e53887a814d597d77b07f87f4ed1ca5d4eb30da3ee58fb5f2566,visual_recovery,,,,RETAIN_ARCHIVE_NOT_CANONICAL_SOURCE
reports/active/system_check.md,historical_evidence,d829088d1ba74b57c4dfa12887dd0f3b7ae058840f5aea7ad1912d6aa86924df,visual_recovery,,,,RETAIN_ARCHIVE_NOT_CANONICAL_SOURCE
reports/active/system_check.md,historical_evidence,e9753a15f5031eae5161a5ed89c4839bcd560e43e3c29b2c5c64486d1bc2116e,forensic_a;workspace_outer,,,,RETAIN_ARCHIVE_NOT_CANONICAL_SOURCE
reports/active/workspace_recovery.md,historical_evidence,b8c85fe55910fa3d9dc504544315c1c82ea52f62b45d639227e92f757ff050f0,visual_recovery,,,,RETAIN_ARCHIVE_NOT_CANONICAL_SOURCE
reports/active/workspace_recovery_manifest.json,historical_evidence,ddf19ffe84fffe5a01dc4fea8720ef78355ecc449ba74e1071cf491e1e4083af,visual_recovery,,,,RETAIN_ARCHIVE_NOT_CANONICAL_SOURCE
reports/agents/agent_effectiveness.csv,historical_evidence,f54286a7d4fd95c234e832f9459b28828377e1e9acbaeea9d797229491b77c42,forensic_b,ab52ddc2249136ca8fab81676424400ebdf9f36de40fb15c00540c1c84319927,ab52ddc2249136ca8fab81676424400ebdf9f36de40fb15c00540c1c84319927,ab52ddc2249136ca8fab81676424400ebdf9f36de40fb15c00540c1c84319927,RETAIN_ARCHIVE_NOT_CANONICAL_SOURCE
reports/agents/agent_learning_summary.csv,historical_evidence,1041230e202374fc1d88f7663a90111ef8ba057e8a173c0aec52e38c07f6671e,forensic_b,327c6f0d796f55974a4fc09b1fcdb4966527ab994bffbe26c06a2d39e8b90c0f,327c6f0d796f55974a4fc09b1fcdb4966527ab994bffbe26c06a2d39e8b90c0f,327c6f0d796f55974a4fc09b1fcdb4966527ab994bffbe26c06a2d39e8b90c0f,RETAIN_ARCHIVE_NOT_CANONICAL_SOURCE
reports/agents/horizontal_agent_scores.csv,historical_evidence,f31508257be3ce16719cc20b167d3b92b0d705e62cc6072f3013a2f419cf5cda,forensic_b,a1f1af205d6cb348c17ecb25ac1678022c94ed9f56895b74a78ca6a83e7942d7,a1f1af205d6cb348c17ecb25ac1678022c94ed9f56895b74a78ca6a83e7942d7,a1f1af205d6cb348c17ecb25ac1678022c94ed9f56895b74a78ca6a83e7942d7,RETAIN_ARCHIVE_NOT_CANONICAL_SOURCE
reports/agents/specialist_strategy_scoreboard.csv,historical_evidence,5b4bcc3f9d9f85a166f8e4bab0213674a21bf4c448507bd1dcc5b435ff4ea9c4,forensic_b,5f4dc126aec04e6b83c7b08578648dd06146cc862ca070bc186c3fae518f19cb,5f4dc126aec04e6b83c7b08578648dd06146cc862ca070bc186c3fae518f19cb,5f4dc126aec04e6b83c7b08578648dd06146cc862ca070bc186c3fae518f19cb,RETAIN_ARCHIVE_NOT_CANONICAL_SOURCE
reports/agents/specialist_strategy_scoreboard.md,historical_evidence,5d093210cab19bb7fec5023e0c8c57b7c699573bf1bb8a7b37d790dd71d34f26,forensic_b,05570907cf979e4e4007e06a6b09d0694ce8acd97310592fa531e07f78632e02,05570907cf979e4e4007e06a6b09d0694ce8acd97310592fa531e07f78632e02,05570907cf979e4e4007e06a6b09d0694ce8acd97310592fa531e07f78632e02,RETAIN_ARCHIVE_NOT_CANONICAL_SOURCE
reports/audits/2026-08-15_udemy_math_to_code_reconciliation.csv,historical_evidence,872137a4b830ce931a65bb8835d761f026303fa109245c406a9dc60b14508006,visual_recovery,,,,RETAIN_ARCHIVE_NOT_CANONICAL_SOURCE
reports/audits/2026-08-15_udemy_math_to_code_reconciliation.md,historical_evidence,e60eef5f235648970a45c3a59fc1452a6d863e1af5f714103c1ac8d4131980eb,visual_recovery,,,,RETAIN_ARCHIVE_NOT_CANONICAL_SOURCE
reports/dashboard/youtube_brain.md,historical_evidence,16c724bcfe66efeb7204eb07d833649da1c372b193045861fcb9d31a447029c9,visual_recovery,,,,RETAIN_ARCHIVE_NOT_CANONICAL_SOURCE
reports/dashboard/youtube_brain_recommendations.csv,historical_evidence,72c8293d48b72755353b81cd760175692bc1e3b6af31001d9b759dedc883d662,visual_recovery,,,,RETAIN_ARCHIVE_NOT_CANONICAL_SOURCE
reports/dashboard/youtube_brain_recommendations.md,historical_evidence,a66ed3aa6c5791ecd3fe8a8a981a38fb4bad67babd97271bed70c23825671092,visual_recovery,,,,RETAIN_ARCHIVE_NOT_CANONICAL_SOURCE
reports/dashboard/youtube_brain_status.csv,historical_evidence,3c21b11d71157dae5b0ae678107bd1a1c02ee04e0d0654e9303b83fd90576f17,visual_recovery,,,,RETAIN_ARCHIVE_NOT_CANONICAL_SOURCE
reports/dydx_execution_checklist.csv,historical_evidence,3f2420e2de752bf3fe2874da37f9c23640402313edb1a5ff87ad8440ab80a948,forensic_b,94746d28f0c06686f279bd97887c065ad4e1d829f01888b0644187cc58959fdc,94746d28f0c06686f279bd97887c065ad4e1d829f01888b0644187cc58959fdc,94746d28f0c06686f279bd97887c065ad4e1d829f01888b0644187cc58959fdc,RETAIN_ARCHIVE_NOT_CANONICAL_SOURCE
reports/learning_event_summary.csv,historical_evidence,e1aa5b07c2f899e64b882537a0bf869ff4d636d02715e76edbb119a05058fef4,forensic_b,5938227a583744886dbcf875fb80664b2c96e2f084bc6d57848726c1650e8eff,5938227a583744886dbcf875fb80664b2c96e2f084bc6d57848726c1650e8eff,5938227a583744886dbcf875fb80664b2c96e2f084bc6d57848726c1650e8eff,RETAIN_ARCHIVE_NOT_CANONICAL_SOURCE
reports/orchestration/mini_agent_orchestration.md,historical_evidence,4c21db3e7df0dbe67ce1ecf3fa219f87e452793df644e744c01c1ea33fa311e8,visual_recovery,,,,RETAIN_ARCHIVE_NOT_CANONICAL_SOURCE
reports/orchestration/mini_agent_registry.csv,historical_evidence,b2c3b0fc2546bd198aef79b57a3734a1331f352ef9e417e8c780e4a2de319a0d,visual_recovery,,,,RETAIN_ARCHIVE_NOT_CANONICAL_SOURCE
reports/pair_detail_history_coverage.csv,historical_evidence,f8ca527f461bf03cf2b7ce5327f3822ac243684afe24f43e1dab5e51a5c70011,forensic_b,688eba8a62519853eace7f19c27446b39636e0f9a5a1ee3dec9f053f64006e13,688eba8a62519853eace7f19c27446b39636e0f9a5a1ee3dec9f053f64006e13,688eba8a62519853eace7f19c27446b39636e0f9a5a1ee3dec9f053f64006e13,RETAIN_ARCHIVE_NOT_CANONICAL_SOURCE
reports/pair_detail_quality_report.csv,historical_evidence,1eafee85fa90cff60338255c9b84989a1505526f332d9b55ef315f50aad1b953,forensic_b,638a3c48f70622e5f69c9a25cd6c47ccf7ff57a591f2567f3838f1526d981893,638a3c48f70622e5f69c9a25cd6c47ccf7ff57a591f2567f3838f1526d981893,638a3c48f70622e5f69c9a25cd6c47ccf7ff57a591f2567f3838f1526d981893,RETAIN_ARCHIVE_NOT_CANONICAL_SOURCE
reports/priority_action_plan.csv,historical_evidence,ab4b43b6d92c3ac337071d86330e727a8b4383877caf2621eacb8ca3346288bf,forensic_b,4bde2eef42cfcfe7dc20f7b0a0768db505997dd197b13667c683fd325bffed4f,4bde2eef42cfcfe7dc20f7b0a0768db505997dd197b13667c683fd325bffed4f,4bde2eef42cfcfe7dc20f7b0a0768db505997dd197b13667c683fd325bffed4f,RETAIN_ARCHIVE_NOT_CANONICAL_SOURCE
reports/priority_gap_test.csv,historical_evidence,40924f273d7fa5c1d61ad5666f5684de8cec1f16df74f5505dc0e5fd6ef94136,forensic_b,186915081ca3ad912a04df7f72658470a850093b99e78178d99d88a697e72d47,186915081ca3ad912a04df7f72658470a850093b99e78178d99d88a697e72d47,186915081ca3ad912a04df7f72658470a850093b99e78178d99d88a697e72d47,RETAIN_ARCHIVE_NOT_CANONICAL_SOURCE
reports/priority_readiness.csv,historical_evidence,893ba545e928aef2c29909c0ffb8c14d4e52710ad5824efbd619b31d49e0ddc4,forensic_b,35e2f4f870cfb57f77ad22147d9b27994aff5e2bcb24ffae2514e4c199308231,35e2f4f870cfb57f77ad22147d9b27994aff5e2bcb24ffae2514e4c199308231,35e2f4f870cfb57f77ad22147d9b27994aff5e2bcb24ffae2514e4c199308231,RETAIN_ARCHIVE_NOT_CANONICAL_SOURCE
reports/priority_spine_dashboard.csv,historical_evidence,796067e915141d801e91fe6f142e40efcc37a10816541e4e3cd6d16827ae4e8d,forensic_b,a35749c39134b695eae9bb8bcd16e6b12b3349ffb1213c2541f99b8c15ea7558,a35749c39134b695eae9bb8bcd16e6b12b3349ffb1213c2541f99b8c15ea7558,a35749c39134b695eae9bb8bcd16e6b12b3349ffb1213c2541f99b8c15ea7558,RETAIN_ARCHIVE_NOT_CANONICAL_SOURCE
reports/research/papers/paper_claim_ledger.csv,historical_evidence,9da9e0c5e4c0dc4b9dd2146a297e9dff179269b6267a1e622e8dfbdc3a50088c,visual_recovery,,,,RETAIN_ARCHIVE_NOT_CANONICAL_SOURCE
reports/research/papers/paper_gap_analysis.csv,historical_evidence,7b5abd10ff0b94d1d139b4ea249f39e9bf45f17e8a0a11d1ac8b76b2fcc37ad2,visual_recovery,,,,RETAIN_ARCHIVE_NOT_CANONICAL_SOURCE
reports/research/papers/paper_good_bad_do_dont_neither.csv,historical_evidence,fc679ce957eaaeb17db02f6537e90ecf52cb668f904e47205206320b758b627a,visual_recovery,,,,RETAIN_ARCHIVE_NOT_CANONICAL_SOURCE
reports/research/papers/paper_hypothesis_queue.csv,historical_evidence,97d03b2c59ed1f37884f9f26d6ff5ce710324bbe13cddd0ae7e4be7a7cf7349a,visual_recovery,,,,RETAIN_ARCHIVE_NOT_CANONICAL_SOURCE
reports/research/papers/paper_intake_audit.md,historical_evidence,26d7b9245bb42ed17d1122cc2e11bd9579aa6c8eb26740ba073e6a31857e68fd,visual_recovery,,,,RETAIN_ARCHIVE_NOT_CANONICAL_SOURCE
reports/research/papers/paper_inventory.csv,historical_evidence,4f57e68fac3c847af35b0ba0589d7fa870e8b3c6a7124e815c15a0eb0c02e4d8,visual_recovery,,,,RETAIN_ARCHIVE_NOT_CANONICAL_SOURCE
reports/research/papers/paper_library_review.md,historical_evidence,3baeedd96bc9dae47787d1b29d139ff3afcb615d40a13d4a3bce7c5a6523d898,visual_recovery,,,,RETAIN_ARCHIVE_NOT_CANONICAL_SOURCE
reports/research/papers/paper_math_review.csv,historical_evidence,4a98661cd861db6057720d94d63e1adcd93b80ff3d948b4adea20de36306a331,visual_recovery,,,,RETAIN_ARCHIVE_NOT_CANONICAL_SOURCE
reports/research/papers/paper_premortem.csv,historical_evidence,3de1cb32a0fe3a1750b9777bb4c390727467653d70b02c6a74f3cc0c4867f745,visual_recovery,,,,RETAIN_ARCHIVE_NOT_CANONICAL_SOURCE
reports/research/papers/paper_red_team.csv,historical_evidence,e426cd9cc1f75da96a9cd3ba034eb4bdb0768751c2f94cfff640d02b48b202be,visual_recovery,,,,RETAIN_ARCHIVE_NOT_CANONICAL_SOURCE
reports/research/papers/paper_review_queue.csv,historical_evidence,41c991fe2ed43577e090feb775aed55a6b18849229ebb683435eea9d7d8d33b3,visual_recovery,,,,RETAIN_ARCHIVE_NOT_CANONICAL_SOURCE
reports/research/papers/paper_review_summary.csv,historical_evidence,24286812cebc2cfc923dd6dc98c2e905ed59c33dca1088917d383dc31580501f,visual_recovery,,,,RETAIN_ARCHIVE_NOT_CANONICAL_SOURCE
reports/research/papers/reviews/paper_8ee8ed6d01c3aa01.md,historical_evidence,2e1a0af09c64248cf15f16453ed9ab93af2a26fe9550e079e08e207347c227ff,visual_recovery,,,,RETAIN_ARCHIVE_NOT_CANONICAL_SOURCE
reports/research/papers/reviews/paper_a2e2cdcb8d0f2fac.md,historical_evidence,0898954a5d9fc43f6cd83ee963a23165e98b5e080b6d3b6bad5c05b36d558b32,visual_recovery,,,,RETAIN_ARCHIVE_NOT_CANONICAL_SOURCE
reports/research/research_knowledge_source_summary.csv,historical_evidence,66538791f846b897ad88b4a105558cdff2c8aa9479bcebe1237ae763b194cf43,visual_recovery,,,,RETAIN_ARCHIVE_NOT_CANONICAL_SOURCE
reports/research/research_knowledge_summary.csv,historical_evidence,d0f6066ba5bbdafad2b9752fbb82a6a4963dd784d0bdadb9098836d6c5d41ba5,visual_recovery,,,,RETAIN_ARCHIVE_NOT_CANONICAL_SOURCE
reports/research/research_knowledge_summary.md,historical_evidence,76ff1be05da108cb48f029540a7e88f74ab6c05ec7a30a8c466e98e330bbb2b9,visual_recovery,,,,RETAIN_ARCHIVE_NOT_CANONICAL_SOURCE
reports/research/udemy_transcript_vault_manifest.csv,historical_evidence,809498fc7fa05c742ac1922c9cde9085f4e3d51ecb2d8ea71dbdb8bcb3bb0482,forensic_a;visual_recovery;workspace_outer,,,,RETAIN_ARCHIVE_NOT_CANONICAL_SOURCE
reports/research_unblock_plan.csv,historical_evidence,a5e443f60a837c40fbf6422d359a355873056cc82ba601534c71a124fc171f75,forensic_b,2e8407e367d333ec7273c738408486037cba7a6d12529194e83554dbf10b07c9,2e8407e367d333ec7273c738408486037cba7a6d12529194e83554dbf10b07c9,2e8407e367d333ec7273c738408486037cba7a6d12529194e83554dbf10b07c9,RETAIN_ARCHIVE_NOT_CANONICAL_SOURCE
reports/strategy_acceptance_checklist.csv,historical_evidence,942c110b8ae6f4e1cf0d65b4a1b3d0c30fd8e05dea39b992e442ae96f3272c8a,forensic_b,fa83143aba0ba1d6b9d178133ffa29b8841797df11c23c0c02c5fa75bf38e8dc,fa83143aba0ba1d6b9d178133ffa29b8841797df11c23c0c02c5fa75bf38e8dc,fa83143aba0ba1d6b9d178133ffa29b8841797df11c23c0c02c5fa75bf38e8dc,RETAIN_ARCHIVE_NOT_CANONICAL_SOURCE
reports/workspace_alignment_status.md,historical_evidence,ffb2f15b357298c2866dea5931d07a7e6ce15f2c3fdeb038923594e1ae9a55d7,forensic_a;forensic_b;workspace_outer,773a4fc003623950c77028c8537d5a1e06c71c21240492322dccc99bda2de692,773a4fc003623950c77028c8537d5a1e06c71c21240492322dccc99bda2de692,773a4fc003623950c77028c8537d5a1e06c71c21240492322dccc99bda2de692,RETAIN_ARCHIVE_NOT_CANONICAL_SOURCE
scripts/build_corrective_checkpoint.py,source_or_dependency,33e1f176ef73f3fc5f4e0c28c1409146ebadb5a418cda085ad41c92f46339094,forensic_a;forensic_b;workspace_outer,020423b83689da87245c3f9725996f3eb1048a1449d8e528909ccd3fee2d4c5e,020423b83689da87245c3f9725996f3eb1048a1449d8e528909ccd3fee2d4c5e,8f952bae5581474129f40c5441146c29349afb674e0eeb7812f7f40eb6a519b5,SEMANTIC_REVIEW_REQUIRED_NO_PORT
scripts/build_current_recovery_checkpoint.py,source_or_dependency,e17c86327b82d986a8729519ba437b3e6bc2ac9b73b8095910b75d824dddd665,forensic_a;forensic_b;workspace_outer,ddf254e87562d648eb4e51912aab6155489af880fb61628d5b9b866d986bcd9f,ddf254e87562d648eb4e51912aab6155489af880fb61628d5b9b866d986bcd9f,ac0523e6745d887425e6558432aeae79176b5372dd885457ea1a414355439b41,SEMANTIC_REVIEW_REQUIRED_NO_PORT
scripts/build_full_video_diagnostic.py,source_or_dependency,ed08e8f60fef6dd0ab746aaf495cbe6a34a0155188e3f665a02632ec1f3538b2,source_candidate,,,,SEMANTIC_REVIEW_REQUIRED_NO_PORT
scripts/collection_startup_verify.py,source_or_dependency,9c10a125858c28856f67143863ce13fea135f0f9bf2cf12e7188c394a86c5b7e,source_candidate,,,,SEMANTIC_REVIEW_REQUIRED_NO_PORT
scripts/crawl_crypto_wizards_with_curl.sh,source_or_dependency,d6b9b7e464be0711d66413434fda342df2a35f212fbaad23e1018151a6b0de4b,forensic_b,dcc214cffda9d2d91c48a51cbf0368b5853859982abd7d1ad8ac2cc2586b1851,dcc214cffda9d2d91c48a51cbf0368b5853859982abd7d1ad8ac2cc2586b1851,dcc214cffda9d2d91c48a51cbf0368b5853859982abd7d1ad8ac2cc2586b1851,SEMANTIC_REVIEW_REQUIRED_NO_PORT
scripts/ops/validate_workspace.sh,source_or_dependency,f90f83d69e1172ba062bfb1fd6718f5d53ab8d494aac588b4a170be3a1db3408,forensic_a;forensic_b;workspace_outer,a6ae1f0378370bbf25ef8de1a7e4e54f4c1ab3893df1d12db400cb4bee00d079,ee7ea641d5a4a06ea16672355da996e30610784507e3d2fa0201055ff5a31274,ee7ea641d5a4a06ea16672355da996e30610784507e3d2fa0201055ff5a31274,SEMANTIC_REVIEW_REQUIRED_NO_PORT
scripts/run_evidence_pipeline_phase9_final_promotion.py,source_or_dependency,62b5dd735428a2455d4cc0ca25f5941b9df6c8dad7704de7ce0c1414d835a1be,forensic_b,6dab32cd6990de1d53684333eedae71ea7d4b58763cd73a9bd97afdcb45d564e,6dab32cd6990de1d53684333eedae71ea7d4b58763cd73a9bd97afdcb45d564e,6dab32cd6990de1d53684333eedae71ea7d4b58763cd73a9bd97afdcb45d564e,SEMANTIC_REVIEW_REQUIRED_NO_PORT
src/quant_platform/ablations.py,source_or_dependency,7fc7e6b656a1e8ab0c9599856df2976a318a8c45b11736b564f9438dd80e0089,forensic_b,989054287790321de109bba22ca129d3840ff767ce221988d681c81ed1adc5c4,989054287790321de109bba22ca129d3840ff767ce221988d681c81ed1adc5c4,c7f759625306cfd0c4b872ffd6ca52f572b68f6e13a3e8e3fed93341dcfd4456,SEMANTIC_REVIEW_REQUIRED_NO_PORT
src/quant_platform/ablations.py,source_or_dependency,c7f759625306cfd0c4b872ffd6ca52f572b68f6e13a3e8e3fed93341dcfd4456,visual_recovery,989054287790321de109bba22ca129d3840ff767ce221988d681c81ed1adc5c4,989054287790321de109bba22ca129d3840ff767ce221988d681c81ed1adc5c4,c7f759625306cfd0c4b872ffd6ca52f572b68f6e13a3e8e3fed93341dcfd4456,ANCESTOR_VERSION_RETAIN_NO_PORT
src/quant_platform/active_pipeline.py,source_or_dependency,5dc95e086dc4a531b604b0fecf4d621c80d760fd096956285c552e77175516c4,forensic_a;visual_recovery;workspace_outer,2a1abd88823ab5080b26a83eaf906036a1635ed266fff5a2c56936debb3f1685,2a1abd88823ab5080b26a83eaf906036a1635ed266fff5a2c56936debb3f1685,4ee66a3ed0711d0c728fc232b35465900c20418c0d6d6d75b07e2926022bf252,SEMANTIC_REVIEW_REQUIRED_NO_PORT
src/quant_platform/active_pipeline.py,source_or_dependency,babd75b3c7e079e121bbbeabb8d5c1cfde89dc7273b6cbbf17609b704b2ac874,forensic_b,2a1abd88823ab5080b26a83eaf906036a1635ed266fff5a2c56936debb3f1685,2a1abd88823ab5080b26a83eaf906036a1635ed266fff5a2c56936debb3f1685,4ee66a3ed0711d0c728fc232b35465900c20418c0d6d6d75b07e2926022bf252,SEMANTIC_REVIEW_REQUIRED_NO_PORT
src/quant_platform/api_extraction.py,source_or_dependency,69c55df1ae16bc77249825efff92c998465d048074aa7393f9785da0bda02794,forensic_b;visual_recovery,8418f28a34b02240949a6ef628da01535143f46970571a9902e414ccd6d842c1,8418f28a34b02240949a6ef628da01535143f46970571a9902e414ccd6d842c1,69c55df1ae16bc77249825efff92c998465d048074aa7393f9785da0bda02794,ANCESTOR_VERSION_RETAIN_NO_PORT
src/quant_platform/apify_sources.py,source_or_dependency,70a177d338b942b9b2047e1b17cd20be8a56d507182635beb3fa169297a21259,forensic_b;visual_recovery,b24b3ee6b060940ab13ca7c240898a044291538168423ee3e465892b5e7ca4eb,b24b3ee6b060940ab13ca7c240898a044291538168423ee3e465892b5e7ca4eb,70a177d338b942b9b2047e1b17cd20be8a56d507182635beb3fa169297a21259,ANCESTOR_VERSION_RETAIN_NO_PORT
src/quant_platform/backtest.py,source_or_dependency,104c2ea21bd9296252486bff9fe8e8d6efd9e2276f68fae0487962a12156c6b3,forensic_a;visual_recovery;workspace_outer,0a060a6541ca24b9e5c310e3d632ed36283fd69fb9ad063dcf99a6b3059ce75d,0a060a6541ca24b9e5c310e3d632ed36283fd69fb9ad063dcf99a6b3059ce75d,1ed4b10a26ec1070a92a3ffab9e46fbf18fa6dd5cd0596b6406cc4b376541d55,SEMANTIC_REVIEW_REQUIRED_NO_PORT
src/quant_platform/backtest.py,source_or_dependency,d3ae5a6d5fd6e0bf35bbc1d4c731c88e62b0672afd041d5260a69afc6bd7cdb8,forensic_b,0a060a6541ca24b9e5c310e3d632ed36283fd69fb9ad063dcf99a6b3059ce75d,0a060a6541ca24b9e5c310e3d632ed36283fd69fb9ad063dcf99a6b3059ce75d,1ed4b10a26ec1070a92a3ffab9e46fbf18fa6dd5cd0596b6406cc4b376541d55,SEMANTIC_REVIEW_REQUIRED_NO_PORT
src/quant_platform/binance_spot.py,source_or_dependency,766f5a63c5f58a08a8e114b4cb7e5f42ab40264b9d01c60896951e8270db89b1,forensic_b;visual_recovery,daf4efd22a1ef5151be39ea28dc3fc27166b10c95bf202a560cde279c822cbf4,daf4efd22a1ef5151be39ea28dc3fc27166b10c95bf202a560cde279c822cbf4,766f5a63c5f58a08a8e114b4cb7e5f42ab40264b9d01c60896951e8270db89b1,ANCESTOR_VERSION_RETAIN_NO_PORT
src/quant_platform/binance_testnet.py,source_or_dependency,ed0fed7a11611761a253093f8837d4a7c5c929fc88adb62af7009cf0a08e8223,forensic_b;visual_recovery,6e316f082ae3fafc61fea76afffff95dd3b28c377612e9334313e07ad0982461,6e316f082ae3fafc61fea76afffff95dd3b28c377612e9334313e07ad0982461,ed0fed7a11611761a253093f8837d4a7c5c929fc88adb62af7009cf0a08e8223,ANCESTOR_VERSION_RETAIN_NO_PORT
src/quant_platform/cli.py,source_or_dependency,2d879404da6297d101529dbfe9f4aa1d5585ad4462d8b84387610f59e6cfb852,forensic_b,3a02690323ac110b1707da6e6fcd9b643705a66e13c80f15e2039e1846b65e9d,3a02690323ac110b1707da6e6fcd9b643705a66e13c80f15e2039e1846b65e9d,dac916f020f7cc3f773d32098247fcb86f00b09c2c18a2bbc0a0062b64dda122,SEMANTIC_REVIEW_REQUIRED_NO_PORT
src/quant_platform/cli.py,source_or_dependency,d36964b2257ee39cfce4f4eeb3eb5cfa8b7c7c26a3a8511314968ca45ec54bb6,forensic_a;visual_recovery;workspace_outer,3a02690323ac110b1707da6e6fcd9b643705a66e13c80f15e2039e1846b65e9d,3a02690323ac110b1707da6e6fcd9b643705a66e13c80f15e2039e1846b65e9d,dac916f020f7cc3f773d32098247fcb86f00b09c2c18a2bbc0a0062b64dda122,SEMANTIC_REVIEW_REQUIRED_NO_PORT
src/quant_platform/crypto_wizards_catalog.py,source_or_dependency,a60692c62534cf8fd05a41477b2abaa36b22a775af5770629daad8ec173d45a4,forensic_b;visual_recovery,38e540e20d2854bf9b8143fc14dd4fd1137bde8026eb725c742e98c53e96f617,38e540e20d2854bf9b8143fc14dd4fd1137bde8026eb725c742e98c53e96f617,a60692c62534cf8fd05a41477b2abaa36b22a775af5770629daad8ec173d45a4,ANCESTOR_VERSION_RETAIN_NO_PORT
src/quant_platform/crypto_wizards_dashboard_capture.py,source_or_dependency,4288d7a324283b0215cdb0a2cb42d9654a5a2ac26991345ea9b71dc5f8d71ec2,forensic_b,03441c3a6dfd5d5547b56ce13bacb9cde23c935760cb551d731ab5461e362b6c,03441c3a6dfd5d5547b56ce13bacb9cde23c935760cb551d731ab5461e362b6c,1d0a90b811c51dacdbdef0cc216503903b83d590348afa1bf5031ae8e83f8c99,SEMANTIC_REVIEW_REQUIRED_NO_PORT
src/quant_platform/crypto_wizards_dashboard_capture.py,source_or_dependency,457ad94e9ae6f7181af26f9e8e31e6d9e6282dfffd7d8ee7ad748b5b51d14d2e,forensic_a;visual_recovery;workspace_outer,03441c3a6dfd5d5547b56ce13bacb9cde23c935760cb551d731ab5461e362b6c,03441c3a6dfd5d5547b56ce13bacb9cde23c935760cb551d731ab5461e362b6c,1d0a90b811c51dacdbdef0cc216503903b83d590348afa1bf5031ae8e83f8c99,SEMANTIC_REVIEW_REQUIRED_NO_PORT
src/quant_platform/crypto_wizards_history.py,source_or_dependency,f9043211b7cd7c08386f8f4224115a00f4bc2c8bee32b784b982f47612503cf1,forensic_b;visual_recovery,5a9d0c035d498e04769a556690f37826899445d45f9ddaf90800de3d160132bc,5a9d0c035d498e04769a556690f37826899445d45f9ddaf90800de3d160132bc,f9043211b7cd7c08386f8f4224115a00f4bc2c8bee32b784b982f47612503cf1,ANCESTOR_VERSION_RETAIN_NO_PORT
src/quant_platform/crypto_wizards_scanner.py,source_or_dependency,22af4ab7385d3028070f1e1906a2ae855d566b0f379a7ab32cdbd5cd7aaea09f,forensic_b;visual_recovery,cbad3408b43ded3e00d1b2b833d919cccf67e0e194da029cde964ca21d447edc,cbad3408b43ded3e00d1b2b833d919cccf67e0e194da029cde964ca21d447edc,22af4ab7385d3028070f1e1906a2ae855d566b0f379a7ab32cdbd5cd7aaea09f,ANCESTOR_VERSION_RETAIN_NO_PORT
src/quant_platform/crypto_wizards_sweep.py,source_or_dependency,3128c591d11c4621599861024407e79024e5d37762b204b4b456fa9b50dc2fee,forensic_b,e674761bff215c432b2301ddeed65f5c0002150800028eb87f5907105935e6fa,e674761bff215c432b2301ddeed65f5c0002150800028eb87f5907105935e6fa,bff8bc41991c759dbd7fecc8b4f1cf1c8a5fedf50559e12460b18f305b67f0e7,SEMANTIC_REVIEW_REQUIRED_NO_PORT
src/quant_platform/crypto_wizards_sweep.py,source_or_dependency,488ac159c65945aabcdad329c99db5eeb44757aa2586d13976478451d4c4f30d,forensic_a;visual_recovery;workspace_outer,e674761bff215c432b2301ddeed65f5c0002150800028eb87f5907105935e6fa,e674761bff215c432b2301ddeed65f5c0002150800028eb87f5907105935e6fa,bff8bc41991c759dbd7fecc8b4f1cf1c8a5fedf50559e12460b18f305b67f0e7,SEMANTIC_REVIEW_REQUIRED_NO_PORT
src/quant_platform/dydx_candles.py,source_or_dependency,78161bb66b85aa1ce860cc34030e883f6312034fc844db6b2254d9d16de47cc6,forensic_b,ce2c1a58d580451f9662760b475f2aa0f32f1c3720fdd6b4100cb74d6ba5ae30,ce2c1a58d580451f9662760b475f2aa0f32f1c3720fdd6b4100cb74d6ba5ae30,9205f1d0480d139f96cfff46d6ffd68203dc87f8c03b0ca8807f37fd40f0f36a,SEMANTIC_REVIEW_REQUIRED_NO_PORT
src/quant_platform/dydx_candles.py,source_or_dependency,9205f1d0480d139f96cfff46d6ffd68203dc87f8c03b0ca8807f37fd40f0f36a,visual_recovery,ce2c1a58d580451f9662760b475f2aa0f32f1c3720fdd6b4100cb74d6ba5ae30,ce2c1a58d580451f9662760b475f2aa0f32f1c3720fdd6b4100cb74d6ba5ae30,9205f1d0480d139f96cfff46d6ffd68203dc87f8c03b0ca8807f37fd40f0f36a,ANCESTOR_VERSION_RETAIN_NO_PORT
src/quant_platform/dydx_sdk_order_adapter.py,source_or_dependency,28efdb2682cd67104ca2e6e6525afdfd706372a248b1f6e395777ac6fb5b1d71,forensic_b;visual_recovery,c8e633a22f8b65dcd31284d9e21a9b4ce7e175c37642745e5a3b488cb08680c9,c8e633a22f8b65dcd31284d9e21a9b4ce7e175c37642745e5a3b488cb08680c9,28efdb2682cd67104ca2e6e6525afdfd706372a248b1f6e395777ac6fb5b1d71,ANCESTOR_VERSION_RETAIN_NO_PORT
src/quant_platform/env.py,source_or_dependency,aa70663e8d85e687935e33e1cd33667f263c3cc3a588bac93a0410a097f888d0,forensic_b,1b3ac1b3aacffe8fab5f32a150651a2b654b2a5ed7fb27ddbf93cdb69637db0f,1b3ac1b3aacffe8fab5f32a150651a2b654b2a5ed7fb27ddbf93cdb69637db0f,c0cd5fc35dc5c2ee30703481546e91cfbec9bfd49e4434a45e1187c13021ee13,SEMANTIC_REVIEW_REQUIRED_NO_PORT
src/quant_platform/env.py,source_or_dependency,c0cd5fc35dc5c2ee30703481546e91cfbec9bfd49e4434a45e1187c13021ee13,visual_recovery,1b3ac1b3aacffe8fab5f32a150651a2b654b2a5ed7fb27ddbf93cdb69637db0f,1b3ac1b3aacffe8fab5f32a150651a2b654b2a5ed7fb27ddbf93cdb69637db0f,c0cd5fc35dc5c2ee30703481546e91cfbec9bfd49e4434a45e1187c13021ee13,ANCESTOR_VERSION_RETAIN_NO_PORT
src/quant_platform/evidence_registry.py,source_or_dependency,226f765e53523124815bffd02c9c5593e5e924908e56708e3865d4e97525a7e0,forensic_b,35a4a0b22795f28d30ac2e6010cc12ddcc1971c3ca2353ef1fea16e33d998c64,35a4a0b22795f28d30ac2e6010cc12ddcc1971c3ca2353ef1fea16e33d998c64,,SEMANTIC_REVIEW_REQUIRED_NO_PORT
src/quant_platform/evidence_registry.py,source_or_dependency,37e83bc266f738cd22f158b7bc8d3b66d7fbad580ec72924c8dc67a51793b2f0,forensic_a;visual_recovery;workspace_outer,35a4a0b22795f28d30ac2e6010cc12ddcc1971c3ca2353ef1fea16e33d998c64,35a4a0b22795f28d30ac2e6010cc12ddcc1971c3ca2353ef1fea16e33d998c64,,SEMANTIC_REVIEW_REQUIRED_NO_PORT
src/quant_platform/execution.py,source_or_dependency,3e29897abf550865ee700b7b38e20bf5726c038cc5a7a8252adb5eb7320de15a,forensic_b,076431ef62cdd19415637cf00d9e5aaba37b771b31940f4d5bee671d93fc2171,076431ef62cdd19415637cf00d9e5aaba37b771b31940f4d5bee671d93fc2171,5160adff48ed36a210d421112e1de72c1d5241e248609cf607c278ec0cbbbd2c,SEMANTIC_REVIEW_REQUIRED_NO_PORT
src/quant_platform/execution.py,source_or_dependency,5160adff48ed36a210d421112e1de72c1d5241e248609cf607c278ec0cbbbd2c,visual_recovery,076431ef62cdd19415637cf00d9e5aaba37b771b31940f4d5bee671d93fc2171,076431ef62cdd19415637cf00d9e5aaba37b771b31940f4d5bee671d93fc2171,5160adff48ed36a210d421112e1de72c1d5241e248609cf607c278ec0cbbbd2c,ANCESTOR_VERSION_RETAIN_NO_PORT
src/quant_platform/experiments.py,source_or_dependency,940067ae406c9f1abfa191b23b7caebfc675b0ae1e6eb3bb437be6dd204224de,forensic_b,e53fbb31bb781b100899d65da3181e91197308b3d3f217c2be26d4af3325110f,e53fbb31bb781b100899d65da3181e91197308b3d3f217c2be26d4af3325110f,ca78d24116a16a348e8626868757fbee3da6630d19f5b02bd4dc0b8a20ddf290,SEMANTIC_REVIEW_REQUIRED_NO_PORT
src/quant_platform/experiments.py,source_or_dependency,ca78d24116a16a348e8626868757fbee3da6630d19f5b02bd4dc0b8a20ddf290,visual_recovery,e53fbb31bb781b100899d65da3181e91197308b3d3f217c2be26d4af3325110f,e53fbb31bb781b100899d65da3181e91197308b3d3f217c2be26d4af3325110f,ca78d24116a16a348e8626868757fbee3da6630d19f5b02bd4dc0b8a20ddf290,ANCESTOR_VERSION_RETAIN_NO_PORT
src/quant_platform/family_matrix.py,source_or_dependency,a647bc088d2625102a1b0a9c09b53117138c78e2b7146f81bf5ebb6042a20fce,visual_recovery,5bf8c8768339ed05c026502970d1903c39f7d2c7919f30aff8a5d2f1e2de4875,5bf8c8768339ed05c026502970d1903c39f7d2c7919f30aff8a5d2f1e2de4875,a647bc088d2625102a1b0a9c09b53117138c78e2b7146f81bf5ebb6042a20fce,ANCESTOR_VERSION_RETAIN_NO_PORT
src/quant_platform/family_matrix.py,source_or_dependency,b46719f90a18022fcc87e366e20d1b03d85cec5eade3904336944384c733ba8a,forensic_b,5bf8c8768339ed05c026502970d1903c39f7d2c7919f30aff8a5d2f1e2de4875,5bf8c8768339ed05c026502970d1903c39f7d2c7919f30aff8a5d2f1e2de4875,a647bc088d2625102a1b0a9c09b53117138c78e2b7146f81bf5ebb6042a20fce,SEMANTIC_REVIEW_REQUIRED_NO_PORT
src/quant_platform/fixture_ingestion.py,source_or_dependency,e5828aec6d760222af6e792d62b29f491b57df56411f507254925939b420d4e4,forensic_b;visual_recovery,41f96754d831260af7659bd1f6494117d62a16c62eb95c9ff490549b48a92b7d,41f96754d831260af7659bd1f6494117d62a16c62eb95c9ff490549b48a92b7d,e5828aec6d760222af6e792d62b29f491b57df56411f507254925939b420d4e4,ANCESTOR_VERSION_RETAIN_NO_PORT
src/quant_platform/formula_registry.py,source_or_dependency,2d12a49646164f7512c6c53f679bfa1d450a2318f502c5bf7bdade4697bb7bbf,forensic_b,20b03bf025a175c348c736b705d45445672ce37d57b2b9aad803e7f764432dca,20b03bf025a175c348c736b705d45445672ce37d57b2b9aad803e7f764432dca,f23c1de75379ac1fdd96bf39cdde23680fe66987edf918f6066f0f2565179525,SEMANTIC_REVIEW_REQUIRED_NO_PORT
src/quant_platform/formula_registry.py,source_or_dependency,7c6300f5278e840f41aa598fe7a74cc8a1398db4d0370d5ed6219b137adc170b,forensic_a;visual_recovery;workspace_outer,20b03bf025a175c348c736b705d45445672ce37d57b2b9aad803e7f764432dca,20b03bf025a175c348c736b705d45445672ce37d57b2b9aad803e7f764432dca,f23c1de75379ac1fdd96bf39cdde23680fe66987edf918f6066f0f2565179525,SEMANTIC_REVIEW_REQUIRED_NO_PORT
src/quant_platform/funding.py,source_or_dependency,5aa15220df746f3b0ccdf0e425a0b4f433b67f5e27ec36ed2cbdbdb91b36b510,forensic_b,e08528a719228b55764f510ac54ef93f78e70ff65e911896ae512aa6d7f82c34,e08528a719228b55764f510ac54ef93f78e70ff65e911896ae512aa6d7f82c34,e08528a719228b55764f510ac54ef93f78e70ff65e911896ae512aa6d7f82c34,SEMANTIC_REVIEW_REQUIRED_NO_PORT
src/quant_platform/hyperliquid.py,source_or_dependency,0286fa39c2cb73b134956889ab9a06231a3ce003012539c97fc00336e16a92ef,forensic_b,ba2c7b24291bbe78de83a5dd75ad077af04b3c5207b5a327237844ae95ac454e,ba2c7b24291bbe78de83a5dd75ad077af04b3c5207b5a327237844ae95ac454e,b7815e3e30924831010a92b89bd4e0159a44dcbae5914a83bb537c27f011a98f,SEMANTIC_REVIEW_REQUIRED_NO_PORT
src/quant_platform/hyperliquid.py,source_or_dependency,6f423c1e1c5f7a17f0956fce135455c79d664f6082ffe2c9a10e44e78e4dec64,forensic_a;visual_recovery;workspace_outer,ba2c7b24291bbe78de83a5dd75ad077af04b3c5207b5a327237844ae95ac454e,ba2c7b24291bbe78de83a5dd75ad077af04b3c5207b5a327237844ae95ac454e,b7815e3e30924831010a92b89bd4e0159a44dcbae5914a83bb537c27f011a98f,SEMANTIC_REVIEW_REQUIRED_NO_PORT
src/quant_platform/hyperliquid_testnet.py,source_or_dependency,3b292eb4694be957c1439b1ecffc7c21226dcb9f604bf4e644b98799d5231c95,visual_recovery,4554e98b38ef870106e4b9c354b7f64766635f2933a632c399292b761572555f,4554e98b38ef870106e4b9c354b7f64766635f2933a632c399292b761572555f,3b292eb4694be957c1439b1ecffc7c21226dcb9f604bf4e644b98799d5231c95,ANCESTOR_VERSION_RETAIN_NO_PORT
src/quant_platform/hyperliquid_testnet.py,source_or_dependency,7212271e09b78c212377c3cd6980924f3d181ceb2dde74fbc599855f19ae4ef0,forensic_b,4554e98b38ef870106e4b9c354b7f64766635f2933a632c399292b761572555f,4554e98b38ef870106e4b9c354b7f64766635f2933a632c399292b761572555f,3b292eb4694be957c1439b1ecffc7c21226dcb9f604bf4e644b98799d5231c95,SEMANTIC_REVIEW_REQUIRED_NO_PORT
src/quant_platform/math_v2_acceptance.py,source_or_dependency,c32dfe8409c0b299f4b8a38d0dcdefb3f79e88b05a91b8c445a473e760c4d090,forensic_a;forensic_b;visual_recovery;workspace_outer,9e3c07290413ae40d50e8136d71901e8055704a058601f5833a530cdf8c9077a,9e3c07290413ae40d50e8136d71901e8055704a058601f5833a530cdf8c9077a,63e87eeb3425ae6a7fbd4a74e4420702bcfbeb1f923d04741e47351445d90aca,SEMANTIC_REVIEW_REQUIRED_NO_PORT
src/quant_platform/meta_learning.py,source_or_dependency,6076f6040e8428279d9b6404137ad6dbf16b77c37affccdb54e3259544e507ec,forensic_b;visual_recovery,a6731a8f67f84487bdd3b26d4f8949e7609eaef64b1b25bb2d6b2ca64cfc53b9,a6731a8f67f84487bdd3b26d4f8949e7609eaef64b1b25bb2d6b2ca64cfc53b9,6076f6040e8428279d9b6404137ad6dbf16b77c37affccdb54e3259544e507ec,ANCESTOR_VERSION_RETAIN_NO_PORT
src/quant_platform/ml_filter.py,source_or_dependency,07f3f824e77f36302808b78a34f1bbb79dfe26ccb5fd81beeda02f242e8fe123,forensic_b,7df2adb5c9044d9cfaa7d0a0280ea4207272fd90f22115e3ec49833d5bda2fed,7df2adb5c9044d9cfaa7d0a0280ea4207272fd90f22115e3ec49833d5bda2fed,c0dea831e2b84647197ce6f58096385fc4a21dd46d51057f621af4f7f1319d44,SEMANTIC_REVIEW_REQUIRED_NO_PORT
src/quant_platform/ml_filter.py,source_or_dependency,bb156cf2c686aa3cafcf77744f4948cd211bef967654c33b6b6aa45fdbd5d063,forensic_a;visual_recovery;workspace_outer,7df2adb5c9044d9cfaa7d0a0280ea4207272fd90f22115e3ec49833d5bda2fed,7df2adb5c9044d9cfaa7d0a0280ea4207272fd90f22115e3ec49833d5bda2fed,c0dea831e2b84647197ce6f58096385fc4a21dd46d51057f621af4f7f1319d44,SEMANTIC_REVIEW_REQUIRED_NO_PORT
src/quant_platform/orchestration/canonical_wizard_hyperliquid_contract.py,source_or_dependency,22d031a35c926e864c259a9fc00bf779fb098dcb805532b8a9c78c7a6eff8d24,forensic_b,df391e828306809adb3f202a68a5be25a35df82bfd79e5eac9f711afbb7eb116,df391e828306809adb3f202a68a5be25a35df82bfd79e5eac9f711afbb7eb116,,SEMANTIC_REVIEW_REQUIRED_NO_PORT
src/quant_platform/orchestration/canonical_wizard_hyperliquid_contract.py,source_or_dependency,a232430632f9b6b2ddad1210a619974a58a5e8550dacee370da8a2d57dd9df1d,forensic_a;visual_recovery;workspace_outer,df391e828306809adb3f202a68a5be25a35df82bfd79e5eac9f711afbb7eb116,df391e828306809adb3f202a68a5be25a35df82bfd79e5eac9f711afbb7eb116,,SEMANTIC_REVIEW_REQUIRED_NO_PORT
src/quant_platform/orchestration/copula_shadow_comparison.py,source_or_dependency,ad63349b99523a1e57fe5b08db86a8de5edd52599238cbd62c35a7cba8aed72d,forensic_b;visual_recovery,7968f4b7c967c5d35d93422f722862401749ed7490eabfbb6f4af95fbdb0c006,7968f4b7c967c5d35d93422f722862401749ed7490eabfbb6f4af95fbdb0c006,ad63349b99523a1e57fe5b08db86a8de5edd52599238cbd62c35a7cba8aed72d,ANCESTOR_VERSION_RETAIN_NO_PORT
src/quant_platform/orchestration/corrective_agent_governance.py,source_or_dependency,466b0c40452b4dfaaed93b9c84416bb472b3e60f07649033d1bef2ebd1c981f9,forensic_b,6cbad4256dc9ad39355607d00a0eabff812862d8dd59ec96fe57a4f3de4d1a79,6cbad4256dc9ad39355607d00a0eabff812862d8dd59ec96fe57a4f3de4d1a79,d7e01b9e5c9bc5f69641d2c831feab5fed52c58efffec12a3cf106ea3caa12b4,SEMANTIC_REVIEW_REQUIRED_NO_PORT
src/quant_platform/orchestration/corrective_agent_governance.py,source_or_dependency,d7e01b9e5c9bc5f69641d2c831feab5fed52c58efffec12a3cf106ea3caa12b4,visual_recovery,6cbad4256dc9ad39355607d00a0eabff812862d8dd59ec96fe57a4f3de4d1a79,6cbad4256dc9ad39355607d00a0eabff812862d8dd59ec96fe57a4f3de4d1a79,d7e01b9e5c9bc5f69641d2c831feab5fed52c58efffec12a3cf106ea3caa12b4,ANCESTOR_VERSION_RETAIN_NO_PORT
src/quant_platform/orchestration/corrective_artifact_retention.py,source_or_dependency,6d2fb9e5e78fee17dc8f05f36512ae28f8d8d4a1cb9efb67684108f7534e1632,forensic_b;visual_recovery,b98646b3244e8578b39b0ce13c6529ec6bdc96d57cfe38205026b0023a8e011d,b98646b3244e8578b39b0ce13c6529ec6bdc96d57cfe38205026b0023a8e011d,6d2fb9e5e78fee17dc8f05f36512ae28f8d8d4a1cb9efb67684108f7534e1632,ANCESTOR_VERSION_RETAIN_NO_PORT
src/quant_platform/orchestration/corrective_canonical_status.py,source_or_dependency,282719ed17ae0299ae20b47420a3aa4aec551b59126a68bf2dc7cc281928b9f3,forensic_b;visual_recovery,cdced91836205239a7b679e09536615b930023ac20d7badd01129dd3fc0b9d2c,cdced91836205239a7b679e09536615b930023ac20d7badd01129dd3fc0b9d2c,282719ed17ae0299ae20b47420a3aa4aec551b59126a68bf2dc7cc281928b9f3,ANCESTOR_VERSION_RETAIN_NO_PORT
src/quant_platform/orchestration/corrective_daily_scheduler.py,source_or_dependency,37a838592d51d0edbd1d97a7723eeb68949a55e5af0905d00d5387167d344a0a,forensic_b,0fb0350d262290289a787dc2bf708f71e2d45d70c6e12288a9ddc8ab10a8f22a,0fb0350d262290289a787dc2bf708f71e2d45d70c6e12288a9ddc8ab10a8f22a,66ad4c152e4f1b5d31118353fa564c62ea8244c62ad27ca717a57e5202df8301,SEMANTIC_REVIEW_REQUIRED_NO_PORT
src/quant_platform/orchestration/corrective_daily_scheduler.py,source_or_dependency,66ad4c152e4f1b5d31118353fa564c62ea8244c62ad27ca717a57e5202df8301,visual_recovery,0fb0350d262290289a787dc2bf708f71e2d45d70c6e12288a9ddc8ab10a8f22a,0fb0350d262290289a787dc2bf708f71e2d45d70c6e12288a9ddc8ab10a8f22a,66ad4c152e4f1b5d31118353fa564c62ea8244c62ad27ca717a57e5202df8301,ANCESTOR_VERSION_RETAIN_NO_PORT
src/quant_platform/orchestration/corrective_data_evidence.py,source_or_dependency,819289989802d402dfe339300a3c3963f16ee7225c08ba57704cbaba6ecb516a,forensic_a;visual_recovery;workspace_outer,77de431827997e15a97c074d06aacd49badc674857f34c9ff836d361e46f1610,77de431827997e15a97c074d06aacd49badc674857f34c9ff836d361e46f1610,74a373321258cb8b79a880d84d11ca1a9726ab97e496d35d9859f0b34c3ac8a9,SEMANTIC_REVIEW_REQUIRED_NO_PORT
src/quant_platform/orchestration/corrective_data_evidence.py,source_or_dependency,e7a2e60b63a544878ee974ca706645287207696a7d7c0c9d88d7144634e57dc6,forensic_b,77de431827997e15a97c074d06aacd49badc674857f34c9ff836d361e46f1610,77de431827997e15a97c074d06aacd49badc674857f34c9ff836d361e46f1610,74a373321258cb8b79a880d84d11ca1a9726ab97e496d35d9859f0b34c3ac8a9,SEMANTIC_REVIEW_REQUIRED_NO_PORT
src/quant_platform/orchestration/corrective_governance.py,source_or_dependency,183dde2e108ca404221afb9da87e6d9308fa2241fe2119684ba0f76541710c48,visual_recovery,908cc04f53356f7337c2f899b8be7a8e86cd1a93b166be3228170907f9fcf53b,6d292adf03c72518df10b0f319617babe71f25f37ed0f0358f19b2ac2281ecf3,183dde2e108ca404221afb9da87e6d9308fa2241fe2119684ba0f76541710c48,ANCESTOR_VERSION_RETAIN_NO_PORT
src/quant_platform/orchestration/corrective_governance.py,source_or_dependency,9d4f0f710c16d00b92cb08343395913ebcd62d0afd753122da320f2dda0ace52,forensic_b,908cc04f53356f7337c2f899b8be7a8e86cd1a93b166be3228170907f9fcf53b,6d292adf03c72518df10b0f319617babe71f25f37ed0f0358f19b2ac2281ecf3,183dde2e108ca404221afb9da87e6d9308fa2241fe2119684ba0f76541710c48,SEMANTIC_REVIEW_REQUIRED_NO_PORT
src/quant_platform/orchestration/corrective_l2_scheduler.py,source_or_dependency,a0ffceb0166e280df0bb7ed82a150d3e95d68d071a06da1b0f36f2992826515d,forensic_b,5e0ecbf71cd32293231b58d2fd6c60b456d820befe15919be982016731de4e86,5e0ecbf71cd32293231b58d2fd6c60b456d820befe15919be982016731de4e86,dad4043470bef63dcce6b734977f7bc0d94da21e2fd3da54a913c1fbb058f469,SEMANTIC_REVIEW_REQUIRED_NO_PORT
src/quant_platform/orchestration/corrective_l2_scheduler.py,source_or_dependency,a588842b5371d1fa6a0efd909b1cc7b441991fa446244a4f03ef23bdfe454b44,forensic_a;visual_recovery;workspace_outer,5e0ecbf71cd32293231b58d2fd6c60b456d820befe15919be982016731de4e86,5e0ecbf71cd32293231b58d2fd6c60b456d820befe15919be982016731de4e86,dad4043470bef63dcce6b734977f7bc0d94da21e2fd3da54a913c1fbb058f469,SEMANTIC_REVIEW_REQUIRED_NO_PORT
src/quant_platform/orchestration/corrective_live_canary.py,source_or_dependency,a53c3576874b90a395c153339d988368b809cca5fe34716d4b5016afee32484a,forensic_b;visual_recovery,7b4f8d05f93b1e54a3c0019fb427db1c8d88aa82036e667027feb1a8337d3879,7b4f8d05f93b1e54a3c0019fb427db1c8d88aa82036e667027feb1a8337d3879,a53c3576874b90a395c153339d988368b809cca5fe34716d4b5016afee32484a,ANCESTOR_VERSION_RETAIN_NO_PORT
src/quant_platform/orchestration/corrective_live_canary_execution.py,source_or_dependency,1a424be2738c4d0b4384acb77e62bd3556026471c2ccc364e2cf5c953f5b14cb,visual_recovery,72334851b6a3077139f23405760629d5c2558847c0033042a4b123bc19d5165f,72334851b6a3077139f23405760629d5c2558847c0033042a4b123bc19d5165f,1a424be2738c4d0b4384acb77e62bd3556026471c2ccc364e2cf5c953f5b14cb,ANCESTOR_VERSION_RETAIN_NO_PORT
src/quant_platform/orchestration/corrective_live_canary_execution.py,source_or_dependency,7655329cd767d1e938d21219059d42ed7408742f9d84145650f246584a987480,forensic_b,72334851b6a3077139f23405760629d5c2558847c0033042a4b123bc19d5165f,72334851b6a3077139f23405760629d5c2558847c0033042a4b123bc19d5165f,1a424be2738c4d0b4384acb77e62bd3556026471c2ccc364e2cf5c953f5b14cb,SEMANTIC_REVIEW_REQUIRED_NO_PORT
src/quant_platform/orchestration/corrective_live_canary_executor.py,source_or_dependency,86fd640b26ec662cf3bd8156fb5ce8aa351e707871b478e0578d46139fb9f88c,forensic_b;visual_recovery,16890a9d84cebcec6fc1b3fd6c3370cbac9950fbbb532f6446d8ac5d96059af6,16890a9d84cebcec6fc1b3fd6c3370cbac9950fbbb532f6446d8ac5d96059af6,86fd640b26ec662cf3bd8156fb5ce8aa351e707871b478e0578d46139fb9f88c,ANCESTOR_VERSION_RETAIN_NO_PORT
src/quant_platform/orchestration/corrective_live_canary_outcome.py,source_or_dependency,6f1fec979f7104dd80d89177b7fb1e5c30341ce5cd049bde628137838ab4c44e,forensic_b;visual_recovery,a83e152b82381c10969f19d8c86ac25ee010d84fde67876113cf92f86e014421,a83e152b82381c10969f19d8c86ac25ee010d84fde67876113cf92f86e014421,6f1fec979f7104dd80d89177b7fb1e5c30341ce5cd049bde628137838ab4c44e,ANCESTOR_VERSION_RETAIN_NO_PORT
src/quant_platform/orchestration/corrective_live_parity_capture.py,source_or_dependency,a820640b04104379f779faaf28248bc97595245630e55aa5ad39f8f960b1d783,forensic_b;visual_recovery,e58658a2d0895373c5d0b5182bb441aefdc3f86fadd81df5e7fa74a36398218c,e58658a2d0895373c5d0b5182bb441aefdc3f86fadd81df5e7fa74a36398218c,a820640b04104379f779faaf28248bc97595245630e55aa5ad39f8f960b1d783,ANCESTOR_VERSION_RETAIN_NO_PORT
src/quant_platform/orchestration/corrective_program.py,source_or_dependency,40202d140a51b9103e083933999ed57e68d08f0b5233171d21952839b04d85c5,visual_recovery,83557e34e13e0486aec24b7f90f47f3f6ae7d0f73e6dbd2e1ce294daaa75f105,83557e34e13e0486aec24b7f90f47f3f6ae7d0f73e6dbd2e1ce294daaa75f105,40202d140a51b9103e083933999ed57e68d08f0b5233171d21952839b04d85c5,ANCESTOR_VERSION_RETAIN_NO_PORT
src/quant_platform/orchestration/corrective_program.py,source_or_dependency,a59a448d3dcaf5bc3c1a5aac87ec7c4351febb519b9b9271857554ffee0e3b1a,forensic_b,83557e34e13e0486aec24b7f90f47f3f6ae7d0f73e6dbd2e1ce294daaa75f105,83557e34e13e0486aec24b7f90f47f3f6ae7d0f73e6dbd2e1ce294daaa75f105,40202d140a51b9103e083933999ed57e68d08f0b5233171d21952839b04d85c5,SEMANTIC_REVIEW_REQUIRED_NO_PORT
src/quant_platform/orchestration/corrective_registered_learning.py,source_or_dependency,8578378273e51e5c930cf1d6a5a57b9be8e09d1605e4742de313270791d9dede,visual_recovery,f1b1b1c9a488eca396131ee4ec68cee59d5f7b65c516efe9c299e708c448cd35,f1b1b1c9a488eca396131ee4ec68cee59d5f7b65c516efe9c299e708c448cd35,8578378273e51e5c930cf1d6a5a57b9be8e09d1605e4742de313270791d9dede,ANCESTOR_VERSION_RETAIN_NO_PORT
src/quant_platform/orchestration/corrective_registered_learning.py,source_or_dependency,e8faa9e8abce28a1ce22ce553c76067f6423fa012dae008dd50db5412757aa0e,forensic_b,f1b1b1c9a488eca396131ee4ec68cee59d5f7b65c516efe9c299e708c448cd35,f1b1b1c9a488eca396131ee4ec68cee59d5f7b65c516efe9c299e708c448cd35,8578378273e51e5c930cf1d6a5a57b9be8e09d1605e4742de313270791d9dede,SEMANTIC_REVIEW_REQUIRED_NO_PORT
src/quant_platform/orchestration/corrective_registered_learning_protocol.py,source_or_dependency,b569e62c1e06ab50dd23a000edf88c190527d4cff87ef24be36cf7d8e19039ea,forensic_b;visual_recovery,b7c94ac2176019135b7566f1baff6c9c5ece2ea62bd31140d0051e90aa852062,b7c94ac2176019135b7566f1baff6c9c5ece2ea62bd31140d0051e90aa852062,b569e62c1e06ab50dd23a000edf88c190527d4cff87ef24be36cf7d8e19039ea,ANCESTOR_VERSION_RETAIN_NO_PORT
src/quant_platform/orchestration/corrective_registered_rerun.py,source_or_dependency,f86ee3080218032934be11a523a256d9ba13ce220ff1d609d15d4e197c50dfb5,forensic_b;visual_recovery,e5baaa8edfe912acae2043417d590412b1b243b19fcb08c0939335c9e08b3f69,e5baaa8edfe912acae2043417d590412b1b243b19fcb08c0939335c9e08b3f69,f86ee3080218032934be11a523a256d9ba13ce220ff1d609d15d4e197c50dfb5,ANCESTOR_VERSION_RETAIN_NO_PORT
src/quant_platform/orchestration/corrective_registered_rerun_executor.py,source_or_dependency,263e059b0dc6897dde037688afae87285a8c0b0d19d474e997ae8883a839382b,forensic_b,a20b38253f6d6e4a0e3735c1e4c95b7f9a66bc66fd83bbfcc93e78301ef37885,a20b38253f6d6e4a0e3735c1e4c95b7f9a66bc66fd83bbfcc93e78301ef37885,68beae273ba6dc697f1780deae61e1255c79f6ba28011ac0d7c085bdb336e63e,SEMANTIC_REVIEW_REQUIRED_NO_PORT
src/quant_platform/orchestration/corrective_registered_rerun_executor.py,source_or_dependency,68beae273ba6dc697f1780deae61e1255c79f6ba28011ac0d7c085bdb336e63e,visual_recovery,a20b38253f6d6e4a0e3735c1e4c95b7f9a66bc66fd83bbfcc93e78301ef37885,a20b38253f6d6e4a0e3735c1e4c95b7f9a66bc66fd83bbfcc93e78301ef37885,68beae273ba6dc697f1780deae61e1255c79f6ba28011ac0d7c085bdb336e63e,ANCESTOR_VERSION_RETAIN_NO_PORT
src/quant_platform/orchestration/corrective_release_gates.py,source_or_dependency,2d54020088cbdc38b8693ba957e342b42d1e6359d37d8da4120487cb78b010d1,visual_recovery,429197618a9c5f646f8c19d1f837eedff2907e89f02aa6396dc1d850e2852219,429197618a9c5f646f8c19d1f837eedff2907e89f02aa6396dc1d850e2852219,2d54020088cbdc38b8693ba957e342b42d1e6359d37d8da4120487cb78b010d1,ANCESTOR_VERSION_RETAIN_NO_PORT
src/quant_platform/orchestration/corrective_release_gates.py,source_or_dependency,63461d7fa93d182bf5cd5c338fb92e943ac112df1e58163fa90404f853020231,forensic_b,429197618a9c5f646f8c19d1f837eedff2907e89f02aa6396dc1d850e2852219,429197618a9c5f646f8c19d1f837eedff2907e89f02aa6396dc1d850e2852219,2d54020088cbdc38b8693ba957e342b42d1e6359d37d8da4120487cb78b010d1,SEMANTIC_REVIEW_REQUIRED_NO_PORT
src/quant_platform/orchestration/corrective_runtime.py,source_or_dependency,686a06b6916207d018f34cb9d0eef5e9e487975736266653e0f66b95d98bc5ac,forensic_b;visual_recovery,6b1376de31b3cdf225eaee504eaad749c4b3e999a1edfc1a9576fcca62a042b9,6b1376de31b3cdf225eaee504eaad749c4b3e999a1edfc1a9576fcca62a042b9,686a06b6916207d018f34cb9d0eef5e9e487975736266653e0f66b95d98bc5ac,ANCESTOR_VERSION_RETAIN_NO_PORT
src/quant_platform/orchestration/corrective_scheduler_lock.py,source_or_dependency,d3c2dc0d068f8a26ad08bb1eb955a971729130a7c5ebec437ff153e8e3111e6f,forensic_a;forensic_b;visual_recovery;workspace_outer,cbef6e90ea37170d6933b87c7f469aa1d9f7306ef7afc05934dd1cd6f597aedd,cbef6e90ea37170d6933b87c7f469aa1d9f7306ef7afc05934dd1cd6f597aedd,,SEMANTIC_REVIEW_REQUIRED_NO_PORT
src/quant_platform/orchestration/corrective_scheduler_runtime_readiness.py,source_or_dependency,9df1187d00958c69379e8be45d7cd7e2b9145c65825533c449e158765601a50e,forensic_b;visual_recovery,328385d6443d1b5d5a2621f8681ddc25a09a62b23ebc3658505daa2a800e1e9b,328385d6443d1b5d5a2621f8681ddc25a09a62b23ebc3658505daa2a800e1e9b,9df1187d00958c69379e8be45d7cd7e2b9145c65825533c449e158765601a50e,ANCESTOR_VERSION_RETAIN_NO_PORT
src/quant_platform/orchestration/corrective_scheduler_supervisor.py,source_or_dependency,b3eac1412bbad0cb2d9f74549eeda71eb335e13e2904cbe602c4f58e8ed1fac7,source_candidate,f3bd9f22bf4a1858b7a2d737fd6d537a22ca0e1338bdfef4dceb343773a31cd4,f3bd9f22bf4a1858b7a2d737fd6d537a22ca0e1338bdfef4dceb343773a31cd4,,SEMANTIC_REVIEW_REQUIRED_NO_PORT
src/quant_platform/orchestration/corrective_stage4_handoff_readiness.py,source_or_dependency,5579fefd458e85a64fb159683dd22fdbef0aac50ff1534f353b5a6a7aaa5af0c,forensic_b;visual_recovery,f022837269cc40f56da43b85b823a911142ec47e8d02a8bb813cc168e635ad85,f022837269cc40f56da43b85b823a911142ec47e8d02a8bb813cc168e635ad85,5579fefd458e85a64fb159683dd22fdbef0aac50ff1534f353b5a6a7aaa5af0c,ANCESTOR_VERSION_RETAIN_NO_PORT
src/quant_platform/orchestration/corrective_statistical_remediation.py,source_or_dependency,881ed537831d427d155dad9302f8fa206e968436fd9e733dd254370b4d191889,forensic_b;visual_recovery,2b711707852adccb16bd26f43fb4e622a8d2628e7a72755ecab60d9e248a9e6e,2b711707852adccb16bd26f43fb4e622a8d2628e7a72755ecab60d9e248a9e6e,881ed537831d427d155dad9302f8fa206e968436fd9e733dd254370b4d191889,ANCESTOR_VERSION_RETAIN_NO_PORT
src/quant_platform/orchestration/corrective_testnet_cohort_readiness.py,source_or_dependency,156748876c46b67920adc9363abd123e270d7ae87a70b48f723a54ffa0632485,forensic_b;visual_recovery,2dacd3a9ba813d768a93385f140604e87c54593945196a9bab6c3e8bab9d12b5,2dacd3a9ba813d768a93385f140604e87c54593945196a9bab6c3e8bab9d12b5,156748876c46b67920adc9363abd123e270d7ae87a70b48f723a54ffa0632485,ANCESTOR_VERSION_RETAIN_NO_PORT
src/quant_platform/orchestration/corrective_testnet_collateral_transfer.py,source_or_dependency,763139a9baeb90de83655d8dedd01fe0ea925a32a2be20692cfc6198f568e5cd,forensic_b;visual_recovery,75256ce7dd7e36930dd8fcc62a78eabc9436eb411e89ccfe6d8050acd510d7d9,75256ce7dd7e36930dd8fcc62a78eabc9436eb411e89ccfe6d8050acd510d7d9,763139a9baeb90de83655d8dedd01fe0ea925a32a2be20692cfc6198f568e5cd,ANCESTOR_VERSION_RETAIN_NO_PORT
src/quant_platform/orchestration/corrective_testnet_pair_execution.py,source_or_dependency,400ed29936fee0724c31aa44bd43557ed90fb3a6985e41a2792c47282b89f91b,forensic_b,13f1ab46b266d3bd7a1faff74e251712a06414f974ec5e7771fdad2fc32c760b,13f1ab46b266d3bd7a1faff74e251712a06414f974ec5e7771fdad2fc32c760b,853400fcd7c67034667e4ccd66718cf427a5ccd8e121c394fd342c721c3b98f8,SEMANTIC_REVIEW_REQUIRED_NO_PORT
src/quant_platform/orchestration/corrective_testnet_pair_execution.py,source_or_dependency,853400fcd7c67034667e4ccd66718cf427a5ccd8e121c394fd342c721c3b98f8,visual_recovery,13f1ab46b266d3bd7a1faff74e251712a06414f974ec5e7771fdad2fc32c760b,13f1ab46b266d3bd7a1faff74e251712a06414f974ec5e7771fdad2fc32c760b,853400fcd7c67034667e4ccd66718cf427a5ccd8e121c394fd342c721c3b98f8,ANCESTOR_VERSION_RETAIN_NO_PORT
src/quant_platform/orchestration/corrective_wizard_api_credit_receipt.py,source_or_dependency,43b74760fcb38176ceb3d72ba369ec3b7d5e5708a0b72d9fca478a3c5b455731,forensic_b;visual_recovery,6113ffc1cdab7d3a7d6d023d4c36a02d65eb323f7af2293ae5ec57e85cf44172,6113ffc1cdab7d3a7d6d023d4c36a02d65eb323f7af2293ae5ec57e85cf44172,43b74760fcb38176ceb3d72ba369ec3b7d5e5708a0b72d9fca478a3c5b455731,ANCESTOR_VERSION_RETAIN_NO_PORT
src/quant_platform/orchestration/corrective_wizard_browser_auth.py,source_or_dependency,bb95cfe0d129c36fec6e7313ffd969b301e931ba4f1b7f9aeab1ba55caa7d915,forensic_b;visual_recovery,f1a17d291181d675ab772c0b1acb4df1419172f93f2ef6f7b1404c8bdb8117aa,f1a17d291181d675ab772c0b1acb4df1419172f93f2ef6f7b1404c8bdb8117aa,bb95cfe0d129c36fec6e7313ffd969b301e931ba4f1b7f9aeab1ba55caa7d915,ANCESTOR_VERSION_RETAIN_NO_PORT
src/quant_platform/orchestration/corrective_wizard_capture_manifest.py,source_or_dependency,7d484dfe0af761b3e671bcb74afb2d17630de02b69ce758ee667d7369f35da77,forensic_b;visual_recovery,ab096ff87ad3e0f170a4fc06b657cd2cff34aeb469224428d57281ece05608b5,ab096ff87ad3e0f170a4fc06b657cd2cff34aeb469224428d57281ece05608b5,7d484dfe0af761b3e671bcb74afb2d17630de02b69ce758ee667d7369f35da77,ANCESTOR_VERSION_RETAIN_NO_PORT
src/quant_platform/orchestration/corrective_wizard_capture_reconciliation.py,source_or_dependency,175030976a734825cf8c55a905b5e2d870aed0a0467ffd2afe4f5c8a6141850e,forensic_b;visual_recovery,70947875ebc234db2c5c66dbd6243d384081328e47e58fc1685f55ec6ba55cdc,70947875ebc234db2c5c66dbd6243d384081328e47e58fc1685f55ec6ba55cdc,175030976a734825cf8c55a905b5e2d870aed0a0467ffd2afe4f5c8a6141850e,ANCESTOR_VERSION_RETAIN_NO_PORT
src/quant_platform/orchestration/corrective_wizard_comparator_review_control.py,source_or_dependency,0f75e57f5f6e00278d64bb6f10f51811f4c71c855c67ec24cf79ab6f7de40a71,forensic_b,c55f9bfba01cbfc7b0cc8f2f2c8aaa4e84bf63a57f4e9ac2d2b0b97d64934faa,c55f9bfba01cbfc7b0cc8f2f2c8aaa4e84bf63a57f4e9ac2d2b0b97d64934faa,5946983b4ab5a9e88eaa7895468513efb4ed0094cbaa12a1db3d4db7d49ad9ec,SEMANTIC_REVIEW_REQUIRED_NO_PORT
src/quant_platform/orchestration/corrective_wizard_comparator_review_control.py,source_or_dependency,5946983b4ab5a9e88eaa7895468513efb4ed0094cbaa12a1db3d4db7d49ad9ec,visual_recovery,c55f9bfba01cbfc7b0cc8f2f2c8aaa4e84bf63a57f4e9ac2d2b0b97d64934faa,c55f9bfba01cbfc7b0cc8f2f2c8aaa4e84bf63a57f4e9ac2d2b0b97d64934faa,5946983b4ab5a9e88eaa7895468513efb4ed0094cbaa12a1db3d4db7d49ad9ec,ANCESTOR_VERSION_RETAIN_NO_PORT
src/quant_platform/orchestration/corrective_wizard_copula_behavioral.py,source_or_dependency,cfe89322867090a86440d7983fe2b1ae21f1f1e0ffcad2e2e3d1899107b97140,forensic_b;visual_recovery,d808f4a106b1758a6698b42063b66e000790bf84e0d5bca6f32567aa760a3063,d808f4a106b1758a6698b42063b66e000790bf84e0d5bca6f32567aa760a3063,cfe89322867090a86440d7983fe2b1ae21f1f1e0ffcad2e2e3d1899107b97140,ANCESTOR_VERSION_RETAIN_NO_PORT
src/quant_platform/orchestration/corrective_wizard_dynamic_holdout.py,source_or_dependency,48202bc3041e2473cc228301a9cbb9a03b1e3c7e4e05aa58dd18cdf33a2df46d,visual_recovery,fa3428e3e7b321fcdeb4bdfee6bc8f9af426ff36e1a7f3509a7c23971afeca6a,fa3428e3e7b321fcdeb4bdfee6bc8f9af426ff36e1a7f3509a7c23971afeca6a,48202bc3041e2473cc228301a9cbb9a03b1e3c7e4e05aa58dd18cdf33a2df46d,ANCESTOR_VERSION_RETAIN_NO_PORT
src/quant_platform/orchestration/corrective_wizard_dynamic_holdout.py,source_or_dependency,6395b2f5204e7d471a4dfb0aef584c49b7c1723fd6c63cf59324c29cb5ed3031,forensic_b,fa3428e3e7b321fcdeb4bdfee6bc8f9af426ff36e1a7f3509a7c23971afeca6a,fa3428e3e7b321fcdeb4bdfee6bc8f9af426ff36e1a7f3509a7c23971afeca6a,48202bc3041e2473cc228301a9cbb9a03b1e3c7e4e05aa58dd18cdf33a2df46d,SEMANTIC_REVIEW_REQUIRED_NO_PORT
src/quant_platform/orchestration/corrective_wizard_dynamic_supreme_review.py,source_or_dependency,dff1493c12bbc2abda3925b90cafaebbb456508efd1c67fcbb43aa80a2fd8497,forensic_b;visual_recovery,1b150b79a973a85f734c4c2ee4cce73e1b86b6f258c4138a98d0ac1b0075b3bb,1b150b79a973a85f734c4c2ee4cce73e1b86b6f258c4138a98d0ac1b0075b3bb,dff1493c12bbc2abda3925b90cafaebbb456508efd1c67fcbb43aa80a2fd8497,ANCESTOR_VERSION_RETAIN_NO_PORT
src/quant_platform/orchestration/corrective_wizard_ou_holdout.py,source_or_dependency,1492cb24e049db15447d66db1a89739a22ccb9af304b15fb070b3398c1a4b7c8,forensic_b,56e5cde9d5f5759edce3a3a1e7fc7fd6aa6d83eea4ecc30feecba6fea13000d4,56e5cde9d5f5759edce3a3a1e7fc7fd6aa6d83eea4ecc30feecba6fea13000d4,f887fe864804128ee34e6241102022055f5f9e5420ee8fdc192a2829330a7584,SEMANTIC_REVIEW_REQUIRED_NO_PORT
src/quant_platform/orchestration/corrective_wizard_ou_holdout.py,source_or_dependency,f887fe864804128ee34e6241102022055f5f9e5420ee8fdc192a2829330a7584,visual_recovery,56e5cde9d5f5759edce3a3a1e7fc7fd6aa6d83eea4ecc30feecba6fea13000d4,56e5cde9d5f5759edce3a3a1e7fc7fd6aa6d83eea4ecc30feecba6fea13000d4,f887fe864804128ee34e6241102022055f5f9e5420ee8fdc192a2829330a7584,ANCESTOR_VERSION_RETAIN_NO_PORT
src/quant_platform/orchestration/corrective_wizard_ou_v4_failure_attribution.py,source_or_dependency,af7b894ab1c75c3869c26e38eca67efd241ad0d429e7a84a7b6daa6bfd24b430,forensic_b;visual_recovery,258292adede80682b53319a1339a02e3a38e25bd587eb59d95cd4bd48512c3cd,258292adede80682b53319a1339a02e3a38e25bd587eb59d95cd4bd48512c3cd,af7b894ab1c75c3869c26e38eca67efd241ad0d429e7a84a7b6daa6bfd24b430,ANCESTOR_VERSION_RETAIN_NO_PORT
src/quant_platform/orchestration/corrective_wizard_ou_v4_holdout.py,source_or_dependency,2079c38b2b32842dbc00cdc64a66c85a22200058d478aa53c2ee90ea5cde9b4c,visual_recovery,b01f84623d5846cb1bea5436433d77143cb1558fd11dea4a8163e3b58b38face,b01f84623d5846cb1bea5436433d77143cb1558fd11dea4a8163e3b58b38face,2079c38b2b32842dbc00cdc64a66c85a22200058d478aa53c2ee90ea5cde9b4c,ANCESTOR_VERSION_RETAIN_NO_PORT
src/quant_platform/orchestration/corrective_wizard_ou_v4_holdout.py,source_or_dependency,8b9e64b2720b31dbaab1a2bcbf80ef5f9bda64aad75aa5cb0255c82270b52ffc,forensic_b,b01f84623d5846cb1bea5436433d77143cb1558fd11dea4a8163e3b58b38face,b01f84623d5846cb1bea5436433d77143cb1558fd11dea4a8163e3b58b38face,2079c38b2b32842dbc00cdc64a66c85a22200058d478aa53c2ee90ea5cde9b4c,SEMANTIC_REVIEW_REQUIRED_NO_PORT
src/quant_platform/orchestration/corrective_wizard_ou_v4_supreme_review.py,source_or_dependency,05eb88f5dc80634e643f5a34d5a4633672fda3691b426b1f82134e1471aabe7c,forensic_b;visual_recovery,740fdf902b66da9711bae0b254719d4785abc3cc054bd8d6d394b4c55b1777ca,740fdf902b66da9711bae0b254719d4785abc3cc054bd8d6d394b4c55b1777ca,05eb88f5dc80634e643f5a34d5a4633672fda3691b426b1f82134e1471aabe7c,ANCESTOR_VERSION_RETAIN_NO_PORT
src/quant_platform/orchestration/corrective_wizard_ou_v5_failure_attribution.py,source_or_dependency,28988952519159c8d2803589831a04517b5d462deef61816f07658ea5f6efa63,forensic_b;visual_recovery,111b8af419fa8e65bd9145ed38709b69cd3c8bdb77c6d113a5b0f6e3fe60864e,111b8af419fa8e65bd9145ed38709b69cd3c8bdb77c6d113a5b0f6e3fe60864e,28988952519159c8d2803589831a04517b5d462deef61816f07658ea5f6efa63,ANCESTOR_VERSION_RETAIN_NO_PORT
src/quant_platform/orchestration/corrective_wizard_ou_v5_holdout.py,source_or_dependency,b92611ab493c8dc0e7319e0379654b621894001bb33553574e7c27d5e9d4d692,visual_recovery,079c9ee392a4b1bf9a2704e06b8d5ee81cd9a703f4c65aecd27508138579b80c,079c9ee392a4b1bf9a2704e06b8d5ee81cd9a703f4c65aecd27508138579b80c,b92611ab493c8dc0e7319e0379654b621894001bb33553574e7c27d5e9d4d692,ANCESTOR_VERSION_RETAIN_NO_PORT
src/quant_platform/orchestration/corrective_wizard_ou_v5_holdout.py,source_or_dependency,f7e197fd4daa889635ea71822e50287e899a61eb50223ea08802a0dc04e77799,forensic_b,079c9ee392a4b1bf9a2704e06b8d5ee81cd9a703f4c65aecd27508138579b80c,079c9ee392a4b1bf9a2704e06b8d5ee81cd9a703f4c65aecd27508138579b80c,b92611ab493c8dc0e7319e0379654b621894001bb33553574e7c27d5e9d4d692,SEMANTIC_REVIEW_REQUIRED_NO_PORT
src/quant_platform/orchestration/corrective_wizard_ou_v5_supreme_review.py,source_or_dependency,65317e5886415f1c6a28f147159028809f2014bf6cc47b01779b19b70f151cc5,forensic_b;visual_recovery,5b67e4c192b47d1e788c1ec5cb075f7fd07fa07d213fea40879d2ceb004c52bf,5b67e4c192b47d1e788c1ec5cb075f7fd07fa07d213fea40879d2ceb004c52bf,65317e5886415f1c6a28f147159028809f2014bf6cc47b01779b19b70f151cc5,ANCESTOR_VERSION_RETAIN_NO_PORT
src/quant_platform/orchestration/corrective_wizard_ou_v6_holdout.py,source_or_dependency,1a37b2175c8c0ff6a570523379f6c1dc2933389a755710f7d696bf2dac759e80,visual_recovery,f7244745419fadb8320462e842b9420f5268e053285982e44b51c348ba4fe0f2,f7244745419fadb8320462e842b9420f5268e053285982e44b51c348ba4fe0f2,1a37b2175c8c0ff6a570523379f6c1dc2933389a755710f7d696bf2dac759e80,ANCESTOR_VERSION_RETAIN_NO_PORT
src/quant_platform/orchestration/corrective_wizard_ou_v6_holdout.py,source_or_dependency,8026c5a0b77a9fd6e67426d027f7ab7745665cae675795d39cc2bc1d736d4662,forensic_b,f7244745419fadb8320462e842b9420f5268e053285982e44b51c348ba4fe0f2,f7244745419fadb8320462e842b9420f5268e053285982e44b51c348ba4fe0f2,1a37b2175c8c0ff6a570523379f6c1dc2933389a755710f7d696bf2dac759e80,SEMANTIC_REVIEW_REQUIRED_NO_PORT
src/quant_platform/orchestration/corrective_wizard_ou_v6_supreme_review.py,source_or_dependency,cf5a3bedd77e7d970b8e650a74ca81ef0de9d9e0a4be58f4439c948561ddc51b,forensic_b;visual_recovery,7cb3d867343a686a8efad67ea10c995576ec79a9393b276225cfd1978ee30cf1,7cb3d867343a686a8efad67ea10c995576ec79a9393b276225cfd1978ee30cf1,cf5a3bedd77e7d970b8e650a74ca81ef0de9d9e0a4be58f4439c948561ddc51b,ANCESTOR_VERSION_RETAIN_NO_PORT
src/quant_platform/orchestration/corrective_wizard_ou_v6_terminal_closure.py,source_or_dependency,6b2db77d8b2db77ed28c26b23510f36364ab1bd612ccf3c873bf0cc73d1c507d,forensic_a;forensic_b;visual_recovery;workspace_outer,ea6949799671fc28a9ab19a43e66605b54a3642a90fa852c99f911e06934bdf7,ea6949799671fc28a9ab19a43e66605b54a3642a90fa852c99f911e06934bdf7,,SEMANTIC_REVIEW_REQUIRED_NO_PORT
src/quant_platform/orchestration/corrective_wizard_parity.py,source_or_dependency,08d97817cb8992c08ccc6aedcd0c897051d20db919deb55cb718132009e93d9b,visual_recovery,30a39d62ffd1f5c9857e8eeaedcf478f749e6318a19d219bdfda773e25757b7f,30a39d62ffd1f5c9857e8eeaedcf478f749e6318a19d219bdfda773e25757b7f,08d97817cb8992c08ccc6aedcd0c897051d20db919deb55cb718132009e93d9b,ANCESTOR_VERSION_RETAIN_NO_PORT
src/quant_platform/orchestration/corrective_wizard_parity.py,source_or_dependency,a2c27e44a6ec14307ed1d0d386455ff09c42bf63e2814f805183ee32b23a1288,forensic_b,30a39d62ffd1f5c9857e8eeaedcf478f749e6318a19d219bdfda773e25757b7f,30a39d62ffd1f5c9857e8eeaedcf478f749e6318a19d219bdfda773e25757b7f,08d97817cb8992c08ccc6aedcd0c897051d20db919deb55cb718132009e93d9b,SEMANTIC_REVIEW_REQUIRED_NO_PORT
src/quant_platform/orchestration/corrective_wizard_proof_launcher.py,source_or_dependency,6cca2c433996773f9c4034abc68d9b6d32d8e440edf04781a9bef25eb44857bb,forensic_b,e9dfbf182f4561b42bf3725ef6316cf7ec09f87f8d1cb5afdd4985299ff8406a,e9dfbf182f4561b42bf3725ef6316cf7ec09f87f8d1cb5afdd4985299ff8406a,bdaaf213088e91e60d82f8dfe0491fd0c3c4358d81091b2da1fb10be8832ba4b,SEMANTIC_REVIEW_REQUIRED_NO_PORT
src/quant_platform/orchestration/corrective_wizard_proof_launcher.py,source_or_dependency,bdaaf213088e91e60d82f8dfe0491fd0c3c4358d81091b2da1fb10be8832ba4b,visual_recovery,e9dfbf182f4561b42bf3725ef6316cf7ec09f87f8d1cb5afdd4985299ff8406a,e9dfbf182f4561b42bf3725ef6316cf7ec09f87f8d1cb5afdd4985299ff8406a,bdaaf213088e91e60d82f8dfe0491fd0c3c4358d81091b2da1fb10be8832ba4b,ANCESTOR_VERSION_RETAIN_NO_PORT
src/quant_platform/orchestration/corrective_wizard_proof_scheduler.py,source_or_dependency,3f78c0c156baa883b2f29edac0e4100c108eed757dd46848c9442245fadb0e51,forensic_b,8caf2e49f662c40f38252506e1b039898cf5cf8807e71d3994b71bf01dba10eb,8caf2e49f662c40f38252506e1b039898cf5cf8807e71d3994b71bf01dba10eb,7305b90428e4d3638e6c77ff74f78b63f010962b1d375f39b2ae629dfcd054bc,SEMANTIC_REVIEW_REQUIRED_NO_PORT
src/quant_platform/orchestration/corrective_wizard_proof_scheduler.py,source_or_dependency,7305b90428e4d3638e6c77ff74f78b63f010962b1d375f39b2ae629dfcd054bc,visual_recovery,8caf2e49f662c40f38252506e1b039898cf5cf8807e71d3994b71bf01dba10eb,8caf2e49f662c40f38252506e1b039898cf5cf8807e71d3994b71bf01dba10eb,7305b90428e4d3638e6c77ff74f78b63f010962b1d375f39b2ae629dfcd054bc,ANCESTOR_VERSION_RETAIN_NO_PORT
src/quant_platform/orchestration/corrective_wizard_reset_readiness.py,source_or_dependency,3b7c71b3f1a4da5377137dd855dbdcc46d622024635024098d4e71acff45a234,forensic_b,82f8c24b6a354ef2a72b49a759a7f0c53b0b4c71681e753da182d4a313309efa,82f8c24b6a354ef2a72b49a759a7f0c53b0b4c71681e753da182d4a313309efa,8980c3da7cb7655ddec7e7c8f94f92dd9a62415dfc7be78158b9d3327a6410ea,SEMANTIC_REVIEW_REQUIRED_NO_PORT
src/quant_platform/orchestration/corrective_wizard_reset_readiness.py,source_or_dependency,8980c3da7cb7655ddec7e7c8f94f92dd9a62415dfc7be78158b9d3327a6410ea,visual_recovery,82f8c24b6a354ef2a72b49a759a7f0c53b0b4c71681e753da182d4a313309efa,82f8c24b6a354ef2a72b49a759a7f0c53b0b4c71681e753da182d4a313309efa,8980c3da7cb7655ddec7e7c8f94f92dd9a62415dfc7be78158b9d3327a6410ea,ANCESTOR_VERSION_RETAIN_NO_PORT
src/quant_platform/orchestration/corrective_wizard_surface_inventory.py,source_or_dependency,75cc379ec1972b76a24363a8f4dcaa3cccf4e63103f8c46c0a94eb2024fb4397,forensic_b;visual_recovery,be13dbcc8eecf64a9a28ac8dafe48a4ce3cd046b5d0a18e574ed576172b39723,be13dbcc8eecf64a9a28ac8dafe48a4ce3cd046b5d0a18e574ed576172b39723,75cc379ec1972b76a24363a8f4dcaa3cccf4e63103f8c46c0a94eb2024fb4397,ANCESTOR_VERSION_RETAIN_NO_PORT
src/quant_platform/orchestration/corrective_wizard_unattended_preflight.py,source_or_dependency,a1d4b4223074a53bea72be47be0885c90c9a6e5f5ef6ce4047f87aadfdddea78,forensic_b;visual_recovery,922024391a19832623d86ec9107b8ba34c11aeec6856985973040cbd2f1df015,922024391a19832623d86ec9107b8ba34c11aeec6856985973040cbd2f1df015,a1d4b4223074a53bea72be47be0885c90c9a6e5f5ef6ce4047f87aadfdddea78,ANCESTOR_VERSION_RETAIN_NO_PORT
src/quant_platform/orchestration/current_wizard_hyperliquid_archive.py,source_or_dependency,d82565e326aa2a2fca6c01f1d62d3bd74b6df0ea434149109a71137a26bbc663,forensic_b,3a237cb5bf0d333bed82ec0afa283ada2f3e5d6882d0d404570ffe7561a0668a,3a237cb5bf0d333bed82ec0afa283ada2f3e5d6882d0d404570ffe7561a0668a,f708378abd9569ae0ccb948d8fec9617b370f4762a9d4669eda9cb201ad183d0,SEMANTIC_REVIEW_REQUIRED_NO_PORT
src/quant_platform/orchestration/current_wizard_hyperliquid_archive.py,source_or_dependency,f708378abd9569ae0ccb948d8fec9617b370f4762a9d4669eda9cb201ad183d0,visual_recovery,3a237cb5bf0d333bed82ec0afa283ada2f3e5d6882d0d404570ffe7561a0668a,3a237cb5bf0d333bed82ec0afa283ada2f3e5d6882d0d404570ffe7561a0668a,f708378abd9569ae0ccb948d8fec9617b370f4762a9d4669eda9cb201ad183d0,ANCESTOR_VERSION_RETAIN_NO_PORT
src/quant_platform/orchestration/current_wizard_hyperliquid_archive_release.py,source_or_dependency,ded1b879c2d0b81581f76af7aaf3f839a3ddc70fe9a09f08e52079b230712ce6,forensic_b;visual_recovery,5c344ac7c785606e444e64cdeb8a44b43d6a99bd2b9f8498267998b0582ddb79,5c344ac7c785606e444e64cdeb8a44b43d6a99bd2b9f8498267998b0582ddb79,ded1b879c2d0b81581f76af7aaf3f839a3ddc70fe9a09f08e52079b230712ce6,ANCESTOR_VERSION_RETAIN_NO_PORT
src/quant_platform/orchestration/current_wizard_hyperliquid_cadence.py,source_or_dependency,59e50230bd43a9a42e98e09127e85b42e84a9a90290bf19da24fcac80b8e360c,visual_recovery,0a255f48be7f9472767a5fc235ffd8ac2340cb2bc23af743e0cfe7c10cb8ff04,0a255f48be7f9472767a5fc235ffd8ac2340cb2bc23af743e0cfe7c10cb8ff04,59e50230bd43a9a42e98e09127e85b42e84a9a90290bf19da24fcac80b8e360c,ANCESTOR_VERSION_RETAIN_NO_PORT
src/quant_platform/orchestration/current_wizard_hyperliquid_cadence.py,source_or_dependency,f694eac80a6167e4e555446ad75873fa438d448fa3e689d0520890c95bce9977,forensic_b,0a255f48be7f9472767a5fc235ffd8ac2340cb2bc23af743e0cfe7c10cb8ff04,0a255f48be7f9472767a5fc235ffd8ac2340cb2bc23af743e0cfe7c10cb8ff04,59e50230bd43a9a42e98e09127e85b42e84a9a90290bf19da24fcac80b8e360c,SEMANTIC_REVIEW_REQUIRED_NO_PORT
src/quant_platform/orchestration/current_wizard_hyperliquid_completion_audit.py,source_or_dependency,7041fa0880ac1eadc695773209d71c995196cc044c83943b87cdfb6c56129c33,visual_recovery,f88f6e52ffa887d527b033b42c126560197396daae287f42bc128e19c9b0e37d,f88f6e52ffa887d527b033b42c126560197396daae287f42bc128e19c9b0e37d,7041fa0880ac1eadc695773209d71c995196cc044c83943b87cdfb6c56129c33,ANCESTOR_VERSION_RETAIN_NO_PORT
src/quant_platform/orchestration/current_wizard_hyperliquid_completion_audit.py,source_or_dependency,db8d5cd842667d75b2c730b11ac1ed0597dc38c6d3ed51933b25f2b0e98442ee,forensic_b,f88f6e52ffa887d527b033b42c126560197396daae287f42bc128e19c9b0e37d,f88f6e52ffa887d527b033b42c126560197396daae287f42bc128e19c9b0e37d,7041fa0880ac1eadc695773209d71c995196cc044c83943b87cdfb6c56129c33,SEMANTIC_REVIEW_REQUIRED_NO_PORT
src/quant_platform/orchestration/current_wizard_hyperliquid_concentration.py,source_or_dependency,cca3a679bf6381ff79cbcff393fb53df10b8a5fcab5b9fec21aa3f88de469b8e,forensic_b;visual_recovery,85fabe0d72826de1168fc7b1e8d0ca7e7921ccaef49aba391ed527d8ac102528,85fabe0d72826de1168fc7b1e8d0ca7e7921ccaef49aba391ed527d8ac102528,cca3a679bf6381ff79cbcff393fb53df10b8a5fcab5b9fec21aa3f88de469b8e,ANCESTOR_VERSION_RETAIN_NO_PORT
src/quant_platform/orchestration/current_wizard_hyperliquid_costs.py,source_or_dependency,017e4b900234d70d07845ac89236039fbd16a96b3ed1b3553caa5cda668f38a7,forensic_b,fec643b2eedf87b31bbd72771c553a9f271196e253ab56fd62052bea4725facd,fec643b2eedf87b31bbd72771c553a9f271196e253ab56fd62052bea4725facd,6a8a7334981acf14a6cfe76de3a2c5e111acd79b9aee2a00e4e108ac5c295a9c,SEMANTIC_REVIEW_REQUIRED_NO_PORT
src/quant_platform/orchestration/current_wizard_hyperliquid_costs.py,source_or_dependency,ccad6a4eb9c41754e478e9cd5465c9c9c559c1071eefb3df950bdd8bcaea9d40,forensic_a;visual_recovery;workspace_outer,fec643b2eedf87b31bbd72771c553a9f271196e253ab56fd62052bea4725facd,fec643b2eedf87b31bbd72771c553a9f271196e253ab56fd62052bea4725facd,6a8a7334981acf14a6cfe76de3a2c5e111acd79b9aee2a00e4e108ac5c295a9c,SEMANTIC_REVIEW_REQUIRED_NO_PORT
src/quant_platform/orchestration/current_wizard_hyperliquid_daily_runner.py,source_or_dependency,05ff4d3a9dd971374e2c0797d614d297a441f25c849111ce6e9a5b72f8fe9013,visual_recovery,0b7f4a4dc4539c03d17210aa048230cd701bd8b5cd90879311703102e9957bfb,0b7f4a4dc4539c03d17210aa048230cd701bd8b5cd90879311703102e9957bfb,05ff4d3a9dd971374e2c0797d614d297a441f25c849111ce6e9a5b72f8fe9013,ANCESTOR_VERSION_RETAIN_NO_PORT
src/quant_platform/orchestration/current_wizard_hyperliquid_daily_runner.py,source_or_dependency,3c8135bf64ac05eb95bc65e43b77ca10c5f7c9fec01a58e36f30f29fe563c4c7,forensic_b,0b7f4a4dc4539c03d17210aa048230cd701bd8b5cd90879311703102e9957bfb,0b7f4a4dc4539c03d17210aa048230cd701bd8b5cd90879311703102e9957bfb,05ff4d3a9dd971374e2c0797d614d297a441f25c849111ce6e9a5b72f8fe9013,SEMANTIC_REVIEW_REQUIRED_NO_PORT
src/quant_platform/orchestration/current_wizard_hyperliquid_evidence_command_center.py,source_or_dependency,28161a404dd0bbdd61aa1c099779e3f875d7e58c19377e12f8743389c45b9381,forensic_a;forensic_b;visual_recovery;workspace_outer,5babf2daecb550809c9802b65b3aad13b856ff616da9ae64288a32c78e2e11c3,5babf2daecb550809c9802b65b3aad13b856ff616da9ae64288a32c78e2e11c3,,SEMANTIC_REVIEW_REQUIRED_NO_PORT
src/quant_platform/orchestration/current_wizard_hyperliquid_failure_attribution.py,source_or_dependency,d8a8a4ae4e2d4a5cdef40905922dab31e91e37d6613ca4d95297cf6d4fe1ec8c,forensic_b,8731eab72e9489a01d0c0c1357359a53c973251d46f9dcb1ba444616309756c7,8731eab72e9489a01d0c0c1357359a53c973251d46f9dcb1ba444616309756c7,041e7c384a8f06f0ebbebc906ffaf9ac0cbd53c2e1c1e8f156bcbd69131b1602,SEMANTIC_REVIEW_REQUIRED_NO_PORT
src/quant_platform/orchestration/current_wizard_hyperliquid_failure_attribution.py,source_or_dependency,dbba2e4f0bff1d145776bf85e161acd44ec83c60e0633d85762d83804f1797fc,forensic_a;visual_recovery;workspace_outer,8731eab72e9489a01d0c0c1357359a53c973251d46f9dcb1ba444616309756c7,8731eab72e9489a01d0c0c1357359a53c973251d46f9dcb1ba444616309756c7,041e7c384a8f06f0ebbebc906ffaf9ac0cbd53c2e1c1e8f156bcbd69131b1602,SEMANTIC_REVIEW_REQUIRED_NO_PORT
src/quant_platform/orchestration/current_wizard_hyperliquid_handoff.py,source_or_dependency,5505896b7692cebf0022802a54633a5fe6810f7b96b4b40af69dfc688f9559ae,visual_recovery,4211e54df3b1711c139b207bd00ba3f6e226227667dd1e0a5ac9780df0902803,4211e54df3b1711c139b207bd00ba3f6e226227667dd1e0a5ac9780df0902803,5505896b7692cebf0022802a54633a5fe6810f7b96b4b40af69dfc688f9559ae,ANCESTOR_VERSION_RETAIN_NO_PORT
src/quant_platform/orchestration/current_wizard_hyperliquid_handoff.py,source_or_dependency,f65945b9543b0f0dc10537f4f14e5be83730957d56077ed2ba6e649c72a72b16,forensic_b,4211e54df3b1711c139b207bd00ba3f6e226227667dd1e0a5ac9780df0902803,4211e54df3b1711c139b207bd00ba3f6e226227667dd1e0a5ac9780df0902803,5505896b7692cebf0022802a54633a5fe6810f7b96b4b40af69dfc688f9559ae,SEMANTIC_REVIEW_REQUIRED_NO_PORT
src/quant_platform/orchestration/current_wizard_hyperliquid_learning.py,source_or_dependency,fb789993a69945c942b1d63103dcc1eee454fc73b9b0a66b73a7e3fa3e2d35a7,forensic_b;visual_recovery,c29fca8d47ed09552bfcd50ccfc611ca90336a265f0784cf3a518b451f52244e,c29fca8d47ed09552bfcd50ccfc611ca90336a265f0784cf3a518b451f52244e,fb789993a69945c942b1d63103dcc1eee454fc73b9b0a66b73a7e3fa3e2d35a7,ANCESTOR_VERSION_RETAIN_NO_PORT
src/quant_platform/orchestration/current_wizard_hyperliquid_leverage.py,source_or_dependency,6d8d9df871bd6413edec428269beffe9fbd16fd6dad4be10060a86fe73feaaae,forensic_b,2d249659415b58b12260175154c792e35c81a0019cdfe9a50593a892345cba21,2d249659415b58b12260175154c792e35c81a0019cdfe9a50593a892345cba21,f75ef133e98b034e76ffa32d4d99fbed547029e98c6cd767fa0ce10c888d9041,SEMANTIC_REVIEW_REQUIRED_NO_PORT
src/quant_platform/orchestration/current_wizard_hyperliquid_leverage.py,source_or_dependency,f75ef133e98b034e76ffa32d4d99fbed547029e98c6cd767fa0ce10c888d9041,visual_recovery,2d249659415b58b12260175154c792e35c81a0019cdfe9a50593a892345cba21,2d249659415b58b12260175154c792e35c81a0019cdfe9a50593a892345cba21,f75ef133e98b034e76ffa32d4d99fbed547029e98c6cd767fa0ce10c888d9041,ANCESTOR_VERSION_RETAIN_NO_PORT
src/quant_platform/orchestration/current_wizard_hyperliquid_math_comparison.py,source_or_dependency,b63154d952f59c9f2a87b4f13fc8f97250c572213c9995ba903d9032e6c9068f,forensic_a;forensic_b;visual_recovery;workspace_outer,61fbf6f444d7c56018e48147e795f4a4a9c7250102ba33fd53941998ff2a2a59,61fbf6f444d7c56018e48147e795f4a4a9c7250102ba33fd53941998ff2a2a59,,SEMANTIC_REVIEW_REQUIRED_NO_PORT
src/quant_platform/orchestration/current_wizard_hyperliquid_observed_replay.py,source_or_dependency,22a2a757d4e08d100ba4bc58028e0ed0fb7f32ed2a7ac910b6ed0860cfb5906f,forensic_b,a2b5fc4272b74d6016a13ce5cdcbe028608fee8bda3a87831a762b1c7b79f7d2,a2b5fc4272b74d6016a13ce5cdcbe028608fee8bda3a87831a762b1c7b79f7d2,db1eea477d796c10197610fa0fd60bc76a5bf2e3737f66fcec63b51985dfdc64,SEMANTIC_REVIEW_REQUIRED_NO_PORT
src/quant_platform/orchestration/current_wizard_hyperliquid_observed_replay.py,source_or_dependency,db1eea477d796c10197610fa0fd60bc76a5bf2e3737f66fcec63b51985dfdc64,visual_recovery,a2b5fc4272b74d6016a13ce5cdcbe028608fee8bda3a87831a762b1c7b79f7d2,a2b5fc4272b74d6016a13ce5cdcbe028608fee8bda3a87831a762b1c7b79f7d2,db1eea477d796c10197610fa0fd60bc76a5bf2e3737f66fcec63b51985dfdc64,ANCESTOR_VERSION_RETAIN_NO_PORT
src/quant_platform/orchestration/current_wizard_hyperliquid_regimes.py,source_or_dependency,1e8498dfeda760761a7a3db8134918d59a978819a348b667d147f0a674519684,visual_recovery,d0b2573e3e49e53c75aa1dad998c84671ff1da2c6b5300bd11bf686faf14e66f,d0b2573e3e49e53c75aa1dad998c84671ff1da2c6b5300bd11bf686faf14e66f,1e8498dfeda760761a7a3db8134918d59a978819a348b667d147f0a674519684,ANCESTOR_VERSION_RETAIN_NO_PORT
src/quant_platform/orchestration/current_wizard_hyperliquid_regimes.py,source_or_dependency,97862ce6e79983d0abb26455c15510656fdb4793fe6e4477b765869a4fa5abd2,forensic_b,d0b2573e3e49e53c75aa1dad998c84671ff1da2c6b5300bd11bf686faf14e66f,d0b2573e3e49e53c75aa1dad998c84671ff1da2c6b5300bd11bf686faf14e66f,1e8498dfeda760761a7a3db8134918d59a978819a348b667d147f0a674519684,SEMANTIC_REVIEW_REQUIRED_NO_PORT
src/quant_platform/orchestration/current_wizard_hyperliquid_replay.py,source_or_dependency,6f654eb7580b3d9ac5dcf42f5110e2b1ad61dc8745def385e7dab4a9128bc700,forensic_a;visual_recovery;workspace_outer,a90af31eceafef9a02f46b07e93e1f4142556140cbdbdf56e3d168756486efb8,a90af31eceafef9a02f46b07e93e1f4142556140cbdbdf56e3d168756486efb8,5980ff86c0fc0c37c460f0355cb6e68a70cf92a64e18ae4b2c953d6a8e319dd5,SEMANTIC_REVIEW_REQUIRED_NO_PORT
src/quant_platform/orchestration/current_wizard_hyperliquid_replay.py,source_or_dependency,e8c15e314ed1032669616c1983d750ceae8bd94b3ce1e6cae9639aa6eda8266f,forensic_b,a90af31eceafef9a02f46b07e93e1f4142556140cbdbdf56e3d168756486efb8,a90af31eceafef9a02f46b07e93e1f4142556140cbdbdf56e3d168756486efb8,5980ff86c0fc0c37c460f0355cb6e68a70cf92a64e18ae4b2c953d6a8e319dd5,SEMANTIC_REVIEW_REQUIRED_NO_PORT
src/quant_platform/orchestration/current_wizard_hyperliquid_robustness.py,source_or_dependency,2e4985134b44d73d818646589f5a65e410e031969864d05648358a197d2ecf19,visual_recovery,063aab5994aa0ff81a919c87ccf0ed3e9f395b984d977efc01decffee1f857ff,063aab5994aa0ff81a919c87ccf0ed3e9f395b984d977efc01decffee1f857ff,2e4985134b44d73d818646589f5a65e410e031969864d05648358a197d2ecf19,ANCESTOR_VERSION_RETAIN_NO_PORT
src/quant_platform/orchestration/current_wizard_hyperliquid_robustness.py,source_or_dependency,b770346dc8ea81247de5b9b0857d9678a604f905d9cf05912d55a07b143d9a81,forensic_b,063aab5994aa0ff81a919c87ccf0ed3e9f395b984d977efc01decffee1f857ff,063aab5994aa0ff81a919c87ccf0ed3e9f395b984d977efc01decffee1f857ff,2e4985134b44d73d818646589f5a65e410e031969864d05648358a197d2ecf19,SEMANTIC_REVIEW_REQUIRED_NO_PORT
src/quant_platform/orchestration/current_wizard_hyperliquid_storage.py,source_or_dependency,7280665d61c1314e55b8a06dd1f210a89d6ca3d759f64a53a59a32ef73ed270e,forensic_b,8f2746e256178e038d64f6a289cc0d524a4f579751a525eb8f58201360977028,8f2746e256178e038d64f6a289cc0d524a4f579751a525eb8f58201360977028,368a4848f7c16a741cc0e83c2483d2189b6525e6e6c1ae805949053e5c9b2a96,SEMANTIC_REVIEW_REQUIRED_NO_PORT
src/quant_platform/orchestration/current_wizard_hyperliquid_storage.py,source_or_dependency,ea44a5db59458f4fa1460c5bba7e6828f1f874bbb9aea3c32b1b5aab020e873f,forensic_a;visual_recovery;workspace_outer,8f2746e256178e038d64f6a289cc0d524a4f579751a525eb8f58201360977028,8f2746e256178e038d64f6a289cc0d524a4f579751a525eb8f58201360977028,368a4848f7c16a741cc0e83c2483d2189b6525e6e6c1ae805949053e5c9b2a96,SEMANTIC_REVIEW_REQUIRED_NO_PORT
src/quant_platform/orchestration/current_wizard_hyperliquid_testnet_protocol.py,source_or_dependency,c56f2d7558176bf64a1ed0dad79e632bcb90f680ac3a16af7c13d9b59932a9b0,forensic_b;visual_recovery,b17439819440d93cdceb150817eb0a6b1c941ae5a7c943971d8eb87cd004c2fa,b17439819440d93cdceb150817eb0a6b1c941ae5a7c943971d8eb87cd004c2fa,c56f2d7558176bf64a1ed0dad79e632bcb90f680ac3a16af7c13d9b59932a9b0,ANCESTOR_VERSION_RETAIN_NO_PORT
src/quant_platform/orchestration/current_wizard_hyperliquid_validation.py,source_or_dependency,4974c0aaa689d77aa08484834ab34f8b165f3392bcc2afc0e46e279eca02b603,forensic_a;forensic_b;visual_recovery;workspace_outer,00c04bd67c86f437fd9499bca391c13d29c99e404d5c2d7417ded3d4598bdaa8,00c04bd67c86f437fd9499bca391c13d29c99e404d5c2d7417ded3d4598bdaa8,780521880812e7f7a7d6e2abe126bae6f65066ef7114f116a1e7cf4e2a8958aa,SEMANTIC_REVIEW_REQUIRED_NO_PORT
src/quant_platform/orchestration/current_wizard_hyperliquid_walkforward.py,source_or_dependency,25abf440318e9eb9860bc8b308d177d5dfc43f799e6fe1891fec89d09b69c8b6,forensic_b,07fe0fe5ff96a827076c076966bf504ddb9198c0b8aedb2f6b3e4542a4f5d9d4,07fe0fe5ff96a827076c076966bf504ddb9198c0b8aedb2f6b3e4542a4f5d9d4,6f7baaa2f91478660a19bd1324f8b89a9eccfdbc9459970472f45218994a7cf0,SEMANTIC_REVIEW_REQUIRED_NO_PORT
src/quant_platform/orchestration/current_wizard_hyperliquid_walkforward.py,source_or_dependency,a76319c5ccccaf6ce90c2aec4e66e9c8c8015aff451c73d07dbd24e26877bebd,forensic_a;visual_recovery;workspace_outer,07fe0fe5ff96a827076c076966bf504ddb9198c0b8aedb2f6b3e4542a4f5d9d4,07fe0fe5ff96a827076c076966bf504ddb9198c0b8aedb2f6b3e4542a4f5d9d4,6f7baaa2f91478660a19bd1324f8b89a9eccfdbc9459970472f45218994a7cf0,SEMANTIC_REVIEW_REQUIRED_NO_PORT
src/quant_platform/orchestration/current_wizard_ou_optimal_overlay.py,source_or_dependency,54d447b81d1efbc30890fa52e4c02cd8b01281aa81b8ac84aa390190c6a917db,visual_recovery,96fd525b863e95aabbac646d5bec7154659f320071d46c72114eb99e90e2fb84,96fd525b863e95aabbac646d5bec7154659f320071d46c72114eb99e90e2fb84,54d447b81d1efbc30890fa52e4c02cd8b01281aa81b8ac84aa390190c6a917db,ANCESTOR_VERSION_RETAIN_NO_PORT
src/quant_platform/orchestration/current_wizard_ou_optimal_overlay.py,source_or_dependency,78d16d582c669dd5bcbddc42d580ac3e6765dadc5266488bd7929c35dfa067b8,forensic_b,96fd525b863e95aabbac646d5bec7154659f320071d46c72114eb99e90e2fb84,96fd525b863e95aabbac646d5bec7154659f320071d46c72114eb99e90e2fb84,54d447b81d1efbc30890fa52e4c02cd8b01281aa81b8ac84aa390190c6a917db,SEMANTIC_REVIEW_REQUIRED_NO_PORT
src/quant_platform/orchestration/dynamic_ledger.py,source_or_dependency,475f66cd19f53641f05fc399765345c8019c6d5b01fc3043d8c87d31d2ebd031,forensic_b;visual_recovery,adb2e1666172dddcbc0f1cf1f9884967a9181c6622d00d898d55e5cd520f54f8,adb2e1666172dddcbc0f1cf1f9884967a9181c6622d00d898d55e5cd520f54f8,475f66cd19f53641f05fc399765345c8019c6d5b01fc3043d8c87d31d2ebd031,ANCESTOR_VERSION_RETAIN_NO_PORT
src/quant_platform/orchestration/dynamic_rollout.py,source_or_dependency,51412071f3eb14c658b690e46907074cf6dffb8325c73dff892bb13a36644c27,forensic_b;visual_recovery,caf14e51731b45f90c4a694d556a1866e1e354433e1aff8ae54fd3b766457290,caf14e51731b45f90c4a694d556a1866e1e354433e1aff8ae54fd3b766457290,51412071f3eb14c658b690e46907074cf6dffb8325c73dff892bb13a36644c27,ANCESTOR_VERSION_RETAIN_NO_PORT
src/quant_platform/orchestration/dynamic_router.py,source_or_dependency,3de589b799c026fa891b354631ccabd5ee44361537445f4c1119a6b5b6c0215e,forensic_b;visual_recovery,28257715053041bcfc87a50dbc8d7599fd7f29410804efa110e5d8b0e8f57259,28257715053041bcfc87a50dbc8d7599fd7f29410804efa110e5d8b0e8f57259,3de589b799c026fa891b354631ccabd5ee44361537445f4c1119a6b5b6c0215e,ANCESTOR_VERSION_RETAIN_NO_PORT
src/quant_platform/orchestration/dynamic_stage_runner.py,source_or_dependency,f4f178e4649cf5aa1827a09ede6ba1905c70e889f84ce2e428815fe30d4635ea,forensic_b,10a9001274875a108089db0cb90d406d0cb3c3058cc6615df1ac1fcb9798df8f,10a9001274875a108089db0cb90d406d0cb3c3058cc6615df1ac1fcb9798df8f,10a9001274875a108089db0cb90d406d0cb3c3058cc6615df1ac1fcb9798df8f,SEMANTIC_REVIEW_REQUIRED_NO_PORT
src/quant_platform/orchestration/dynamic_supreme_team.py,source_or_dependency,cfc213192c64d901a455a04a6dc06b47e4fcbb3b71f8bbe83357d81c8b01a88c,forensic_b;visual_recovery,ee7e4bcb31e73289771c74df1194e4bb9cd064858ce34d9ef6fb71d65434c568,ee7e4bcb31e73289771c74df1194e4bb9cd064858ce34d9ef6fb71d65434c568,cfc213192c64d901a455a04a6dc06b47e4fcbb3b71f8bbe83357d81c8b01a88c,ANCESTOR_VERSION_RETAIN_NO_PORT
src/quant_platform/orchestration/events.py,source_or_dependency,3ea47c054da9202fa563bbeda176819a8c55e6d1ae4f47237680926c8516a0eb,forensic_b;visual_recovery,b4a45342fc79b045148d529cf9ab289444221b972d296b104f43d4daf87ade0b,b4a45342fc79b045148d529cf9ab289444221b972d296b104f43d4daf87ade0b,3ea47c054da9202fa563bbeda176819a8c55e6d1ae4f47237680926c8516a0eb,ANCESTOR_VERSION_RETAIN_NO_PORT
src/quant_platform/orchestration/exhaustive_wizard_api_refresh.py,source_or_dependency,667a036421adbc780abe15aaf936a6c83bb6a169505ff7e88cea858b3b2be955,forensic_a;visual_recovery;workspace_outer,08e7db497504d27f80a0f6f0a83848021d98dea53e53640b48a761aebe2a5f1c,08e7db497504d27f80a0f6f0a83848021d98dea53e53640b48a761aebe2a5f1c,baf3628aca80e092aaae0b285f082b55161aff0213ba5cc7228ef72a6c46c059,SEMANTIC_REVIEW_REQUIRED_NO_PORT
src/quant_platform/orchestration/exhaustive_wizard_api_refresh.py,source_or_dependency,7b723159b94e189552ac87cdb80fd4acc58f8003698931ed81c122d41b031f6a,forensic_b,08e7db497504d27f80a0f6f0a83848021d98dea53e53640b48a761aebe2a5f1c,08e7db497504d27f80a0f6f0a83848021d98dea53e53640b48a761aebe2a5f1c,baf3628aca80e092aaae0b285f082b55161aff0213ba5cc7228ef72a6c46c059,SEMANTIC_REVIEW_REQUIRED_NO_PORT
src/quant_platform/orchestration/exhaustive_wizard_hyperliquid_canonical_replay.py,source_or_dependency,41c2450b7fe1118501f5928d4bc56e0a9bf8cf9e328775d81e2463f698de9d3f,forensic_b,206dd4250504919b5249d965eeafa9b03ad832b7f53438092d87cde57527583c,206dd4250504919b5249d965eeafa9b03ad832b7f53438092d87cde57527583c,d39d8cc3236a24c34274799d776eed9953badb9c4460194c03afb31d88559a85,SEMANTIC_REVIEW_REQUIRED_NO_PORT
src/quant_platform/orchestration/exhaustive_wizard_hyperliquid_canonical_replay.py,source_or_dependency,6d9c9e0ac76cafb9df083498c69d551003a3d11b61c3c88e05409a002b636b79,forensic_a;visual_recovery;workspace_outer,206dd4250504919b5249d965eeafa9b03ad832b7f53438092d87cde57527583c,206dd4250504919b5249d965eeafa9b03ad832b7f53438092d87cde57527583c,d39d8cc3236a24c34274799d776eed9953badb9c4460194c03afb31d88559a85,SEMANTIC_REVIEW_REQUIRED_NO_PORT
src/quant_platform/orchestration/exhaustive_wizard_hyperliquid_concentration.py,source_or_dependency,ff06000dab9edac93d2e1df55a506afaea4a09461137f09e11cdb4abf788330e,forensic_b;visual_recovery,753015317df71aa3ed4d9652d858b4172e89b6e6ac1972b9d5bd0ed96f483a92,753015317df71aa3ed4d9652d858b4172e89b6e6ac1972b9d5bd0ed96f483a92,ff06000dab9edac93d2e1df55a506afaea4a09461137f09e11cdb4abf788330e,ANCESTOR_VERSION_RETAIN_NO_PORT
src/quant_platform/orchestration/exhaustive_wizard_hyperliquid_cost_bridge.py,source_or_dependency,c2590a3a87ee45652f4fcc496d93c540f00897ecacabf8fc37d2006132398022,forensic_a;forensic_b;visual_recovery;workspace_outer,a119e29df04d56bcc2a1b329181632da51d3b34e9838f6c25b8c6054aee7524a,a119e29df04d56bcc2a1b329181632da51d3b34e9838f6c25b8c6054aee7524a,44f15781e6ed4423dc72a07470609f9a8078c98a226365feaa767e62656ae772,SEMANTIC_REVIEW_REQUIRED_NO_PORT
src/quant_platform/orchestration/exhaustive_wizard_hyperliquid_cost_evidence.py,source_or_dependency,4724c8c2a00e341966167140e49ad00b863f7dd3f2470bbc821ee061d4902643,forensic_a;visual_recovery;workspace_outer,3a3b1efc4f5d4ed580d950f2841c348faeac5e71dde99c845b2816e738f61aa1,3a3b1efc4f5d4ed580d950f2841c348faeac5e71dde99c845b2816e738f61aa1,46f6de1d2d08642dbff7167fe25d03a632fd3e96fe77c6b438b704231773a4a1,SEMANTIC_REVIEW_REQUIRED_NO_PORT
src/quant_platform/orchestration/exhaustive_wizard_hyperliquid_cost_evidence.py,source_or_dependency,6cbda81d9dd277749e5917009c2f1bfbee68450f949bd78c2c9c5777cd0a50e6,forensic_b,3a3b1efc4f5d4ed580d950f2841c348faeac5e71dde99c845b2816e738f61aa1,3a3b1efc4f5d4ed580d950f2841c348faeac5e71dde99c845b2816e738f61aa1,46f6de1d2d08642dbff7167fe25d03a632fd3e96fe77c6b438b704231773a4a1,SEMANTIC_REVIEW_REQUIRED_NO_PORT
src/quant_platform/orchestration/exhaustive_wizard_hyperliquid_learning.py,source_or_dependency,5ee616e8e5de56fd7b10169ba9d7cea105ab405a7ee0d0d1b6e0dfbc792d811e,forensic_b;visual_recovery,f128a4e5e7a65e5218cbdb2739d354e8f11d1ff8fe08244803debf969abc67b3,f128a4e5e7a65e5218cbdb2739d354e8f11d1ff8fe08244803debf969abc67b3,5ee616e8e5de56fd7b10169ba9d7cea105ab405a7ee0d0d1b6e0dfbc792d811e,ANCESTOR_VERSION_RETAIN_NO_PORT
src/quant_platform/orchestration/exhaustive_wizard_hyperliquid_leverage.py,source_or_dependency,96c17b635bd0ff082f72ca38755361daba63918d784318026c7d25ddb70a8c2f,forensic_a;forensic_b;visual_recovery;workspace_outer,f98c6e6feda78161242ebe367bd757accc69b56013facc8c834dc031c204cc50,f98c6e6feda78161242ebe367bd757accc69b56013facc8c834dc031c204cc50,fa28c093ef26afa819899a439b8dd601f71ee6f0c5e1f5dce24294e1652bd7c6,SEMANTIC_REVIEW_REQUIRED_NO_PORT
src/quant_platform/orchestration/exhaustive_wizard_hyperliquid_observed_cost_replay.py,source_or_dependency,1478b3d664e060d4c46c228d51298c781a3fded38164ee93484708dce11c69d4,forensic_a;forensic_b;visual_recovery;workspace_outer,b16c38c3011096fd410b94dbd14c0974ae8a10b40f74a1f5c9b898782dbaf6ce,b16c38c3011096fd410b94dbd14c0974ae8a10b40f74a1f5c9b898782dbaf6ce,5fc75799ca6a6d90c63e42b782cf777202c3f0e1237e4459e9ac43aee6ee0010,SEMANTIC_REVIEW_REQUIRED_NO_PORT
src/quant_platform/orchestration/exhaustive_wizard_hyperliquid_regimes.py,source_or_dependency,806167c8096af3eab9e216216e88519afa9df1e81a83a33d8d1b1be364b743a1,forensic_a;forensic_b;visual_recovery;workspace_outer,dfb5c1036f3fd85fa8a014956c5f383ac6155b28c6c069def16e24db0e40050d,dfb5c1036f3fd85fa8a014956c5f383ac6155b28c6c069def16e24db0e40050d,f22061385952d59651a80be15469de6aaf133301caf748bce3422e9a02a251b9,SEMANTIC_REVIEW_REQUIRED_NO_PORT
src/quant_platform/orchestration/exhaustive_wizard_hyperliquid_replay.py,source_or_dependency,046801082cdc75f327ed053fc0d21a943c0352a5a6acf58b87d0ff8b9f374d9e,forensic_b,45ac2ac271388071e26bc62ea131aa7f55bdeda1f38fa578d513322953620017,45ac2ac271388071e26bc62ea131aa7f55bdeda1f38fa578d513322953620017,1cc1050f36e0afd9fc979a6b57e8328ccac0d6b1632b3a3d4cca4390e0d1b427,SEMANTIC_REVIEW_REQUIRED_NO_PORT
src/quant_platform/orchestration/exhaustive_wizard_hyperliquid_replay.py,source_or_dependency,7271c8b8450a25e3e33ee15c6f5d456f736bf3d36186772e3919fbfe429a6d20,forensic_a;visual_recovery;workspace_outer,45ac2ac271388071e26bc62ea131aa7f55bdeda1f38fa578d513322953620017,45ac2ac271388071e26bc62ea131aa7f55bdeda1f38fa578d513322953620017,1cc1050f36e0afd9fc979a6b57e8328ccac0d6b1632b3a3d4cca4390e0d1b427,SEMANTIC_REVIEW_REQUIRED_NO_PORT
src/quant_platform/orchestration/exhaustive_wizard_hyperliquid_robustness.py,source_or_dependency,d6f2079126a1e14ad5aa1849a641972fc1911551ea5fccfcafdd7bf9c69abd30,forensic_a;forensic_b;visual_recovery;workspace_outer,c182995189ea1095de0da50fd6734f4852cb6c69b7a83aba24e7f32baab32e1d,c182995189ea1095de0da50fd6734f4852cb6c69b7a83aba24e7f32baab32e1d,09fb276cdf82ab13632aec214bb50510f7f3ee7a27e8d3f7f8b6ddc19de9c533,SEMANTIC_REVIEW_REQUIRED_NO_PORT
src/quant_platform/orchestration/exhaustive_wizard_hyperliquid_run.py,source_or_dependency,554e93991d402394b496a13146415bdd491cb0b07a5fb7aeeda38a11567c6eff,forensic_b,bb6c17c596b8cd42f11c6fa4d86aefde6e67722a7c3fed30d3165ef2d01a0faf,bb6c17c596b8cd42f11c6fa4d86aefde6e67722a7c3fed30d3165ef2d01a0faf,7ef69b88450ac650dc168871776ce78013f82fb1d28b3418630aa424b48f6800,SEMANTIC_REVIEW_REQUIRED_NO_PORT
src/quant_platform/orchestration/exhaustive_wizard_hyperliquid_run.py,source_or_dependency,88d56b91b8aa8fe8428600a1b7907bae30330e02916dade5adee3b68082a8332,forensic_a;visual_recovery;workspace_outer,bb6c17c596b8cd42f11c6fa4d86aefde6e67722a7c3fed30d3165ef2d01a0faf,bb6c17c596b8cd42f11c6fa4d86aefde6e67722a7c3fed30d3165ef2d01a0faf,7ef69b88450ac650dc168871776ce78013f82fb1d28b3418630aa424b48f6800,SEMANTIC_REVIEW_REQUIRED_NO_PORT
src/quant_platform/orchestration/exhaustive_wizard_hyperliquid_validation.py,source_or_dependency,7fbbe428d6cc25c4253406613887e62f69760d6a8268de6117c0a44913b1d7ef,visual_recovery,f8b3287aa0a48de3e469a8f3d2a53efcc893e20e6d8cd43879d3465bb2d80870,f8b3287aa0a48de3e469a8f3d2a53efcc893e20e6d8cd43879d3465bb2d80870,7fbbe428d6cc25c4253406613887e62f69760d6a8268de6117c0a44913b1d7ef,ANCESTOR_VERSION_RETAIN_NO_PORT
src/quant_platform/orchestration/exhaustive_wizard_hyperliquid_validation.py,source_or_dependency,d7a4bfdbbddc720c11b3d216cdcded64bbb380afd52d4b82d5efbad51c5778e5,forensic_b,f8b3287aa0a48de3e469a8f3d2a53efcc893e20e6d8cd43879d3465bb2d80870,f8b3287aa0a48de3e469a8f3d2a53efcc893e20e6d8cd43879d3465bb2d80870,7fbbe428d6cc25c4253406613887e62f69760d6a8268de6117c0a44913b1d7ef,SEMANTIC_REVIEW_REQUIRED_NO_PORT
src/quant_platform/orchestration/exhaustive_wizard_hyperliquid_walkforward.py,source_or_dependency,3abe0a2191045c6846f6d8d0c693612aa013b8956e3ff5714ecd34e71b7f5b4c,forensic_b,aa061b1ef764796c16280b1dd2ad878e47ac0fe9efdc11d448d16f13669b6727,aa061b1ef764796c16280b1dd2ad878e47ac0fe9efdc11d448d16f13669b6727,4b0e70dfd74127b39157e9287c0abb85918ef97607db327b05b39afb3b491786,SEMANTIC_REVIEW_REQUIRED_NO_PORT
src/quant_platform/orchestration/exhaustive_wizard_hyperliquid_walkforward.py,source_or_dependency,b1674cc62cb7cbe3a5d051cabb3203c5a3d3071300d0d8b7baa1696e3ee01187,forensic_a;visual_recovery;workspace_outer,aa061b1ef764796c16280b1dd2ad878e47ac0fe9efdc11d448d16f13669b6727,aa061b1ef764796c16280b1dd2ad878e47ac0fe9efdc11d448d16f13669b6727,4b0e70dfd74127b39157e9287c0abb85918ef97607db327b05b39afb3b491786,SEMANTIC_REVIEW_REQUIRED_NO_PORT
src/quant_platform/orchestration/hyperliquid_learning_and_risk.py,source_or_dependency,bbf9a06f55c1ef4364638c1b22090debc71608f883b1ae29b04cfb7c934357e3,forensic_b;visual_recovery,5c9237d3ee0d46b33169f993c062f5815b97598afef4840bef7a8ad36eb34191,5c9237d3ee0d46b33169f993c062f5815b97598afef4840bef7a8ad36eb34191,bbf9a06f55c1ef4364638c1b22090debc71608f883b1ae29b04cfb7c934357e3,ANCESTOR_VERSION_RETAIN_NO_PORT
src/quant_platform/orchestration/hyperliquid_research_cycle.py,source_or_dependency,2ca7b94edb7c03d67bf9f64ed26cc39ffe588fc125800270d007d594eb3f71e8,visual_recovery,83af240de9f36e61421cf9a4f095b20110e8b4f0a270e53f15d0dbc66ce63aab,83af240de9f36e61421cf9a4f095b20110e8b4f0a270e53f15d0dbc66ce63aab,2ca7b94edb7c03d67bf9f64ed26cc39ffe588fc125800270d007d594eb3f71e8,ANCESTOR_VERSION_RETAIN_NO_PORT
src/quant_platform/orchestration/hyperliquid_research_cycle.py,source_or_dependency,f75b18f03f14ec732f8814cce7094e7685f807e638044d91ae6f263ac4875b7d,forensic_b,83af240de9f36e61421cf9a4f095b20110e8b4f0a270e53f15d0dbc66ce63aab,83af240de9f36e61421cf9a4f095b20110e8b4f0a270e53f15d0dbc66ce63aab,2ca7b94edb7c03d67bf9f64ed26cc39ffe588fc125800270d007d594eb3f71e8,SEMANTIC_REVIEW_REQUIRED_NO_PORT
src/quant_platform/orchestration/hyperliquid_research_validation.py,source_or_dependency,09c8d1c153a6f90504dde0e11d75ee50c76ffead4d4d3bb9151bd79ac4648a94,forensic_a;visual_recovery;workspace_outer,d4192688debe2e1d85978daeba47d5e62c0fcacc6544ca5e84295d4b43c9f4d0,d4192688debe2e1d85978daeba47d5e62c0fcacc6544ca5e84295d4b43c9f4d0,fdc9ce39e96fd4c2995fb60cf5084a31f1d25463f273d7dc0e7df341c6890fac,SEMANTIC_REVIEW_REQUIRED_NO_PORT
src/quant_platform/orchestration/hyperliquid_research_validation.py,source_or_dependency,2611a3cf2574220985b685b7fb0bc02600a50edf5efbe499b3a2bc7347f35232,forensic_b,d4192688debe2e1d85978daeba47d5e62c0fcacc6544ca5e84295d4b43c9f4d0,d4192688debe2e1d85978daeba47d5e62c0fcacc6544ca5e84295d4b43c9f4d0,fdc9ce39e96fd4c2995fb60cf5084a31f1d25463f273d7dc0e7df341c6890fac,SEMANTIC_REVIEW_REQUIRED_NO_PORT
src/quant_platform/orchestration/hyperliquid_run_manifest.py,source_or_dependency,8c86176880e644a9368d17ed3f9c90aceb72a2737dbb8e33e7cd99eeb84ade27,forensic_b,b4cb3dc7d88dc9a9e50166dc71eec14170e0003a7211f456caf59c2e9588d3e4,b4cb3dc7d88dc9a9e50166dc71eec14170e0003a7211f456caf59c2e9588d3e4,c9258508ba2d64b4eb33bb6bd6f81fa61ced50569e912fd9d2117764298e6f79,SEMANTIC_REVIEW_REQUIRED_NO_PORT
src/quant_platform/orchestration/hyperliquid_run_manifest.py,source_or_dependency,c9258508ba2d64b4eb33bb6bd6f81fa61ced50569e912fd9d2117764298e6f79,visual_recovery,b4cb3dc7d88dc9a9e50166dc71eec14170e0003a7211f456caf59c2e9588d3e4,b4cb3dc7d88dc9a9e50166dc71eec14170e0003a7211f456caf59c2e9588d3e4,c9258508ba2d64b4eb33bb6bd6f81fa61ced50569e912fd9d2117764298e6f79,ANCESTOR_VERSION_RETAIN_NO_PORT
src/quant_platform/orchestration/hyperliquid_testnet_lifecycle_evidence.py,source_or_dependency,c83bb706ada322d7ece8bd4d111d05139be59566dc268dc9393992c0fef59001,forensic_b;visual_recovery,ab2b604a575eeefd97012f95cefb2664fae41e72654467ecef029c757a8e7ef6,ab2b604a575eeefd97012f95cefb2664fae41e72654467ecef029c757a8e7ef6,c83bb706ada322d7ece8bd4d111d05139be59566dc268dc9393992c0fef59001,ANCESTOR_VERSION_RETAIN_NO_PORT
src/quant_platform/orchestration/langgraph_workflow.py,source_or_dependency,0b87827dc6fe85d1bd9aa4efe8ed8c0274dc8fc403debcf9e64dd76d2e350db8,visual_recovery,a39a92f57aeffd0edcf3dcfa7229a48a58b68dbf826227f76d5943c77ceef85c,a39a92f57aeffd0edcf3dcfa7229a48a58b68dbf826227f76d5943c77ceef85c,0b87827dc6fe85d1bd9aa4efe8ed8c0274dc8fc403debcf9e64dd76d2e350db8,ANCESTOR_VERSION_RETAIN_NO_PORT
src/quant_platform/orchestration/langgraph_workflow.py,source_or_dependency,ea43d042cf6cec5238d241c885db9f813db9e287167ce5080ddfd5a9e08bde78,forensic_b,a39a92f57aeffd0edcf3dcfa7229a48a58b68dbf826227f76d5943c77ceef85c,a39a92f57aeffd0edcf3dcfa7229a48a58b68dbf826227f76d5943c77ceef85c,0b87827dc6fe85d1bd9aa4efe8ed8c0274dc8fc403debcf9e64dd76d2e350db8,SEMANTIC_REVIEW_REQUIRED_NO_PORT
src/quant_platform/orchestration/mini_agents.py,source_or_dependency,7f9c01ec44ba3e1f005241e7cddecd296373deb30b8ffbf25873f3d52ae8cda4,forensic_b,94a7325f4ed842f2fcf47567f9a79f7e1526ed3d3062fb3ea85e23b53758897c,94a7325f4ed842f2fcf47567f9a79f7e1526ed3d3062fb3ea85e23b53758897c,d063a3180f4e9a600cc51027d82c5db0dc0a3a16a76b14674cb18322035c2fb1,SEMANTIC_REVIEW_REQUIRED_NO_PORT
src/quant_platform/orchestration/mini_agents.py,source_or_dependency,d063a3180f4e9a600cc51027d82c5db0dc0a3a16a76b14674cb18322035c2fb1,visual_recovery,94a7325f4ed842f2fcf47567f9a79f7e1526ed3d3062fb3ea85e23b53758897c,94a7325f4ed842f2fcf47567f9a79f7e1526ed3d3062fb3ea85e23b53758897c,d063a3180f4e9a600cc51027d82c5db0dc0a3a16a76b14674cb18322035c2fb1,ANCESTOR_VERSION_RETAIN_NO_PORT
src/quant_platform/orchestration/nodes.py,source_or_dependency,4eb064001bf1c011bdf6666f4d74153bdcf990f60bc4f61c02e869270e35f1ff,forensic_b,ce147c8c3aad5a21d27c0f93ba70c9ceb5da10a4e36ea06525bb9521e77e0ca5,ce147c8c3aad5a21d27c0f93ba70c9ceb5da10a4e36ea06525bb9521e77e0ca5,8d67327bd433cd72fd99ea04f8b571b4f447ec61f0512976b9ffcd29b35d231c,SEMANTIC_REVIEW_REQUIRED_NO_PORT
src/quant_platform/orchestration/nodes.py,source_or_dependency,8d67327bd433cd72fd99ea04f8b571b4f447ec61f0512976b9ffcd29b35d231c,visual_recovery,ce147c8c3aad5a21d27c0f93ba70c9ceb5da10a4e36ea06525bb9521e77e0ca5,ce147c8c3aad5a21d27c0f93ba70c9ceb5da10a4e36ea06525bb9521e77e0ca5,8d67327bd433cd72fd99ea04f8b571b4f447ec61f0512976b9ffcd29b35d231c,ANCESTOR_VERSION_RETAIN_NO_PORT
src/quant_platform/orchestration/orchestrator_assistant.py,source_or_dependency,65f8de54cb0713c8fb8e625c69f796def074a14d95013156c7192cb0496f1605,visual_recovery,61f0efabc4d2f3c625583161ef8342be20088548813d7bd1d3748c80765d737c,61f0efabc4d2f3c625583161ef8342be20088548813d7bd1d3748c80765d737c,65f8de54cb0713c8fb8e625c69f796def074a14d95013156c7192cb0496f1605,ANCESTOR_VERSION_RETAIN_NO_PORT
src/quant_platform/orchestration/orchestrator_assistant.py,source_or_dependency,673f8f1bd8cd72beabdab753bf2cefb2e07da36422e69f1d7a4c014a99971e30,forensic_b,61f0efabc4d2f3c625583161ef8342be20088548813d7bd1d3748c80765d737c,61f0efabc4d2f3c625583161ef8342be20088548813d7bd1d3748c80765d737c,65f8de54cb0713c8fb8e625c69f796def074a14d95013156c7192cb0496f1605,SEMANTIC_REVIEW_REQUIRED_NO_PORT
src/quant_platform/orchestration/precollection_poll_launcher.py,source_or_dependency,8bdbdf578104650d5a9395ef35f5371d1b136d1d84caf99404fa3f2e21914ad3,source_candidate,,,,SEMANTIC_REVIEW_REQUIRED_NO_PORT
src/quant_platform/orchestration/reporting.py,source_or_dependency,d55594bc83be423f0512b6843da4107e36a6224562067ea8a2c61da992396016,forensic_b;visual_recovery,752c7fe8cf6d45486991a8267ea04adff468da53294cab37e40e8ed0ff4a658e,752c7fe8cf6d45486991a8267ea04adff468da53294cab37e40e8ed0ff4a658e,d55594bc83be423f0512b6843da4107e36a6224562067ea8a2c61da992396016,ANCESTOR_VERSION_RETAIN_NO_PORT
src/quant_platform/orchestration/specialist_scoreboard.py,source_or_dependency,0aa15764fb9fdfd9360508194ae6c9bc135948ba7e04c0c7ea8cf0b24f4a2224,visual_recovery,429cf657b430c7a0589cb26beaa95c4e62d75b545183970768386b85215660f2,429cf657b430c7a0589cb26beaa95c4e62d75b545183970768386b85215660f2,0aa15764fb9fdfd9360508194ae6c9bc135948ba7e04c0c7ea8cf0b24f4a2224,ANCESTOR_VERSION_RETAIN_NO_PORT
src/quant_platform/orchestration/specialist_scoreboard.py,source_or_dependency,527041a5c7a55e2cd9c976f3e9d58a9709b8bc1ced3c967e1106601b3517544e,forensic_b,429cf657b430c7a0589cb26beaa95c4e62d75b545183970768386b85215660f2,429cf657b430c7a0589cb26beaa95c4e62d75b545183970768386b85215660f2,0aa15764fb9fdfd9360508194ae6c9bc135948ba7e04c0c7ea8cf0b24f4a2224,SEMANTIC_REVIEW_REQUIRED_NO_PORT
src/quant_platform/orchestration/student_readiness.py,source_or_dependency,0505484cbd452592ce1148c9083424d320566601a8391971206f276b72a3bd35,forensic_b;visual_recovery,b33d25dab5156275c026ec59934cfc369cce023b22cf34aa8c4655e9cfa333e9,b33d25dab5156275c026ec59934cfc369cce023b22cf34aa8c4655e9cfa333e9,0505484cbd452592ce1148c9083424d320566601a8391971206f276b72a3bd35,ANCESTOR_VERSION_RETAIN_NO_PORT
src/quant_platform/orchestration/teacher_adapters.py,source_or_dependency,b891eecba0760b29744ebff4c18484889e90a684802f715889a0a57af79679e6,forensic_b;visual_recovery,93a876e64ea988cb363d1cd7a176c6353083306c2515c831ae76c45bef9fe28b,93a876e64ea988cb363d1cd7a176c6353083306c2515c831ae76c45bef9fe28b,b891eecba0760b29744ebff4c18484889e90a684802f715889a0a57af79679e6,ANCESTOR_VERSION_RETAIN_NO_PORT
src/quant_platform/orchestration/teacher_contracts.py,source_or_dependency,35cf7cb5772c03c8979ff64688489146924fa438ff92b2317e8e6a8c98278a41,forensic_b;visual_recovery,595cf2afea0da56d63dff3e64383b463419b0184dc9d4b7e51429177a0e781c3,595cf2afea0da56d63dff3e64383b463419b0184dc9d4b7e51429177a0e781c3,35cf7cb5772c03c8979ff64688489146924fa438ff92b2317e8e6a8c98278a41,ANCESTOR_VERSION_RETAIN_NO_PORT
src/quant_platform/orchestration/teacher_control_plane.py,source_or_dependency,882f7a85fcf3414518f0db6733dea695e127736b7fc0e842eceb64a4e0b7e8c7,visual_recovery,f1e2778596b2f8df64081584aad8f2aa13784bd4c2039cf0a6d5c782de25a1a1,f1e2778596b2f8df64081584aad8f2aa13784bd4c2039cf0a6d5c782de25a1a1,882f7a85fcf3414518f0db6733dea695e127736b7fc0e842eceb64a4e0b7e8c7,ANCESTOR_VERSION_RETAIN_NO_PORT
src/quant_platform/orchestration/teacher_control_plane.py,source_or_dependency,b99eba103e1746522e69e707707a39cb35e5e10a7e5fb155d7de22ac58ac0ecc,forensic_b,f1e2778596b2f8df64081584aad8f2aa13784bd4c2039cf0a6d5c782de25a1a1,f1e2778596b2f8df64081584aad8f2aa13784bd4c2039cf0a6d5c782de25a1a1,882f7a85fcf3414518f0db6733dea695e127736b7fc0e842eceb64a4e0b7e8c7,SEMANTIC_REVIEW_REQUIRED_NO_PORT
src/quant_platform/orchestration/teacher_evidence_materializer.py,source_or_dependency,b6fb274cba5b4556960018b547b3f22878fe3ce0862b2d4ebd1ddbcd79d40188,forensic_b,742c7c52a9bf450c36d950f6be98313a956013368169d1de2734a9ec990b5816,742c7c52a9bf450c36d950f6be98313a956013368169d1de2734a9ec990b5816,9d2d10ff6907c8b090381ba055e19c528d444aca265200b38e4b5b6c029520bd,SEMANTIC_REVIEW_REQUIRED_NO_PORT
src/quant_platform/orchestration/teacher_evidence_materializer.py,source_or_dependency,dba45be2f62ee814617620eca96e6e2c0cb435d0eaa12a6844511d034390bc78,forensic_a;visual_recovery;workspace_outer,742c7c52a9bf450c36d950f6be98313a956013368169d1de2734a9ec990b5816,742c7c52a9bf450c36d950f6be98313a956013368169d1de2734a9ec990b5816,9d2d10ff6907c8b090381ba055e19c528d444aca265200b38e4b5b6c029520bd,SEMANTIC_REVIEW_REQUIRED_NO_PORT
src/quant_platform/orchestration/venue_gate.py,source_or_dependency,49e1de717fb9091cd9e49535eb4de0a491a40dbfa28b2119c617d360a08e19c2,forensic_b,3f477a30f2b428354a231eb73babbc0761512c7cc9fd764e0b0f9d2d15090ae8,3f477a30f2b428354a231eb73babbc0761512c7cc9fd764e0b0f9d2d15090ae8,3f477a30f2b428354a231eb73babbc0761512c7cc9fd764e0b0f9d2d15090ae8,SEMANTIC_REVIEW_REQUIRED_NO_PORT
src/quant_platform/orchestration/versioned_learning_comparison.py,source_or_dependency,6873b5e30fb7825a9a3fb3ff11bf33fee00ad7b12d0842648874764e33234f48,forensic_a;visual_recovery;workspace_outer,77e98ae9811c2f375e463ebfbf80f3ceb2f4ad7a6a9128ab735a2020bc87c11e,77e98ae9811c2f375e463ebfbf80f3ceb2f4ad7a6a9128ab735a2020bc87c11e,,SEMANTIC_REVIEW_REQUIRED_NO_PORT
src/quant_platform/orchestration/versioned_learning_comparison.py,source_or_dependency,fc136d36a3a9dff8bea0cea27455af9ead1aff9c0b4adf5f31a9c23c6e2e86a3,forensic_b,77e98ae9811c2f375e463ebfbf80f3ceb2f4ad7a6a9128ab735a2020bc87c11e,77e98ae9811c2f375e463ebfbf80f3ceb2f4ad7a6a9128ab735a2020bc87c11e,,SEMANTIC_REVIEW_REQUIRED_NO_PORT
src/quant_platform/orchestration/wizard_pair_detail_api_pilot.py,source_or_dependency,56e18f95f7abc34e7b005ad76f04fea2b850fb55340e2d00d8c9108fc7dd9efa,forensic_b;visual_recovery,08278660c779c5a6c69887cd6b149870658d54827c91b006d0b59f546bbccf0e,08278660c779c5a6c69887cd6b149870658d54827c91b006d0b59f546bbccf0e,56e18f95f7abc34e7b005ad76f04fea2b850fb55340e2d00d8c9108fc7dd9efa,ANCESTOR_VERSION_RETAIN_NO_PORT
src/quant_platform/pair_detail_ingestion.py,source_or_dependency,8b42dd30c5515c5f960f47abab8f5f5275176354b5f9231ff6d015fc972aad65,visual_recovery,f2d8637851dd8b8533cb86458f85ccd78a390eca59a808f07e560a09f88c2e04,f2d8637851dd8b8533cb86458f85ccd78a390eca59a808f07e560a09f88c2e04,8b42dd30c5515c5f960f47abab8f5f5275176354b5f9231ff6d015fc972aad65,ANCESTOR_VERSION_RETAIN_NO_PORT
src/quant_platform/pair_detail_ingestion.py,source_or_dependency,e1e26ff73f852586b4f69654d995fb7d87b2f4d0d94b39b0ebcdfaf6087078a1,forensic_b,f2d8637851dd8b8533cb86458f85ccd78a390eca59a808f07e560a09f88c2e04,f2d8637851dd8b8533cb86458f85ccd78a390eca59a808f07e560a09f88c2e04,8b42dd30c5515c5f960f47abab8f5f5275176354b5f9231ff6d015fc972aad65,SEMANTIC_REVIEW_REQUIRED_NO_PORT
src/quant_platform/performance_math.py,source_or_dependency,4a354c2ebe0c84d41a7f654823133299545ae7df9e46a3044b3d86dc9db46d38,forensic_a;visual_recovery;workspace_outer,59d7107be24495da625e92224cafc331ef88d5c8b8832ddda270d8bdffffb68f,59d7107be24495da625e92224cafc331ef88d5c8b8832ddda270d8bdffffb68f,a670519c77a1dab00ba34470c83ab6f2712302f4637aab5c43941b5ae2b65ddb,SEMANTIC_REVIEW_REQUIRED_NO_PORT
src/quant_platform/performance_math.py,source_or_dependency,7cb4997017cfc56051c966c48062bda7c505f04d1648b41ef4046879bd3d673c,forensic_b,59d7107be24495da625e92224cafc331ef88d5c8b8832ddda270d8bdffffb68f,59d7107be24495da625e92224cafc331ef88d5c8b8832ddda270d8bdffffb68f,a670519c77a1dab00ba34470c83ab6f2712302f4637aab5c43941b5ae2b65ddb,SEMANTIC_REVIEW_REQUIRED_NO_PORT
src/quant_platform/regimes.py,source_or_dependency,e242118b88d253b210ec8f07ec63653001af6fa31336c175889d803523dc1654,forensic_b,3932d3e3ca5482579c24b8abf342ffa7f37741a5306d09e21033ac9d6b75df98,3932d3e3ca5482579c24b8abf342ffa7f37741a5306d09e21033ac9d6b75df98,ab52b7d5db30639dcbf3bb24bd64bb727179426445bdaad01c84a3156d3f8f01,SEMANTIC_REVIEW_REQUIRED_NO_PORT
src/quant_platform/regimes.py,source_or_dependency,f0e6f59f7b1347964e5591f15f7c9b321b7c80ed22f2c20a97fe81109691092c,forensic_a;visual_recovery;workspace_outer,3932d3e3ca5482579c24b8abf342ffa7f37741a5306d09e21033ac9d6b75df98,3932d3e3ca5482579c24b8abf342ffa7f37741a5306d09e21033ac9d6b75df98,ab52b7d5db30639dcbf3bb24bd64bb727179426445bdaad01c84a3156d3f8f01,SEMANTIC_REVIEW_REQUIRED_NO_PORT
src/quant_platform/research_extract_ccxt.py,source_or_dependency,68bd25d8c6966f9b66d898e12cfa089b50f5beab34997b0fe77bf5f789fba7de,forensic_b;visual_recovery,17b8a44a47cc621633a6ee05068559330199f93ab69afebe6cec5ff0da7075a2,17b8a44a47cc621633a6ee05068559330199f93ab69afebe6cec5ff0da7075a2,68bd25d8c6966f9b66d898e12cfa089b50f5beab34997b0fe77bf5f789fba7de,ANCESTOR_VERSION_RETAIN_NO_PORT
src/quant_platform/research_extract_udemy.py,source_or_dependency,9bb0650d7b09d6633883d89dea9ba27a81ee773bd599db17a88dfbd6f361193e,forensic_a;visual_recovery;workspace_outer,1f35afd9fffa5de8907bf93b1c499a25c70dbc20f90f11eee36c18d3b4c30969,1f35afd9fffa5de8907bf93b1c499a25c70dbc20f90f11eee36c18d3b4c30969,4324a3d682d96ee2ef79e84bc3057efae5196926f6b9d8ffea18d6fec95ab6e3,SEMANTIC_REVIEW_REQUIRED_NO_PORT
src/quant_platform/research_extract_udemy.py,source_or_dependency,ae5c659bd7b09f75c8101254c35dd4896beba5561a8f3fc845cea38112f40bc9,forensic_b,1f35afd9fffa5de8907bf93b1c499a25c70dbc20f90f11eee36c18d3b4c30969,1f35afd9fffa5de8907bf93b1c499a25c70dbc20f90f11eee36c18d3b4c30969,4324a3d682d96ee2ef79e84bc3057efae5196926f6b9d8ffea18d6fec95ab6e3,SEMANTIC_REVIEW_REQUIRED_NO_PORT
src/quant_platform/research_extract_youtube.py,source_or_dependency,e564c0edf094177d4be4431b5bbc00a228c8b3ee63411c8471d36e9b521df0a2,forensic_b;visual_recovery,6017f678ee31160e314830f006a58091212227113652f85242a68f3b526624a5,6017f678ee31160e314830f006a58091212227113652f85242a68f3b526624a5,e564c0edf094177d4be4431b5bbc00a228c8b3ee63411c8471d36e9b521df0a2,ANCESTOR_VERSION_RETAIN_NO_PORT
src/quant_platform/research_extraction.py,source_or_dependency,06763a4184749cba3db413b598fa534ee87ff85f420e22c452e475034a7162ce,forensic_b;visual_recovery,1977916ecb059a07db776c0dfd2992a985891151634049823c937c32646873da,1977916ecb059a07db776c0dfd2992a985891151634049823c937c32646873da,06763a4184749cba3db413b598fa534ee87ff85f420e22c452e475034a7162ce,ANCESTOR_VERSION_RETAIN_NO_PORT
src/quant_platform/research_ingestion.py,source_or_dependency,ca31ddcebf181ce19e99190453632e64fb68283381ec682fca0620c7ef7c6f08,visual_recovery,398a9509e5655c1cc7fd81a9f55d35415545648aaaedfbf90cb7d92b19520340,398a9509e5655c1cc7fd81a9f55d35415545648aaaedfbf90cb7d92b19520340,ca31ddcebf181ce19e99190453632e64fb68283381ec682fca0620c7ef7c6f08,ANCESTOR_VERSION_RETAIN_NO_PORT
src/quant_platform/research_ingestion.py,source_or_dependency,f5dee7dfa100e6186069b43cf01bfe8c23c4d1979d4a7f7dcaae3935de84cb1a,forensic_b,398a9509e5655c1cc7fd81a9f55d35415545648aaaedfbf90cb7d92b19520340,398a9509e5655c1cc7fd81a9f55d35415545648aaaedfbf90cb7d92b19520340,ca31ddcebf181ce19e99190453632e64fb68283381ec682fca0620c7ef7c6f08,SEMANTIC_REVIEW_REQUIRED_NO_PORT
src/quant_platform/research_knowledge_store.py,source_or_dependency,497ac78e4005d4c7db46c7de12f3180443100eff01e2a2c17a2113f4c1ecbbd9,forensic_b;visual_recovery,754087b1b5f18f21873fbbb2d062b1570bbdd76cd854e7d5356e6fd22aee9db5,754087b1b5f18f21873fbbb2d062b1570bbdd76cd854e7d5356e6fd22aee9db5,497ac78e4005d4c7db46c7de12f3180443100eff01e2a2c17a2113f4c1ecbbd9,ANCESTOR_VERSION_RETAIN_NO_PORT
src/quant_platform/research_paper_math_audit.py,source_or_dependency,c4623c713afa59b999f760324ce2093f6a7a0e14a02a45e5c89f39a65ac7302c,forensic_a;forensic_b;visual_recovery;workspace_outer,d36d2849aea7cdf0a96d89c1235f9218e6179f4c2837e8ef1fee39ef2be81f49,d36d2849aea7cdf0a96d89c1235f9218e6179f4c2837e8ef1fee39ef2be81f49,,SEMANTIC_REVIEW_REQUIRED_NO_PORT
src/quant_platform/research_paper_reproduction.py,source_or_dependency,8fbed4920cdf4715d507b9ae44479eb61a51438f74936ebc4f8c76621a96dd0a,forensic_b,067d095e3a6f69f805a9b2e4ad0d4b7930d61d3f0b7decfa12fe3a2d087d357a,067d095e3a6f69f805a9b2e4ad0d4b7930d61d3f0b7decfa12fe3a2d087d357a,,SEMANTIC_REVIEW_REQUIRED_NO_PORT
src/quant_platform/research_paper_reproduction.py,source_or_dependency,dfbaf466f946a4898d395808a78cb9bceb3fd4938c6f3b0d3cdb8baa1dbbc393,forensic_a;visual_recovery;workspace_outer,067d095e3a6f69f805a9b2e4ad0d4b7930d61d3f0b7decfa12fe3a2d087d357a,067d095e3a6f69f805a9b2e4ad0d4b7930d61d3f0b7decfa12fe3a2d087d357a,,SEMANTIC_REVIEW_REQUIRED_NO_PORT
src/quant_platform/research_paper_reviews.py,source_or_dependency,80ecbc6e0e2cec078fe788969d7a85e42565902343c22a8d21d30909025a4637,forensic_b,a4de48be60d00b138387844a0811e9e8dc0e43b73f8bae056133bc13d0a31077,a4de48be60d00b138387844a0811e9e8dc0e43b73f8bae056133bc13d0a31077,,SEMANTIC_REVIEW_REQUIRED_NO_PORT
src/quant_platform/research_paper_reviews.py,source_or_dependency,b066811fa9c32b5275ee289d68e272d6d84a3a99ed3343aa39ecb9d146ef6a93,forensic_a;visual_recovery;workspace_outer,a4de48be60d00b138387844a0811e9e8dc0e43b73f8bae056133bc13d0a31077,a4de48be60d00b138387844a0811e9e8dc0e43b73f8bae056133bc13d0a31077,,SEMANTIC_REVIEW_REQUIRED_NO_PORT
src/quant_platform/research_papers.py,source_or_dependency,9af582cc464b0fb1d0a262301dc25fd069e574393a55e5df7d49d904ed6f379f,forensic_a;visual_recovery;workspace_outer,aa3e280256620fc32acb55ffbc1c1486c8a720a312a1d19ddf5270750fbbd9ec,aa3e280256620fc32acb55ffbc1c1486c8a720a312a1d19ddf5270750fbbd9ec,,SEMANTIC_REVIEW_REQUIRED_NO_PORT
src/quant_platform/research_papers.py,source_or_dependency,f7a5bcb55a577f563c84503f052f1a92551905f39aa6352346ba09a775394141,forensic_b,aa3e280256620fc32acb55ffbc1c1486c8a720a312a1d19ddf5270750fbbd9ec,aa3e280256620fc32acb55ffbc1c1486c8a720a312a1d19ddf5270750fbbd9ec,,SEMANTIC_REVIEW_REQUIRED_NO_PORT
src/quant_platform/research_quantization.py,source_or_dependency,557197dffdb85bd1a4a84406a01ac8dc972af5cf812fb845fc534eed95a5add0,forensic_b;visual_recovery,f28b405b984d72edc9a2a041d6587568e584a8e422c32a1db32ed61d36a13092,f28b405b984d72edc9a2a041d6587568e584a8e422c32a1db32ed61d36a13092,557197dffdb85bd1a4a84406a01ac8dc972af5cf812fb845fc534eed95a5add0,ANCESTOR_VERSION_RETAIN_NO_PORT
src/quant_platform/rl/base_rl_lane.py,source_or_dependency,069b09880d994cd4bced1c315f852cdbbe07cadc2b50ad5caaa41bb011b1c07c,visual_recovery,dc81d34dbbf2978cce8aa63b1e0b13045ace9cf08d82cc448d3f78524bb39dbb,dc81d34dbbf2978cce8aa63b1e0b13045ace9cf08d82cc448d3f78524bb39dbb,069b09880d994cd4bced1c315f852cdbbe07cadc2b50ad5caaa41bb011b1c07c,ANCESTOR_VERSION_RETAIN_NO_PORT
src/quant_platform/rl/base_rl_lane.py,source_or_dependency,d441889749b201b44c2ad9f546275239eab8755c6013783c6aeb320f7cee3acc,forensic_b,dc81d34dbbf2978cce8aa63b1e0b13045ace9cf08d82cc448d3f78524bb39dbb,dc81d34dbbf2978cce8aa63b1e0b13045ace9cf08d82cc448d3f78524bb39dbb,069b09880d994cd4bced1c315f852cdbbe07cadc2b50ad5caaa41bb011b1c07c,SEMANTIC_REVIEW_REQUIRED_NO_PORT
src/quant_platform/rl/brain_contract.py,source_or_dependency,5717ae0abcd7bb584d8417f6f6b8be7576bb96711a08bd1556042a9d65f4c45e,forensic_b,de963b7624cea1b3557776bfdacc4e534e8b7904fdda1c20703f91cf5f13cdd2,de963b7624cea1b3557776bfdacc4e534e8b7904fdda1c20703f91cf5f13cdd2,f22b1136cf29dee7546e28bf63221f531b13c962ef7d3b89fda597cdd5c1f700,SEMANTIC_REVIEW_REQUIRED_NO_PORT
src/quant_platform/rl/brain_contract.py,source_or_dependency,f22b1136cf29dee7546e28bf63221f531b13c962ef7d3b89fda597cdd5c1f700,visual_recovery,de963b7624cea1b3557776bfdacc4e534e8b7904fdda1c20703f91cf5f13cdd2,de963b7624cea1b3557776bfdacc4e534e8b7904fdda1c20703f91cf5f13cdd2,f22b1136cf29dee7546e28bf63221f531b13c962ef7d3b89fda597cdd5c1f700,ANCESTOR_VERSION_RETAIN_NO_PORT
src/quant_platform/rl/brain_cycle.py,source_or_dependency,9e353e9a8c74b65bf386f4282aed303f4ff8a3dc0c0c614a1c3fcc63a6a54952,forensic_b;visual_recovery,dc598b15796331cf3360e09b63a5658a128b90f0bfb3e56f19b74419498ba6d6,dc598b15796331cf3360e09b63a5658a128b90f0bfb3e56f19b74419498ba6d6,9e353e9a8c74b65bf386f4282aed303f4ff8a3dc0c0c614a1c3fcc63a6a54952,ANCESTOR_VERSION_RETAIN_NO_PORT
src/quant_platform/rl/features.py,source_or_dependency,017f19a4e4ab68487b1b0af36a094ec0a3ef61e8ba33f0854574e2b18204d0f4,forensic_b;visual_recovery,ef3e39f0776589546aa3d5766a726e158e7831f08803e353198212d3d11caa7f,ef3e39f0776589546aa3d5766a726e158e7831f08803e353198212d3d11caa7f,017f19a4e4ab68487b1b0af36a094ec0a3ef61e8ba33f0854574e2b18204d0f4,ANCESTOR_VERSION_RETAIN_NO_PORT
src/quant_platform/rl/quantization.py,source_or_dependency,02f633736bc8181023a0940b705b9df14bee76f422d6327ca8d418d21633c379,forensic_b,5ff913c787dc2b9f4400c40250617ab799e0d5ed0ce75f2aa44a15e40f5e5f9d,5ff913c787dc2b9f4400c40250617ab799e0d5ed0ce75f2aa44a15e40f5e5f9d,86f18a43694957f9cef5b8d4fc2182322aa116777e5607869ecc949569e55cf8,SEMANTIC_REVIEW_REQUIRED_NO_PORT
src/quant_platform/rl/quantization.py,source_or_dependency,86f18a43694957f9cef5b8d4fc2182322aa116777e5607869ecc949569e55cf8,visual_recovery,5ff913c787dc2b9f4400c40250617ab799e0d5ed0ce75f2aa44a15e40f5e5f9d,5ff913c787dc2b9f4400c40250617ab799e0d5ed0ce75f2aa44a15e40f5e5f9d,86f18a43694957f9cef5b8d4fc2182322aa116777e5607869ecc949569e55cf8,ANCESTOR_VERSION_RETAIN_NO_PORT
src/quant_platform/rl/rl_acceptance.py,source_or_dependency,12be6924963b5a5934f33425f955436839a248fcf0e42a72f5b33fc743eff21a,forensic_b,3fdd1b8f26486d6cc38f7a0b4fd96ba9f99c35dad1da6dd8341874dbe4dc17b1,3fdd1b8f26486d6cc38f7a0b4fd96ba9f99c35dad1da6dd8341874dbe4dc17b1,a48acb1a5efe44510992c566a827afb999eb3978f21d09d9eb60ba5e4aa6766e,SEMANTIC_REVIEW_REQUIRED_NO_PORT
src/quant_platform/rl/rl_backtest.py,source_or_dependency,6530595be7593a76a18917a15971d22fef8b15cf13c6c7d976c224e8e3b1a1d1,visual_recovery,6d9e8414df8aeb0ee639f67f12c4f0891c0038bfbef618d6270608dd05a1206f,6d9e8414df8aeb0ee639f67f12c4f0891c0038bfbef618d6270608dd05a1206f,6530595be7593a76a18917a15971d22fef8b15cf13c6c7d976c224e8e3b1a1d1,ANCESTOR_VERSION_RETAIN_NO_PORT
src/quant_platform/rl/rl_backtest.py,source_or_dependency,ead88db6ee183d07807b9f24dc25fb3740cf25f966f638cb25b3c61a76759d52,forensic_b,6d9e8414df8aeb0ee639f67f12c4f0891c0038bfbef618d6270608dd05a1206f,6d9e8414df8aeb0ee639f67f12c4f0891c0038bfbef618d6270608dd05a1206f,6530595be7593a76a18917a15971d22fef8b15cf13c6c7d976c224e8e3b1a1d1,SEMANTIC_REVIEW_REQUIRED_NO_PORT
src/quant_platform/rl/rl_idea_engine.py,source_or_dependency,0113e730d620facbb9099b4b798ddf5186a10bf0adabb277ed1207383be8838f,visual_recovery,d9a29a466560368b29cb0b5276dcf42ba470d058ca4a976b1e1d2a55a523f589,d9a29a466560368b29cb0b5276dcf42ba470d058ca4a976b1e1d2a55a523f589,0113e730d620facbb9099b4b798ddf5186a10bf0adabb277ed1207383be8838f,ANCESTOR_VERSION_RETAIN_NO_PORT
src/quant_platform/rl/rl_idea_engine.py,source_or_dependency,6c19d2bf17be4299ae96dd1f5f47497a12dc574e3b2a64154cf5e508ca914bf9,forensic_b,d9a29a466560368b29cb0b5276dcf42ba470d058ca4a976b1e1d2a55a523f589,d9a29a466560368b29cb0b5276dcf42ba470d058ca4a976b1e1d2a55a523f589,0113e730d620facbb9099b4b798ddf5186a10bf0adabb277ed1207383be8838f,SEMANTIC_REVIEW_REQUIRED_NO_PORT
src/quant_platform/rl/rl_learning_agent.py,source_or_dependency,20c7893a8512581de9e608a40039c1e2d04893202dfbd1478d6f0369455b2cc1,visual_recovery,2220c6984d0eb4b3d0497733f54ddb44f86d38b310e70f5adca7bc9b36cc8c89,2220c6984d0eb4b3d0497733f54ddb44f86d38b310e70f5adca7bc9b36cc8c89,20c7893a8512581de9e608a40039c1e2d04893202dfbd1478d6f0369455b2cc1,ANCESTOR_VERSION_RETAIN_NO_PORT
src/quant_platform/rl/rl_learning_agent.py,source_or_dependency,7fc8760edce6b8930d4132dccd8e44bd4c6d6ee1e84e8dbd13a0ad3b894375ea,forensic_b,2220c6984d0eb4b3d0497733f54ddb44f86d38b310e70f5adca7bc9b36cc8c89,2220c6984d0eb4b3d0497733f54ddb44f86d38b310e70f5adca7bc9b36cc8c89,20c7893a8512581de9e608a40039c1e2d04893202dfbd1478d6f0369455b2cc1,SEMANTIC_REVIEW_REQUIRED_NO_PORT
src/quant_platform/rl/rl_strategy_selector.py,source_or_dependency,83e259440a0514b8d741b516d62598762ab1f0d03e56e0588264ec6382514d9d,forensic_b,849778666ac4ecaaccd8801e3e37718590aef971bc9e7b58642a1cd9386f1a68,849778666ac4ecaaccd8801e3e37718590aef971bc9e7b58642a1cd9386f1a68,849778666ac4ecaaccd8801e3e37718590aef971bc9e7b58642a1cd9386f1a68,SEMANTIC_REVIEW_REQUIRED_NO_PORT
src/quant_platform/rl/train_ppo.py,source_or_dependency,840b5325e532911ca2b91b5fa35c204e9f8e0f43445b3d232ade89d80a632050,forensic_b;visual_recovery,141db3a2fb677940987e09afb19972eed65837a702ca90104203eca1bcc97cf3,141db3a2fb677940987e09afb19972eed65837a702ca90104203eca1bcc97cf3,840b5325e532911ca2b91b5fa35c204e9f8e0f43445b3d232ade89d80a632050,ANCESTOR_VERSION_RETAIN_NO_PORT
src/quant_platform/runtime_types.py,source_or_dependency,c0599de00b22848f274b26c013f5bc8765798508be35f9ef22825f6ee0d72e54,forensic_b,d7010ec22958b3f1a6aea94c45b34839a1a8a9365969cc167181754b9e9fbf5d,d7010ec22958b3f1a6aea94c45b34839a1a8a9365969cc167181754b9e9fbf5d,,SEMANTIC_REVIEW_REQUIRED_NO_PORT
src/quant_platform/statistics/math_v2.py,source_or_dependency,cf9da8c24bb5b9bd431649970dc74192daecb4b359da267b96228ebcbdaf3244,forensic_a;visual_recovery;workspace_outer,140a36a04812959002b5865562d3ef44c422449a1ff5312d8a998c604930e187,140a36a04812959002b5865562d3ef44c422449a1ff5312d8a998c604930e187,0b521bc4c828aa2bd77ae8d6cfb3b363011d89f1fdd7e320b2cecd9bf79728cf,SEMANTIC_REVIEW_REQUIRED_NO_PORT
src/quant_platform/statistics/math_v2.py,source_or_dependency,df1f8543ec21c4fcab60c56ab8bdd1851ef7f49255a82db13112c2f315f00d1d,forensic_b,140a36a04812959002b5865562d3ef44c422449a1ff5312d8a998c604930e187,140a36a04812959002b5865562d3ef44c422449a1ff5312d8a998c604930e187,0b521bc4c828aa2bd77ae8d6cfb3b363011d89f1fdd7e320b2cecd9bf79728cf,SEMANTIC_REVIEW_REQUIRED_NO_PORT
src/quant_platform/strategies.py,source_or_dependency,3f184631cdcfb52c028bdc95fd49a15a99828a1b73ffc0d252cfb7dde7ab6a8e,forensic_b,414575071f0562785c4be498a6ac7f491a666e52fad84a22726df79c49e1f75c,414575071f0562785c4be498a6ac7f491a666e52fad84a22726df79c49e1f75c,fe00ba81f7da831a6166081791fcf024392431cda44f95a1e21ac2609fff558c,SEMANTIC_REVIEW_REQUIRED_NO_PORT
src/quant_platform/strategies.py,source_or_dependency,fe00ba81f7da831a6166081791fcf024392431cda44f95a1e21ac2609fff558c,visual_recovery,414575071f0562785c4be498a6ac7f491a666e52fad84a22726df79c49e1f75c,414575071f0562785c4be498a6ac7f491a666e52fad84a22726df79c49e1f75c,fe00ba81f7da831a6166081791fcf024392431cda44f95a1e21ac2609fff558c,ANCESTOR_VERSION_RETAIN_NO_PORT
src/quant_platform/three_brain_system.py,source_or_dependency,0169408a8cb0c2a64c779a2ddb9f5067217c3a0e17f58722b165f642716dc210,forensic_a;visual_recovery;workspace_outer,52e84d769918a230f46472a62db4b63e4ff5833b6c691c43420f6537c071bcfc,52e84d769918a230f46472a62db4b63e4ff5833b6c691c43420f6537c071bcfc,4ed8f053c906c61a595a8b6130743941d39f3b78fe8c0f13bb5079ea5bb70e74,SEMANTIC_REVIEW_REQUIRED_NO_PORT
src/quant_platform/three_brain_system.py,source_or_dependency,0f2c9ebe06ad5e871bdda7d0d91bc951dfbadd12d173d0bed260fc4c29510672,forensic_b,52e84d769918a230f46472a62db4b63e4ff5833b6c691c43420f6537c071bcfc,52e84d769918a230f46472a62db4b63e4ff5833b6c691c43420f6537c071bcfc,4ed8f053c906c61a595a8b6130743941d39f3b78fe8c0f13bb5079ea5bb70e74,SEMANTIC_REVIEW_REQUIRED_NO_PORT
src/quant_platform/trade_timing.py,source_or_dependency,d51a961e77c835b3c37a33ecfda2d3fb72c4a2f2eba4e630534f12b842b0ee69,forensic_b;visual_recovery,c009cbd33783e2b2089e46cd061ea233dbbe75e191a55bfb6982f40b8353fee4,c009cbd33783e2b2089e46cd061ea233dbbe75e191a55bfb6982f40b8353fee4,d51a961e77c835b3c37a33ecfda2d3fb72c4a2f2eba4e630534f12b842b0ee69,ANCESTOR_VERSION_RETAIN_NO_PORT
src/quant_platform/udemy_math_reconciliation.py,source_or_dependency,2bb8734a9b2dccf533e7b4314c2888170277e7e35fc9acf993f69b6222919b13,forensic_b,34b1c64d79f02895cecad45d2a6350298c35ce155aaa0bfdcfc23767558a2d39,34b1c64d79f02895cecad45d2a6350298c35ce155aaa0bfdcfc23767558a2d39,,SEMANTIC_REVIEW_REQUIRED_NO_PORT
src/quant_platform/udemy_math_reconciliation.py,source_or_dependency,c2244496c8154dc1ccd53291cdfb5ba38858377dfe07538660af3b17fa57a1ba,forensic_a;visual_recovery;workspace_outer,34b1c64d79f02895cecad45d2a6350298c35ce155aaa0bfdcfc23767558a2d39,34b1c64d79f02895cecad45d2a6350298c35ce155aaa0bfdcfc23767558a2d39,,SEMANTIC_REVIEW_REQUIRED_NO_PORT
src/quant_platform/udemy_transcript_vault.py,source_or_dependency,3763996d3d057017a7dff83e484437e92f9c946b8ee598b93a6c04a20affcf5f,forensic_a;visual_recovery;workspace_outer,ff012e64d578a4205aafd200c85bac1c2ceada32ce1ec0c57151b2f666546629,ff012e64d578a4205aafd200c85bac1c2ceada32ce1ec0c57151b2f666546629,,SEMANTIC_REVIEW_REQUIRED_NO_PORT
src/quant_platform/udemy_transcript_vault.py,source_or_dependency,c837120cc0f104c576b1bbae0582541a89da817bec9eb148281c108b2310111a,forensic_b,ff012e64d578a4205aafd200c85bac1c2ceada32ce1ec0c57151b2f666546629,ff012e64d578a4205aafd200c85bac1c2ceada32ce1ec0c57151b2f666546629,,SEMANTIC_REVIEW_REQUIRED_NO_PORT
src/quant_platform/v2_run.py,source_or_dependency,99affa8274c7f5673bfba0071f015739183cab784c96acc198ac6214b01bbb54,forensic_b,0a0aac9f22db0671e25ac888162d5ae19ec03582d351eb7ed5702673c7ab9547,0a0aac9f22db0671e25ac888162d5ae19ec03582d351eb7ed5702673c7ab9547,ef97f638ec827648d6d75bacd0b3f41deaea566f7f72f453221e321441c7587b,SEMANTIC_REVIEW_REQUIRED_NO_PORT
src/quant_platform/v2_run.py,source_or_dependency,ef97f638ec827648d6d75bacd0b3f41deaea566f7f72f453221e321441c7587b,visual_recovery,0a0aac9f22db0671e25ac888162d5ae19ec03582d351eb7ed5702673c7ab9547,0a0aac9f22db0671e25ac888162d5ae19ec03582d351eb7ed5702673c7ab9547,ef97f638ec827648d6d75bacd0b3f41deaea566f7f72f453221e321441c7587b,ANCESTOR_VERSION_RETAIN_NO_PORT
src/quant_platform/wizard_candidate_set.py,source_or_dependency,9d16b5326591acdc033f25b28e0c745491b3cc1b1bd897297896d5ca8d5a1ea8,forensic_b,c2ee9df7d544e5413a309e62ba6e29f047440deb5df11f514fa5e4a6cde40d37,c2ee9df7d544e5413a309e62ba6e29f047440deb5df11f514fa5e4a6cde40d37,c2ee9df7d544e5413a309e62ba6e29f047440deb5df11f514fa5e4a6cde40d37,SEMANTIC_REVIEW_REQUIRED_NO_PORT
src/quant_platform/wizard_control_plane.py,source_or_dependency,00ae43f8625b4a8e06a15b6248e21982d0cd2ce49e31a9c035d67da04903dc45,forensic_b,c6386cbc80d1356ad67d3a9c866fff3df1771042db6b8845579f92ffdf30e676,c6386cbc80d1356ad67d3a9c866fff3df1771042db6b8845579f92ffdf30e676,44b0ebdee813a79ea671b6945470257c8d5371182997a8d127b494a8d7894fcc,SEMANTIC_REVIEW_REQUIRED_NO_PORT
src/quant_platform/wizard_control_plane.py,source_or_dependency,44b0ebdee813a79ea671b6945470257c8d5371182997a8d127b494a8d7894fcc,visual_recovery,c6386cbc80d1356ad67d3a9c866fff3df1771042db6b8845579f92ffdf30e676,c6386cbc80d1356ad67d3a9c866fff3df1771042db6b8845579f92ffdf30e676,44b0ebdee813a79ea671b6945470257c8d5371182997a8d127b494a8d7894fcc,ANCESTOR_VERSION_RETAIN_NO_PORT
src/quant_platform/wizard_credit_budget.py,source_or_dependency,5e30e9a7c130dd1d0fa9fb4f91bbebe48e29cff32ea5096cb26bc67e7dfec424,forensic_b;visual_recovery,ecc54b83f761cb1f80d439ea9aa561d7d117ee2c16b235b3cfce2c2d98e792e7,ecc54b83f761cb1f80d439ea9aa561d7d117ee2c16b235b3cfce2c2d98e792e7,5e30e9a7c130dd1d0fa9fb4f91bbebe48e29cff32ea5096cb26bc67e7dfec424,ANCESTOR_VERSION_RETAIN_NO_PORT
src/quant_platform/wizard_credit_ledger.py,source_or_dependency,cb11865bc44d8313806da3832d995e1785a8f75a94f6af96d21e8002e5411620,forensic_a;forensic_b;visual_recovery;workspace_outer,d1309095ea6f092270ad02d78429d8e1e3f063488443f963cbd551d8704e0b5b,d1309095ea6f092270ad02d78429d8e1e3f063488443f963cbd551d8704e0b5b,c3ccc427eb1b60367b65d8a3e2c9ebdf8d69ba89c3cac58d38a783a49bf6279f,SEMANTIC_REVIEW_REQUIRED_NO_PORT
src/quant_platform/wizard_dynamic_comparator_activation.py,source_or_dependency,9b16e3e46e16ce6edfde34c07a8f2755ff0c66d4e7c5d0e6532978dcf7d3f79c,forensic_b;visual_recovery,305c5fc12baee34c79b5d7862e017bae83b56d9340557f492c73d3abbb93f04e,305c5fc12baee34c79b5d7862e017bae83b56d9340557f492c73d3abbb93f04e,9b16e3e46e16ce6edfde34c07a8f2755ff0c66d4e7c5d0e6532978dcf7d3f79c,ANCESTOR_VERSION_RETAIN_NO_PORT
src/quant_platform/wizard_evidence.py,source_or_dependency,ad4e7014f2ff32cd8abad8618e85ba7434c16a2c108e4cf82bf62710bd88f251,forensic_b,d9118a8c11ae186cb5b608febe1bcd5f1f959ab472e11795352891d9d95c62fe,d9118a8c11ae186cb5b608febe1bcd5f1f959ab472e11795352891d9d95c62fe,cf3dca4e04ec24bf111290136ef4859c6e668f580ed35ef0573a34d7eea5bbf4,SEMANTIC_REVIEW_REQUIRED_NO_PORT
src/quant_platform/wizard_evidence.py,source_or_dependency,cf3dca4e04ec24bf111290136ef4859c6e668f580ed35ef0573a34d7eea5bbf4,visual_recovery,d9118a8c11ae186cb5b608febe1bcd5f1f959ab472e11795352891d9d95c62fe,d9118a8c11ae186cb5b608febe1bcd5f1f959ab472e11795352891d9d95c62fe,cf3dca4e04ec24bf111290136ef4859c6e668f580ed35ef0573a34d7eea5bbf4,ANCESTOR_VERSION_RETAIN_NO_PORT
src/quant_platform/wizard_hourly_database.py,source_or_dependency,02f424f424e4d1f32ef26af50d2928ab260053ead9a48b2f85f8379d6e0e85f1,forensic_b;visual_recovery,1eba599cde9ab0f541ba6975ca2957ae0464792fc169c9f415f5c0f4cdbdbf40,1eba599cde9ab0f541ba6975ca2957ae0464792fc169c9f415f5c0f4cdbdbf40,02f424f424e4d1f32ef26af50d2928ab260053ead9a48b2f85f8379d6e0e85f1,ANCESTOR_VERSION_RETAIN_NO_PORT
src/quant_platform/wizard_hyperliquid_bridge.py,source_or_dependency,83f464a1a8fc1ea8cac4250eab5397891cdc93a0a377a375f08d96a8de76f607,visual_recovery,341dc88a6906b7f42fe17fa4b01cbc8540e51665eb62064609bc048ea8666778,341dc88a6906b7f42fe17fa4b01cbc8540e51665eb62064609bc048ea8666778,83f464a1a8fc1ea8cac4250eab5397891cdc93a0a377a375f08d96a8de76f607,ANCESTOR_VERSION_RETAIN_NO_PORT
src/quant_platform/wizard_hyperliquid_bridge.py,source_or_dependency,d8c4da0eebcd54c08f85366fa7399fb00ea8a5f5060cf19d79eea55fcedf847d,forensic_b,341dc88a6906b7f42fe17fa4b01cbc8540e51665eb62064609bc048ea8666778,341dc88a6906b7f42fe17fa4b01cbc8540e51665eb62064609bc048ea8666778,83f464a1a8fc1ea8cac4250eab5397891cdc93a0a377a375f08d96a8de76f607,SEMANTIC_REVIEW_REQUIRED_NO_PORT
src/quant_platform/wizard_hyperliquid_mode_proof.py,source_or_dependency,66ab8cddcd27b7fac443c0cfa9f7fb4a2c4ce0c242de9b23c726b6094034ac23,visual_recovery,ee80d6fab23433843c64af686998238806b3fb74772a31a8f3c8b57cc4b329c8,ee80d6fab23433843c64af686998238806b3fb74772a31a8f3c8b57cc4b329c8,66ab8cddcd27b7fac443c0cfa9f7fb4a2c4ce0c242de9b23c726b6094034ac23,ANCESTOR_VERSION_RETAIN_NO_PORT
src/quant_platform/wizard_hyperliquid_mode_proof.py,source_or_dependency,b388a433532c42f6eec6daa84d5fc924c8ed42755ecc18c48aad1f3c92064568,forensic_b,ee80d6fab23433843c64af686998238806b3fb74772a31a8f3c8b57cc4b329c8,ee80d6fab23433843c64af686998238806b3fb74772a31a8f3c8b57cc4b329c8,66ab8cddcd27b7fac443c0cfa9f7fb4a2c4ce0c242de9b23c726b6094034ac23,SEMANTIC_REVIEW_REQUIRED_NO_PORT
src/quant_platform/wizard_local_verification.py,source_or_dependency,9c5c3d7161ad04f24bcfa77c24750a4b86e2f7ae999658cd14b33425957fc2cf,forensic_b;visual_recovery,cdfa47373e90c3063e734ce3b1f32498a1db8b3cfcdea27e3566ea8ecaae6b9c,cdfa47373e90c3063e734ce3b1f32498a1db8b3cfcdea27e3566ea8ecaae6b9c,9c5c3d7161ad04f24bcfa77c24750a4b86e2f7ae999658cd14b33425957fc2cf,ANCESTOR_VERSION_RETAIN_NO_PORT
src/quant_platform/wizard_mode_comparison.py,source_or_dependency,08f39f9863af4b9ff76569c566e08c7b8d09db7cc01179697d28ad8c9ed24fe4,forensic_b;visual_recovery,33a3e0da134308925a42b0e6b6763a4aead6acb6a9c2bb0746a0f5803cdcd91b,33a3e0da134308925a42b0e6b6763a4aead6acb6a9c2bb0746a0f5803cdcd91b,08f39f9863af4b9ff76569c566e08c7b8d09db7cc01179697d28ad8c9ed24fe4,ANCESTOR_VERSION_RETAIN_NO_PORT
src/quant_platform/wizard_mode_replay.py,source_or_dependency,c7d9675753c02f9ff206116ad42746569788e16c61586d3d70210e496725b3e5,forensic_b,775e0a59735974984a9a4fecef6ca5afa97396e58ffe3e5d78fb4beb9887aec7,775e0a59735974984a9a4fecef6ca5afa97396e58ffe3e5d78fb4beb9887aec7,0db2b0643d3047a4526464a976c08d15a15f1b44893e46a8809b03b4704d0aaf,SEMANTIC_REVIEW_REQUIRED_NO_PORT
src/quant_platform/wizard_mode_replay.py,source_or_dependency,fa8c4a08fd8a1de226eb556d8b0c87d362cc8989d6cb80cf21dbf134fe9c1388,forensic_a;visual_recovery;workspace_outer,775e0a59735974984a9a4fecef6ca5afa97396e58ffe3e5d78fb4beb9887aec7,775e0a59735974984a9a4fecef6ca5afa97396e58ffe3e5d78fb4beb9887aec7,0db2b0643d3047a4526464a976c08d15a15f1b44893e46a8809b03b4704d0aaf,SEMANTIC_REVIEW_REQUIRED_NO_PORT
src/quant_platform/wizard_ou_comparator_activation.py,source_or_dependency,883e68bfaa23f38fff81258d8bbcef53955d0a5bce07dfaa6a0391f184b1ffd8,visual_recovery,98a21f341332516cf67f835dcabbe828ee83a7f174f5d9107786ec16fd60e055,98a21f341332516cf67f835dcabbe828ee83a7f174f5d9107786ec16fd60e055,883e68bfaa23f38fff81258d8bbcef53955d0a5bce07dfaa6a0391f184b1ffd8,ANCESTOR_VERSION_RETAIN_NO_PORT
src/quant_platform/wizard_ou_comparator_activation.py,source_or_dependency,be4a74918ae226f0e31bc4db27ff814e4136ff6b78f52dee3bd47f0542a6bc22,forensic_b,98a21f341332516cf67f835dcabbe828ee83a7f174f5d9107786ec16fd60e055,98a21f341332516cf67f835dcabbe828ee83a7f174f5d9107786ec16fd60e055,883e68bfaa23f38fff81258d8bbcef53955d0a5bce07dfaa6a0391f184b1ffd8,SEMANTIC_REVIEW_REQUIRED_NO_PORT
src/quant_platform/wizard_ou_v4_comparator_activation.py,source_or_dependency,47a54147aa4fd0d5f3708cf78f9f51f49c503aacc63fd9ff8a8a7a2f21a2c01d,forensic_b,826453af5535270e0dd970a50e6aded300fd9f30d91d952aba32ec62b58e0bb6,826453af5535270e0dd970a50e6aded300fd9f30d91d952aba32ec62b58e0bb6,826453af5535270e0dd970a50e6aded300fd9f30d91d952aba32ec62b58e0bb6,SEMANTIC_REVIEW_REQUIRED_NO_PORT
src/quant_platform/wizard_ou_v5_comparator_activation.py,source_or_dependency,bbffd3659d8498bb6fa1d57d36085d16fba3823d7a10a031b53ebaf3c991cca6,forensic_b,34596e31d19d7c72f7dbfb86b0b6ffd741958f6d18908a71a0641293c9aea091,34596e31d19d7c72f7dbfb86b0b6ffd741958f6d18908a71a0641293c9aea091,34596e31d19d7c72f7dbfb86b0b6ffd741958f6d18908a71a0641293c9aea091,SEMANTIC_REVIEW_REQUIRED_NO_PORT
src/quant_platform/wizard_ou_v6_comparator_activation.py,source_or_dependency,809b4cfb8b389854765f07db94239d6011e8f8d8e9599cde9f4a9a285e3c5f69,forensic_b,7c6377488e64babf459237a097e012171165880ce4b674865c3d622bf885f6e2,7c6377488e64babf459237a097e012171165880ce4b674865c3d622bf885f6e2,7c6377488e64babf459237a097e012171165880ce4b674865c3d622bf885f6e2,SEMANTIC_REVIEW_REQUIRED_NO_PORT
src/quant_platform/wizard_pair_detail_ui_bundle.py,source_or_dependency,037ada6da2cc06c038f7a2b662b30cf8770b8c989677a1f8b56ce68c19c1b967,forensic_b;visual_recovery,dce7181ef8f07eff0c65aafc1a07c46d73808b48e20750bf22b88102ac281899,dce7181ef8f07eff0c65aafc1a07c46d73808b48e20750bf22b88102ac281899,037ada6da2cc06c038f7a2b662b30cf8770b8c989677a1f8b56ce68c19c1b967,ANCESTOR_VERSION_RETAIN_NO_PORT
src/quant_platform/wizard_pair_matrix.py,source_or_dependency,7f0ccd045dfbb04de7e424899a3a047c053110ab27c28bbf1fd3224f319d6c19,forensic_b;visual_recovery,8a29ff43d1578e25a39e18bf55a743a3cf7641cba6915f666ea2c0645234c26a,8a29ff43d1578e25a39e18bf55a743a3cf7641cba6915f666ea2c0645234c26a,7f0ccd045dfbb04de7e424899a3a047c053110ab27c28bbf1fd3224f319d6c19,ANCESTOR_VERSION_RETAIN_NO_PORT
src/quant_platform/wizard_research_journal.py,source_or_dependency,613a99f364bf1ec08b0b727cc04916f454852792e56b244efe57115dabc2b198,forensic_b,47e2a0fd119fb0bec555ac2a66f672a16fd573448e7e4cd4337d0d0ff8d57e3f,47e2a0fd119fb0bec555ac2a66f672a16fd573448e7e4cd4337d0d0ff8d57e3f,841c5da7dab49376db4853e2d777e78a169b51005246c8a994c250c34b92560b,SEMANTIC_REVIEW_REQUIRED_NO_PORT
src/quant_platform/wizard_research_journal.py,source_or_dependency,6f1193577a1616d84663352d09ccb28bc449d6aebd09a96c2bb3521e2670cf6a,forensic_a;visual_recovery;workspace_outer,47e2a0fd119fb0bec555ac2a66f672a16fd573448e7e4cd4337d0d0ff8d57e3f,47e2a0fd119fb0bec555ac2a66f672a16fd573448e7e4cd4337d0d0ff8d57e3f,841c5da7dab49376db4853e2d777e78a169b51005246c8a994c250c34b92560b,SEMANTIC_REVIEW_REQUIRED_NO_PORT
src/quant_platform/yahoo_crypto.py,source_or_dependency,50c06dc0cbe3e0a194b7033dd2ee32d74809684c37e9500bbaefb495711abf9a,forensic_b;visual_recovery,99caa2f05cd9d5a15f428a1d2ff3b0dee876e52ad701eacc5ddaea830e0f6b1f,99caa2f05cd9d5a15f428a1d2ff3b0dee876e52ad701eacc5ddaea830e0f6b1f,50c06dc0cbe3e0a194b7033dd2ee32d74809684c37e9500bbaefb495711abf9a,ANCESTOR_VERSION_RETAIN_NO_PORT
src/quant_platform/youtube_brain.py,source_or_dependency,0501afad9d86cc33c318c2ca84083477c15609efd9b4f5641c8e4c946fa1d4a1,forensic_b,e4fabd1ff966fcbb30a7607d659a3e007b989cc36e6879e1506b42e20228b98a,e4fabd1ff966fcbb30a7607d659a3e007b989cc36e6879e1506b42e20228b98a,7ae6a7aea30ec8905d1d0e262a1c4ae4aa5c2f16cce7b651f0aaa7036700ffa9,SEMANTIC_REVIEW_REQUIRED_NO_PORT
src/quant_platform/youtube_brain.py,source_or_dependency,7ae6a7aea30ec8905d1d0e262a1c4ae4aa5c2f16cce7b651f0aaa7036700ffa9,visual_recovery,e4fabd1ff966fcbb30a7607d659a3e007b989cc36e6879e1506b42e20228b98a,e4fabd1ff966fcbb30a7607d659a3e007b989cc36e6879e1506b42e20228b98a,7ae6a7aea30ec8905d1d0e262a1c4ae4aa5c2f16cce7b651f0aaa7036700ffa9,ANCESTOR_VERSION_RETAIN_NO_PORT
src/quant_platform/youtube_caption_insights.py,source_or_dependency,522baf6aa070a99e8135f622fac9cd20df3d79033b7c06c1040348dfad645993,forensic_b;visual_recovery,c0a96601f7f339efdf14a57d598e4d9524f8a35924b62bbce9c0d26418c75513,c0a96601f7f339efdf14a57d598e4d9524f8a35924b62bbce9c0d26418c75513,522baf6aa070a99e8135f622fac9cd20df3d79033b7c06c1040348dfad645993,ANCESTOR_VERSION_RETAIN_NO_PORT
src/quant_platform/youtube_channel_research.py,source_or_dependency,be2702cc0264e76ef670d7746a56031d9d81c8c0ad27c288811c9fc8dbf85dc2,forensic_b;visual_recovery,61562db7d70d16a4ad7492839d468d71650eea15d5ca000205698677454cd0d9,61562db7d70d16a4ad7492839d468d71650eea15d5ca000205698677454cd0d9,be2702cc0264e76ef670d7746a56031d9d81c8c0ad27c288811c9fc8dbf85dc2,ANCESTOR_VERSION_RETAIN_NO_PORT
src/quant_platform/youtube_hypothesis_validation.py,source_or_dependency,0ff9981b868ef60442c49a3b53599b573a06e7c3dced25456055da87c4eaeada,forensic_b;visual_recovery,0927593cec965fe053c55d808808d9e92ce283ce4e24d621120083bcd51c6b2a,0927593cec965fe053c55d808808d9e92ce283ce4e24d621120083bcd51c6b2a,0ff9981b868ef60442c49a3b53599b573a06e7c3dced25456055da87c4eaeada,ANCESTOR_VERSION_RETAIN_NO_PORT
src/quant_platform/zscore_utils.py,source_or_dependency,e0dcffdc7ad0f8b1acbeaaa6cdcc00f4858bb182aabdc0a2058898ccff629b8a,forensic_b,5389a17a06da83ed63620adf77b098f9d28e2080479f212cffadb506b14d443a,5389a17a06da83ed63620adf77b098f9d28e2080479f212cffadb506b14d443a,5389a17a06da83ed63620adf77b098f9d28e2080479f212cffadb506b14d443a,SEMANTIC_REVIEW_REQUIRED_NO_PORT
src/quantized_stat_arb_platform.egg-info/PKG-INFO,source_or_dependency,3e903933f82d36d9c5ea184029545da02e5a8ad9333f8f298b1d1ae99c6e9de9,forensic_b;visual_recovery,d0fb982aa259782fb69ad861ad6a5a208ab0dac1b753cbb33da33f7abf6858c7,,,SEMANTIC_REVIEW_REQUIRED_NO_PORT
src/quantized_stat_arb_platform.egg-info/SOURCES.txt,source_or_dependency,0c7e96dd59bd879e359b442606b45142ec0679c8a46a614ac2ff0f399be09ab1,source_candidate,2b807f538372eab0667615b4159963b474ba769f493488195a4ca42a9c499ebe,,,SEMANTIC_REVIEW_REQUIRED_NO_PORT
src/quantized_stat_arb_platform.egg-info/SOURCES.txt,source_or_dependency,7309988921af155a9df3b44cd7b4dc1a7daafe8e61f597f941e55d5e8522e893,forensic_b,2b807f538372eab0667615b4159963b474ba769f493488195a4ca42a9c499ebe,,,SEMANTIC_REVIEW_REQUIRED_NO_PORT
src/quantized_stat_arb_platform.egg-info/SOURCES.txt,source_or_dependency,b1873f2463f7490cedd270f7447216df825d4a99f2c9832a620d1de93a910f55,visual_recovery,2b807f538372eab0667615b4159963b474ba769f493488195a4ca42a9c499ebe,,,SEMANTIC_REVIEW_REQUIRED_NO_PORT
src/quantized_stat_arb_platform.egg-info/requires.txt,source_or_dependency,d9ac0c7d4d9758ea0459a5c913f7a0e63197d9c3d828ed794d253e289ba41cd4,forensic_b;visual_recovery,0074e121ca43eba1012969b278ec3a8314eda167b63dfe0abf87bc2d19e8cf57,,,SEMANTIC_REVIEW_REQUIRED_NO_PORT
tests/test_active_pipeline.py,test,019d0e00d1050c529bc7c4090bab4e750a8928ea9becb7ef9022e0f579a26e89,visual_recovery,5ff039ce58ff7b1a08e40df3ca90f84ed42c0a0469f46bfbf23a93280c424442,5ff039ce58ff7b1a08e40df3ca90f84ed42c0a0469f46bfbf23a93280c424442,019d0e00d1050c529bc7c4090bab4e750a8928ea9becb7ef9022e0f579a26e89,ANCESTOR_VERSION_RETAIN_NO_PORT
tests/test_active_pipeline.py,test,cfd6b930864fbc4f487665547d965977cc59db4334ea315ea3b5b46f1a4a7a69,forensic_b,5ff039ce58ff7b1a08e40df3ca90f84ed42c0a0469f46bfbf23a93280c424442,5ff039ce58ff7b1a08e40df3ca90f84ed42c0a0469f46bfbf23a93280c424442,019d0e00d1050c529bc7c4090bab4e750a8928ea9becb7ef9022e0f579a26e89,SEMANTIC_REVIEW_REQUIRED_NO_PORT
tests/test_api_extraction.py,test,30bdcdf545403b2917125528bc0ac2132f4cbb8ebcfe839c023c579118e22efb,forensic_b;visual_recovery,1c09cda0e41b276f5823dca1fe022cf3100d28737f8646cca5353cc689eb67e8,1c09cda0e41b276f5823dca1fe022cf3100d28737f8646cca5353cc689eb67e8,30bdcdf545403b2917125528bc0ac2132f4cbb8ebcfe839c023c579118e22efb,ANCESTOR_VERSION_RETAIN_NO_PORT
tests/test_apify_sources.py,test,fc8c01a350ae48822a88138b6c252d01eebf605385c1625b87e91461a678baac,forensic_b;visual_recovery,3812994627b533ff53ebc2abf63dd13085cac1da9323c508c608b02790eff3df,3812994627b533ff53ebc2abf63dd13085cac1da9323c508c608b02790eff3df,fc8c01a350ae48822a88138b6c252d01eebf605385c1625b87e91461a678baac,ANCESTOR_VERSION_RETAIN_NO_PORT
tests/test_backtest.py,test,16848e74c234e4b47291134deb7a46853360564de8bf1182f2c882e639d7f417,forensic_b,689490c8491e8c1cc0110d0d35503d66a8ec180c9efc5614fc627eeb38a52ee0,689490c8491e8c1cc0110d0d35503d66a8ec180c9efc5614fc627eeb38a52ee0,77504a189c96d3077bb1b422b53830f9ba00ecdbbef64eebb54d29afc0fab6ac,SEMANTIC_REVIEW_REQUIRED_NO_PORT
tests/test_backtest.py,test,77504a189c96d3077bb1b422b53830f9ba00ecdbbef64eebb54d29afc0fab6ac,visual_recovery,689490c8491e8c1cc0110d0d35503d66a8ec180c9efc5614fc627eeb38a52ee0,689490c8491e8c1cc0110d0d35503d66a8ec180c9efc5614fc627eeb38a52ee0,77504a189c96d3077bb1b422b53830f9ba00ecdbbef64eebb54d29afc0fab6ac,ANCESTOR_VERSION_RETAIN_NO_PORT
tests/test_binance_testnet.py,test,c6905fbf01b80c13d3a74b2d270fe7887b2f5e63a007c1e3dcc5d675ad06f7c9,forensic_b;visual_recovery,e75b6eaefb206562b862999c380e79378aab82ff2f3c7daca51387137189964f,e75b6eaefb206562b862999c380e79378aab82ff2f3c7daca51387137189964f,c6905fbf01b80c13d3a74b2d270fe7887b2f5e63a007c1e3dcc5d675ad06f7c9,ANCESTOR_VERSION_RETAIN_NO_PORT
tests/test_canonical_wizard_hyperliquid_contract.py,test,1224532fdf002ffb2bb241e66220496ef24d1bd172aef0d853d12105dd245700,forensic_b,462dd94a9515d452aeebddd48ed4a5d6b296563c4e83d87eeedcd816a9144492,462dd94a9515d452aeebddd48ed4a5d6b296563c4e83d87eeedcd816a9144492,,SEMANTIC_REVIEW_REQUIRED_NO_PORT
tests/test_cli.py,test,bc1f9dfd2f8618b73c9a8fabf02763093a103fa95ca8aa6f0f771bd0248bdf18,forensic_a;forensic_b;visual_recovery;workspace_outer,9f0b80e555a896dfbfac2983417eaabe17333828eab908ae26560dbf25948eb3,9f0b80e555a896dfbfac2983417eaabe17333828eab908ae26560dbf25948eb3,110e7aae30a6cec4211388ebe13ce75ce4fd6bea55ed352cc84725ac6e810a56,SEMANTIC_REVIEW_REQUIRED_NO_PORT
tests/test_collection_runtime_route.py,test,4ca36d09311306ae0b023fb496e15a2341e0103cb014097203fba14d5a59cc90,source_candidate,,,,SEMANTIC_REVIEW_REQUIRED_NO_PORT
tests/test_collection_startup_verify.py,test,9347352e679eb02f527b37d46df6544314ff4aa35a3d0d25b5da9666ea317fe4,source_candidate,,,,SEMANTIC_REVIEW_REQUIRED_NO_PORT
tests/test_corrective_daily_scheduler.py,test,df9a69b84427bb9aec810504beb6901de501c44e14dd1b8746f7418005bb0ab2,forensic_b;visual_recovery,0093447a1705059b1ce420904f6c75815a75aec210f10c4b55d66e623dd4479b,0093447a1705059b1ce420904f6c75815a75aec210f10c4b55d66e623dd4479b,df9a69b84427bb9aec810504beb6901de501c44e14dd1b8746f7418005bb0ab2,ANCESTOR_VERSION_RETAIN_NO_PORT
tests/test_corrective_governance.py,test,25003da774b6c8e57fb973907ca13087dc7dfede1b214c3cbf6e0d9101782734,forensic_b;visual_recovery,b2c04d54625eebbf516908c2cfedd0f6a2661f3bd2fe1200fa41288303a12ddd,0ac7162ca9f4b6e771c6bce2d20f6f3af3c2a16ccfdd398fe80e8c4123277095,25003da774b6c8e57fb973907ca13087dc7dfede1b214c3cbf6e0d9101782734,ANCESTOR_VERSION_RETAIN_NO_PORT
tests/test_corrective_l2_scheduler.py,test,eb27f217b7261d225fc0e66f5ba503a7e126ad1938b1b666b04132e5b9981174,forensic_b;visual_recovery,ed906d7bd62348371208266e26248c67af146cd6d2ad386f0ea65e6b787a1699,ed906d7bd62348371208266e26248c67af146cd6d2ad386f0ea65e6b787a1699,eb27f217b7261d225fc0e66f5ba503a7e126ad1938b1b666b04132e5b9981174,ANCESTOR_VERSION_RETAIN_NO_PORT
tests/test_corrective_live_canary.py,test,128801e9837108636c25162185828fc08717dd9b237f5a915f5f829812f7f0f0,forensic_b;visual_recovery,c63ee233214aadc2d36ee0f3c0eda859a5df57efda7c8a05aad8a693578f9b82,c63ee233214aadc2d36ee0f3c0eda859a5df57efda7c8a05aad8a693578f9b82,128801e9837108636c25162185828fc08717dd9b237f5a915f5f829812f7f0f0,ANCESTOR_VERSION_RETAIN_NO_PORT
tests/test_corrective_live_canary_execution.py,test,c494053c7bff9cfdae2eab3361d8e3813a603fbf1fb6bc0b48761cc45df36dcf,forensic_b;visual_recovery,af8f157d161f57d2c560a1bfdefc121c4cc5b847089c791a848b33d93764378e,af8f157d161f57d2c560a1bfdefc121c4cc5b847089c791a848b33d93764378e,c494053c7bff9cfdae2eab3361d8e3813a603fbf1fb6bc0b48761cc45df36dcf,ANCESTOR_VERSION_RETAIN_NO_PORT
tests/test_corrective_registered_rerun.py,test,e38a41d38c7f5606052d2267ec46a03f0012031e53fce4522b99c9422160b769,forensic_b;visual_recovery,a26fa7646b94906cb82587aa5d454db18365d56c19e4cf58c84f848c3af0adcb,a26fa7646b94906cb82587aa5d454db18365d56c19e4cf58c84f848c3af0adcb,e38a41d38c7f5606052d2267ec46a03f0012031e53fce4522b99c9422160b769,ANCESTOR_VERSION_RETAIN_NO_PORT
tests/test_corrective_registered_rerun_executor.py,test,be1f22176ee466affcadb3d8b798ddf5d940a9c93393b457065c5a39f1983478,forensic_b;visual_recovery,00173e210f76e622fade57678d08df456fd8621c002b448d7c91a0e68fb2a556,00173e210f76e622fade57678d08df456fd8621c002b448d7c91a0e68fb2a556,be1f22176ee466affcadb3d8b798ddf5d940a9c93393b457065c5a39f1983478,ANCESTOR_VERSION_RETAIN_NO_PORT
tests/test_corrective_release_gates.py,test,b2f22d4015260cb7242db1f93f0f436f48bc23ba36e3d7624184b80bde59ba38,forensic_b;visual_recovery,5b790d1aba812e5614bbf1f14179f0a6454a808a89aaaefcf4165662cbbec29a,5b790d1aba812e5614bbf1f14179f0a6454a808a89aaaefcf4165662cbbec29a,b2f22d4015260cb7242db1f93f0f436f48bc23ba36e3d7624184b80bde59ba38,ANCESTOR_VERSION_RETAIN_NO_PORT
tests/test_corrective_runtime.py,test,6e256139900e590bcac3b7736cbaae32428e2cd113cc44760e7fe7ba47cd5733,forensic_b;visual_recovery,c39341d12639f6496b345cc61db29ef12fedfc998677272e551870630884545e,c39341d12639f6496b345cc61db29ef12fedfc998677272e551870630884545e,6e256139900e590bcac3b7736cbaae32428e2cd113cc44760e7fe7ba47cd5733,ANCESTOR_VERSION_RETAIN_NO_PORT
tests/test_corrective_scheduler_runtime_readiness.py,test,f8660a593e24075f5697b129ccd1e9a0e5ec712607ca711617b51a79fefa325d,forensic_b;visual_recovery,9aab2fea346c140174d5974eef6f7374542cc43b2020255eec46242074b9c858,9aab2fea346c140174d5974eef6f7374542cc43b2020255eec46242074b9c858,f8660a593e24075f5697b129ccd1e9a0e5ec712607ca711617b51a79fefa325d,ANCESTOR_VERSION_RETAIN_NO_PORT
tests/test_corrective_stage4_handoff_readiness.py,test,47c5d02403090921beaba37150504d0aa71c80ad89c28814fa66d8f8845aac5c,forensic_b;visual_recovery,b0efae8ccf3d29a43cb7b76830be1c772da3d2c0e45876adc8f82ec6ee70a8ee,b0efae8ccf3d29a43cb7b76830be1c772da3d2c0e45876adc8f82ec6ee70a8ee,47c5d02403090921beaba37150504d0aa71c80ad89c28814fa66d8f8845aac5c,ANCESTOR_VERSION_RETAIN_NO_PORT
tests/test_corrective_testnet_collateral_transfer.py,test,bda2c2106162fae8b0c50fb0bcfb075b5e5caabbf201b2e22bb163c52f6f3ecd,forensic_b;visual_recovery,ff44e9ed362de38bac44f73e9e3f2841a41010378d60f5b2fdc47c9335a5395e,ff44e9ed362de38bac44f73e9e3f2841a41010378d60f5b2fdc47c9335a5395e,bda2c2106162fae8b0c50fb0bcfb075b5e5caabbf201b2e22bb163c52f6f3ecd,ANCESTOR_VERSION_RETAIN_NO_PORT
tests/test_corrective_testnet_pair_execution.py,test,08e714c51b1bca02e1347cba78220cebde973c648bd80bcb0abd44488aabf323,forensic_b;visual_recovery,f059ff6e7023ab05945e8a354ce98aef77bb05734a7e6fbd65bdecd2636ea573,f059ff6e7023ab05945e8a354ce98aef77bb05734a7e6fbd65bdecd2636ea573,08e714c51b1bca02e1347cba78220cebde973c648bd80bcb0abd44488aabf323,ANCESTOR_VERSION_RETAIN_NO_PORT
tests/test_corrective_wizard_capture_manifest.py,test,a01b249306f577d7a13bb288c645a69b6b6bfd9e9c57f3e5b7decd1be7500028,forensic_b;visual_recovery,54e4e2fecedee846be81d7c3ab241bd776d9c5bcfbf0eaa68e5be5364f36e1d0,54e4e2fecedee846be81d7c3ab241bd776d9c5bcfbf0eaa68e5be5364f36e1d0,a01b249306f577d7a13bb288c645a69b6b6bfd9e9c57f3e5b7decd1be7500028,ANCESTOR_VERSION_RETAIN_NO_PORT
tests/test_corrective_wizard_capture_reconciliation.py,test,803b4a448ac64304a692cafd621f0a49d34268aece62f1844cb7acc10aff7fbc,forensic_b;visual_recovery,e5a4e3a2320c170d2fdc93a2e69d7f8f69b2d89c057b619a707e61c439568c6b,e5a4e3a2320c170d2fdc93a2e69d7f8f69b2d89c057b619a707e61c439568c6b,803b4a448ac64304a692cafd621f0a49d34268aece62f1844cb7acc10aff7fbc,ANCESTOR_VERSION_RETAIN_NO_PORT
tests/test_corrective_wizard_copula_behavioral.py,test,2f39391233915b3f8148fa8157a6c9643d93c880ec7bca83b650237603e448b4,forensic_b;visual_recovery,6afc75a6a0c304552c8f8f04da2fb17c518c3be57658fe30a91f192394b78e2b,6afc75a6a0c304552c8f8f04da2fb17c518c3be57658fe30a91f192394b78e2b,2f39391233915b3f8148fa8157a6c9643d93c880ec7bca83b650237603e448b4,ANCESTOR_VERSION_RETAIN_NO_PORT
tests/test_corrective_wizard_ou_v4_failure_attribution.py,test,30b4cdf3962d6901787f90ebfe762ae44817a966af35b68c6917ae3581f951d3,forensic_b;visual_recovery,486ef9be67ca747395dac5c2ff5c818f92ce76973a9689bb0d10d2094ae27dbd,486ef9be67ca747395dac5c2ff5c818f92ce76973a9689bb0d10d2094ae27dbd,30b4cdf3962d6901787f90ebfe762ae44817a966af35b68c6917ae3581f951d3,ANCESTOR_VERSION_RETAIN_NO_PORT
tests/test_corrective_wizard_ou_v4_holdout.py,test,3f38a13cccc8b046370173a10b13332936a93190fd65097b51b9c1d620ade223,forensic_b;visual_recovery,48b47be00571a143d327adb7339103be4040814dca09371e8ab1efd37f270071,48b47be00571a143d327adb7339103be4040814dca09371e8ab1efd37f270071,3f38a13cccc8b046370173a10b13332936a93190fd65097b51b9c1d620ade223,ANCESTOR_VERSION_RETAIN_NO_PORT
tests/test_corrective_wizard_ou_v5_holdout.py,test,0f3ee008f8af6701d09f2197a1fac6021d131709707d306d9311a90260808e64,forensic_b;visual_recovery,5265826b5d4f1451b952461a4e252ed1e34420a11268ac14d7b2ffca654a2039,5265826b5d4f1451b952461a4e252ed1e34420a11268ac14d7b2ffca654a2039,0f3ee008f8af6701d09f2197a1fac6021d131709707d306d9311a90260808e64,ANCESTOR_VERSION_RETAIN_NO_PORT
tests/test_corrective_wizard_ou_v6_holdout.py,test,419792c4e41d3d687f106f3856747c5cc0f030d177641145f5c69e5982d6da73,forensic_a;forensic_b;visual_recovery;workspace_outer,7e6a111f326e99fbc20eb1db2fed58ee67470e7183f8828073a25fff19fcc83e,7e6a111f326e99fbc20eb1db2fed58ee67470e7183f8828073a25fff19fcc83e,f9782062d6f1899525811e9e4fa6581698eb53c2fb4388156e939257137210ce,SEMANTIC_REVIEW_REQUIRED_NO_PORT
tests/test_corrective_wizard_proof_launcher.py,test,0bddb086903d165ba9090b4160ab26654ac431f84d138dc0eb598f62ea75e31d,forensic_b;visual_recovery,e491ec5f78c885ac1931450abcd56282d6625e0577a323a3775d37b06dcd76d0,e491ec5f78c885ac1931450abcd56282d6625e0577a323a3775d37b06dcd76d0,0bddb086903d165ba9090b4160ab26654ac431f84d138dc0eb598f62ea75e31d,ANCESTOR_VERSION_RETAIN_NO_PORT
tests/test_corrective_wizard_proof_scheduler.py,test,e021ea525453a669a6b7fdf67267db09545eee64a151ebfccd4eeb09887771e1,forensic_b;visual_recovery,d7174ba3d0770eacdd04dd377bc99dae4a9c9becfe21cf743b883daa835d96bf,d7174ba3d0770eacdd04dd377bc99dae4a9c9becfe21cf743b883daa835d96bf,e021ea525453a669a6b7fdf67267db09545eee64a151ebfccd4eeb09887771e1,ANCESTOR_VERSION_RETAIN_NO_PORT
tests/test_corrective_wizard_reset_readiness.py,test,ccab08c626bb3d1be6e1e3ae8968879799887c72437175942224e31fd0c08e82,forensic_b;visual_recovery,61e784e7aa9ce9f514d93732fa78e30ae6e83a4aaf9199252f4994ee3396883d,61e784e7aa9ce9f514d93732fa78e30ae6e83a4aaf9199252f4994ee3396883d,ccab08c626bb3d1be6e1e3ae8968879799887c72437175942224e31fd0c08e82,ANCESTOR_VERSION_RETAIN_NO_PORT
tests/test_corrective_wizard_unattended_preflight.py,test,708b41f2f974580ffc3eefdde65f9321468e56267017039da8d155e278f3ba75,forensic_b;visual_recovery,90a6d18938838b64616e2e4cf43fdf62261aae362f768bb6f984ea21e016067b,90a6d18938838b64616e2e4cf43fdf62261aae362f768bb6f984ea21e016067b,708b41f2f974580ffc3eefdde65f9321468e56267017039da8d155e278f3ba75,ANCESTOR_VERSION_RETAIN_NO_PORT
tests/test_crypto_wizards_history.py,test,cd558f8258d5ad40800bd17f10e9f97d94621672f03cdf2fb7eaf75021defee7,forensic_b;visual_recovery,66f35706ef9a2a865c61eb6f8d38ee1897d57c763c2c538c3838ccb4e84f110b,66f35706ef9a2a865c61eb6f8d38ee1897d57c763c2c538c3838ccb4e84f110b,cd558f8258d5ad40800bd17f10e9f97d94621672f03cdf2fb7eaf75021defee7,ANCESTOR_VERSION_RETAIN_NO_PORT
tests/test_crypto_wizards_sweep.py,test,b791597cf8b00c630089cd8db157132d0dcdd0242822510db872000a8e97d7db,forensic_b;visual_recovery,b50aaf478aa7d8f379bc90a54e1c173b7ea27721d689942e5a41e4230e77336d,b50aaf478aa7d8f379bc90a54e1c173b7ea27721d689942e5a41e4230e77336d,b791597cf8b00c630089cd8db157132d0dcdd0242822510db872000a8e97d7db,ANCESTOR_VERSION_RETAIN_NO_PORT
tests/test_current_wizard_hyperliquid_completion_audit.py,test,0d7754e592938258deeb119015642a3cb044378637ef68307324048a7fceff7e,forensic_b;visual_recovery,ace571591f36c17ff951035ffbf1d01911dd6d850a1116c0a1fcf967b57f89bd,ace571591f36c17ff951035ffbf1d01911dd6d850a1116c0a1fcf967b57f89bd,0d7754e592938258deeb119015642a3cb044378637ef68307324048a7fceff7e,ANCESTOR_VERSION_RETAIN_NO_PORT
tests/test_current_wizard_hyperliquid_daily_runner.py,test,3955e7517125849c35b4e7804048c869aaf2a985da22acab3278c73e4930ffa6,forensic_b;visual_recovery,2e62201280336c042d8eb1e46901a428d19dcb3e1bce323c222902d43202e0ed,2e62201280336c042d8eb1e46901a428d19dcb3e1bce323c222902d43202e0ed,3955e7517125849c35b4e7804048c869aaf2a985da22acab3278c73e4930ffa6,ANCESTOR_VERSION_RETAIN_NO_PORT
tests/test_current_wizard_hyperliquid_handoff.py,test,4540a665f8e4a233a9a41b837cd39593af0aa543ce134adcc7d6e6761b272044,forensic_b,72e7598b1dd1ce8840ecdeddc8d8c8c6e55ec8aa76038081bc4052c81ba8d2b7,72e7598b1dd1ce8840ecdeddc8d8c8c6e55ec8aa76038081bc4052c81ba8d2b7,7dcfeaec985536d4bebff0cc39ab41de6abb315452de51cf130dfc452f38e9d3,SEMANTIC_REVIEW_REQUIRED_NO_PORT
tests/test_current_wizard_hyperliquid_handoff.py,test,5c757bac58d4f59abc934a747478b01e1326e5ab086d5f1708180f1dfc581295,forensic_a;visual_recovery;workspace_outer,72e7598b1dd1ce8840ecdeddc8d8c8c6e55ec8aa76038081bc4052c81ba8d2b7,72e7598b1dd1ce8840ecdeddc8d8c8c6e55ec8aa76038081bc4052c81ba8d2b7,7dcfeaec985536d4bebff0cc39ab41de6abb315452de51cf130dfc452f38e9d3,SEMANTIC_REVIEW_REQUIRED_NO_PORT
tests/test_current_wizard_hyperliquid_math_comparison.py,test,d4b28a2f03d1ee1ab1ca1a6d49023f2d592a77dc8a43dd6e0edf24ffa2b652bd,forensic_a;forensic_b;visual_recovery;workspace_outer,6e5c3b773124226da2ca16dda83c1b4a5d723b80acd1b96c087e850e83c65349,6e5c3b773124226da2ca16dda83c1b4a5d723b80acd1b96c087e850e83c65349,,SEMANTIC_REVIEW_REQUIRED_NO_PORT
tests/test_dydx_candles.py,test,2447c8aabc0953cb802e22a7c106548db4f4149b15b129b84b3a124bd72d9f8b,forensic_b,20c01247f05ff559f1ed9ce26f62ff5745814d8e84c0f6fd69eb76d5d149efe7,20c01247f05ff559f1ed9ce26f62ff5745814d8e84c0f6fd69eb76d5d149efe7,3f0840b1d61c2abeb2ec4e6a2446a6273317dbccb0e80237b1c5c2ff6fe0f858,SEMANTIC_REVIEW_REQUIRED_NO_PORT
tests/test_dydx_candles.py,test,3f0840b1d61c2abeb2ec4e6a2446a6273317dbccb0e80237b1c5c2ff6fe0f858,visual_recovery,20c01247f05ff559f1ed9ce26f62ff5745814d8e84c0f6fd69eb76d5d149efe7,20c01247f05ff559f1ed9ce26f62ff5745814d8e84c0f6fd69eb76d5d149efe7,3f0840b1d61c2abeb2ec4e6a2446a6273317dbccb0e80237b1c5c2ff6fe0f858,ANCESTOR_VERSION_RETAIN_NO_PORT
tests/test_dynamic_agent_ledger.py,test,b2615dbc5ca2b85a22b1582726b392513d06570bfe45343f0e88240de0a2aa03,forensic_b;visual_recovery,0f4d16f7f0afc5a4f9d620025d617fa56392531d5db1c620c2e04f30db4b3cb5,0f4d16f7f0afc5a4f9d620025d617fa56392531d5db1c620c2e04f30db4b3cb5,b2615dbc5ca2b85a22b1582726b392513d06570bfe45343f0e88240de0a2aa03,ANCESTOR_VERSION_RETAIN_NO_PORT
tests/test_dynamic_agent_venue_gate.py,test,fec7d8368d6d689cd387b275836d2790ef15c9b0256afcc669a0ec5f2cb853f1,forensic_b,4e45dc051db86ae0c722c7d5ea3d794431bdd0c9a2e26eacfdf6edcddc33060b,4e45dc051db86ae0c722c7d5ea3d794431bdd0c9a2e26eacfdf6edcddc33060b,4e45dc051db86ae0c722c7d5ea3d794431bdd0c9a2e26eacfdf6edcddc33060b,SEMANTIC_REVIEW_REQUIRED_NO_PORT
tests/test_env.py,test,751f46c6bb7f26dcd6d78384a752af17a278b88c4df6088b22f8e8c99ffdffe8,forensic_b,27f38b9df1085f349fb5c87a02bf06965f0f60fd9da6421cf6ca77b2829fb6e8,27f38b9df1085f349fb5c87a02bf06965f0f60fd9da6421cf6ca77b2829fb6e8,909910bb58e5e20adfa8b245b40380c6d0310867754372d4ac88e90599027d85,SEMANTIC_REVIEW_REQUIRED_NO_PORT
tests/test_env.py,test,909910bb58e5e20adfa8b245b40380c6d0310867754372d4ac88e90599027d85,visual_recovery,27f38b9df1085f349fb5c87a02bf06965f0f60fd9da6421cf6ca77b2829fb6e8,27f38b9df1085f349fb5c87a02bf06965f0f60fd9da6421cf6ca77b2829fb6e8,909910bb58e5e20adfa8b245b40380c6d0310867754372d4ac88e90599027d85,ANCESTOR_VERSION_RETAIN_NO_PORT
tests/test_execution.py,test,52626de96f132a153526d9b47e862018cd3213d9f27c859b9df1bc1cc06440b6,forensic_b,9471785c124f8b48ab66fd43c994c5c947acdb9264efce438f4c1f63c0fd145f,9471785c124f8b48ab66fd43c994c5c947acdb9264efce438f4c1f63c0fd145f,c30d30fb6f64abcf111bdd1ac4c43a2010a3d40c028434356fcec213e321a466,SEMANTIC_REVIEW_REQUIRED_NO_PORT
tests/test_execution.py,test,c30d30fb6f64abcf111bdd1ac4c43a2010a3d40c028434356fcec213e321a466,visual_recovery,9471785c124f8b48ab66fd43c994c5c947acdb9264efce438f4c1f63c0fd145f,9471785c124f8b48ab66fd43c994c5c947acdb9264efce438f4c1f63c0fd145f,c30d30fb6f64abcf111bdd1ac4c43a2010a3d40c028434356fcec213e321a466,ANCESTOR_VERSION_RETAIN_NO_PORT
tests/test_exhaustive_wizard_hyperliquid_learning.py,test,3ab3ca12a961e79cce2fbfdce272400e8cdc87e6574e9c20d207c31fecc77e0b,forensic_b;visual_recovery,2d48de51b4eec2b152feeb4af192587890026381c5333cfb47372f9dd85e5a96,2d48de51b4eec2b152feeb4af192587890026381c5333cfb47372f9dd85e5a96,3ab3ca12a961e79cce2fbfdce272400e8cdc87e6574e9c20d207c31fecc77e0b,ANCESTOR_VERSION_RETAIN_NO_PORT
tests/test_exhaustive_wizard_hyperliquid_replay.py,test,1110a792d727ba319428cd51019ddb58959774fea861b7700bbe245c28e5d082,forensic_a;visual_recovery;workspace_outer,19c2c7f983e9f37ef86200601537b902bbab305040452e83f158de75bf2d4675,19c2c7f983e9f37ef86200601537b902bbab305040452e83f158de75bf2d4675,4a61f607a3e4c3cb0cc5f8f5af3e0fda183a6c2c925b3b04ecba26a96d95c166,SEMANTIC_REVIEW_REQUIRED_NO_PORT
tests/test_exhaustive_wizard_hyperliquid_replay.py,test,f6cde9d8ffa4ff2007cf467226acae0d66513a4329ecd630a9e3ee93d3d32f9b,forensic_b,19c2c7f983e9f37ef86200601537b902bbab305040452e83f158de75bf2d4675,19c2c7f983e9f37ef86200601537b902bbab305040452e83f158de75bf2d4675,4a61f607a3e4c3cb0cc5f8f5af3e0fda183a6c2c925b3b04ecba26a96d95c166,SEMANTIC_REVIEW_REQUIRED_NO_PORT
tests/test_experiments.py,test,0dbd0816630de56cc6e4fb414bc9007a4b9528026fc321929b8a7bc22637ffed,forensic_b,db00cfeba696cb24bf1cfa3b313265dd5a3ca4ae5cfa91b9abbe80e22095ef38,db00cfeba696cb24bf1cfa3b313265dd5a3ca4ae5cfa91b9abbe80e22095ef38,7273a76a8100c9ac8e248ebe07da3108816cc3c89031125a8742abaf6c7b041f,SEMANTIC_REVIEW_REQUIRED_NO_PORT
tests/test_experiments.py,test,7273a76a8100c9ac8e248ebe07da3108816cc3c89031125a8742abaf6c7b041f,visual_recovery,db00cfeba696cb24bf1cfa3b313265dd5a3ca4ae5cfa91b9abbe80e22095ef38,db00cfeba696cb24bf1cfa3b313265dd5a3ca4ae5cfa91b9abbe80e22095ef38,7273a76a8100c9ac8e248ebe07da3108816cc3c89031125a8742abaf6c7b041f,ANCESTOR_VERSION_RETAIN_NO_PORT
tests/test_fixture_ingestion.py,test,e316fbf229b415cc2f5a6fe7b7ec5814bf2aabcdb9eeea897e2b4c9e0474a71a,forensic_b;visual_recovery,b35afd8227f4fea731bf3b5a2e87ea55734b83361d0a57c33794f199429f738b,b35afd8227f4fea731bf3b5a2e87ea55734b83361d0a57c33794f199429f738b,e316fbf229b415cc2f5a6fe7b7ec5814bf2aabcdb9eeea897e2b4c9e0474a71a,ANCESTOR_VERSION_RETAIN_NO_PORT
tests/test_funding.py,test,bff6b5464c1371bf3fbadff891cf2ff78ff3004e116d4b5a0c3b624c8887ad88,forensic_b,d935393378173152e5f1baef656536a60dfe6e5f97e6b3df3c82cf870475cc4e,d935393378173152e5f1baef656536a60dfe6e5f97e6b3df3c82cf870475cc4e,d935393378173152e5f1baef656536a60dfe6e5f97e6b3df3c82cf870475cc4e,SEMANTIC_REVIEW_REQUIRED_NO_PORT
tests/test_hyperliquid.py,test,4a57f163f44b1b12f0c3ada9bbef7096cb7e4b2e0e4360f4ee54900b4f0e03d4,forensic_b,20566317f90aafd44810459524a664d12a11b810096a7d258b583a9933645881,20566317f90aafd44810459524a664d12a11b810096a7d258b583a9933645881,98b81e77db9744d849328d70ec25cccbf4f9c48fbd9e566d217414f82afe0cce,SEMANTIC_REVIEW_REQUIRED_NO_PORT
tests/test_hyperliquid.py,test,7cbcf906a7c6e19faac16630361aa14d1cfa35b78250f78981fcc8819fc7412f,forensic_a;visual_recovery;workspace_outer,20566317f90aafd44810459524a664d12a11b810096a7d258b583a9933645881,20566317f90aafd44810459524a664d12a11b810096a7d258b583a9933645881,98b81e77db9744d849328d70ec25cccbf4f9c48fbd9e566d217414f82afe0cce,SEMANTIC_REVIEW_REQUIRED_NO_PORT
tests/test_hyperliquid_testnet.py,test,a263be3a091115d60abdd32a65143012be9989af24922a69f7b1735a4aaca456,forensic_b;visual_recovery,5d8457b67ddf1b1d7eaaae2157f17125856c901b75fa56eec0db71c2fa2daba7,5d8457b67ddf1b1d7eaaae2157f17125856c901b75fa56eec0db71c2fa2daba7,a263be3a091115d60abdd32a65143012be9989af24922a69f7b1735a4aaca456,ANCESTOR_VERSION_RETAIN_NO_PORT
tests/test_ml_filter.py,test,6d9fac418448eeef73b0718f7b8232b8188a129fa0f4f5f4a6bb1fe03809cca4,forensic_a;visual_recovery;workspace_outer,018b984961fcc084ca256de41afa630555b6e26a174d44a39656a2cf16af8a74,018b984961fcc084ca256de41afa630555b6e26a174d44a39656a2cf16af8a74,51729a8fa92eb237115e718fcec73d4ccaf186ab5cead8a81425665b05ec3f1a,SEMANTIC_REVIEW_REQUIRED_NO_PORT
tests/test_ml_filter.py,test,79b14fff82db187e296c2f9b50bbe49556362bc13e94c1176dfdb40f9ec50af3,forensic_b,018b984961fcc084ca256de41afa630555b6e26a174d44a39656a2cf16af8a74,018b984961fcc084ca256de41afa630555b6e26a174d44a39656a2cf16af8a74,51729a8fa92eb237115e718fcec73d4ccaf186ab5cead8a81425665b05ec3f1a,SEMANTIC_REVIEW_REQUIRED_NO_PORT
tests/test_orchestration_rl.py,test,24c60e72ab21ce0e4d7267f0274087ed4b169cf3c461b295139402193683e9be,forensic_b,8a63d69fb5279b6a5f63aeb4e034b4906d834d4bca7146aa33291430dd78d501,8a63d69fb5279b6a5f63aeb4e034b4906d834d4bca7146aa33291430dd78d501,a2077b4af3593c2cf73c046a2bb4fd8c5607d02b33e95f520fdf8d0969c97183,SEMANTIC_REVIEW_REQUIRED_NO_PORT
tests/test_orchestration_rl.py,test,a2077b4af3593c2cf73c046a2bb4fd8c5607d02b33e95f520fdf8d0969c97183,visual_recovery,8a63d69fb5279b6a5f63aeb4e034b4906d834d4bca7146aa33291430dd78d501,8a63d69fb5279b6a5f63aeb4e034b4906d834d4bca7146aa33291430dd78d501,a2077b4af3593c2cf73c046a2bb4fd8c5607d02b33e95f520fdf8d0969c97183,ANCESTOR_VERSION_RETAIN_NO_PORT
tests/test_performance_math_v2.py,test,1dab8d3cd80ae70c3311bdb522d115c0be4eb3ce29bcec4ca3d1afe584cab40e,forensic_b,1e9337be0a4916c8c4d71d65bb1a8ad05b954ead1ab112abb6efda83864ca2dd,1e9337be0a4916c8c4d71d65bb1a8ad05b954ead1ab112abb6efda83864ca2dd,0a8f800a124e8f16902420f02a4d53c268346d97f471d6439d79a2d4fc8bad6f,SEMANTIC_REVIEW_REQUIRED_NO_PORT
tests/test_performance_math_v2.py,test,4f276f987dcaf7ab5a711aedc84a261330f4ea08f48990d98e5fa9c178e8343b,forensic_a;visual_recovery;workspace_outer,1e9337be0a4916c8c4d71d65bb1a8ad05b954ead1ab112abb6efda83864ca2dd,1e9337be0a4916c8c4d71d65bb1a8ad05b954ead1ab112abb6efda83864ca2dd,0a8f800a124e8f16902420f02a4d53c268346d97f471d6439d79a2d4fc8bad6f,SEMANTIC_REVIEW_REQUIRED_NO_PORT
tests/test_regimes.py,test,f57cd62ff4de735d6d60f9d6613685198740abd9c81fb0aa6be9e0940ba113b6,forensic_b,57b50152676bb4c3e3aa962e966471bf636f72023458215c91a35e6654909cef,57b50152676bb4c3e3aa962e966471bf636f72023458215c91a35e6654909cef,bebc43caffd6691b0274bebdb2d4ad78a487833df53961982dc3bbaa3cb4057a,SEMANTIC_REVIEW_REQUIRED_NO_PORT
tests/test_research_ingestion.py,test,a7706a7ae542c8b61c5b9d0b5859a83d85c6e3dfa9c53e623b22edada1a4931e,visual_recovery,b7775733acdc2d62d5c3157e1ea82c742c7b98d2a5b84b1d7e33b6c129571358,b7775733acdc2d62d5c3157e1ea82c742c7b98d2a5b84b1d7e33b6c129571358,a7706a7ae542c8b61c5b9d0b5859a83d85c6e3dfa9c53e623b22edada1a4931e,ANCESTOR_VERSION_RETAIN_NO_PORT
tests/test_research_ingestion.py,test,fe41362f9a5181712d9ecf2bab72fe420cded34c660a39c7a49012b3633f4b19,forensic_b,b7775733acdc2d62d5c3157e1ea82c742c7b98d2a5b84b1d7e33b6c129571358,b7775733acdc2d62d5c3157e1ea82c742c7b98d2a5b84b1d7e33b6c129571358,a7706a7ae542c8b61c5b9d0b5859a83d85c6e3dfa9c53e623b22edada1a4931e,SEMANTIC_REVIEW_REQUIRED_NO_PORT
tests/test_research_paper_reproduction.py,test,27dbac489aee2d2620648c975f5806b3e3f47539e0b425d3e9406436015f77e4,forensic_b,778b7ca3e81ec8bc026e7aa2f3a481b33da8ba862943def4a300036b6c1c690c,778b7ca3e81ec8bc026e7aa2f3a481b33da8ba862943def4a300036b6c1c690c,,SEMANTIC_REVIEW_REQUIRED_NO_PORT
tests/test_research_paper_reviews.py,test,947da823cf84ca6ac2dd2ff29a3f4a522bec7997a58de433b84d13bb29291ad4,forensic_a;visual_recovery;workspace_outer,a89805a0fd199f586e4d5431f91de6c2ae3a81a3445d48fe3e2b848bdd1f7ab6,a89805a0fd199f586e4d5431f91de6c2ae3a81a3445d48fe3e2b848bdd1f7ab6,,SEMANTIC_REVIEW_REQUIRED_NO_PORT
tests/test_research_paper_reviews.py,test,d39164effe27eef3c2e3529ecdda3d129660459ff319a1ffe657e327191ff041,forensic_b,a89805a0fd199f586e4d5431f91de6c2ae3a81a3445d48fe3e2b848bdd1f7ab6,a89805a0fd199f586e4d5431f91de6c2ae3a81a3445d48fe3e2b848bdd1f7ab6,,SEMANTIC_REVIEW_REQUIRED_NO_PORT
tests/test_rl_brain_contract.py,test,7a5f4c0120779f28ac1ee9d4d62ad4388370ba93926b44b04b3ca8567eea7f23,forensic_b,ae0b733e652aa56fdc4cad808e89c4fae52aed62239a14fcffc5f36124227bdd,ae0b733e652aa56fdc4cad808e89c4fae52aed62239a14fcffc5f36124227bdd,ae0b733e652aa56fdc4cad808e89c4fae52aed62239a14fcffc5f36124227bdd,SEMANTIC_REVIEW_REQUIRED_NO_PORT
tests/test_statistics_math_v2.py,test,ad575307c3b2736747829b76b46dbc834585dcd6762679a51c51accfb6c2459e,forensic_b,a1b8231d30f2f68faa82b82ca60a2821e1c94837a7227204ebc36acffd309061,a1b8231d30f2f68faa82b82ca60a2821e1c94837a7227204ebc36acffd309061,3424b3adf6f88975d04ff89587f456fb9b265df0eeedddd4bfb841676b6132db,SEMANTIC_REVIEW_REQUIRED_NO_PORT
tests/test_statistics_math_v2.py,test,d954acb64472eff879f04c7b66cb25f0e128b93fecd3fc7270f006867d51bb69,forensic_a;visual_recovery;workspace_outer,a1b8231d30f2f68faa82b82ca60a2821e1c94837a7227204ebc36acffd309061,a1b8231d30f2f68faa82b82ca60a2821e1c94837a7227204ebc36acffd309061,3424b3adf6f88975d04ff89587f456fb9b265df0eeedddd4bfb841676b6132db,SEMANTIC_REVIEW_REQUIRED_NO_PORT
tests/test_strategy_registry.py,test,5a4b9406f3dcbc46ef174991d200ab61dbe875ce12b7f02fc6a06a158ce08df2,forensic_b,cbedd98c035062c213056955063cf24afa1b50c7a75053a9b7bddcea7801d781,cbedd98c035062c213056955063cf24afa1b50c7a75053a9b7bddcea7801d781,cbedd98c035062c213056955063cf24afa1b50c7a75053a9b7bddcea7801d781,SEMANTIC_REVIEW_REQUIRED_NO_PORT
tests/test_student_readiness.py,test,419ec425ea01698ceb6306c6328800e9a12c8be4369f740089dac599b5f60afb,forensic_b;visual_recovery,12a135ab20637e1d372eebdcae81efe659f7d6a3a387c2d7b0e32a6428f6f937,12a135ab20637e1d372eebdcae81efe659f7d6a3a387c2d7b0e32a6428f6f937,419ec425ea01698ceb6306c6328800e9a12c8be4369f740089dac599b5f60afb,ANCESTOR_VERSION_RETAIN_NO_PORT
tests/test_teacher_adapters.py,test,9b9b20e32fd01489b47d833418c275827bea1c974bbf936b5af9265e5267734f,forensic_b;visual_recovery,851e5059f232e92aec94349f99b29952bd9ceaa12ec3f0e26660add49d8871d4,851e5059f232e92aec94349f99b29952bd9ceaa12ec3f0e26660add49d8871d4,9b9b20e32fd01489b47d833418c275827bea1c974bbf936b5af9265e5267734f,ANCESTOR_VERSION_RETAIN_NO_PORT
tests/test_teacher_council.py,test,eb7cb20ee9a422aaa0dfd5e0339224bfed35f509dcd12bc4b63376854a957622,forensic_b;visual_recovery,5f56e6556bf6a6c8c19d416a7a126bce96644f4495be4ade3f6055445d803f30,5f56e6556bf6a6c8c19d416a7a126bce96644f4495be4ade3f6055445d803f30,eb7cb20ee9a422aaa0dfd5e0339224bfed35f509dcd12bc4b63376854a957622,ANCESTOR_VERSION_RETAIN_NO_PORT
tests/test_teacher_evidence_materializer.py,test,2c2e1d1b9c0af859b7ae3946df23c4ddf4663407f2f1e410b4292fa780f5ef3a,forensic_a;visual_recovery;workspace_outer,a37bbf14009cd3ba553c91d45cce75ae39a27fb02338eca835301f1d8f241ceb,a37bbf14009cd3ba553c91d45cce75ae39a27fb02338eca835301f1d8f241ceb,130a4d80cccac34ec197b6f80dec79f5939625891cb98a6b7ecf20ab47c3962f,SEMANTIC_REVIEW_REQUIRED_NO_PORT
tests/test_teacher_evidence_materializer.py,test,60196f5f0557ffaae905bb262fa6d93028ab3cdb2ab6af18024d4d2912f2ea85,forensic_b,a37bbf14009cd3ba553c91d45cce75ae39a27fb02338eca835301f1d8f241ceb,a37bbf14009cd3ba553c91d45cce75ae39a27fb02338eca835301f1d8f241ceb,130a4d80cccac34ec197b6f80dec79f5939625891cb98a6b7ecf20ab47c3962f,SEMANTIC_REVIEW_REQUIRED_NO_PORT
tests/test_udemy_math_reconciliation.py,test,1ed54617df7868692f7efbb44445936d1284bd8225da2b1a37a59dd1e9dbbec3,forensic_a;visual_recovery;workspace_outer,fb68e6893021f0cb7937210510d420af0a134deb4b47660c4d50e6ceb4a0e5b9,fb68e6893021f0cb7937210510d420af0a134deb4b47660c4d50e6ceb4a0e5b9,,SEMANTIC_REVIEW_REQUIRED_NO_PORT
tests/test_udemy_math_reconciliation.py,test,34135cc5e2effc719a765423a657e2f46033c9207fc31394be608d64b2d07af3,forensic_b,fb68e6893021f0cb7937210510d420af0a134deb4b47660c4d50e6ceb4a0e5b9,fb68e6893021f0cb7937210510d420af0a134deb4b47660c4d50e6ceb4a0e5b9,,SEMANTIC_REVIEW_REQUIRED_NO_PORT
tests/test_udemy_transcript_vault.py,test,2d1496387abbf42504ad5ad78e3c1e0060b4d2ffe9cdd9837f7926393db82250,forensic_b,132ee802f972083810222607a7d4ca30671c562cc6c93269449108475b2e181d,132ee802f972083810222607a7d4ca30671c562cc6c93269449108475b2e181d,,SEMANTIC_REVIEW_REQUIRED_NO_PORT
tests/test_v2_run.py,test,852712eac034710e088503b2b118a2494c9687e96611b399c6faaa7201f677bd,forensic_b;visual_recovery,d5a02b287fc4a5814e417bfabc590e8552ef4a02a5c3bf159aec42492a137631,d5a02b287fc4a5814e417bfabc590e8552ef4a02a5c3bf159aec42492a137631,852712eac034710e088503b2b118a2494c9687e96611b399c6faaa7201f677bd,ANCESTOR_VERSION_RETAIN_NO_PORT
tests/test_wizard_candidate_set.py,test,3a5cd54038693f28185131a526dfabe19672cc4578982d0e2ff681b42611d4ab,forensic_b,ef510cbfb7428f48316a2b21275156daaa9c3f6ae3032ca4412d2bd063b02d88,ef510cbfb7428f48316a2b21275156daaa9c3f6ae3032ca4412d2bd063b02d88,ef510cbfb7428f48316a2b21275156daaa9c3f6ae3032ca4412d2bd063b02d88,SEMANTIC_REVIEW_REQUIRED_NO_PORT
tests/test_wizard_control_plane.py,test,e28594c468b03168c5b169bd85bf3b95f41fd28e7a82f86051d60694a6466073,forensic_b;visual_recovery,5f13301d26385175e0a6f8b3eaf7d5905ad8c00c7ad5a8dba213fd660d3f2310,5f13301d26385175e0a6f8b3eaf7d5905ad8c00c7ad5a8dba213fd660d3f2310,e28594c468b03168c5b169bd85bf3b95f41fd28e7a82f86051d60694a6466073,ANCESTOR_VERSION_RETAIN_NO_PORT
tests/test_wizard_credit_ledger.py,test,94c4019f22682451e7b70f6437bb265781a255d67cee56fbf769a428e5596773,forensic_a;forensic_b;visual_recovery;workspace_outer,ea8d7d16b5e83fe29578d04893d2b3798463b9737388d16d319bd9e58dd1dc54,ea8d7d16b5e83fe29578d04893d2b3798463b9737388d16d319bd9e58dd1dc54,2f8998419e73fb26efebc65d956a2df0280b4a696ffc67a97491c003f2718ae5,SEMANTIC_REVIEW_REQUIRED_NO_PORT
tests/test_wizard_evidence.py,test,3ea4e2037f07f97bc08efe91d705c3909a5a1777356ceffdbeb339314f3af31d,forensic_b,7d9238a18f594afcb1deec410e0995d686c0d3d664d4f1241f45bbc4648c9937,7d9238a18f594afcb1deec410e0995d686c0d3d664d4f1241f45bbc4648c9937,7d9238a18f594afcb1deec410e0995d686c0d3d664d4f1241f45bbc4648c9937,SEMANTIC_REVIEW_REQUIRED_NO_PORT
tests/test_wizard_local_verification.py,test,4c4e92b3ad6374ca3d182c13b8f1a664214edcd1e77f8fa03763dc0b5a9f6ed5,forensic_b;visual_recovery,ce93cc7426346ae3e1aa837ca81faa8f24a50e87f80383d16d19167d4dd5a54e,ce93cc7426346ae3e1aa837ca81faa8f24a50e87f80383d16d19167d4dd5a54e,4c4e92b3ad6374ca3d182c13b8f1a664214edcd1e77f8fa03763dc0b5a9f6ed5,ANCESTOR_VERSION_RETAIN_NO_PORT
tests/test_wizard_mode_comparison.py,test,c981b41b924adbab42c4217d38c9c174d33e463d247c7a762444af93785da22d,forensic_b;visual_recovery,a2856cf65d5efdb2a120d8ceea8d7dab810cf2086ed2f712521686e3e54e7b96,a2856cf65d5efdb2a120d8ceea8d7dab810cf2086ed2f712521686e3e54e7b96,c981b41b924adbab42c4217d38c9c174d33e463d247c7a762444af93785da22d,ANCESTOR_VERSION_RETAIN_NO_PORT
tests/test_wizard_mode_replay.py,test,61c9d34310ed7b904e43151d04bc9a55bf0bad9a93d8fcb314a3c66bc4895aef,forensic_b,96ee5f0bbea469cda5ba9ccd2a62efde993bd7b3af8b6d57ad0858197f13550f,96ee5f0bbea469cda5ba9ccd2a62efde993bd7b3af8b6d57ad0858197f13550f,1fd6ccfedb282c87269abbd1f16b489cd088a0b0e71537b057a98500c32b3916,SEMANTIC_REVIEW_REQUIRED_NO_PORT
tests/test_wizard_mode_replay.py,test,cc80a59c4d1bb14e2ab075e4de2046d19cd7a4947658655110be4d654b9c31e5,forensic_a;visual_recovery;workspace_outer,96ee5f0bbea469cda5ba9ccd2a62efde993bd7b3af8b6d57ad0858197f13550f,96ee5f0bbea469cda5ba9ccd2a62efde993bd7b3af8b6d57ad0858197f13550f,1fd6ccfedb282c87269abbd1f16b489cd088a0b0e71537b057a98500c32b3916,SEMANTIC_REVIEW_REQUIRED_NO_PORT
tests/test_wizard_pair_detail_api_pilot.py,test,1719c6cc3be951bf7b20694c41c21fe11d48cff425c03f27848a4250a71ff152,forensic_b;visual_recovery,76e08aeabd6d3339a42b9e8c8f68b9e8b4b6a9c902de09acd34a71b534902f6d,76e08aeabd6d3339a42b9e8c8f68b9e8b4b6a9c902de09acd34a71b534902f6d,1719c6cc3be951bf7b20694c41c21fe11d48cff425c03f27848a4250a71ff152,ANCESTOR_VERSION_RETAIN_NO_PORT
tests/test_wizard_pair_detail_ui_bundle.py,test,1a09a8e2d7689c96a402de7f861f122ad2fe48f424b2ee8fea11f751a7f84537,forensic_b;visual_recovery,a82dba9530dddbd03b191f45dca1062a66650c58f9b7b71a3c6d759864d183ee,a82dba9530dddbd03b191f45dca1062a66650c58f9b7b71a3c6d759864d183ee,1a09a8e2d7689c96a402de7f861f122ad2fe48f424b2ee8fea11f751a7f84537,ANCESTOR_VERSION_RETAIN_NO_PORT
tests/test_youtube_brain.py,test,749547cad516fcd0d6615a94c8fd7661c6553de295e25f78763b47b20dde098f,forensic_b,eec5e2e28400246f877e629a90945eb772812a8a28588d6c535541af57150e04,eec5e2e28400246f877e629a90945eb772812a8a28588d6c535541af57150e04,eec5e2e28400246f877e629a90945eb772812a8a28588d6c535541af57150e04,SEMANTIC_REVIEW_REQUIRED_NO_PORT
tests/test_youtube_hypothesis_validation.py,test,371c145ffe72e1ed1129c922e4b1636830193d257b5646e24aa2126d1cd16bb2,forensic_b;visual_recovery,e0b64bc8fb41954293f018e978d7099e7bf0829dffd51b4f1baf1b8c998ffdbd,e0b64bc8fb41954293f018e978d7099e7bf0829dffd51b4f1baf1b8c998ffdbd,371c145ffe72e1ed1129c922e4b1636830193d257b5646e24aa2126d1cd16bb2,ANCESTOR_VERSION_RETAIN_NO_PORT
uv.lock,source_or_dependency,f203179ba6e53f36ca60ddf50287587a740a5b06e30303ed21c8152bc2d381d9,forensic_a;forensic_b;visual_recovery;workspace_outer,c8955d2a94ad5d7c97da861cab9db9a32d3d489d17825052632ee9b96dcad634,c8955d2a94ad5d7c97da861cab9db9a32d3d489d17825052632ee9b96dcad634,,SEMANTIC_REVIEW_REQUIRED_NO_PORT
