root_label,relative_path,absolute_path,size_bytes,mtime_ns,sha256,status,in_initial_four_root_freeze
visual_recovery,.gitignore,/Users/gregc/.codex/visualizations/2026/06/22/019eed4d-31bc-7c63-9c9f-62ff25e68be8/TheWiz-recovery-working/.gitignore,566,1786826922000000000,3da3b072e4fa50524936a52692b191d986d31050f2c4fe1a05dae9d18260e16b,hashed,False
visual_recovery,pyproject.toml,/Users/gregc/.codex/visualizations/2026/06/22/019eed4d-31bc-7c63-9c9f-62ff25e68be8/TheWiz-recovery-working/pyproject.toml,1640,1786934515000000000,be967304aa53051a530bbeec7aeab41253ce160176bbdafae02c7698f709fd1d,hashed,False
visual_recovery,uv.lock,/Users/gregc/.codex/visualizations/2026/06/22/019eed4d-31bc-7c63-9c9f-62ff25e68be8/TheWiz-recovery-working/uv.lock,683421,1786934858000000000,f203179ba6e53f36ca60ddf50287587a740a5b06e30303ed21c8152bc2d381d9,hashed,False
visual_recovery,config/acceptance_policy_manifest.json,/Users/gregc/.codex/visualizations/2026/06/22/019eed4d-31bc-7c63-9c9f-62ff25e68be8/TheWiz-recovery-working/config/acceptance_policy_manifest.json,3335,1786934485000000000,08b028ae4ce3188868a3009d3d556c3df61b6dcd47370c10d83a4d3102e6fb31,hashed,True
visual_recovery,config/research_paper_assessments.yaml,/Users/gregc/.codex/visualizations/2026/06/22/019eed4d-31bc-7c63-9c9f-62ff25e68be8/TheWiz-recovery-working/config/research_paper_assessments.yaml,44745,1786934515000000000,1a9c4c1d9aadcf07dff55b84d69c326b7195eaa5c2ba9460b7cd10cad48d4678,hashed,True
visual_recovery,config/wizard_surface_inventory_contract.json,/Users/gregc/.codex/visualizations/2026/06/22/019eed4d-31bc-7c63-9c9f-62ff25e68be8/TheWiz-recovery-working/config/wizard_surface_inventory_contract.json,527,1786934485000000000,ca8efed2b1a27df963fbe01e0b6305f942f2171b9ba9420c9b7b9be957012698,hashed,True
visual_recovery,docs/architecture.md,/Users/gregc/.codex/visualizations/2026/06/22/019eed4d-31bc-7c63-9c9f-62ff25e68be8/TheWiz-recovery-working/docs/architecture.md,7139,1786934485000000000,fa9429ca7b73d0ed6d2ebfc86d833350694a196d3ca90b2a17fc15ab51ab2d2f,hashed,True
visual_recovery,docs/current_corrective_operations.md,/Users/gregc/.codex/visualizations/2026/06/22/019eed4d-31bc-7c63-9c9f-62ff25e68be8/TheWiz-recovery-working/docs/current_corrective_operations.md,39807,1786934515000000000,fcb93e7a0666eabbbcf5e79f6815458c180cbb1a58ffa926e75b4c00d8230ef9,hashed,False
visual_recovery,docs/formula_dictionary.md,/Users/gregc/.codex/visualizations/2026/06/22/019eed4d-31bc-7c63-9c9f-62ff25e68be8/TheWiz-recovery-working/docs/formula_dictionary.md,8111,1786934485000000000,583d9329262ef0ef95455ff40c552e1902951b82e449a814f3df5f47f132c55b,hashed,True
visual_recovery,docs/langgraph_agent_workflow.md,/Users/gregc/.codex/visualizations/2026/06/22/019eed4d-31bc-7c63-9c9f-62ff25e68be8/TheWiz-recovery-working/docs/langgraph_agent_workflow.md,4788,1786934485000000000,8c9dacd3aabc896bfc3882c52599adf80e65ae7bca24e7c763f6dbacfe7f8c58,hashed,True
visual_recovery,docs/math_v2_teacher_adapter.md,/Users/gregc/.codex/visualizations/2026/06/22/019eed4d-31bc-7c63-9c9f-62ff25e68be8/TheWiz-recovery-working/docs/math_v2_teacher_adapter.md,4423,1786934485000000000,a96d78cdcd8bbe87a1236a7a984b88f40477925b9a49e0ea3ea826902771bb1a,hashed,True
visual_recovery,docs/quant_brain.md,/Users/gregc/.codex/visualizations/2026/06/22/019eed4d-31bc-7c63-9c9f-62ff25e68be8/TheWiz-recovery-working/docs/quant_brain.md,8997,1786934485000000000,db70affb1b56dfc4deda07b3b5781161b85c2052cd9b651ac231089f43326bbd,hashed,True
visual_recovery,docs/registered_evidence_continuity.md,/Users/gregc/.codex/visualizations/2026/06/22/019eed4d-31bc-7c63-9c9f-62ff25e68be8/TheWiz-recovery-working/docs/registered_evidence_continuity.md,43942,1786934515000000000,5952f0d379a3878f7cdb87555fdeab8d05f8e99db8c0634c78cca2c20d16da44,hashed,True
visual_recovery,docs/strategy_registry.csv,/Users/gregc/.codex/visualizations/2026/06/22/019eed4d-31bc-7c63-9c9f-62ff25e68be8/TheWiz-recovery-working/docs/strategy_registry.csv,5030,1786934485000000000,7d371db27b21b65a6a1b2a3764aeae4fff48c344c7cec07666d5902685188f56,hashed,True
visual_recovery,docs/teacher_council_student_stack.md,/Users/gregc/.codex/visualizations/2026/06/22/019eed4d-31bc-7c63-9c9f-62ff25e68be8/TheWiz-recovery-working/docs/teacher_council_student_stack.md,7936,1786934485000000000,655defe148076276ead992728abad972e70d3b6694cbf43b975238e96c80ad78,hashed,True
visual_recovery,docs/wizard_hyperliquid_mode_fidelity.md,/Users/gregc/.codex/visualizations/2026/06/22/019eed4d-31bc-7c63-9c9f-62ff25e68be8/TheWiz-recovery-working/docs/wizard_hyperliquid_mode_fidelity.md,1946,1786934485000000000,8b8e08342f2effc4bfcdb4beb7f73ca0ee0776cee8383c1fbd45c35067aea937,hashed,True
visual_recovery,scripts/build_corrective_checkpoint.py,/Users/gregc/.codex/visualizations/2026/06/22/019eed4d-31bc-7c63-9c9f-62ff25e68be8/TheWiz-recovery-working/scripts/build_corrective_checkpoint.py,11676,1786826922000000000,020423b83689da87245c3f9725996f3eb1048a1449d8e528909ccd3fee2d4c5e,hashed,True
visual_recovery,scripts/build_current_recovery_checkpoint.py,/Users/gregc/.codex/visualizations/2026/06/22/019eed4d-31bc-7c63-9c9f-62ff25e68be8/TheWiz-recovery-working/scripts/build_current_recovery_checkpoint.py,11843,1786826922000000000,ddf254e87562d648eb4e51912aab6155489af880fb61628d5b9b866d986bcd9f,hashed,True
visual_recovery,scripts/build_dashboard_full_inventory.py,/Users/gregc/.codex/visualizations/2026/06/22/019eed4d-31bc-7c63-9c9f-62ff25e68be8/TheWiz-recovery-working/scripts/build_dashboard_full_inventory.py,48739,1786934485000000000,95a52ad1b04339ef49339da7f64acec827ac04234d095c8c19a03093ce68c839,hashed,True
visual_recovery,scripts/capture_crypto_wizards_pair_detail_ui_bundle.js,/Users/gregc/.codex/visualizations/2026/06/22/019eed4d-31bc-7c63-9c9f-62ff25e68be8/TheWiz-recovery-working/scripts/capture_crypto_wizards_pair_detail_ui_bundle.js,16866,1786934485000000000,2bfc3b65d6a763afbe181a8eabf34011a433ed7835cae7100001212259cb7c9e,hashed,True
visual_recovery,scripts/crawl_crypto_wizards_with_curl.sh,/Users/gregc/.codex/visualizations/2026/06/22/019eed4d-31bc-7c63-9c9f-62ff25e68be8/TheWiz-recovery-working/scripts/crawl_crypto_wizards_with_curl.sh,3054,1786934485000000000,dcc214cffda9d2d91c48a51cbf0368b5853859982abd7d1ad8ac2cc2586b1851,hashed,True
visual_recovery,scripts/run_evidence_pipeline_phase9_final_promotion.py,/Users/gregc/.codex/visualizations/2026/06/22/019eed4d-31bc-7c63-9c9f-62ff25e68be8/TheWiz-recovery-working/scripts/run_evidence_pipeline_phase9_final_promotion.py,8228,1786934485000000000,6dab32cd6990de1d53684333eedae71ea7d4b58763cd73a9bd97afdcb45d564e,hashed,True
visual_recovery,scripts/ops/validate_workspace.sh,/Users/gregc/.codex/visualizations/2026/06/22/019eed4d-31bc-7c63-9c9f-62ff25e68be8/TheWiz-recovery-working/scripts/ops/validate_workspace.sh,2189,1786934485000000000,ee7ea641d5a4a06ea16672355da996e30610784507e3d2fa0201055ff5a31274,hashed,True
visual_recovery,src/quant_platform/ablations.py,/Users/gregc/.codex/visualizations/2026/06/22/019eed4d-31bc-7c63-9c9f-62ff25e68be8/TheWiz-recovery-working/src/quant_platform/ablations.py,9302,1786934485000000000,c7f759625306cfd0c4b872ffd6ca52f572b68f6e13a3e8e3fed93341dcfd4456,hashed,False
visual_recovery,src/quant_platform/active_pipeline.py,/Users/gregc/.codex/visualizations/2026/06/22/019eed4d-31bc-7c63-9c9f-62ff25e68be8/TheWiz-recovery-working/src/quant_platform/active_pipeline.py,490100,1786934515000000000,5dc95e086dc4a531b604b0fecf4d621c80d760fd096956285c552e77175516c4,hashed,False
visual_recovery,src/quant_platform/apify_sources.py,/Users/gregc/.codex/visualizations/2026/06/22/019eed4d-31bc-7c63-9c9f-62ff25e68be8/TheWiz-recovery-working/src/quant_platform/apify_sources.py,20161,1786934485000000000,70a177d338b942b9b2047e1b17cd20be8a56d507182635beb3fa169297a21259,hashed,False
visual_recovery,src/quant_platform/backtest.py,/Users/gregc/.codex/visualizations/2026/06/22/019eed4d-31bc-7c63-9c9f-62ff25e68be8/TheWiz-recovery-working/src/quant_platform/backtest.py,14993,1786934515000000000,104c2ea21bd9296252486bff9fe8e8d6efd9e2276f68fae0487962a12156c6b3,hashed,False
visual_recovery,src/quant_platform/binance_testnet.py,/Users/gregc/.codex/visualizations/2026/06/22/019eed4d-31bc-7c63-9c9f-62ff25e68be8/TheWiz-recovery-working/src/quant_platform/binance_testnet.py,19567,1786934485000000000,ed0fed7a11611761a253093f8837d4a7c5c929fc88adb62af7009cf0a08e8223,hashed,False
visual_recovery,src/quant_platform/cli.py,/Users/gregc/.codex/visualizations/2026/06/22/019eed4d-31bc-7c63-9c9f-62ff25e68be8/TheWiz-recovery-working/src/quant_platform/cli.py,626974,1786935843194090857,d36964b2257ee39cfce4f4eeb3eb5cfa8b7c7c26a3a8511314968ca45ec54bb6,hashed,False
visual_recovery,src/quant_platform/crypto_wizards_dashboard_capture.py,/Users/gregc/.codex/visualizations/2026/06/22/019eed4d-31bc-7c63-9c9f-62ff25e68be8/TheWiz-recovery-working/src/quant_platform/crypto_wizards_dashboard_capture.py,13220,1786934737000000000,457ad94e9ae6f7181af26f9e8e31e6d9e6282dfffd7d8ee7ad748b5b51d14d2e,hashed,False
visual_recovery,src/quant_platform/crypto_wizards_history.py,/Users/gregc/.codex/visualizations/2026/06/22/019eed4d-31bc-7c63-9c9f-62ff25e68be8/TheWiz-recovery-working/src/quant_platform/crypto_wizards_history.py,35507,1786934485000000000,f9043211b7cd7c08386f8f4224115a00f4bc2c8bee32b784b982f47612503cf1,hashed,False
visual_recovery,src/quant_platform/crypto_wizards_scanner.py,/Users/gregc/.codex/visualizations/2026/06/22/019eed4d-31bc-7c63-9c9f-62ff25e68be8/TheWiz-recovery-working/src/quant_platform/crypto_wizards_scanner.py,26414,1786934485000000000,22af4ab7385d3028070f1e1906a2ae855d566b0f379a7ab32cdbd5cd7aaea09f,hashed,False
visual_recovery,src/quant_platform/crypto_wizards_sweep.py,/Users/gregc/.codex/visualizations/2026/06/22/019eed4d-31bc-7c63-9c9f-62ff25e68be8/TheWiz-recovery-working/src/quant_platform/crypto_wizards_sweep.py,37927,1786809162000000000,488ac159c65945aabcdad329c99db5eeb44757aa2586d13976478451d4c4f30d,hashed,False
visual_recovery,src/quant_platform/dydx_candles.py,/Users/gregc/.codex/visualizations/2026/06/22/019eed4d-31bc-7c63-9c9f-62ff25e68be8/TheWiz-recovery-working/src/quant_platform/dydx_candles.py,37060,1786934485000000000,9205f1d0480d139f96cfff46d6ffd68203dc87f8c03b0ca8807f37fd40f0f36a,hashed,False
visual_recovery,src/quant_platform/dydx_record_only_adapter.py,/Users/gregc/.codex/visualizations/2026/06/22/019eed4d-31bc-7c63-9c9f-62ff25e68be8/TheWiz-recovery-working/src/quant_platform/dydx_record_only_adapter.py,1547,1786934485000000000,f887cfc4bc10a24d921a1bd7159824532881cb831f9c8b747ca8908c1f8e2f45,hashed,True
visual_recovery,src/quant_platform/dydx_sdk_order_adapter.py,/Users/gregc/.codex/visualizations/2026/06/22/019eed4d-31bc-7c63-9c9f-62ff25e68be8/TheWiz-recovery-working/src/quant_platform/dydx_sdk_order_adapter.py,18414,1786934485000000000,28efdb2682cd67104ca2e6e6525afdfd706372a248b1f6e395777ac6fb5b1d71,hashed,False
visual_recovery,src/quant_platform/env.py,/Users/gregc/.codex/visualizations/2026/06/22/019eed4d-31bc-7c63-9c9f-62ff25e68be8/TheWiz-recovery-working/src/quant_platform/env.py,957,1786934485000000000,c0cd5fc35dc5c2ee30703481546e91cfbec9bfd49e4434a45e1187c13021ee13,hashed,False
visual_recovery,src/quant_platform/evidence_registry.py,/Users/gregc/.codex/visualizations/2026/06/22/019eed4d-31bc-7c63-9c9f-62ff25e68be8/TheWiz-recovery-working/src/quant_platform/evidence_registry.py,12035,1786830688000000000,37e83bc266f738cd22f158b7bc8d3b66d7fbad580ec72924c8dc67a51793b2f0,hashed,False
visual_recovery,src/quant_platform/execution.py,/Users/gregc/.codex/visualizations/2026/06/22/019eed4d-31bc-7c63-9c9f-62ff25e68be8/TheWiz-recovery-working/src/quant_platform/execution.py,166719,1786934485000000000,5160adff48ed36a210d421112e1de72c1d5241e248609cf607c278ec0cbbbd2c,hashed,False
visual_recovery,src/quant_platform/experiments.py,/Users/gregc/.codex/visualizations/2026/06/22/019eed4d-31bc-7c63-9c9f-62ff25e68be8/TheWiz-recovery-working/src/quant_platform/experiments.py,36050,1786934485000000000,ca78d24116a16a348e8626868757fbee3da6630d19f5b02bd4dc0b8a20ddf290,hashed,False
visual_recovery,src/quant_platform/family_matrix.py,/Users/gregc/.codex/visualizations/2026/06/22/019eed4d-31bc-7c63-9c9f-62ff25e68be8/TheWiz-recovery-working/src/quant_platform/family_matrix.py,14666,1786934485000000000,a647bc088d2625102a1b0a9c09b53117138c78e2b7146f81bf5ebb6042a20fce,hashed,False
visual_recovery,src/quant_platform/feature_engine.py,/Users/gregc/.codex/visualizations/2026/06/22/019eed4d-31bc-7c63-9c9f-62ff25e68be8/TheWiz-recovery-working/src/quant_platform/feature_engine.py,7611,1786934485000000000,9ae34d2cb9b8aea8d37eb61f564e98f441c712c39f173b5d2c4c5d0a7c78050f,hashed,True
visual_recovery,src/quant_platform/formula_registry.py,/Users/gregc/.codex/visualizations/2026/06/22/019eed4d-31bc-7c63-9c9f-62ff25e68be8/TheWiz-recovery-working/src/quant_platform/formula_registry.py,9058,1786934515000000000,7c6300f5278e840f41aa598fe7a74cc8a1398db4d0370d5ed6219b137adc170b,hashed,False
visual_recovery,src/quant_platform/funding.py,/Users/gregc/.codex/visualizations/2026/06/22/019eed4d-31bc-7c63-9c9f-62ff25e68be8/TheWiz-recovery-working/src/quant_platform/funding.py,12198,1786934485000000000,e08528a719228b55764f510ac54ef93f78e70ff65e911896ae512aa6d7f82c34,hashed,True
visual_recovery,src/quant_platform/hyperliquid.py,/Users/gregc/.codex/visualizations/2026/06/22/019eed4d-31bc-7c63-9c9f-62ff25e68be8/TheWiz-recovery-working/src/quant_platform/hyperliquid.py,108697,1786934737000000000,6f423c1e1c5f7a17f0956fce135455c79d664f6082ffe2c9a10e44e78e4dec64,hashed,False
visual_recovery,src/quant_platform/hyperliquid_testnet.py,/Users/gregc/.codex/visualizations/2026/06/22/019eed4d-31bc-7c63-9c9f-62ff25e68be8/TheWiz-recovery-working/src/quant_platform/hyperliquid_testnet.py,74129,1786934485000000000,3b292eb4694be957c1439b1ecffc7c21226dcb9f604bf4e644b98799d5231c95,hashed,False
visual_recovery,src/quant_platform/math_v2_acceptance.py,/Users/gregc/.codex/visualizations/2026/06/22/019eed4d-31bc-7c63-9c9f-62ff25e68be8/TheWiz-recovery-working/src/quant_platform/math_v2_acceptance.py,15082,1786934515000000000,c32dfe8409c0b299f4b8a38d0dcdefb3f79e88b05a91b8c445a473e760c4d090,hashed,False
visual_recovery,src/quant_platform/meta_learning.py,/Users/gregc/.codex/visualizations/2026/06/22/019eed4d-31bc-7c63-9c9f-62ff25e68be8/TheWiz-recovery-working/src/quant_platform/meta_learning.py,12184,1786934485000000000,6076f6040e8428279d9b6404137ad6dbf16b77c37affccdb54e3259544e507ec,hashed,False
visual_recovery,src/quant_platform/ml_filter.py,/Users/gregc/.codex/visualizations/2026/06/22/019eed4d-31bc-7c63-9c9f-62ff25e68be8/TheWiz-recovery-working/src/quant_platform/ml_filter.py,76055,1786934515000000000,bb156cf2c686aa3cafcf77744f4948cd211bef967654c33b6b6aa45fdbd5d063,hashed,False
visual_recovery,src/quant_platform/pair_detail_ingestion.py,/Users/gregc/.codex/visualizations/2026/06/22/019eed4d-31bc-7c63-9c9f-62ff25e68be8/TheWiz-recovery-working/src/quant_platform/pair_detail_ingestion.py,65642,1786934485000000000,8b42dd30c5515c5f960f47abab8f5f5275176354b5f9231ff6d015fc972aad65,hashed,False
visual_recovery,src/quant_platform/performance_math.py,/Users/gregc/.codex/visualizations/2026/06/22/019eed4d-31bc-7c63-9c9f-62ff25e68be8/TheWiz-recovery-working/src/quant_platform/performance_math.py,5704,1786934515000000000,4a354c2ebe0c84d41a7f654823133299545ae7df9e46a3044b3d86dc9db46d38,hashed,False
visual_recovery,src/quant_platform/regimes.py,/Users/gregc/.codex/visualizations/2026/06/22/019eed4d-31bc-7c63-9c9f-62ff25e68be8/TheWiz-recovery-working/src/quant_platform/regimes.py,5474,1786934515000000000,f0e6f59f7b1347964e5591f15f7c9b321b7c80ed22f2c20a97fe81109691092c,hashed,False
visual_recovery,src/quant_platform/research_extract_udemy.py,/Users/gregc/.codex/visualizations/2026/06/22/019eed4d-31bc-7c63-9c9f-62ff25e68be8/TheWiz-recovery-working/src/quant_platform/research_extract_udemy.py,25647,1786823739000000000,9bb0650d7b09d6633883d89dea9ba27a81ee773bd599db17a88dfbd6f361193e,hashed,False
visual_recovery,src/quant_platform/research_ingestion.py,/Users/gregc/.codex/visualizations/2026/06/22/019eed4d-31bc-7c63-9c9f-62ff25e68be8/TheWiz-recovery-working/src/quant_platform/research_ingestion.py,11796,1786934485000000000,ca31ddcebf181ce19e99190453632e64fb68283381ec682fca0620c7ef7c6f08,hashed,False
visual_recovery,src/quant_platform/research_knowledge_store.py,/Users/gregc/.codex/visualizations/2026/06/22/019eed4d-31bc-7c63-9c9f-62ff25e68be8/TheWiz-recovery-working/src/quant_platform/research_knowledge_store.py,6596,1786934485000000000,497ac78e4005d4c7db46c7de12f3180443100eff01e2a2c17a2113f4c1ecbbd9,hashed,False
visual_recovery,src/quant_platform/research_paper_math_audit.py,/Users/gregc/.codex/visualizations/2026/06/22/019eed4d-31bc-7c63-9c9f-62ff25e68be8/TheWiz-recovery-working/src/quant_platform/research_paper_math_audit.py,5811,1786934744000000000,c4623c713afa59b999f760324ce2093f6a7a0e14a02a45e5c89f39a65ac7302c,hashed,False
visual_recovery,src/quant_platform/research_paper_reproduction.py,/Users/gregc/.codex/visualizations/2026/06/22/019eed4d-31bc-7c63-9c9f-62ff25e68be8/TheWiz-recovery-working/src/quant_platform/research_paper_reproduction.py,40471,1786934756000000000,dfbaf466f946a4898d395808a78cb9bceb3fd4938c6f3b0d3cdb8baa1dbbc393,hashed,False
visual_recovery,src/quant_platform/research_paper_reviews.py,/Users/gregc/.codex/visualizations/2026/06/22/019eed4d-31bc-7c63-9c9f-62ff25e68be8/TheWiz-recovery-working/src/quant_platform/research_paper_reviews.py,20483,1786934748000000000,b066811fa9c32b5275ee289d68e272d6d84a3a99ed3343aa39ecb9d146ef6a93,hashed,False
visual_recovery,src/quant_platform/research_papers.py,/Users/gregc/.codex/visualizations/2026/06/22/019eed4d-31bc-7c63-9c9f-62ff25e68be8/TheWiz-recovery-working/src/quant_platform/research_papers.py,25985,1786934748000000000,9af582cc464b0fb1d0a262301dc25fd069e574393a55e5df7d49d904ed6f379f,hashed,False
visual_recovery,src/quant_platform/runtime_types.py,/Users/gregc/.codex/visualizations/2026/06/22/019eed4d-31bc-7c63-9c9f-62ff25e68be8/TheWiz-recovery-working/src/quant_platform/runtime_types.py,325,1786934737000000000,d7010ec22958b3f1a6aea94c45b34839a1a8a9365969cc167181754b9e9fbf5d,hashed,True
visual_recovery,src/quant_platform/strategies.py,/Users/gregc/.codex/visualizations/2026/06/22/019eed4d-31bc-7c63-9c9f-62ff25e68be8/TheWiz-recovery-working/src/quant_platform/strategies.py,26492,1786934485000000000,fe00ba81f7da831a6166081791fcf024392431cda44f95a1e21ac2609fff558c,hashed,False
visual_recovery,src/quant_platform/three_brain_system.py,/Users/gregc/.codex/visualizations/2026/06/22/019eed4d-31bc-7c63-9c9f-62ff25e68be8/TheWiz-recovery-working/src/quant_platform/three_brain_system.py,182603,1786934515000000000,0169408a8cb0c2a64c779a2ddb9f5067217c3a0e17f58722b165f642716dc210,hashed,False
visual_recovery,src/quant_platform/trade_ledger.py,/Users/gregc/.codex/visualizations/2026/06/22/019eed4d-31bc-7c63-9c9f-62ff25e68be8/TheWiz-recovery-working/src/quant_platform/trade_ledger.py,7776,1786934485000000000,2999c8b1c9bff950722f24fb43e64c46bb73e0eaebb2d4c8c4be401d5ed85621,hashed,True
visual_recovery,src/quant_platform/udemy_math_reconciliation.py,/Users/gregc/.codex/visualizations/2026/06/22/019eed4d-31bc-7c63-9c9f-62ff25e68be8/TheWiz-recovery-working/src/quant_platform/udemy_math_reconciliation.py,21879,1786935014484759861,c2244496c8154dc1ccd53291cdfb5ba38858377dfe07538660af3b17fa57a1ba,hashed,False
visual_recovery,src/quant_platform/udemy_transcript_vault.py,/Users/gregc/.codex/visualizations/2026/06/22/019eed4d-31bc-7c63-9c9f-62ff25e68be8/TheWiz-recovery-working/src/quant_platform/udemy_transcript_vault.py,10538,1786830688000000000,3763996d3d057017a7dff83e484437e92f9c946b8ee598b93a6c04a20affcf5f,hashed,False
visual_recovery,src/quant_platform/v2_run.py,/Users/gregc/.codex/visualizations/2026/06/22/019eed4d-31bc-7c63-9c9f-62ff25e68be8/TheWiz-recovery-working/src/quant_platform/v2_run.py,31640,1786934485000000000,ef97f638ec827648d6d75bacd0b3f41deaea566f7f72f453221e321441c7587b,hashed,False
visual_recovery,src/quant_platform/wizard_candidate_set.py,/Users/gregc/.codex/visualizations/2026/06/22/019eed4d-31bc-7c63-9c9f-62ff25e68be8/TheWiz-recovery-working/src/quant_platform/wizard_candidate_set.py,1086,1786934485000000000,c2ee9df7d544e5413a309e62ba6e29f047440deb5df11f514fa5e4a6cde40d37,hashed,True
visual_recovery,src/quant_platform/wizard_control_plane.py,/Users/gregc/.codex/visualizations/2026/06/22/019eed4d-31bc-7c63-9c9f-62ff25e68be8/TheWiz-recovery-working/src/quant_platform/wizard_control_plane.py,37534,1786934485000000000,44b0ebdee813a79ea671b6945470257c8d5371182997a8d127b494a8d7894fcc,hashed,False
visual_recovery,src/quant_platform/wizard_credit_ledger.py,/Users/gregc/.codex/visualizations/2026/06/22/019eed4d-31bc-7c63-9c9f-62ff25e68be8/TheWiz-recovery-working/src/quant_platform/wizard_credit_ledger.py,28954,1786809162000000000,cb11865bc44d8313806da3832d995e1785a8f75a94f6af96d21e8002e5411620,hashed,False
visual_recovery,src/quant_platform/wizard_evidence.py,/Users/gregc/.codex/visualizations/2026/06/22/019eed4d-31bc-7c63-9c9f-62ff25e68be8/TheWiz-recovery-working/src/quant_platform/wizard_evidence.py,172713,1786934485000000000,cf3dca4e04ec24bf111290136ef4859c6e668f580ed35ef0573a34d7eea5bbf4,hashed,False
visual_recovery,src/quant_platform/wizard_hyperliquid_bridge.py,/Users/gregc/.codex/visualizations/2026/06/22/019eed4d-31bc-7c63-9c9f-62ff25e68be8/TheWiz-recovery-working/src/quant_platform/wizard_hyperliquid_bridge.py,35255,1786934485000000000,83f464a1a8fc1ea8cac4250eab5397891cdc93a0a377a375f08d96a8de76f607,hashed,False
visual_recovery,src/quant_platform/wizard_hyperliquid_mode_proof.py,/Users/gregc/.codex/visualizations/2026/06/22/019eed4d-31bc-7c63-9c9f-62ff25e68be8/TheWiz-recovery-working/src/quant_platform/wizard_hyperliquid_mode_proof.py,123297,1786934485000000000,66ab8cddcd27b7fac443c0cfa9f7fb4a2c4ce0c242de9b23c726b6094034ac23,hashed,False
visual_recovery,src/quant_platform/wizard_mode_replay.py,/Users/gregc/.codex/visualizations/2026/06/22/019eed4d-31bc-7c63-9c9f-62ff25e68be8/TheWiz-recovery-working/src/quant_platform/wizard_mode_replay.py,26299,1786825581000000000,fa8c4a08fd8a1de226eb556d8b0c87d362cc8989d6cb80cf21dbf134fe9c1388,hashed,False
visual_recovery,src/quant_platform/wizard_ou_comparator_activation.py,/Users/gregc/.codex/visualizations/2026/06/22/019eed4d-31bc-7c63-9c9f-62ff25e68be8/TheWiz-recovery-working/src/quant_platform/wizard_ou_comparator_activation.py,26244,1786934485000000000,883e68bfaa23f38fff81258d8bbcef53955d0a5bce07dfaa6a0391f184b1ffd8,hashed,False
visual_recovery,src/quant_platform/wizard_ou_v4_comparator_activation.py,/Users/gregc/.codex/visualizations/2026/06/22/019eed4d-31bc-7c63-9c9f-62ff25e68be8/TheWiz-recovery-working/src/quant_platform/wizard_ou_v4_comparator_activation.py,26792,1786934485000000000,826453af5535270e0dd970a50e6aded300fd9f30d91d952aba32ec62b58e0bb6,hashed,True
visual_recovery,src/quant_platform/wizard_ou_v5_comparator_activation.py,/Users/gregc/.codex/visualizations/2026/06/22/019eed4d-31bc-7c63-9c9f-62ff25e68be8/TheWiz-recovery-working/src/quant_platform/wizard_ou_v5_comparator_activation.py,30641,1786934485000000000,34596e31d19d7c72f7dbfb86b0b6ffd741958f6d18908a71a0641293c9aea091,hashed,True
visual_recovery,src/quant_platform/wizard_ou_v6_comparator_activation.py,/Users/gregc/.codex/visualizations/2026/06/22/019eed4d-31bc-7c63-9c9f-62ff25e68be8/TheWiz-recovery-working/src/quant_platform/wizard_ou_v6_comparator_activation.py,32420,1786934485000000000,7c6377488e64babf459237a097e012171165880ce4b674865c3d622bf885f6e2,hashed,True
visual_recovery,src/quant_platform/wizard_research_journal.py,/Users/gregc/.codex/visualizations/2026/06/22/019eed4d-31bc-7c63-9c9f-62ff25e68be8/TheWiz-recovery-working/src/quant_platform/wizard_research_journal.py,82897,1786798956000000000,6f1193577a1616d84663352d09ccb28bc449d6aebd09a96c2bb3521e2670cf6a,hashed,False
visual_recovery,src/quant_platform/wizard_run_config.py,/Users/gregc/.codex/visualizations/2026/06/22/019eed4d-31bc-7c63-9c9f-62ff25e68be8/TheWiz-recovery-working/src/quant_platform/wizard_run_config.py,7204,1786934485000000000,da5d0c959f6aa38bacee6fdbb92c42a77d5600fe8553bafd76c8ede29ca6ec7d,hashed,True
visual_recovery,src/quant_platform/youtube_brain.py,/Users/gregc/.codex/visualizations/2026/06/22/019eed4d-31bc-7c63-9c9f-62ff25e68be8/TheWiz-recovery-working/src/quant_platform/youtube_brain.py,60080,1786934485000000000,7ae6a7aea30ec8905d1d0e262a1c4ae4aa5c2f16cce7b651f0aaa7036700ffa9,hashed,False
visual_recovery,src/quant_platform/zscore_utils.py,/Users/gregc/.codex/visualizations/2026/06/22/019eed4d-31bc-7c63-9c9f-62ff25e68be8/TheWiz-recovery-working/src/quant_platform/zscore_utils.py,2771,1786934485000000000,5389a17a06da83ed63620adf77b098f9d28e2080479f212cffadb506b14d443a,hashed,True
visual_recovery,src/quant_platform/orchestration/__init__.py,/Users/gregc/.codex/visualizations/2026/06/22/019eed4d-31bc-7c63-9c9f-62ff25e68be8/TheWiz-recovery-working/src/quant_platform/orchestration/__init__.py,1672,1786934485000000000,a63d875e03570c6339850860534debdedc774ffb21eacde381c384b0f23261d8,hashed,True
visual_recovery,src/quant_platform/orchestration/canonical_wizard_hyperliquid_contract.py,/Users/gregc/.codex/visualizations/2026/06/22/019eed4d-31bc-7c63-9c9f-62ff25e68be8/TheWiz-recovery-working/src/quant_platform/orchestration/canonical_wizard_hyperliquid_contract.py,5855,1786830676000000000,a232430632f9b6b2ddad1210a619974a58a5e8550dacee370da8a2d57dd9df1d,hashed,False
visual_recovery,src/quant_platform/orchestration/corrective_agent_governance.py,/Users/gregc/.codex/visualizations/2026/06/22/019eed4d-31bc-7c63-9c9f-62ff25e68be8/TheWiz-recovery-working/src/quant_platform/orchestration/corrective_agent_governance.py,29206,1786934485000000000,d7e01b9e5c9bc5f69641d2c831feab5fed52c58efffec12a3cf106ea3caa12b4,hashed,False
visual_recovery,src/quant_platform/orchestration/corrective_canonical_status.py,/Users/gregc/.codex/visualizations/2026/06/22/019eed4d-31bc-7c63-9c9f-62ff25e68be8/TheWiz-recovery-working/src/quant_platform/orchestration/corrective_canonical_status.py,23975,1786934485000000000,282719ed17ae0299ae20b47420a3aa4aec551b59126a68bf2dc7cc281928b9f3,hashed,False
visual_recovery,src/quant_platform/orchestration/corrective_daily_scheduler.py,/Users/gregc/.codex/visualizations/2026/06/22/019eed4d-31bc-7c63-9c9f-62ff25e68be8/TheWiz-recovery-working/src/quant_platform/orchestration/corrective_daily_scheduler.py,63054,1786934485000000000,66ad4c152e4f1b5d31118353fa564c62ea8244c62ad27ca717a57e5202df8301,hashed,False
visual_recovery,src/quant_platform/orchestration/corrective_data_evidence.py,/Users/gregc/.codex/visualizations/2026/06/22/019eed4d-31bc-7c63-9c9f-62ff25e68be8/TheWiz-recovery-working/src/quant_platform/orchestration/corrective_data_evidence.py,104150,1786934515000000000,819289989802d402dfe339300a3c3963f16ee7225c08ba57704cbaba6ecb516a,hashed,False
visual_recovery,src/quant_platform/orchestration/corrective_governance.py,/Users/gregc/.codex/visualizations/2026/06/22/019eed4d-31bc-7c63-9c9f-62ff25e68be8/TheWiz-recovery-working/src/quant_platform/orchestration/corrective_governance.py,20466,1786934485000000000,183dde2e108ca404221afb9da87e6d9308fa2241fe2119684ba0f76541710c48,hashed,False
visual_recovery,src/quant_platform/orchestration/corrective_l2_scheduler.py,/Users/gregc/.codex/visualizations/2026/06/22/019eed4d-31bc-7c63-9c9f-62ff25e68be8/TheWiz-recovery-working/src/quant_platform/orchestration/corrective_l2_scheduler.py,77179,1786934515000000000,a588842b5371d1fa6a0efd909b1cc7b441991fa446244a4f03ef23bdfe454b44,hashed,False
visual_recovery,src/quant_platform/orchestration/corrective_live_canary_execution.py,/Users/gregc/.codex/visualizations/2026/06/22/019eed4d-31bc-7c63-9c9f-62ff25e68be8/TheWiz-recovery-working/src/quant_platform/orchestration/corrective_live_canary_execution.py,68330,1786934485000000000,1a424be2738c4d0b4384acb77e62bd3556026471c2ccc364e2cf5c953f5b14cb,hashed,False
visual_recovery,src/quant_platform/orchestration/corrective_live_canary_executor.py,/Users/gregc/.codex/visualizations/2026/06/22/019eed4d-31bc-7c63-9c9f-62ff25e68be8/TheWiz-recovery-working/src/quant_platform/orchestration/corrective_live_canary_executor.py,19968,1786934485000000000,86fd640b26ec662cf3bd8156fb5ce8aa351e707871b478e0578d46139fb9f88c,hashed,False
visual_recovery,src/quant_platform/orchestration/corrective_live_parity_capture.py,/Users/gregc/.codex/visualizations/2026/06/22/019eed4d-31bc-7c63-9c9f-62ff25e68be8/TheWiz-recovery-working/src/quant_platform/orchestration/corrective_live_parity_capture.py,26266,1786934485000000000,a820640b04104379f779faaf28248bc97595245630e55aa5ad39f8f960b1d783,hashed,False
visual_recovery,src/quant_platform/orchestration/corrective_program.py,/Users/gregc/.codex/visualizations/2026/06/22/019eed4d-31bc-7c63-9c9f-62ff25e68be8/TheWiz-recovery-working/src/quant_platform/orchestration/corrective_program.py,151352,1786934485000000000,40202d140a51b9103e083933999ed57e68d08f0b5233171d21952839b04d85c5,hashed,False
visual_recovery,src/quant_platform/orchestration/corrective_registered_learning.py,/Users/gregc/.codex/visualizations/2026/06/22/019eed4d-31bc-7c63-9c9f-62ff25e68be8/TheWiz-recovery-working/src/quant_platform/orchestration/corrective_registered_learning.py,128486,1786934485000000000,8578378273e51e5c930cf1d6a5a57b9be8e09d1605e4742de313270791d9dede,hashed,False
visual_recovery,src/quant_platform/orchestration/corrective_registered_rerun_executor.py,/Users/gregc/.codex/visualizations/2026/06/22/019eed4d-31bc-7c63-9c9f-62ff25e68be8/TheWiz-recovery-working/src/quant_platform/orchestration/corrective_registered_rerun_executor.py,80187,1786934485000000000,68beae273ba6dc697f1780deae61e1255c79f6ba28011ac0d7c085bdb336e63e,hashed,False
visual_recovery,src/quant_platform/orchestration/corrective_release_gates.py,/Users/gregc/.codex/visualizations/2026/06/22/019eed4d-31bc-7c63-9c9f-62ff25e68be8/TheWiz-recovery-working/src/quant_platform/orchestration/corrective_release_gates.py,150829,1786934485000000000,2d54020088cbdc38b8693ba957e342b42d1e6359d37d8da4120487cb78b010d1,hashed,False
visual_recovery,src/quant_platform/orchestration/corrective_runtime.py,/Users/gregc/.codex/visualizations/2026/06/22/019eed4d-31bc-7c63-9c9f-62ff25e68be8/TheWiz-recovery-working/src/quant_platform/orchestration/corrective_runtime.py,4761,1786934485000000000,686a06b6916207d018f34cb9d0eef5e9e487975736266653e0f66b95d98bc5ac,hashed,False
visual_recovery,src/quant_platform/orchestration/corrective_scheduler_lock.py,/Users/gregc/.codex/visualizations/2026/06/22/019eed4d-31bc-7c63-9c9f-62ff25e68be8/TheWiz-recovery-working/src/quant_platform/orchestration/corrective_scheduler_lock.py,1663,1786934515000000000,d3c2dc0d068f8a26ad08bb1eb955a971729130a7c5ebec437ff153e8e3111e6f,hashed,False
visual_recovery,src/quant_platform/orchestration/corrective_scheduler_runtime_readiness.py,/Users/gregc/.codex/visualizations/2026/06/22/019eed4d-31bc-7c63-9c9f-62ff25e68be8/TheWiz-recovery-working/src/quant_platform/orchestration/corrective_scheduler_runtime_readiness.py,26287,1786934485000000000,9df1187d00958c69379e8be45d7cd7e2b9145c65825533c449e158765601a50e,hashed,False
visual_recovery,src/quant_platform/orchestration/corrective_testnet_pair_execution.py,/Users/gregc/.codex/visualizations/2026/06/22/019eed4d-31bc-7c63-9c9f-62ff25e68be8/TheWiz-recovery-working/src/quant_platform/orchestration/corrective_testnet_pair_execution.py,29673,1786934485000000000,853400fcd7c67034667e4ccd66718cf427a5ccd8e121c394fd342c721c3b98f8,hashed,False
visual_recovery,src/quant_platform/orchestration/corrective_wizard_browser_auth.py,/Users/gregc/.codex/visualizations/2026/06/22/019eed4d-31bc-7c63-9c9f-62ff25e68be8/TheWiz-recovery-working/src/quant_platform/orchestration/corrective_wizard_browser_auth.py,22741,1786934485000000000,bb95cfe0d129c36fec6e7313ffd969b301e931ba4f1b7f9aeab1ba55caa7d915,hashed,False
visual_recovery,src/quant_platform/orchestration/corrective_wizard_comparator_review_control.py,/Users/gregc/.codex/visualizations/2026/06/22/019eed4d-31bc-7c63-9c9f-62ff25e68be8/TheWiz-recovery-working/src/quant_platform/orchestration/corrective_wizard_comparator_review_control.py,30047,1786934485000000000,5946983b4ab5a9e88eaa7895468513efb4ed0094cbaa12a1db3d4db7d49ad9ec,hashed,False
visual_recovery,src/quant_platform/orchestration/corrective_wizard_dynamic_holdout.py,/Users/gregc/.codex/visualizations/2026/06/22/019eed4d-31bc-7c63-9c9f-62ff25e68be8/TheWiz-recovery-working/src/quant_platform/orchestration/corrective_wizard_dynamic_holdout.py,19573,1786934485000000000,48202bc3041e2473cc228301a9cbb9a03b1e3c7e4e05aa58dd18cdf33a2df46d,hashed,False
visual_recovery,src/quant_platform/orchestration/corrective_wizard_ou_holdout.py,/Users/gregc/.codex/visualizations/2026/06/22/019eed4d-31bc-7c63-9c9f-62ff25e68be8/TheWiz-recovery-working/src/quant_platform/orchestration/corrective_wizard_ou_holdout.py,69326,1786934485000000000,f887fe864804128ee34e6241102022055f5f9e5420ee8fdc192a2829330a7584,hashed,False
visual_recovery,src/quant_platform/orchestration/corrective_wizard_ou_v4_holdout.py,/Users/gregc/.codex/visualizations/2026/06/22/019eed4d-31bc-7c63-9c9f-62ff25e68be8/TheWiz-recovery-working/src/quant_platform/orchestration/corrective_wizard_ou_v4_holdout.py,53736,1786934485000000000,2079c38b2b32842dbc00cdc64a66c85a22200058d478aa53c2ee90ea5cde9b4c,hashed,False
visual_recovery,src/quant_platform/orchestration/corrective_wizard_ou_v5_holdout.py,/Users/gregc/.codex/visualizations/2026/06/22/019eed4d-31bc-7c63-9c9f-62ff25e68be8/TheWiz-recovery-working/src/quant_platform/orchestration/corrective_wizard_ou_v5_holdout.py,76293,1786934485000000000,b92611ab493c8dc0e7319e0379654b621894001bb33553574e7c27d5e9d4d692,hashed,False
visual_recovery,src/quant_platform/orchestration/corrective_wizard_ou_v6_holdout.py,/Users/gregc/.codex/visualizations/2026/06/22/019eed4d-31bc-7c63-9c9f-62ff25e68be8/TheWiz-recovery-working/src/quant_platform/orchestration/corrective_wizard_ou_v6_holdout.py,76588,1786934485000000000,1a37b2175c8c0ff6a570523379f6c1dc2933389a755710f7d696bf2dac759e80,hashed,False
visual_recovery,src/quant_platform/orchestration/corrective_wizard_ou_v6_terminal_closure.py,/Users/gregc/.codex/visualizations/2026/06/22/019eed4d-31bc-7c63-9c9f-62ff25e68be8/TheWiz-recovery-working/src/quant_platform/orchestration/corrective_wizard_ou_v6_terminal_closure.py,23268,1786798815000000000,6b2db77d8b2db77ed28c26b23510f36364ab1bd612ccf3c873bf0cc73d1c507d,hashed,False
visual_recovery,src/quant_platform/orchestration/corrective_wizard_parity.py,/Users/gregc/.codex/visualizations/2026/06/22/019eed4d-31bc-7c63-9c9f-62ff25e68be8/TheWiz-recovery-working/src/quant_platform/orchestration/corrective_wizard_parity.py,97461,1786934485000000000,08d97817cb8992c08ccc6aedcd0c897051d20db919deb55cb718132009e93d9b,hashed,False
visual_recovery,src/quant_platform/orchestration/corrective_wizard_proof_launcher.py,/Users/gregc/.codex/visualizations/2026/06/22/019eed4d-31bc-7c63-9c9f-62ff25e68be8/TheWiz-recovery-working/src/quant_platform/orchestration/corrective_wizard_proof_launcher.py,98109,1786934485000000000,bdaaf213088e91e60d82f8dfe0491fd0c3c4358d81091b2da1fb10be8832ba4b,hashed,False
visual_recovery,src/quant_platform/orchestration/corrective_wizard_proof_scheduler.py,/Users/gregc/.codex/visualizations/2026/06/22/019eed4d-31bc-7c63-9c9f-62ff25e68be8/TheWiz-recovery-working/src/quant_platform/orchestration/corrective_wizard_proof_scheduler.py,164717,1786934485000000000,7305b90428e4d3638e6c77ff74f78b63f010962b1d375f39b2ae629dfcd054bc,hashed,False
visual_recovery,src/quant_platform/orchestration/corrective_wizard_reset_readiness.py,/Users/gregc/.codex/visualizations/2026/06/22/019eed4d-31bc-7c63-9c9f-62ff25e68be8/TheWiz-recovery-working/src/quant_platform/orchestration/corrective_wizard_reset_readiness.py,49222,1786934485000000000,8980c3da7cb7655ddec7e7c8f94f92dd9a62415dfc7be78158b9d3327a6410ea,hashed,False
visual_recovery,src/quant_platform/orchestration/corrective_wizard_surface_inventory.py,/Users/gregc/.codex/visualizations/2026/06/22/019eed4d-31bc-7c63-9c9f-62ff25e68be8/TheWiz-recovery-working/src/quant_platform/orchestration/corrective_wizard_surface_inventory.py,33082,1786934485000000000,75cc379ec1972b76a24363a8f4dcaa3cccf4e63103f8c46c0a94eb2024fb4397,hashed,False
visual_recovery,src/quant_platform/orchestration/current_wizard_hyperliquid_archive.py,/Users/gregc/.codex/visualizations/2026/06/22/019eed4d-31bc-7c63-9c9f-62ff25e68be8/TheWiz-recovery-working/src/quant_platform/orchestration/current_wizard_hyperliquid_archive.py,18227,1786934485000000000,f708378abd9569ae0ccb948d8fec9617b370f4762a9d4669eda9cb201ad183d0,hashed,False
visual_recovery,src/quant_platform/orchestration/current_wizard_hyperliquid_cadence.py,/Users/gregc/.codex/visualizations/2026/06/22/019eed4d-31bc-7c63-9c9f-62ff25e68be8/TheWiz-recovery-working/src/quant_platform/orchestration/current_wizard_hyperliquid_cadence.py,24097,1786934485000000000,59e50230bd43a9a42e98e09127e85b42e84a9a90290bf19da24fcac80b8e360c,hashed,False
visual_recovery,src/quant_platform/orchestration/current_wizard_hyperliquid_completion_audit.py,/Users/gregc/.codex/visualizations/2026/06/22/019eed4d-31bc-7c63-9c9f-62ff25e68be8/TheWiz-recovery-working/src/quant_platform/orchestration/current_wizard_hyperliquid_completion_audit.py,27357,1786934485000000000,7041fa0880ac1eadc695773209d71c995196cc044c83943b87cdfb6c56129c33,hashed,False
visual_recovery,src/quant_platform/orchestration/current_wizard_hyperliquid_concentration.py,/Users/gregc/.codex/visualizations/2026/06/22/019eed4d-31bc-7c63-9c9f-62ff25e68be8/TheWiz-recovery-working/src/quant_platform/orchestration/current_wizard_hyperliquid_concentration.py,21026,1786934485000000000,cca3a679bf6381ff79cbcff393fb53df10b8a5fcab5b9fec21aa3f88de469b8e,hashed,False
visual_recovery,src/quant_platform/orchestration/current_wizard_hyperliquid_costs.py,/Users/gregc/.codex/visualizations/2026/06/22/019eed4d-31bc-7c63-9c9f-62ff25e68be8/TheWiz-recovery-working/src/quant_platform/orchestration/current_wizard_hyperliquid_costs.py,37171,1786934737000000000,ccad6a4eb9c41754e478e9cd5465c9c9c559c1071eefb3df950bdd8bcaea9d40,hashed,False
visual_recovery,src/quant_platform/orchestration/current_wizard_hyperliquid_daily_runner.py,/Users/gregc/.codex/visualizations/2026/06/22/019eed4d-31bc-7c63-9c9f-62ff25e68be8/TheWiz-recovery-working/src/quant_platform/orchestration/current_wizard_hyperliquid_daily_runner.py,47602,1786934485000000000,05ff4d3a9dd971374e2c0797d614d297a441f25c849111ce6e9a5b72f8fe9013,hashed,False
visual_recovery,src/quant_platform/orchestration/current_wizard_hyperliquid_evidence_command_center.py,/Users/gregc/.codex/visualizations/2026/06/22/019eed4d-31bc-7c63-9c9f-62ff25e68be8/TheWiz-recovery-working/src/quant_platform/orchestration/current_wizard_hyperliquid_evidence_command_center.py,34954,1786934515000000000,28161a404dd0bbdd61aa1c099779e3f875d7e58c19377e12f8743389c45b9381,hashed,False
visual_recovery,src/quant_platform/orchestration/current_wizard_hyperliquid_failure_attribution.py,/Users/gregc/.codex/visualizations/2026/06/22/019eed4d-31bc-7c63-9c9f-62ff25e68be8/TheWiz-recovery-working/src/quant_platform/orchestration/current_wizard_hyperliquid_failure_attribution.py,43263,1786934515000000000,dbba2e4f0bff1d145776bf85e161acd44ec83c60e0633d85762d83804f1797fc,hashed,False
visual_recovery,src/quant_platform/orchestration/current_wizard_hyperliquid_handoff.py,/Users/gregc/.codex/visualizations/2026/06/22/019eed4d-31bc-7c63-9c9f-62ff25e68be8/TheWiz-recovery-working/src/quant_platform/orchestration/current_wizard_hyperliquid_handoff.py,34227,1786934485000000000,5505896b7692cebf0022802a54633a5fe6810f7b96b4b40af69dfc688f9559ae,hashed,False
visual_recovery,src/quant_platform/orchestration/current_wizard_hyperliquid_learning.py,/Users/gregc/.codex/visualizations/2026/06/22/019eed4d-31bc-7c63-9c9f-62ff25e68be8/TheWiz-recovery-working/src/quant_platform/orchestration/current_wizard_hyperliquid_learning.py,20479,1786934485000000000,fb789993a69945c942b1d63103dcc1eee454fc73b9b0a66b73a7e3fa3e2d35a7,hashed,False
visual_recovery,src/quant_platform/orchestration/current_wizard_hyperliquid_leverage.py,/Users/gregc/.codex/visualizations/2026/06/22/019eed4d-31bc-7c63-9c9f-62ff25e68be8/TheWiz-recovery-working/src/quant_platform/orchestration/current_wizard_hyperliquid_leverage.py,30611,1786934485000000000,f75ef133e98b034e76ffa32d4d99fbed547029e98c6cd767fa0ce10c888d9041,hashed,False
visual_recovery,src/quant_platform/orchestration/current_wizard_hyperliquid_math_comparison.py,/Users/gregc/.codex/visualizations/2026/06/22/019eed4d-31bc-7c63-9c9f-62ff25e68be8/TheWiz-recovery-working/src/quant_platform/orchestration/current_wizard_hyperliquid_math_comparison.py,9976,1786934515000000000,b63154d952f59c9f2a87b4f13fc8f97250c572213c9995ba903d9032e6c9068f,hashed,False
visual_recovery,src/quant_platform/orchestration/current_wizard_hyperliquid_observed_replay.py,/Users/gregc/.codex/visualizations/2026/06/22/019eed4d-31bc-7c63-9c9f-62ff25e68be8/TheWiz-recovery-working/src/quant_platform/orchestration/current_wizard_hyperliquid_observed_replay.py,18848,1786934485000000000,db1eea477d796c10197610fa0fd60bc76a5bf2e3737f66fcec63b51985dfdc64,hashed,False
visual_recovery,src/quant_platform/orchestration/current_wizard_hyperliquid_regimes.py,/Users/gregc/.codex/visualizations/2026/06/22/019eed4d-31bc-7c63-9c9f-62ff25e68be8/TheWiz-recovery-working/src/quant_platform/orchestration/current_wizard_hyperliquid_regimes.py,16605,1786934485000000000,1e8498dfeda760761a7a3db8134918d59a978819a348b667d147f0a674519684,hashed,False
visual_recovery,src/quant_platform/orchestration/current_wizard_hyperliquid_replay.py,/Users/gregc/.codex/visualizations/2026/06/22/019eed4d-31bc-7c63-9c9f-62ff25e68be8/TheWiz-recovery-working/src/quant_platform/orchestration/current_wizard_hyperliquid_replay.py,62788,1786934737000000000,6f654eb7580b3d9ac5dcf42f5110e2b1ad61dc8745def385e7dab4a9128bc700,hashed,False
visual_recovery,src/quant_platform/orchestration/current_wizard_hyperliquid_robustness.py,/Users/gregc/.codex/visualizations/2026/06/22/019eed4d-31bc-7c63-9c9f-62ff25e68be8/TheWiz-recovery-working/src/quant_platform/orchestration/current_wizard_hyperliquid_robustness.py,24023,1786934485000000000,2e4985134b44d73d818646589f5a65e410e031969864d05648358a197d2ecf19,hashed,False
visual_recovery,src/quant_platform/orchestration/current_wizard_hyperliquid_storage.py,/Users/gregc/.codex/visualizations/2026/06/22/019eed4d-31bc-7c63-9c9f-62ff25e68be8/TheWiz-recovery-working/src/quant_platform/orchestration/current_wizard_hyperliquid_storage.py,20111,1786826841000000000,ea44a5db59458f4fa1460c5bba7e6828f1f874bbb9aea3c32b1b5aab020e873f,hashed,False
visual_recovery,src/quant_platform/orchestration/current_wizard_hyperliquid_validation.py,/Users/gregc/.codex/visualizations/2026/06/22/019eed4d-31bc-7c63-9c9f-62ff25e68be8/TheWiz-recovery-working/src/quant_platform/orchestration/current_wizard_hyperliquid_validation.py,26937,1786934737000000000,4974c0aaa689d77aa08484834ab34f8b165f3392bcc2afc0e46e279eca02b603,hashed,False
visual_recovery,src/quant_platform/orchestration/current_wizard_hyperliquid_walkforward.py,/Users/gregc/.codex/visualizations/2026/06/22/019eed4d-31bc-7c63-9c9f-62ff25e68be8/TheWiz-recovery-working/src/quant_platform/orchestration/current_wizard_hyperliquid_walkforward.py,26706,1786934737000000000,a76319c5ccccaf6ce90c2aec4e66e9c8c8015aff451c73d07dbd24e26877bebd,hashed,False
visual_recovery,src/quant_platform/orchestration/current_wizard_ou_optimal_overlay.py,/Users/gregc/.codex/visualizations/2026/06/22/019eed4d-31bc-7c63-9c9f-62ff25e68be8/TheWiz-recovery-working/src/quant_platform/orchestration/current_wizard_ou_optimal_overlay.py,22445,1786934485000000000,54d447b81d1efbc30890fa52e4c02cd8b01281aa81b8ac84aa390190c6a917db,hashed,False
visual_recovery,src/quant_platform/orchestration/dynamic_stage_runner.py,/Users/gregc/.codex/visualizations/2026/06/22/019eed4d-31bc-7c63-9c9f-62ff25e68be8/TheWiz-recovery-working/src/quant_platform/orchestration/dynamic_stage_runner.py,9203,1786934485000000000,10a9001274875a108089db0cb90d406d0cb3c3058cc6615df1ac1fcb9798df8f,hashed,True
visual_recovery,src/quant_platform/orchestration/exhaustive_wizard_api_refresh.py,/Users/gregc/.codex/visualizations/2026/06/22/019eed4d-31bc-7c63-9c9f-62ff25e68be8/TheWiz-recovery-working/src/quant_platform/orchestration/exhaustive_wizard_api_refresh.py,55563,1786810869000000000,667a036421adbc780abe15aaf936a6c83bb6a169505ff7e88cea858b3b2be955,hashed,False
visual_recovery,src/quant_platform/orchestration/exhaustive_wizard_hyperliquid_canonical_replay.py,/Users/gregc/.codex/visualizations/2026/06/22/019eed4d-31bc-7c63-9c9f-62ff25e68be8/TheWiz-recovery-working/src/quant_platform/orchestration/exhaustive_wizard_hyperliquid_canonical_replay.py,28221,1786813779000000000,6d9c9e0ac76cafb9df083498c69d551003a3d11b61c3c88e05409a002b636b79,hashed,False
visual_recovery,src/quant_platform/orchestration/exhaustive_wizard_hyperliquid_cost_bridge.py,/Users/gregc/.codex/visualizations/2026/06/22/019eed4d-31bc-7c63-9c9f-62ff25e68be8/TheWiz-recovery-working/src/quant_platform/orchestration/exhaustive_wizard_hyperliquid_cost_bridge.py,25727,1786826841000000000,c2590a3a87ee45652f4fcc496d93c540f00897ecacabf8fc37d2006132398022,hashed,False
visual_recovery,src/quant_platform/orchestration/exhaustive_wizard_hyperliquid_cost_evidence.py,/Users/gregc/.codex/visualizations/2026/06/22/019eed4d-31bc-7c63-9c9f-62ff25e68be8/TheWiz-recovery-working/src/quant_platform/orchestration/exhaustive_wizard_hyperliquid_cost_evidence.py,30046,1786816784000000000,4724c8c2a00e341966167140e49ad00b863f7dd3f2470bbc821ee061d4902643,hashed,False
visual_recovery,src/quant_platform/orchestration/exhaustive_wizard_hyperliquid_leverage.py,/Users/gregc/.codex/visualizations/2026/06/22/019eed4d-31bc-7c63-9c9f-62ff25e68be8/TheWiz-recovery-working/src/quant_platform/orchestration/exhaustive_wizard_hyperliquid_leverage.py,39426,1786934515000000000,96c17b635bd0ff082f72ca38755361daba63918d784318026c7d25ddb70a8c2f,hashed,False
visual_recovery,src/quant_platform/orchestration/exhaustive_wizard_hyperliquid_observed_cost_replay.py,/Users/gregc/.codex/visualizations/2026/06/22/019eed4d-31bc-7c63-9c9f-62ff25e68be8/TheWiz-recovery-working/src/quant_platform/orchestration/exhaustive_wizard_hyperliquid_observed_cost_replay.py,33197,1786816784000000000,1478b3d664e060d4c46c228d51298c781a3fded38164ee93484708dce11c69d4,hashed,False
visual_recovery,src/quant_platform/orchestration/exhaustive_wizard_hyperliquid_regimes.py,/Users/gregc/.codex/visualizations/2026/06/22/019eed4d-31bc-7c63-9c9f-62ff25e68be8/TheWiz-recovery-working/src/quant_platform/orchestration/exhaustive_wizard_hyperliquid_regimes.py,29889,1786817100000000000,806167c8096af3eab9e216216e88519afa9df1e81a83a33d8d1b1be364b743a1,hashed,False
visual_recovery,src/quant_platform/orchestration/exhaustive_wizard_hyperliquid_replay.py,/Users/gregc/.codex/visualizations/2026/06/22/019eed4d-31bc-7c63-9c9f-62ff25e68be8/TheWiz-recovery-working/src/quant_platform/orchestration/exhaustive_wizard_hyperliquid_replay.py,49268,1786813706000000000,7271c8b8450a25e3e33ee15c6f5d456f736bf3d36186772e3919fbfe429a6d20,hashed,False
visual_recovery,src/quant_platform/orchestration/exhaustive_wizard_hyperliquid_robustness.py,/Users/gregc/.codex/visualizations/2026/06/22/019eed4d-31bc-7c63-9c9f-62ff25e68be8/TheWiz-recovery-working/src/quant_platform/orchestration/exhaustive_wizard_hyperliquid_robustness.py,36286,1786817100000000000,d6f2079126a1e14ad5aa1849a641972fc1911551ea5fccfcafdd7bf9c69abd30,hashed,False
visual_recovery,src/quant_platform/orchestration/exhaustive_wizard_hyperliquid_run.py,/Users/gregc/.codex/visualizations/2026/06/22/019eed4d-31bc-7c63-9c9f-62ff25e68be8/TheWiz-recovery-working/src/quant_platform/orchestration/exhaustive_wizard_hyperliquid_run.py,62798,1786934737000000000,88d56b91b8aa8fe8428600a1b7907bae30330e02916dade5adee3b68082a8332,hashed,False
visual_recovery,src/quant_platform/orchestration/exhaustive_wizard_hyperliquid_validation.py,/Users/gregc/.codex/visualizations/2026/06/22/019eed4d-31bc-7c63-9c9f-62ff25e68be8/TheWiz-recovery-working/src/quant_platform/orchestration/exhaustive_wizard_hyperliquid_validation.py,10525,1786934485000000000,7fbbe428d6cc25c4253406613887e62f69760d6a8268de6117c0a44913b1d7ef,hashed,False
visual_recovery,src/quant_platform/orchestration/exhaustive_wizard_hyperliquid_walkforward.py,/Users/gregc/.codex/visualizations/2026/06/22/019eed4d-31bc-7c63-9c9f-62ff25e68be8/TheWiz-recovery-working/src/quant_platform/orchestration/exhaustive_wizard_hyperliquid_walkforward.py,53185,1786826720000000000,b1674cc62cb7cbe3a5d051cabb3203c5a3d3071300d0d8b7baa1696e3ee01187,hashed,False
visual_recovery,src/quant_platform/orchestration/hyperliquid_research_cycle.py,/Users/gregc/.codex/visualizations/2026/06/22/019eed4d-31bc-7c63-9c9f-62ff25e68be8/TheWiz-recovery-working/src/quant_platform/orchestration/hyperliquid_research_cycle.py,12728,1786934485000000000,2ca7b94edb7c03d67bf9f64ed26cc39ffe588fc125800270d007d594eb3f71e8,hashed,False
visual_recovery,src/quant_platform/orchestration/hyperliquid_research_validation.py,/Users/gregc/.codex/visualizations/2026/06/22/019eed4d-31bc-7c63-9c9f-62ff25e68be8/TheWiz-recovery-working/src/quant_platform/orchestration/hyperliquid_research_validation.py,40200,1786934515000000000,09c8d1c153a6f90504dde0e11d75ee50c76ffead4d4d3bb9151bd79ac4648a94,hashed,False
visual_recovery,src/quant_platform/orchestration/hyperliquid_run_manifest.py,/Users/gregc/.codex/visualizations/2026/06/22/019eed4d-31bc-7c63-9c9f-62ff25e68be8/TheWiz-recovery-working/src/quant_platform/orchestration/hyperliquid_run_manifest.py,24266,1786934485000000000,c9258508ba2d64b4eb33bb6bd6f81fa61ced50569e912fd9d2117764298e6f79,hashed,False
visual_recovery,src/quant_platform/orchestration/hyperliquid_testnet_lifecycle_evidence.py,/Users/gregc/.codex/visualizations/2026/06/22/019eed4d-31bc-7c63-9c9f-62ff25e68be8/TheWiz-recovery-working/src/quant_platform/orchestration/hyperliquid_testnet_lifecycle_evidence.py,28942,1786934485000000000,c83bb706ada322d7ece8bd4d111d05139be59566dc268dc9393992c0fef59001,hashed,False
visual_recovery,src/quant_platform/orchestration/interactive_mixtape_graph.py,/Users/gregc/.codex/visualizations/2026/06/22/019eed4d-31bc-7c63-9c9f-62ff25e68be8/TheWiz-recovery-working/src/quant_platform/orchestration/interactive_mixtape_graph.py,17385,1786934485000000000,4a9a6cecf335419ec49fd1de0ce15f168a21a4f7bd4f815a2cb4c10faeb9038b,hashed,True
visual_recovery,src/quant_platform/orchestration/langgraph_workflow.py,/Users/gregc/.codex/visualizations/2026/06/22/019eed4d-31bc-7c63-9c9f-62ff25e68be8/TheWiz-recovery-working/src/quant_platform/orchestration/langgraph_workflow.py,14681,1786934485000000000,0b87827dc6fe85d1bd9aa4efe8ed8c0274dc8fc403debcf9e64dd76d2e350db8,hashed,False
visual_recovery,src/quant_platform/orchestration/mini_agents.py,/Users/gregc/.codex/visualizations/2026/06/22/019eed4d-31bc-7c63-9c9f-62ff25e68be8/TheWiz-recovery-working/src/quant_platform/orchestration/mini_agents.py,25171,1786934485000000000,d063a3180f4e9a600cc51027d82c5db0dc0a3a16a76b14674cb18322035c2fb1,hashed,False
visual_recovery,src/quant_platform/orchestration/nodes.py,/Users/gregc/.codex/visualizations/2026/06/22/019eed4d-31bc-7c63-9c9f-62ff25e68be8/TheWiz-recovery-working/src/quant_platform/orchestration/nodes.py,14295,1786934485000000000,8d67327bd433cd72fd99ea04f8b571b4f447ec61f0512976b9ffcd29b35d231c,hashed,False
visual_recovery,src/quant_platform/orchestration/orchestrator_assistant.py,/Users/gregc/.codex/visualizations/2026/06/22/019eed4d-31bc-7c63-9c9f-62ff25e68be8/TheWiz-recovery-working/src/quant_platform/orchestration/orchestrator_assistant.py,19443,1786934485000000000,65f8de54cb0713c8fb8e625c69f796def074a14d95013156c7192cb0496f1605,hashed,False
visual_recovery,src/quant_platform/orchestration/specialist_scoreboard.py,/Users/gregc/.codex/visualizations/2026/06/22/019eed4d-31bc-7c63-9c9f-62ff25e68be8/TheWiz-recovery-working/src/quant_platform/orchestration/specialist_scoreboard.py,14794,1786934485000000000,0aa15764fb9fdfd9360508194ae6c9bc135948ba7e04c0c7ea8cf0b24f4a2224,hashed,False
visual_recovery,src/quant_platform/orchestration/student_readiness.py,/Users/gregc/.codex/visualizations/2026/06/22/019eed4d-31bc-7c63-9c9f-62ff25e68be8/TheWiz-recovery-working/src/quant_platform/orchestration/student_readiness.py,15309,1786934485000000000,0505484cbd452592ce1148c9083424d320566601a8391971206f276b72a3bd35,hashed,False
visual_recovery,src/quant_platform/orchestration/teacher_adapters.py,/Users/gregc/.codex/visualizations/2026/06/22/019eed4d-31bc-7c63-9c9f-62ff25e68be8/TheWiz-recovery-working/src/quant_platform/orchestration/teacher_adapters.py,15774,1786934485000000000,b891eecba0760b29744ebff4c18484889e90a684802f715889a0a57af79679e6,hashed,False
visual_recovery,src/quant_platform/orchestration/teacher_contracts.py,/Users/gregc/.codex/visualizations/2026/06/22/019eed4d-31bc-7c63-9c9f-62ff25e68be8/TheWiz-recovery-working/src/quant_platform/orchestration/teacher_contracts.py,15014,1786934485000000000,35cf7cb5772c03c8979ff64688489146924fa438ff92b2317e8e6a8c98278a41,hashed,False
visual_recovery,src/quant_platform/orchestration/teacher_control_plane.py,/Users/gregc/.codex/visualizations/2026/06/22/019eed4d-31bc-7c63-9c9f-62ff25e68be8/TheWiz-recovery-working/src/quant_platform/orchestration/teacher_control_plane.py,21141,1786934485000000000,882f7a85fcf3414518f0db6733dea695e127736b7fc0e842eceb64a4e0b7e8c7,hashed,False
visual_recovery,src/quant_platform/orchestration/teacher_council.py,/Users/gregc/.codex/visualizations/2026/06/22/019eed4d-31bc-7c63-9c9f-62ff25e68be8/TheWiz-recovery-working/src/quant_platform/orchestration/teacher_council.py,14775,1786934485000000000,57a76d07b46860e143c4a865c315577246c41bf7247c999d1da61a3b17fded83,hashed,True
visual_recovery,src/quant_platform/orchestration/teacher_evidence_materializer.py,/Users/gregc/.codex/visualizations/2026/06/22/019eed4d-31bc-7c63-9c9f-62ff25e68be8/TheWiz-recovery-working/src/quant_platform/orchestration/teacher_evidence_materializer.py,39861,1786934515000000000,dba45be2f62ee814617620eca96e6e2c0cb435d0eaa12a6844511d034390bc78,hashed,False
visual_recovery,src/quant_platform/orchestration/venue_gate.py,/Users/gregc/.codex/visualizations/2026/06/22/019eed4d-31bc-7c63-9c9f-62ff25e68be8/TheWiz-recovery-working/src/quant_platform/orchestration/venue_gate.py,4092,1786934485000000000,3f477a30f2b428354a231eb73babbc0761512c7cc9fd764e0b0f9d2d15090ae8,hashed,True
visual_recovery,src/quant_platform/orchestration/versioned_learning_comparison.py,/Users/gregc/.codex/visualizations/2026/06/22/019eed4d-31bc-7c63-9c9f-62ff25e68be8/TheWiz-recovery-working/src/quant_platform/orchestration/versioned_learning_comparison.py,47109,1786934760000000000,6873b5e30fb7825a9a3fb3ff11bf33fee00ad7b12d0842648874764e33234f48,hashed,False
visual_recovery,src/quant_platform/rl/base_rl_lane.py,/Users/gregc/.codex/visualizations/2026/06/22/019eed4d-31bc-7c63-9c9f-62ff25e68be8/TheWiz-recovery-working/src/quant_platform/rl/base_rl_lane.py,60642,1786934485000000000,069b09880d994cd4bced1c315f852cdbbe07cadc2b50ad5caaa41bb011b1c07c,hashed,False
visual_recovery,src/quant_platform/rl/brain_contract.py,/Users/gregc/.codex/visualizations/2026/06/22/019eed4d-31bc-7c63-9c9f-62ff25e68be8/TheWiz-recovery-working/src/quant_platform/rl/brain_contract.py,46021,1786934485000000000,f22b1136cf29dee7546e28bf63221f531b13c962ef7d3b89fda597cdd5c1f700,hashed,False
visual_recovery,src/quant_platform/rl/quantization.py,/Users/gregc/.codex/visualizations/2026/06/22/019eed4d-31bc-7c63-9c9f-62ff25e68be8/TheWiz-recovery-working/src/quant_platform/rl/quantization.py,2195,1786934485000000000,86f18a43694957f9cef5b8d4fc2182322aa116777e5607869ecc949569e55cf8,hashed,False
visual_recovery,src/quant_platform/rl/rl_acceptance.py,/Users/gregc/.codex/visualizations/2026/06/22/019eed4d-31bc-7c63-9c9f-62ff25e68be8/TheWiz-recovery-working/src/quant_platform/rl/rl_acceptance.py,8641,1786934515000000000,3fdd1b8f26486d6cc38f7a0b4fd96ba9f99c35dad1da6dd8341874dbe4dc17b1,hashed,True
visual_recovery,src/quant_platform/rl/rl_backtest.py,/Users/gregc/.codex/visualizations/2026/06/22/019eed4d-31bc-7c63-9c9f-62ff25e68be8/TheWiz-recovery-working/src/quant_platform/rl/rl_backtest.py,27997,1786934485000000000,6530595be7593a76a18917a15971d22fef8b15cf13c6c7d976c224e8e3b1a1d1,hashed,False
visual_recovery,src/quant_platform/rl/rl_idea_engine.py,/Users/gregc/.codex/visualizations/2026/06/22/019eed4d-31bc-7c63-9c9f-62ff25e68be8/TheWiz-recovery-working/src/quant_platform/rl/rl_idea_engine.py,21458,1786934485000000000,0113e730d620facbb9099b4b798ddf5186a10bf0adabb277ed1207383be8838f,hashed,False
visual_recovery,src/quant_platform/rl/rl_learning_agent.py,/Users/gregc/.codex/visualizations/2026/06/22/019eed4d-31bc-7c63-9c9f-62ff25e68be8/TheWiz-recovery-working/src/quant_platform/rl/rl_learning_agent.py,48640,1786934485000000000,20c7893a8512581de9e608a40039c1e2d04893202dfbd1478d6f0369455b2cc1,hashed,False
visual_recovery,src/quant_platform/rl/rl_strategy_selector.py,/Users/gregc/.codex/visualizations/2026/06/22/019eed4d-31bc-7c63-9c9f-62ff25e68be8/TheWiz-recovery-working/src/quant_platform/rl/rl_strategy_selector.py,505,1786934485000000000,849778666ac4ecaaccd8801e3e37718590aef971bc9e7b58642a1cd9386f1a68,hashed,True
visual_recovery,src/quant_platform/statistics/math_v2.py,/Users/gregc/.codex/visualizations/2026/06/22/019eed4d-31bc-7c63-9c9f-62ff25e68be8/TheWiz-recovery-working/src/quant_platform/statistics/math_v2.py,18234,1786934515000000000,cf9da8c24bb5b9bd431649970dc74192daecb4b359da267b96228ebcbdaf3244,hashed,False
visual_recovery,src/quantized_stat_arb_platform.egg-info/PKG-INFO,/Users/gregc/.codex/visualizations/2026/06/22/019eed4d-31bc-7c63-9c9f-62ff25e68be8/TheWiz-recovery-working/src/quantized_stat_arb_platform.egg-info/PKG-INFO,1246,1786935027788947204,3e903933f82d36d9c5ea184029545da02e5a8ad9333f8f298b1d1ae99c6e9de9,hashed,False
visual_recovery,src/quantized_stat_arb_platform.egg-info/SOURCES.txt,/Users/gregc/.codex/visualizations/2026/06/22/019eed4d-31bc-7c63-9c9f-62ff25e68be8/TheWiz-recovery-working/src/quantized_stat_arb_platform.egg-info/SOURCES.txt,19021,1786935027798514212,b1873f2463f7490cedd270f7447216df825d4a99f2c9832a620d1de93a910f55,hashed,False
visual_recovery,src/quantized_stat_arb_platform.egg-info/requires.txt,/Users/gregc/.codex/visualizations/2026/06/22/019eed4d-31bc-7c63-9c9f-62ff25e68be8/TheWiz-recovery-working/src/quantized_stat_arb_platform.egg-info/requires.txt,479,1786935027789449371,d9ac0c7d4d9758ea0459a5c913f7a0e63197d9c3d828ed794d253e289ba41cd4,hashed,False
visual_recovery,tests/candidate_queue_support.py,/Users/gregc/.codex/visualizations/2026/06/22/019eed4d-31bc-7c63-9c9f-62ff25e68be8/TheWiz-recovery-working/tests/candidate_queue_support.py,8489,1786934485000000000,50fcfd02714bd54fec08195539b85f50b5ffc12b229545bd4773392decaa599a,hashed,True
visual_recovery,tests/pair_cost_bundle_support.py,/Users/gregc/.codex/visualizations/2026/06/22/019eed4d-31bc-7c63-9c9f-62ff25e68be8/TheWiz-recovery-working/tests/pair_cost_bundle_support.py,15133,1786934485000000000,ac96420a1841f82f14091a1a05ecfc7681d55963e9caf1881d5af895e34e0ac1,hashed,True
visual_recovery,tests/test_active_pipeline.py,/Users/gregc/.codex/visualizations/2026/06/22/019eed4d-31bc-7c63-9c9f-62ff25e68be8/TheWiz-recovery-working/tests/test_active_pipeline.py,109725,1786934485000000000,019d0e00d1050c529bc7c4090bab4e750a8928ea9becb7ef9022e0f579a26e89,hashed,False
visual_recovery,tests/test_apify_sources.py,/Users/gregc/.codex/visualizations/2026/06/22/019eed4d-31bc-7c63-9c9f-62ff25e68be8/TheWiz-recovery-working/tests/test_apify_sources.py,3953,1786934485000000000,fc8c01a350ae48822a88138b6c252d01eebf605385c1625b87e91461a678baac,hashed,False
visual_recovery,tests/test_backtest.py,/Users/gregc/.codex/visualizations/2026/06/22/019eed4d-31bc-7c63-9c9f-62ff25e68be8/TheWiz-recovery-working/tests/test_backtest.py,4746,1786934485000000000,77504a189c96d3077bb1b422b53830f9ba00ecdbbef64eebb54d29afc0fab6ac,hashed,False
visual_recovery,tests/test_binance_testnet.py,/Users/gregc/.codex/visualizations/2026/06/22/019eed4d-31bc-7c63-9c9f-62ff25e68be8/TheWiz-recovery-working/tests/test_binance_testnet.py,7086,1786934485000000000,c6905fbf01b80c13d3a74b2d270fe7887b2f5e63a007c1e3dcc5d675ad06f7c9,hashed,False
visual_recovery,tests/test_canonical_wizard_hyperliquid_contract.py,/Users/gregc/.codex/visualizations/2026/06/22/019eed4d-31bc-7c63-9c9f-62ff25e68be8/TheWiz-recovery-working/tests/test_canonical_wizard_hyperliquid_contract.py,1032,1786826712000000000,462dd94a9515d452aeebddd48ed4a5d6b296563c4e83d87eeedcd816a9144492,hashed,True
visual_recovery,tests/test_cli.py,/Users/gregc/.codex/visualizations/2026/06/22/019eed4d-31bc-7c63-9c9f-62ff25e68be8/TheWiz-recovery-working/tests/test_cli.py,303389,1786809190000000000,bc1f9dfd2f8618b73c9a8fabf02763093a103fa95ca8aa6f0f771bd0248bdf18,hashed,False
visual_recovery,tests/test_corrective_agent_governance.py,/Users/gregc/.codex/visualizations/2026/06/22/019eed4d-31bc-7c63-9c9f-62ff25e68be8/TheWiz-recovery-working/tests/test_corrective_agent_governance.py,8982,1786934485000000000,6c8618d029648611af7d1cf11964274e0655d81c961e45bc7ccb2dd5b2d461e2,hashed,True
visual_recovery,tests/test_corrective_canonical_status.py,/Users/gregc/.codex/visualizations/2026/06/22/019eed4d-31bc-7c63-9c9f-62ff25e68be8/TheWiz-recovery-working/tests/test_corrective_canonical_status.py,9790,1786934485000000000,696406095546efb0254746dd367b35c183a7ce8a400cf22035220d25407fd0a3,hashed,True
visual_recovery,tests/test_corrective_daily_scheduler.py,/Users/gregc/.codex/visualizations/2026/06/22/019eed4d-31bc-7c63-9c9f-62ff25e68be8/TheWiz-recovery-working/tests/test_corrective_daily_scheduler.py,40730,1786934485000000000,df9a69b84427bb9aec810504beb6901de501c44e14dd1b8746f7418005bb0ab2,hashed,False
visual_recovery,tests/test_corrective_data_evidence.py,/Users/gregc/.codex/visualizations/2026/06/22/019eed4d-31bc-7c63-9c9f-62ff25e68be8/TheWiz-recovery-working/tests/test_corrective_data_evidence.py,37751,1786934515000000000,21b7ac5e2952edf168219cb9c9f2b8274dd7eb5763bfd8b54629ac461c744ae1,hashed,True
visual_recovery,tests/test_corrective_l2_scheduler.py,/Users/gregc/.codex/visualizations/2026/06/22/019eed4d-31bc-7c63-9c9f-62ff25e68be8/TheWiz-recovery-working/tests/test_corrective_l2_scheduler.py,41216,1786934485000000000,eb27f217b7261d225fc0e66f5ba503a7e126ad1938b1b666b04132e5b9981174,hashed,False
visual_recovery,tests/test_corrective_live_canary_execution.py,/Users/gregc/.codex/visualizations/2026/06/22/019eed4d-31bc-7c63-9c9f-62ff25e68be8/TheWiz-recovery-working/tests/test_corrective_live_canary_execution.py,29852,1786934485000000000,c494053c7bff9cfdae2eab3361d8e3813a603fbf1fb6bc0b48761cc45df36dcf,hashed,False
visual_recovery,tests/test_corrective_program.py,/Users/gregc/.codex/visualizations/2026/06/22/019eed4d-31bc-7c63-9c9f-62ff25e68be8/TheWiz-recovery-working/tests/test_corrective_program.py,88101,1786934485000000000,61328d29cfd7f04018b32dcd685c83b73d51a9b7d0c8b1a9115590b4b3e4c0db,hashed,True
visual_recovery,tests/test_corrective_release_gates.py,/Users/gregc/.codex/visualizations/2026/06/22/019eed4d-31bc-7c63-9c9f-62ff25e68be8/TheWiz-recovery-working/tests/test_corrective_release_gates.py,70779,1786934485000000000,b2f22d4015260cb7242db1f93f0f436f48bc23ba36e3d7624184b80bde59ba38,hashed,False
visual_recovery,tests/test_corrective_runtime.py,/Users/gregc/.codex/visualizations/2026/06/22/019eed4d-31bc-7c63-9c9f-62ff25e68be8/TheWiz-recovery-working/tests/test_corrective_runtime.py,2112,1786934485000000000,6e256139900e590bcac3b7736cbaae32428e2cd113cc44760e7fe7ba47cd5733,hashed,False
visual_recovery,tests/test_corrective_testnet_collateral_transfer.py,/Users/gregc/.codex/visualizations/2026/06/22/019eed4d-31bc-7c63-9c9f-62ff25e68be8/TheWiz-recovery-working/tests/test_corrective_testnet_collateral_transfer.py,10777,1786934485000000000,bda2c2106162fae8b0c50fb0bcfb075b5e5caabbf201b2e22bb163c52f6f3ecd,hashed,False
visual_recovery,tests/test_corrective_testnet_pair_execution.py,/Users/gregc/.codex/visualizations/2026/06/22/019eed4d-31bc-7c63-9c9f-62ff25e68be8/TheWiz-recovery-working/tests/test_corrective_testnet_pair_execution.py,11165,1786934485000000000,08e714c51b1bca02e1347cba78220cebde973c648bd80bcb0abd44488aabf323,hashed,False
visual_recovery,tests/test_corrective_wizard_copula_behavioral.py,/Users/gregc/.codex/visualizations/2026/06/22/019eed4d-31bc-7c63-9c9f-62ff25e68be8/TheWiz-recovery-working/tests/test_corrective_wizard_copula_behavioral.py,27561,1786934485000000000,2f39391233915b3f8148fa8157a6c9643d93c880ec7bca83b650237603e448b4,hashed,False
visual_recovery,tests/test_corrective_wizard_ou_v6_holdout.py,/Users/gregc/.codex/visualizations/2026/06/22/019eed4d-31bc-7c63-9c9f-62ff25e68be8/TheWiz-recovery-working/tests/test_corrective_wizard_ou_v6_holdout.py,21309,1786935860660727277,419792c4e41d3d687f106f3856747c5cc0f030d177641145f5c69e5982d6da73,hashed,False
visual_recovery,tests/test_corrective_wizard_proof_launcher.py,/Users/gregc/.codex/visualizations/2026/06/22/019eed4d-31bc-7c63-9c9f-62ff25e68be8/TheWiz-recovery-working/tests/test_corrective_wizard_proof_launcher.py,92725,1786934485000000000,0bddb086903d165ba9090b4160ab26654ac431f84d138dc0eb598f62ea75e31d,hashed,False
visual_recovery,tests/test_corrective_wizard_proof_scheduler.py,/Users/gregc/.codex/visualizations/2026/06/22/019eed4d-31bc-7c63-9c9f-62ff25e68be8/TheWiz-recovery-working/tests/test_corrective_wizard_proof_scheduler.py,145888,1786934485000000000,e021ea525453a669a6b7fdf67267db09545eee64a151ebfccd4eeb09887771e1,hashed,False
visual_recovery,tests/test_corrective_wizard_surface_inventory.py,/Users/gregc/.codex/visualizations/2026/06/22/019eed4d-31bc-7c63-9c9f-62ff25e68be8/TheWiz-recovery-working/tests/test_corrective_wizard_surface_inventory.py,10254,1786934485000000000,3078fc0faaea2835ff008878e18392054d5cf79b766f7b9994be8c8807277a09,hashed,True
visual_recovery,tests/test_crypto_wizards_history.py,/Users/gregc/.codex/visualizations/2026/06/22/019eed4d-31bc-7c63-9c9f-62ff25e68be8/TheWiz-recovery-working/tests/test_crypto_wizards_history.py,14220,1786934485000000000,cd558f8258d5ad40800bd17f10e9f97d94621672f03cdf2fb7eaf75021defee7,hashed,False
visual_recovery,tests/test_crypto_wizards_scanner.py,/Users/gregc/.codex/visualizations/2026/06/22/019eed4d-31bc-7c63-9c9f-62ff25e68be8/TheWiz-recovery-working/tests/test_crypto_wizards_scanner.py,6108,1786934485000000000,7e36ec4f244996d66145978ab684ea26792defd52c2c245aec83bdd06963cc87,hashed,True
visual_recovery,tests/test_crypto_wizards_sweep.py,/Users/gregc/.codex/visualizations/2026/06/22/019eed4d-31bc-7c63-9c9f-62ff25e68be8/TheWiz-recovery-working/tests/test_crypto_wizards_sweep.py,12190,1786934485000000000,b791597cf8b00c630089cd8db157132d0dcdd0242822510db872000a8e97d7db,hashed,False
visual_recovery,tests/test_current_wizard_hyperliquid_daily_runner.py,/Users/gregc/.codex/visualizations/2026/06/22/019eed4d-31bc-7c63-9c9f-62ff25e68be8/TheWiz-recovery-working/tests/test_current_wizard_hyperliquid_daily_runner.py,26992,1786934485000000000,3955e7517125849c35b4e7804048c869aaf2a985da22acab3278c73e4930ffa6,hashed,False
visual_recovery,tests/test_current_wizard_hyperliquid_handoff.py,/Users/gregc/.codex/visualizations/2026/06/22/019eed4d-31bc-7c63-9c9f-62ff25e68be8/TheWiz-recovery-working/tests/test_current_wizard_hyperliquid_handoff.py,52523,1786934515000000000,5c757bac58d4f59abc934a747478b01e1326e5ab086d5f1708180f1dfc581295,hashed,False
visual_recovery,tests/test_current_wizard_hyperliquid_math_comparison.py,/Users/gregc/.codex/visualizations/2026/06/22/019eed4d-31bc-7c63-9c9f-62ff25e68be8/TheWiz-recovery-working/tests/test_current_wizard_hyperliquid_math_comparison.py,3206,1786934515000000000,d4b28a2f03d1ee1ab1ca1a6d49023f2d592a77dc8a43dd6e0edf24ffa2b652bd,hashed,False
visual_recovery,tests/test_dydx_candles.py,/Users/gregc/.codex/visualizations/2026/06/22/019eed4d-31bc-7c63-9c9f-62ff25e68be8/TheWiz-recovery-working/tests/test_dydx_candles.py,15993,1786934485000000000,3f0840b1d61c2abeb2ec4e6a2446a6273317dbccb0e80237b1c5c2ff6fe0f858,hashed,False
visual_recovery,tests/test_dynamic_agent_ledger.py,/Users/gregc/.codex/visualizations/2026/06/22/019eed4d-31bc-7c63-9c9f-62ff25e68be8/TheWiz-recovery-working/tests/test_dynamic_agent_ledger.py,5824,1786934485000000000,b2615dbc5ca2b85a22b1582726b392513d06570bfe45343f0e88240de0a2aa03,hashed,False
visual_recovery,tests/test_dynamic_agent_venue_gate.py,/Users/gregc/.codex/visualizations/2026/06/22/019eed4d-31bc-7c63-9c9f-62ff25e68be8/TheWiz-recovery-working/tests/test_dynamic_agent_venue_gate.py,1396,1786934485000000000,4e45dc051db86ae0c722c7d5ea3d794431bdd0c9a2e26eacfdf6edcddc33060b,hashed,True
visual_recovery,tests/test_env.py,/Users/gregc/.codex/visualizations/2026/06/22/019eed4d-31bc-7c63-9c9f-62ff25e68be8/TheWiz-recovery-working/tests/test_env.py,932,1786934485000000000,909910bb58e5e20adfa8b245b40380c6d0310867754372d4ac88e90599027d85,hashed,False
visual_recovery,tests/test_execution.py,/Users/gregc/.codex/visualizations/2026/06/22/019eed4d-31bc-7c63-9c9f-62ff25e68be8/TheWiz-recovery-working/tests/test_execution.py,72490,1786934485000000000,c30d30fb6f64abcf111bdd1ac4c43a2010a3d40c028434356fcec213e321a466,hashed,False
visual_recovery,tests/test_exhaustive_wizard_hyperliquid_replay.py,/Users/gregc/.codex/visualizations/2026/06/22/019eed4d-31bc-7c63-9c9f-62ff25e68be8/TheWiz-recovery-working/tests/test_exhaustive_wizard_hyperliquid_replay.py,53327,1786816450000000000,1110a792d727ba319428cd51019ddb58959774fea861b7700bbe245c28e5d082,hashed,False
visual_recovery,tests/test_experiments.py,/Users/gregc/.codex/visualizations/2026/06/22/019eed4d-31bc-7c63-9c9f-62ff25e68be8/TheWiz-recovery-working/tests/test_experiments.py,12420,1786934485000000000,7273a76a8100c9ac8e248ebe07da3108816cc3c89031125a8742abaf6c7b041f,hashed,False
visual_recovery,tests/test_feature_engine.py,/Users/gregc/.codex/visualizations/2026/06/22/019eed4d-31bc-7c63-9c9f-62ff25e68be8/TheWiz-recovery-working/tests/test_feature_engine.py,2195,1786934485000000000,49347383d5974ac6950cb823a75f65180cf69c4b05185472f358f2e12da8d7ce,hashed,True
visual_recovery,tests/test_funding.py,/Users/gregc/.codex/visualizations/2026/06/22/019eed4d-31bc-7c63-9c9f-62ff25e68be8/TheWiz-recovery-working/tests/test_funding.py,8723,1786934485000000000,d935393378173152e5f1baef656536a60dfe6e5f97e6b3df3c82cf870475cc4e,hashed,True
visual_recovery,tests/test_hyperliquid.py,/Users/gregc/.codex/visualizations/2026/06/22/019eed4d-31bc-7c63-9c9f-62ff25e68be8/TheWiz-recovery-working/tests/test_hyperliquid.py,36956,1786826088000000000,7cbcf906a7c6e19faac16630361aa14d1cfa35b78250f78981fcc8819fc7412f,hashed,False
visual_recovery,tests/test_hyperliquid_testnet.py,/Users/gregc/.codex/visualizations/2026/06/22/019eed4d-31bc-7c63-9c9f-62ff25e68be8/TheWiz-recovery-working/tests/test_hyperliquid_testnet.py,46933,1786934485000000000,a263be3a091115d60abdd32a65143012be9989af24922a69f7b1735a4aaca456,hashed,False
visual_recovery,tests/test_math_v2_acceptance.py,/Users/gregc/.codex/visualizations/2026/06/22/019eed4d-31bc-7c63-9c9f-62ff25e68be8/TheWiz-recovery-working/tests/test_math_v2_acceptance.py,843,1786934485000000000,9599313e1ede12b2aae4a670b10c112987d65d1782e5c39a26ec5b268b11ef1e,hashed,True
visual_recovery,tests/test_meta_learning.py,/Users/gregc/.codex/visualizations/2026/06/22/019eed4d-31bc-7c63-9c9f-62ff25e68be8/TheWiz-recovery-working/tests/test_meta_learning.py,8809,1786934485000000000,182beacc6539f98063db05c6613b777fb14eebe4b46021c5034810c22658acc9,hashed,True
visual_recovery,tests/test_ml_filter.py,/Users/gregc/.codex/visualizations/2026/06/22/019eed4d-31bc-7c63-9c9f-62ff25e68be8/TheWiz-recovery-working/tests/test_ml_filter.py,27813,1786934515000000000,6d9fac418448eeef73b0718f7b8232b8188a129fa0f4f5f4a6bb1fe03809cca4,hashed,False
visual_recovery,tests/test_orchestration_rl.py,/Users/gregc/.codex/visualizations/2026/06/22/019eed4d-31bc-7c63-9c9f-62ff25e68be8/TheWiz-recovery-working/tests/test_orchestration_rl.py,67253,1786934485000000000,a2077b4af3593c2cf73c046a2bb4fd8c5607d02b33e95f520fdf8d0969c97183,hashed,False
visual_recovery,tests/test_performance_math_v2.py,/Users/gregc/.codex/visualizations/2026/06/22/019eed4d-31bc-7c63-9c9f-62ff25e68be8/TheWiz-recovery-working/tests/test_performance_math_v2.py,4087,1786934515000000000,4f276f987dcaf7ab5a711aedc84a261330f4ea08f48990d98e5fa9c178e8343b,hashed,False
visual_recovery,tests/test_regimes.py,/Users/gregc/.codex/visualizations/2026/06/22/019eed4d-31bc-7c63-9c9f-62ff25e68be8/TheWiz-recovery-working/tests/test_regimes.py,2859,1786934515000000000,57b50152676bb4c3e3aa962e966471bf636f72023458215c91a35e6654909cef,hashed,True
visual_recovery,tests/test_research_ingestion.py,/Users/gregc/.codex/visualizations/2026/06/22/019eed4d-31bc-7c63-9c9f-62ff25e68be8/TheWiz-recovery-working/tests/test_research_ingestion.py,6309,1786934485000000000,a7706a7ae542c8b61c5b9d0b5859a83d85c6e3dfa9c53e623b22edada1a4931e,hashed,False
visual_recovery,tests/test_research_paper_reproduction.py,/Users/gregc/.codex/visualizations/2026/06/22/019eed4d-31bc-7c63-9c9f-62ff25e68be8/TheWiz-recovery-working/tests/test_research_paper_reproduction.py,5017,1786934756000000000,778b7ca3e81ec8bc026e7aa2f3a481b33da8ba862943def4a300036b6c1c690c,hashed,True
visual_recovery,tests/test_research_paper_reviews.py,/Users/gregc/.codex/visualizations/2026/06/22/019eed4d-31bc-7c63-9c9f-62ff25e68be8/TheWiz-recovery-working/tests/test_research_paper_reviews.py,3482,1786934748000000000,947da823cf84ca6ac2dd2ff29a3f4a522bec7997a58de433b84d13bb29291ad4,hashed,False
visual_recovery,tests/test_rl_brain_contract.py,/Users/gregc/.codex/visualizations/2026/06/22/019eed4d-31bc-7c63-9c9f-62ff25e68be8/TheWiz-recovery-working/tests/test_rl_brain_contract.py,35374,1786934485000000000,ae0b733e652aa56fdc4cad808e89c4fae52aed62239a14fcffc5f36124227bdd,hashed,True
visual_recovery,tests/test_statistics_math_v2.py,/Users/gregc/.codex/visualizations/2026/06/22/019eed4d-31bc-7c63-9c9f-62ff25e68be8/TheWiz-recovery-working/tests/test_statistics_math_v2.py,4006,1786934515000000000,d954acb64472eff879f04c7b66cb25f0e128b93fecd3fc7270f006867d51bb69,hashed,False
visual_recovery,tests/test_strategy_registry.py,/Users/gregc/.codex/visualizations/2026/06/22/019eed4d-31bc-7c63-9c9f-62ff25e68be8/TheWiz-recovery-working/tests/test_strategy_registry.py,915,1786934485000000000,cbedd98c035062c213056955063cf24afa1b50c7a75053a9b7bddcea7801d781,hashed,True
visual_recovery,tests/test_student_readiness.py,/Users/gregc/.codex/visualizations/2026/06/22/019eed4d-31bc-7c63-9c9f-62ff25e68be8/TheWiz-recovery-working/tests/test_student_readiness.py,4766,1786934485000000000,419ec425ea01698ceb6306c6328800e9a12c8be4369f740089dac599b5f60afb,hashed,False
visual_recovery,tests/test_teacher_adapters.py,/Users/gregc/.codex/visualizations/2026/06/22/019eed4d-31bc-7c63-9c9f-62ff25e68be8/TheWiz-recovery-working/tests/test_teacher_adapters.py,4112,1786934485000000000,9b9b20e32fd01489b47d833418c275827bea1c974bbf936b5af9265e5267734f,hashed,False
visual_recovery,tests/test_teacher_control_plane.py,/Users/gregc/.codex/visualizations/2026/06/22/019eed4d-31bc-7c63-9c9f-62ff25e68be8/TheWiz-recovery-working/tests/test_teacher_control_plane.py,2514,1786934485000000000,0a31f36c5142a2891ec8235adf4636fb972a96ffa57a42dc521e80f68426dd73,hashed,True
visual_recovery,tests/test_teacher_council.py,/Users/gregc/.codex/visualizations/2026/06/22/019eed4d-31bc-7c63-9c9f-62ff25e68be8/TheWiz-recovery-working/tests/test_teacher_council.py,6727,1786934485000000000,eb7cb20ee9a422aaa0dfd5e0339224bfed35f509dcd12bc4b63376854a957622,hashed,False
visual_recovery,tests/test_teacher_evidence_materializer.py,/Users/gregc/.codex/visualizations/2026/06/22/019eed4d-31bc-7c63-9c9f-62ff25e68be8/TheWiz-recovery-working/tests/test_teacher_evidence_materializer.py,12099,1786934515000000000,2c2e1d1b9c0af859b7ae3946df23c4ddf4663407f2f1e410b4292fa780f5ef3a,hashed,False
visual_recovery,tests/test_three_brain_system.py,/Users/gregc/.codex/visualizations/2026/06/22/019eed4d-31bc-7c63-9c9f-62ff25e68be8/TheWiz-recovery-working/tests/test_three_brain_system.py,139362,1786934485000000000,a43369eb914b811f47f5883a56014ba5a95cd677c3ae5e284e15d143441a3816,hashed,True
visual_recovery,tests/test_udemy_math_reconciliation.py,/Users/gregc/.codex/visualizations/2026/06/22/019eed4d-31bc-7c63-9c9f-62ff25e68be8/TheWiz-recovery-working/tests/test_udemy_math_reconciliation.py,3699,1786934730000000000,1ed54617df7868692f7efbb44445936d1284bd8225da2b1a37a59dd1e9dbbec3,hashed,False
visual_recovery,tests/test_udemy_transcript_vault.py,/Users/gregc/.codex/visualizations/2026/06/22/019eed4d-31bc-7c63-9c9f-62ff25e68be8/TheWiz-recovery-working/tests/test_udemy_transcript_vault.py,5390,1786830688000000000,132ee802f972083810222607a7d4ca30671c562cc6c93269449108475b2e181d,hashed,True
visual_recovery,tests/test_wizard_candidate_set.py,/Users/gregc/.codex/visualizations/2026/06/22/019eed4d-31bc-7c63-9c9f-62ff25e68be8/TheWiz-recovery-working/tests/test_wizard_candidate_set.py,700,1786934485000000000,ef510cbfb7428f48316a2b21275156daaa9c3f6ae3032ca4412d2bd063b02d88,hashed,True
visual_recovery,tests/test_wizard_control_plane.py,/Users/gregc/.codex/visualizations/2026/06/22/019eed4d-31bc-7c63-9c9f-62ff25e68be8/TheWiz-recovery-working/tests/test_wizard_control_plane.py,7661,1786934485000000000,e28594c468b03168c5b169bd85bf3b95f41fd28e7a82f86051d60694a6466073,hashed,False
visual_recovery,tests/test_wizard_credit_ledger.py,/Users/gregc/.codex/visualizations/2026/06/22/019eed4d-31bc-7c63-9c9f-62ff25e68be8/TheWiz-recovery-working/tests/test_wizard_credit_ledger.py,15102,1786809190000000000,94c4019f22682451e7b70f6437bb265781a255d67cee56fbf769a428e5596773,hashed,False
visual_recovery,tests/test_wizard_evidence.py,/Users/gregc/.codex/visualizations/2026/06/22/019eed4d-31bc-7c63-9c9f-62ff25e68be8/TheWiz-recovery-working/tests/test_wizard_evidence.py,72703,1786934485000000000,7d9238a18f594afcb1deec410e0995d686c0d3d664d4f1241f45bbc4648c9937,hashed,True
visual_recovery,tests/test_wizard_mode_replay.py,/Users/gregc/.codex/visualizations/2026/06/22/019eed4d-31bc-7c63-9c9f-62ff25e68be8/TheWiz-recovery-working/tests/test_wizard_mode_replay.py,6721,1786825581000000000,cc80a59c4d1bb14e2ab075e4de2046d19cd7a4947658655110be4d654b9c31e5,hashed,False
visual_recovery,tests/test_wizard_research_journal.py,/Users/gregc/.codex/visualizations/2026/06/22/019eed4d-31bc-7c63-9c9f-62ff25e68be8/TheWiz-recovery-working/tests/test_wizard_research_journal.py,12669,1786798839000000000,c05a0397779d5787bd8782048e15538cae2a7a5b4dfb912c490efd34b1a8beaf,hashed,True
visual_recovery,tests/test_youtube_brain.py,/Users/gregc/.codex/visualizations/2026/06/22/019eed4d-31bc-7c63-9c9f-62ff25e68be8/TheWiz-recovery-working/tests/test_youtube_brain.py,11445,1786934485000000000,eec5e2e28400246f877e629a90945eb772812a8a28588d6c535541af57150e04,hashed,True
forensic_a,.gitignore,/Volumes/Expansion/TheWizForensic-20260819/.gitignore,566,1786826922000000000,3da3b072e4fa50524936a52692b191d986d31050f2c4fe1a05dae9d18260e16b,hashed,False
forensic_a,pyproject.toml,/Volumes/Expansion/TheWizForensic-20260819/pyproject.toml,1640,1786934515000000000,be967304aa53051a530bbeec7aeab41253ce160176bbdafae02c7698f709fd1d,hashed,False
forensic_a,uv.lock,/Volumes/Expansion/TheWizForensic-20260819/uv.lock,683421,1786934858000000000,f203179ba6e53f36ca60ddf50287587a740a5b06e30303ed21c8152bc2d381d9,hashed,False
forensic_a,config/research_paper_assessments.yaml,/Volumes/Expansion/TheWizForensic-20260819/config/research_paper_assessments.yaml,44745,1786934515000000000,1a9c4c1d9aadcf07dff55b84d69c326b7195eaa5c2ba9460b7cd10cad48d4678,hashed,True
forensic_a,docs/current_corrective_operations.md,/Volumes/Expansion/TheWizForensic-20260819/docs/current_corrective_operations.md,39807,1786934515000000000,fcb93e7a0666eabbbcf5e79f6815458c180cbb1a58ffa926e75b4c00d8230ef9,hashed,False
forensic_a,docs/registered_evidence_continuity.md,/Volumes/Expansion/TheWizForensic-20260819/docs/registered_evidence_continuity.md,43942,1786934515000000000,5952f0d379a3878f7cdb87555fdeab8d05f8e99db8c0634c78cca2c20d16da44,hashed,True
forensic_a,scripts/build_corrective_checkpoint.py,/Volumes/Expansion/TheWizForensic-20260819/scripts/build_corrective_checkpoint.py,11706,1786937408850000000,33e1f176ef73f3fc5f4e0c28c1409146ebadb5a418cda085ad41c92f46339094,hashed,False
forensic_a,scripts/build_current_recovery_checkpoint.py,/Volumes/Expansion/TheWizForensic-20260819/scripts/build_current_recovery_checkpoint.py,12523,1786937408890000000,e17c86327b82d986a8729519ba437b3e6bc2ac9b73b8095910b75d824dddd665,hashed,False
forensic_a,scripts/ops/mount_workspace.sh,/Volumes/Expansion/TheWizForensic-20260819/scripts/ops/mount_workspace.sh,1995,1786937139440000000,7f94c5fd3a17d1390afe553f608bd4f9705cd7c62a0ca59bb72859b010fa4221,hashed,True
forensic_a,scripts/ops/validate_workspace.sh,/Volumes/Expansion/TheWizForensic-20260819/scripts/ops/validate_workspace.sh,2193,1786937350430000000,f90f83d69e1172ba062bfb1fd6718f5d53ab8d494aac588b4a170be3a1db3408,hashed,False
forensic_a,src/quant_platform/active_pipeline.py,/Volumes/Expansion/TheWizForensic-20260819/src/quant_platform/active_pipeline.py,490100,1786934515000000000,5dc95e086dc4a531b604b0fecf4d621c80d760fd096956285c552e77175516c4,hashed,False
forensic_a,src/quant_platform/backtest.py,/Volumes/Expansion/TheWizForensic-20260819/src/quant_platform/backtest.py,14993,1786934515000000000,104c2ea21bd9296252486bff9fe8e8d6efd9e2276f68fae0487962a12156c6b3,hashed,False
forensic_a,src/quant_platform/cli.py,/Volumes/Expansion/TheWizForensic-20260819/src/quant_platform/cli.py,626974,1786935843000000000,d36964b2257ee39cfce4f4eeb3eb5cfa8b7c7c26a3a8511314968ca45ec54bb6,hashed,False
forensic_a,src/quant_platform/crypto_wizards_dashboard_capture.py,/Volumes/Expansion/TheWizForensic-20260819/src/quant_platform/crypto_wizards_dashboard_capture.py,13220,1786934737000000000,457ad94e9ae6f7181af26f9e8e31e6d9e6282dfffd7d8ee7ad748b5b51d14d2e,hashed,False
forensic_a,src/quant_platform/crypto_wizards_sweep.py,/Volumes/Expansion/TheWizForensic-20260819/src/quant_platform/crypto_wizards_sweep.py,37927,1786809162000000000,488ac159c65945aabcdad329c99db5eeb44757aa2586d13976478451d4c4f30d,hashed,False
forensic_a,src/quant_platform/evidence_registry.py,/Volumes/Expansion/TheWizForensic-20260819/src/quant_platform/evidence_registry.py,12035,1786830688000000000,37e83bc266f738cd22f158b7bc8d3b66d7fbad580ec72924c8dc67a51793b2f0,hashed,False
forensic_a,src/quant_platform/formula_registry.py,/Volumes/Expansion/TheWizForensic-20260819/src/quant_platform/formula_registry.py,9058,1786934515000000000,7c6300f5278e840f41aa598fe7a74cc8a1398db4d0370d5ed6219b137adc170b,hashed,False
forensic_a,src/quant_platform/hyperliquid.py,/Volumes/Expansion/TheWizForensic-20260819/src/quant_platform/hyperliquid.py,108697,1786934737000000000,6f423c1e1c5f7a17f0956fce135455c79d664f6082ffe2c9a10e44e78e4dec64,hashed,False
forensic_a,src/quant_platform/math_v2_acceptance.py,/Volumes/Expansion/TheWizForensic-20260819/src/quant_platform/math_v2_acceptance.py,15082,1786934515000000000,c32dfe8409c0b299f4b8a38d0dcdefb3f79e88b05a91b8c445a473e760c4d090,hashed,False
forensic_a,src/quant_platform/ml_filter.py,/Volumes/Expansion/TheWizForensic-20260819/src/quant_platform/ml_filter.py,76055,1786934515000000000,bb156cf2c686aa3cafcf77744f4948cd211bef967654c33b6b6aa45fdbd5d063,hashed,False
forensic_a,src/quant_platform/performance_math.py,/Volumes/Expansion/TheWizForensic-20260819/src/quant_platform/performance_math.py,5704,1786934515000000000,4a354c2ebe0c84d41a7f654823133299545ae7df9e46a3044b3d86dc9db46d38,hashed,False
forensic_a,src/quant_platform/regimes.py,/Volumes/Expansion/TheWizForensic-20260819/src/quant_platform/regimes.py,5474,1786934515000000000,f0e6f59f7b1347964e5591f15f7c9b321b7c80ed22f2c20a97fe81109691092c,hashed,False
forensic_a,src/quant_platform/research_extract_udemy.py,/Volumes/Expansion/TheWizForensic-20260819/src/quant_platform/research_extract_udemy.py,25647,1786823739000000000,9bb0650d7b09d6633883d89dea9ba27a81ee773bd599db17a88dfbd6f361193e,hashed,False
forensic_a,src/quant_platform/research_paper_math_audit.py,/Volumes/Expansion/TheWizForensic-20260819/src/quant_platform/research_paper_math_audit.py,5811,1786934744000000000,c4623c713afa59b999f760324ce2093f6a7a0e14a02a45e5c89f39a65ac7302c,hashed,False
forensic_a,src/quant_platform/research_paper_reproduction.py,/Volumes/Expansion/TheWizForensic-20260819/src/quant_platform/research_paper_reproduction.py,40471,1786934756000000000,dfbaf466f946a4898d395808a78cb9bceb3fd4938c6f3b0d3cdb8baa1dbbc393,hashed,False
forensic_a,src/quant_platform/research_paper_reviews.py,/Volumes/Expansion/TheWizForensic-20260819/src/quant_platform/research_paper_reviews.py,20483,1786934748000000000,b066811fa9c32b5275ee289d68e272d6d84a3a99ed3343aa39ecb9d146ef6a93,hashed,False
forensic_a,src/quant_platform/research_papers.py,/Volumes/Expansion/TheWizForensic-20260819/src/quant_platform/research_papers.py,25985,1786934748000000000,9af582cc464b0fb1d0a262301dc25fd069e574393a55e5df7d49d904ed6f379f,hashed,False
forensic_a,src/quant_platform/runtime_types.py,/Volumes/Expansion/TheWizForensic-20260819/src/quant_platform/runtime_types.py,325,1786934737000000000,d7010ec22958b3f1a6aea94c45b34839a1a8a9365969cc167181754b9e9fbf5d,hashed,True
forensic_a,src/quant_platform/three_brain_system.py,/Volumes/Expansion/TheWizForensic-20260819/src/quant_platform/three_brain_system.py,182603,1786934515000000000,0169408a8cb0c2a64c779a2ddb9f5067217c3a0e17f58722b165f642716dc210,hashed,False
forensic_a,src/quant_platform/udemy_math_reconciliation.py,/Volumes/Expansion/TheWizForensic-20260819/src/quant_platform/udemy_math_reconciliation.py,21879,1786935014000000000,c2244496c8154dc1ccd53291cdfb5ba38858377dfe07538660af3b17fa57a1ba,hashed,False
forensic_a,src/quant_platform/udemy_transcript_vault.py,/Volumes/Expansion/TheWizForensic-20260819/src/quant_platform/udemy_transcript_vault.py,10538,1786830688000000000,3763996d3d057017a7dff83e484437e92f9c946b8ee598b93a6c04a20affcf5f,hashed,False
forensic_a,src/quant_platform/wizard_credit_ledger.py,/Volumes/Expansion/TheWizForensic-20260819/src/quant_platform/wizard_credit_ledger.py,28954,1786809162000000000,cb11865bc44d8313806da3832d995e1785a8f75a94f6af96d21e8002e5411620,hashed,False
forensic_a,src/quant_platform/wizard_mode_replay.py,/Volumes/Expansion/TheWizForensic-20260819/src/quant_platform/wizard_mode_replay.py,26299,1786825581000000000,fa8c4a08fd8a1de226eb556d8b0c87d362cc8989d6cb80cf21dbf134fe9c1388,hashed,False
forensic_a,src/quant_platform/wizard_research_journal.py,/Volumes/Expansion/TheWizForensic-20260819/src/quant_platform/wizard_research_journal.py,82897,1786798956000000000,6f1193577a1616d84663352d09ccb28bc449d6aebd09a96c2bb3521e2670cf6a,hashed,False
forensic_a,src/quant_platform/orchestration/canonical_wizard_hyperliquid_contract.py,/Volumes/Expansion/TheWizForensic-20260819/src/quant_platform/orchestration/canonical_wizard_hyperliquid_contract.py,5855,1786830676000000000,a232430632f9b6b2ddad1210a619974a58a5e8550dacee370da8a2d57dd9df1d,hashed,False
forensic_a,src/quant_platform/orchestration/corrective_data_evidence.py,/Volumes/Expansion/TheWizForensic-20260819/src/quant_platform/orchestration/corrective_data_evidence.py,104150,1786934515000000000,819289989802d402dfe339300a3c3963f16ee7225c08ba57704cbaba6ecb516a,hashed,False
forensic_a,src/quant_platform/orchestration/corrective_l2_scheduler.py,/Volumes/Expansion/TheWizForensic-20260819/src/quant_platform/orchestration/corrective_l2_scheduler.py,77179,1786934515000000000,a588842b5371d1fa6a0efd909b1cc7b441991fa446244a4f03ef23bdfe454b44,hashed,False
forensic_a,src/quant_platform/orchestration/corrective_scheduler_lock.py,/Volumes/Expansion/TheWizForensic-20260819/src/quant_platform/orchestration/corrective_scheduler_lock.py,1663,1786934515000000000,d3c2dc0d068f8a26ad08bb1eb955a971729130a7c5ebec437ff153e8e3111e6f,hashed,False
forensic_a,src/quant_platform/orchestration/corrective_wizard_ou_v6_terminal_closure.py,/Volumes/Expansion/TheWizForensic-20260819/src/quant_platform/orchestration/corrective_wizard_ou_v6_terminal_closure.py,23268,1786798815000000000,6b2db77d8b2db77ed28c26b23510f36364ab1bd612ccf3c873bf0cc73d1c507d,hashed,False
forensic_a,src/quant_platform/orchestration/current_wizard_hyperliquid_costs.py,/Volumes/Expansion/TheWizForensic-20260819/src/quant_platform/orchestration/current_wizard_hyperliquid_costs.py,37171,1786934737000000000,ccad6a4eb9c41754e478e9cd5465c9c9c559c1071eefb3df950bdd8bcaea9d40,hashed,False
forensic_a,src/quant_platform/orchestration/current_wizard_hyperliquid_evidence_command_center.py,/Volumes/Expansion/TheWizForensic-20260819/src/quant_platform/orchestration/current_wizard_hyperliquid_evidence_command_center.py,34954,1786934515000000000,28161a404dd0bbdd61aa1c099779e3f875d7e58c19377e12f8743389c45b9381,hashed,False
forensic_a,src/quant_platform/orchestration/current_wizard_hyperliquid_failure_attribution.py,/Volumes/Expansion/TheWizForensic-20260819/src/quant_platform/orchestration/current_wizard_hyperliquid_failure_attribution.py,43263,1786934515000000000,dbba2e4f0bff1d145776bf85e161acd44ec83c60e0633d85762d83804f1797fc,hashed,False
forensic_a,src/quant_platform/orchestration/current_wizard_hyperliquid_math_comparison.py,/Volumes/Expansion/TheWizForensic-20260819/src/quant_platform/orchestration/current_wizard_hyperliquid_math_comparison.py,9976,1786934515000000000,b63154d952f59c9f2a87b4f13fc8f97250c572213c9995ba903d9032e6c9068f,hashed,False
forensic_a,src/quant_platform/orchestration/current_wizard_hyperliquid_replay.py,/Volumes/Expansion/TheWizForensic-20260819/src/quant_platform/orchestration/current_wizard_hyperliquid_replay.py,62788,1786934737000000000,6f654eb7580b3d9ac5dcf42f5110e2b1ad61dc8745def385e7dab4a9128bc700,hashed,False
forensic_a,src/quant_platform/orchestration/current_wizard_hyperliquid_storage.py,/Volumes/Expansion/TheWizForensic-20260819/src/quant_platform/orchestration/current_wizard_hyperliquid_storage.py,20111,1786826841000000000,ea44a5db59458f4fa1460c5bba7e6828f1f874bbb9aea3c32b1b5aab020e873f,hashed,False
forensic_a,src/quant_platform/orchestration/current_wizard_hyperliquid_validation.py,/Volumes/Expansion/TheWizForensic-20260819/src/quant_platform/orchestration/current_wizard_hyperliquid_validation.py,26937,1786934737000000000,4974c0aaa689d77aa08484834ab34f8b165f3392bcc2afc0e46e279eca02b603,hashed,False
forensic_a,src/quant_platform/orchestration/current_wizard_hyperliquid_walkforward.py,/Volumes/Expansion/TheWizForensic-20260819/src/quant_platform/orchestration/current_wizard_hyperliquid_walkforward.py,26706,1786934737000000000,a76319c5ccccaf6ce90c2aec4e66e9c8c8015aff451c73d07dbd24e26877bebd,hashed,False
forensic_a,src/quant_platform/orchestration/exhaustive_wizard_api_refresh.py,/Volumes/Expansion/TheWizForensic-20260819/src/quant_platform/orchestration/exhaustive_wizard_api_refresh.py,55563,1786810869000000000,667a036421adbc780abe15aaf936a6c83bb6a169505ff7e88cea858b3b2be955,hashed,False
forensic_a,src/quant_platform/orchestration/exhaustive_wizard_hyperliquid_canonical_replay.py,/Volumes/Expansion/TheWizForensic-20260819/src/quant_platform/orchestration/exhaustive_wizard_hyperliquid_canonical_replay.py,28221,1786813779000000000,6d9c9e0ac76cafb9df083498c69d551003a3d11b61c3c88e05409a002b636b79,hashed,False
forensic_a,src/quant_platform/orchestration/exhaustive_wizard_hyperliquid_cost_bridge.py,/Volumes/Expansion/TheWizForensic-20260819/src/quant_platform/orchestration/exhaustive_wizard_hyperliquid_cost_bridge.py,25727,1786826841000000000,c2590a3a87ee45652f4fcc496d93c540f00897ecacabf8fc37d2006132398022,hashed,False
forensic_a,src/quant_platform/orchestration/exhaustive_wizard_hyperliquid_cost_evidence.py,/Volumes/Expansion/TheWizForensic-20260819/src/quant_platform/orchestration/exhaustive_wizard_hyperliquid_cost_evidence.py,30046,1786816784000000000,4724c8c2a00e341966167140e49ad00b863f7dd3f2470bbc821ee061d4902643,hashed,False
forensic_a,src/quant_platform/orchestration/exhaustive_wizard_hyperliquid_leverage.py,/Volumes/Expansion/TheWizForensic-20260819/src/quant_platform/orchestration/exhaustive_wizard_hyperliquid_leverage.py,39426,1786934515000000000,96c17b635bd0ff082f72ca38755361daba63918d784318026c7d25ddb70a8c2f,hashed,False
forensic_a,src/quant_platform/orchestration/exhaustive_wizard_hyperliquid_observed_cost_replay.py,/Volumes/Expansion/TheWizForensic-20260819/src/quant_platform/orchestration/exhaustive_wizard_hyperliquid_observed_cost_replay.py,33197,1786816784000000000,1478b3d664e060d4c46c228d51298c781a3fded38164ee93484708dce11c69d4,hashed,False
forensic_a,src/quant_platform/orchestration/exhaustive_wizard_hyperliquid_regimes.py,/Volumes/Expansion/TheWizForensic-20260819/src/quant_platform/orchestration/exhaustive_wizard_hyperliquid_regimes.py,29889,1786817100000000000,806167c8096af3eab9e216216e88519afa9df1e81a83a33d8d1b1be364b743a1,hashed,False
forensic_a,src/quant_platform/orchestration/exhaustive_wizard_hyperliquid_replay.py,/Volumes/Expansion/TheWizForensic-20260819/src/quant_platform/orchestration/exhaustive_wizard_hyperliquid_replay.py,49268,1786813706000000000,7271c8b8450a25e3e33ee15c6f5d456f736bf3d36186772e3919fbfe429a6d20,hashed,False
forensic_a,src/quant_platform/orchestration/exhaustive_wizard_hyperliquid_robustness.py,/Volumes/Expansion/TheWizForensic-20260819/src/quant_platform/orchestration/exhaustive_wizard_hyperliquid_robustness.py,36286,1786817100000000000,d6f2079126a1e14ad5aa1849a641972fc1911551ea5fccfcafdd7bf9c69abd30,hashed,False
forensic_a,src/quant_platform/orchestration/exhaustive_wizard_hyperliquid_run.py,/Volumes/Expansion/TheWizForensic-20260819/src/quant_platform/orchestration/exhaustive_wizard_hyperliquid_run.py,62798,1786934737000000000,88d56b91b8aa8fe8428600a1b7907bae30330e02916dade5adee3b68082a8332,hashed,False
forensic_a,src/quant_platform/orchestration/exhaustive_wizard_hyperliquid_walkforward.py,/Volumes/Expansion/TheWizForensic-20260819/src/quant_platform/orchestration/exhaustive_wizard_hyperliquid_walkforward.py,53185,1786826720000000000,b1674cc62cb7cbe3a5d051cabb3203c5a3d3071300d0d8b7baa1696e3ee01187,hashed,False
forensic_a,src/quant_platform/orchestration/hyperliquid_research_validation.py,/Volumes/Expansion/TheWizForensic-20260819/src/quant_platform/orchestration/hyperliquid_research_validation.py,40200,1786934515000000000,09c8d1c153a6f90504dde0e11d75ee50c76ffead4d4d3bb9151bd79ac4648a94,hashed,False
forensic_a,src/quant_platform/orchestration/teacher_evidence_materializer.py,/Volumes/Expansion/TheWizForensic-20260819/src/quant_platform/orchestration/teacher_evidence_materializer.py,39861,1786934515000000000,dba45be2f62ee814617620eca96e6e2c0cb435d0eaa12a6844511d034390bc78,hashed,False
forensic_a,src/quant_platform/orchestration/versioned_learning_comparison.py,/Volumes/Expansion/TheWizForensic-20260819/src/quant_platform/orchestration/versioned_learning_comparison.py,47109,1786934760000000000,6873b5e30fb7825a9a3fb3ff11bf33fee00ad7b12d0842648874764e33234f48,hashed,False
forensic_a,src/quant_platform/rl/rl_acceptance.py,/Volumes/Expansion/TheWizForensic-20260819/src/quant_platform/rl/rl_acceptance.py,8641,1786934515000000000,3fdd1b8f26486d6cc38f7a0b4fd96ba9f99c35dad1da6dd8341874dbe4dc17b1,hashed,True
forensic_a,src/quant_platform/statistics/math_v2.py,/Volumes/Expansion/TheWizForensic-20260819/src/quant_platform/statistics/math_v2.py,18234,1786934515000000000,cf9da8c24bb5b9bd431649970dc74192daecb4b359da267b96228ebcbdaf3244,hashed,False
forensic_a,tests/test_canonical_wizard_hyperliquid_contract.py,/Volumes/Expansion/TheWizForensic-20260819/tests/test_canonical_wizard_hyperliquid_contract.py,1032,1786826712000000000,462dd94a9515d452aeebddd48ed4a5d6b296563c4e83d87eeedcd816a9144492,hashed,True
forensic_a,tests/test_cli.py,/Volumes/Expansion/TheWizForensic-20260819/tests/test_cli.py,303389,1786809190000000000,bc1f9dfd2f8618b73c9a8fabf02763093a103fa95ca8aa6f0f771bd0248bdf18,hashed,False
forensic_a,tests/test_corrective_data_evidence.py,/Volumes/Expansion/TheWizForensic-20260819/tests/test_corrective_data_evidence.py,37751,1786934515000000000,21b7ac5e2952edf168219cb9c9f2b8274dd7eb5763bfd8b54629ac461c744ae1,hashed,True
forensic_a,tests/test_corrective_wizard_ou_v6_holdout.py,/Volumes/Expansion/TheWizForensic-20260819/tests/test_corrective_wizard_ou_v6_holdout.py,21309,1786935860000000000,419792c4e41d3d687f106f3856747c5cc0f030d177641145f5c69e5982d6da73,hashed,False
forensic_a,tests/test_current_wizard_hyperliquid_handoff.py,/Volumes/Expansion/TheWizForensic-20260819/tests/test_current_wizard_hyperliquid_handoff.py,52523,1786934515000000000,5c757bac58d4f59abc934a747478b01e1326e5ab086d5f1708180f1dfc581295,hashed,False
forensic_a,tests/test_current_wizard_hyperliquid_math_comparison.py,/Volumes/Expansion/TheWizForensic-20260819/tests/test_current_wizard_hyperliquid_math_comparison.py,3206,1786934515000000000,d4b28a2f03d1ee1ab1ca1a6d49023f2d592a77dc8a43dd6e0edf24ffa2b652bd,hashed,False
forensic_a,tests/test_exhaustive_wizard_hyperliquid_replay.py,/Volumes/Expansion/TheWizForensic-20260819/tests/test_exhaustive_wizard_hyperliquid_replay.py,53327,1786816450000000000,1110a792d727ba319428cd51019ddb58959774fea861b7700bbe245c28e5d082,hashed,False
forensic_a,tests/test_hyperliquid.py,/Volumes/Expansion/TheWizForensic-20260819/tests/test_hyperliquid.py,36956,1786826088000000000,7cbcf906a7c6e19faac16630361aa14d1cfa35b78250f78981fcc8819fc7412f,hashed,False
forensic_a,tests/test_ml_filter.py,/Volumes/Expansion/TheWizForensic-20260819/tests/test_ml_filter.py,27813,1786934515000000000,6d9fac418448eeef73b0718f7b8232b8188a129fa0f4f5f4a6bb1fe03809cca4,hashed,False
forensic_a,tests/test_performance_math_v2.py,/Volumes/Expansion/TheWizForensic-20260819/tests/test_performance_math_v2.py,4087,1786934515000000000,4f276f987dcaf7ab5a711aedc84a261330f4ea08f48990d98e5fa9c178e8343b,hashed,False
forensic_a,tests/test_regimes.py,/Volumes/Expansion/TheWizForensic-20260819/tests/test_regimes.py,2859,1786934515000000000,57b50152676bb4c3e3aa962e966471bf636f72023458215c91a35e6654909cef,hashed,True
forensic_a,tests/test_research_paper_reproduction.py,/Volumes/Expansion/TheWizForensic-20260819/tests/test_research_paper_reproduction.py,5017,1786934756000000000,778b7ca3e81ec8bc026e7aa2f3a481b33da8ba862943def4a300036b6c1c690c,hashed,True
forensic_a,tests/test_research_paper_reviews.py,/Volumes/Expansion/TheWizForensic-20260819/tests/test_research_paper_reviews.py,3482,1786934748000000000,947da823cf84ca6ac2dd2ff29a3f4a522bec7997a58de433b84d13bb29291ad4,hashed,False
forensic_a,tests/test_statistics_math_v2.py,/Volumes/Expansion/TheWizForensic-20260819/tests/test_statistics_math_v2.py,4006,1786934515000000000,d954acb64472eff879f04c7b66cb25f0e128b93fecd3fc7270f006867d51bb69,hashed,False
forensic_a,tests/test_teacher_evidence_materializer.py,/Volumes/Expansion/TheWizForensic-20260819/tests/test_teacher_evidence_materializer.py,12099,1786934515000000000,2c2e1d1b9c0af859b7ae3946df23c4ddf4663407f2f1e410b4292fa780f5ef3a,hashed,False
forensic_a,tests/test_udemy_math_reconciliation.py,/Volumes/Expansion/TheWizForensic-20260819/tests/test_udemy_math_reconciliation.py,3699,1786934730000000000,1ed54617df7868692f7efbb44445936d1284bd8225da2b1a37a59dd1e9dbbec3,hashed,False
forensic_a,tests/test_udemy_transcript_vault.py,/Volumes/Expansion/TheWizForensic-20260819/tests/test_udemy_transcript_vault.py,5390,1786830688000000000,132ee802f972083810222607a7d4ca30671c562cc6c93269449108475b2e181d,hashed,True
forensic_a,tests/test_wizard_credit_ledger.py,/Volumes/Expansion/TheWizForensic-20260819/tests/test_wizard_credit_ledger.py,15102,1786809190000000000,94c4019f22682451e7b70f6437bb265781a255d67cee56fbf769a428e5596773,hashed,False
forensic_a,tests/test_wizard_mode_replay.py,/Volumes/Expansion/TheWizForensic-20260819/tests/test_wizard_mode_replay.py,6721,1786825581000000000,cc80a59c4d1bb14e2ab075e4de2046d19cd7a4947658655110be4d654b9c31e5,hashed,False
forensic_a,tests/test_wizard_research_journal.py,/Volumes/Expansion/TheWizForensic-20260819/tests/test_wizard_research_journal.py,12669,1786798839000000000,c05a0397779d5787bd8782048e15538cae2a7a5b4dfb912c490efd34b1a8beaf,hashed,True
forensic_b,.gitignore,/Volumes/Expansion/TheWizForensic-20260819b/.gitignore,579,1787199811960000000,8990aa900988cd65b9ce0dac05761928fe223d8d3251b50a7252b8f8086c1ffd,hashed,False
forensic_b,pyproject.toml,/Volumes/Expansion/TheWizForensic-20260819b/pyproject.toml,1698,1787199580830000000,a311ff77f4662dc08089616b7ec07a0dea4a4d214fc1ff94d7340ee59f56b9af,hashed,False
forensic_b,uv.lock,/Volumes/Expansion/TheWizForensic-20260819b/uv.lock,683421,1786934858000000000,f203179ba6e53f36ca60ddf50287587a740a5b06e30303ed21c8152bc2d381d9,hashed,False
forensic_b,config/acceptance_policy_manifest.json,/Volumes/Expansion/TheWizForensic-20260819b/config/acceptance_policy_manifest.json,3335,1787185199950000000,08b028ae4ce3188868a3009d3d556c3df61b6dcd47370c10d83a4d3102e6fb31,hashed,True
forensic_b,config/research_paper_assessments.yaml,/Volumes/Expansion/TheWizForensic-20260819b/config/research_paper_assessments.yaml,50819,1787186676840000000,8ed4f963f5d4ae848102fbac25b32b2f56596245022485d32d2db6bec3546302,hashed,False
forensic_b,config/wizard_surface_inventory_contract.json,/Volumes/Expansion/TheWizForensic-20260819b/config/wizard_surface_inventory_contract.json,527,1787185200040000000,ca8efed2b1a27df963fbe01e0b6305f942f2171b9ba9420c9b7b9be957012698,hashed,True
forensic_b,docs/architecture.md,/Volumes/Expansion/TheWizForensic-20260819b/docs/architecture.md,7139,1787185200140000000,fa9429ca7b73d0ed6d2ebfc86d833350694a196d3ca90b2a17fc15ab51ab2d2f,hashed,True
forensic_b,docs/current_corrective_operations.md,/Volumes/Expansion/TheWizForensic-20260819b/docs/current_corrective_operations.md,39807,1786934515000000000,fcb93e7a0666eabbbcf5e79f6815458c180cbb1a58ffa926e75b4c00d8230ef9,hashed,False
forensic_b,docs/formula_dictionary.md,/Volumes/Expansion/TheWizForensic-20260819b/docs/formula_dictionary.md,8558,1787188351050000000,694491ac6a3635f27939c34b5c8577f3e75157b887ab4623ce8a057400abb12c,hashed,False
forensic_b,docs/langgraph_agent_workflow.md,/Volumes/Expansion/TheWizForensic-20260819b/docs/langgraph_agent_workflow.md,4788,1787185200150000000,8c9dacd3aabc896bfc3882c52599adf80e65ae7bca24e7c763f6dbacfe7f8c58,hashed,True
forensic_b,docs/math_v2_teacher_adapter.md,/Volumes/Expansion/TheWizForensic-20260819b/docs/math_v2_teacher_adapter.md,4423,1787185200160000000,a96d78cdcd8bbe87a1236a7a984b88f40477925b9a49e0ea3ea826902771bb1a,hashed,True
forensic_b,docs/quant_brain.md,/Volumes/Expansion/TheWizForensic-20260819b/docs/quant_brain.md,8984,1787188351060000000,d4232479fbef6a1faf233eca318689f398a797a2137b7d7a46da5bfb3531c041,hashed,False
forensic_b,docs/registered_evidence_continuity.md,/Volumes/Expansion/TheWizForensic-20260819b/docs/registered_evidence_continuity.md,43942,1786934515000000000,5952f0d379a3878f7cdb87555fdeab8d05f8e99db8c0634c78cca2c20d16da44,hashed,True
forensic_b,docs/strategy_registry.csv,/Volumes/Expansion/TheWizForensic-20260819b/docs/strategy_registry.csv,3659,1787188351050000000,7bf6bc248b39a782bef3bb77f7f53f9d0d63837adb3b7946569dd77cbf4f9297,hashed,False
forensic_b,docs/teacher_council_student_stack.md,/Volumes/Expansion/TheWizForensic-20260819b/docs/teacher_council_student_stack.md,7936,1787185200170000000,655defe148076276ead992728abad972e70d3b6694cbf43b975238e96c80ad78,hashed,True
forensic_b,docs/wizard_hyperliquid_mode_fidelity.md,/Volumes/Expansion/TheWizForensic-20260819b/docs/wizard_hyperliquid_mode_fidelity.md,1946,1787185200170000000,8b8e08342f2effc4bfcdb4beb7f73ca0ee0776cee8383c1fbd45c35067aea937,hashed,True
forensic_b,scripts/build_clean_wheel.py,/Volumes/Expansion/TheWizForensic-20260819b/scripts/build_clean_wheel.py,223,1787199811960000000,95ec4114690d4b5e98ec073251aea3e6f2b18536bcb758be11e63c0a37f5a1a2,hashed,True
forensic_b,scripts/build_corrective_checkpoint.py,/Volumes/Expansion/TheWizForensic-20260819b/scripts/build_corrective_checkpoint.py,11706,1786937408850000000,33e1f176ef73f3fc5f4e0c28c1409146ebadb5a418cda085ad41c92f46339094,hashed,False
forensic_b,scripts/build_current_recovery_checkpoint.py,/Volumes/Expansion/TheWizForensic-20260819b/scripts/build_current_recovery_checkpoint.py,12523,1786937408890000000,e17c86327b82d986a8729519ba437b3e6bc2ac9b73b8095910b75d824dddd665,hashed,False
forensic_b,scripts/build_dashboard_full_inventory.py,/Volumes/Expansion/TheWizForensic-20260819b/scripts/build_dashboard_full_inventory.py,48739,1787185203550000000,95a52ad1b04339ef49339da7f64acec827ac04234d095c8c19a03093ce68c839,hashed,True
forensic_b,scripts/build_forensic_project_audit.py,/Volumes/Expansion/TheWizForensic-20260819b/scripts/build_forensic_project_audit.py,456,1787187824270000000,a262faae9bbbe1e6d79cac42baeadae9092ea80b5215e4e833e4dd680d27b90a,hashed,True
forensic_b,scripts/capture_crypto_wizards_pair_detail_ui_bundle.js,/Volumes/Expansion/TheWizForensic-20260819b/scripts/capture_crypto_wizards_pair_detail_ui_bundle.js,16866,1787185203550000000,2bfc3b65d6a763afbe181a8eabf34011a433ed7835cae7100001212259cb7c9e,hashed,True
forensic_b,scripts/crawl_crypto_wizards_with_curl.sh,/Volumes/Expansion/TheWizForensic-20260819b/scripts/crawl_crypto_wizards_with_curl.sh,2395,1787200338520000000,d6b9b7e464be0711d66413434fda342df2a35f212fbaad23e1018151a6b0de4b,hashed,False
forensic_b,scripts/run_evidence_pipeline_phase9_final_promotion.py,/Volumes/Expansion/TheWizForensic-20260819b/scripts/run_evidence_pipeline_phase9_final_promotion.py,8524,1787200965120000000,62b5dd735428a2455d4cc0ca25f5941b9df6c8dad7704de7ce0c1414d835a1be,hashed,False
forensic_b,scripts/ops/mount_workspace.sh,/Volumes/Expansion/TheWizForensic-20260819b/scripts/ops/mount_workspace.sh,1995,1786937139440000000,7f94c5fd3a17d1390afe553f608bd4f9705cd7c62a0ca59bb72859b010fa4221,hashed,True
forensic_b,scripts/ops/validate_workspace.sh,/Volumes/Expansion/TheWizForensic-20260819b/scripts/ops/validate_workspace.sh,2193,1786937350430000000,f90f83d69e1172ba062bfb1fd6718f5d53ab8d494aac588b4a170be3a1db3408,hashed,False
forensic_b,src/quant_platform/ablations.py,/Volumes/Expansion/TheWizForensic-20260819b/src/quant_platform/ablations.py,9370,1787198642080000000,7fc7e6b656a1e8ab0c9599856df2976a318a8c45b11736b564f9438dd80e0089,hashed,False
forensic_b,src/quant_platform/active_pipeline.py,/Volumes/Expansion/TheWizForensic-20260819b/src/quant_platform/active_pipeline.py,520508,1787200955830000000,babd75b3c7e079e121bbbeabb8d5c1cfde89dc7273b6cbbf17609b704b2ac874,hashed,False
forensic_b,src/quant_platform/apify_sources.py,/Volumes/Expansion/TheWizForensic-20260819b/src/quant_platform/apify_sources.py,20161,1787185203640000000,70a177d338b942b9b2047e1b17cd20be8a56d507182635beb3fa169297a21259,hashed,False
forensic_b,src/quant_platform/backtest.py,/Volumes/Expansion/TheWizForensic-20260819b/src/quant_platform/backtest.py,27918,1787198317650000000,d3ae5a6d5fd6e0bf35bbc1d4c731c88e62b0672afd041d5260a69afc6bd7cdb8,hashed,False
forensic_b,src/quant_platform/binance_testnet.py,/Volumes/Expansion/TheWizForensic-20260819b/src/quant_platform/binance_testnet.py,19567,1787185203640000000,ed0fed7a11611761a253093f8837d4a7c5c929fc88adb62af7009cf0a08e8223,hashed,False
forensic_b,src/quant_platform/cli.py,/Volumes/Expansion/TheWizForensic-20260819b/src/quant_platform/cli.py,627529,1787199169510000000,2d879404da6297d101529dbfe9f4aa1d5585ad4462d8b84387610f59e6cfb852,hashed,False
forensic_b,src/quant_platform/crypto_wizards_dashboard_capture.py,/Volumes/Expansion/TheWizForensic-20260819b/src/quant_platform/crypto_wizards_dashboard_capture.py,13241,1787195849160000000,4288d7a324283b0215cdb0a2cb42d9654a5a2ac26991345ea9b71dc5f8d71ec2,hashed,False
forensic_b,src/quant_platform/crypto_wizards_history.py,/Volumes/Expansion/TheWizForensic-20260819b/src/quant_platform/crypto_wizards_history.py,35507,1787185203640000000,f9043211b7cd7c08386f8f4224115a00f4bc2c8bee32b784b982f47612503cf1,hashed,False
forensic_b,src/quant_platform/crypto_wizards_scanner.py,/Volumes/Expansion/TheWizForensic-20260819b/src/quant_platform/crypto_wizards_scanner.py,26414,1787185203650000000,22af4ab7385d3028070f1e1906a2ae855d566b0f379a7ab32cdbd5cd7aaea09f,hashed,False
forensic_b,src/quant_platform/crypto_wizards_sweep.py,/Volumes/Expansion/TheWizForensic-20260819b/src/quant_platform/crypto_wizards_sweep.py,37987,1787198642480000000,3128c591d11c4621599861024407e79024e5d37762b204b4b456fa9b50dc2fee,hashed,False
forensic_b,src/quant_platform/dydx_candles.py,/Volumes/Expansion/TheWizForensic-20260819b/src/quant_platform/dydx_candles.py,37894,1787193801560000000,78161bb66b85aa1ce860cc34030e883f6312034fc844db6b2254d9d16de47cc6,hashed,False
forensic_b,src/quant_platform/dydx_record_only_adapter.py,/Volumes/Expansion/TheWizForensic-20260819b/src/quant_platform/dydx_record_only_adapter.py,1547,1787185203650000000,f887cfc4bc10a24d921a1bd7159824532881cb831f9c8b747ca8908c1f8e2f45,hashed,True
forensic_b,src/quant_platform/dydx_sdk_order_adapter.py,/Volumes/Expansion/TheWizForensic-20260819b/src/quant_platform/dydx_sdk_order_adapter.py,18414,1787185203650000000,28efdb2682cd67104ca2e6e6525afdfd706372a248b1f6e395777ac6fb5b1d71,hashed,False
forensic_b,src/quant_platform/entry_exit_contracts.py,/Volumes/Expansion/TheWizForensic-20260819b/src/quant_platform/entry_exit_contracts.py,8041,1787195761860000000,a83bbeba145fddeba0864c33f3f5ccc0dbfac4816f701de44873a494c6ffe978,hashed,True
forensic_b,src/quant_platform/env.py,/Volumes/Expansion/TheWizForensic-20260819b/src/quant_platform/env.py,4400,1787197968900000000,aa70663e8d85e687935e33e1cd33667f263c3cc3a588bac93a0410a097f888d0,hashed,False
forensic_b,src/quant_platform/evidence_registry.py,/Volumes/Expansion/TheWizForensic-20260819b/src/quant_platform/evidence_registry.py,12093,1787195761870000000,226f765e53523124815bffd02c9c5593e5e924908e56708e3865d4e97525a7e0,hashed,False
forensic_b,src/quant_platform/execution.py,/Volumes/Expansion/TheWizForensic-20260819b/src/quant_platform/execution.py,167259,1787199187940000000,3e29897abf550865ee700b7b38e20bf5726c038cc5a7a8252adb5eb7320de15a,hashed,False
forensic_b,src/quant_platform/experiments.py,/Volumes/Expansion/TheWizForensic-20260819b/src/quant_platform/experiments.py,42408,1787195551990000000,940067ae406c9f1abfa191b23b7caebfc675b0ae1e6eb3bb437be6dd204224de,hashed,False
forensic_b,src/quant_platform/family_matrix.py,/Volumes/Expansion/TheWizForensic-20260819b/src/quant_platform/family_matrix.py,14851,1787198642630000000,b46719f90a18022fcc87e366e20d1b03d85cec5eade3904336944384c733ba8a,hashed,False
forensic_b,src/quant_platform/feature_engine.py,/Volumes/Expansion/TheWizForensic-20260819b/src/quant_platform/feature_engine.py,7611,1787185203660000000,9ae34d2cb9b8aea8d37eb61f564e98f441c712c39f173b5d2c4c5d0a7c78050f,hashed,True
forensic_b,src/quant_platform/forensic_project_audit.py,/Volumes/Expansion/TheWizForensic-20260819b/src/quant_platform/forensic_project_audit.py,91806,1787201251000000000,c7c8e0991316953107a5358bc6a7ef2f0fe4e1bdbc66195725abbda6e27aae47,hashed,True
forensic_b,src/quant_platform/formula_registry.py,/Volumes/Expansion/TheWizForensic-20260819b/src/quant_platform/formula_registry.py,9889,1787188331140000000,2d12a49646164f7512c6c53f679bfa1d450a2318f502c5bf7bdade4697bb7bbf,hashed,False
forensic_b,src/quant_platform/funding.py,/Volumes/Expansion/TheWizForensic-20260819b/src/quant_platform/funding.py,12354,1787192591380000000,5aa15220df746f3b0ccdf0e425a0b4f433b67f5e27ec36ed2cbdbdb91b36b510,hashed,False
forensic_b,src/quant_platform/hyperliquid.py,/Volumes/Expansion/TheWizForensic-20260819b/src/quant_platform/hyperliquid.py,113976,1787198642720000000,0286fa39c2cb73b134956889ab9a06231a3ce003012539c97fc00336e16a92ef,hashed,False
forensic_b,src/quant_platform/hyperliquid_testnet.py,/Volumes/Expansion/TheWizForensic-20260819b/src/quant_platform/hyperliquid_testnet.py,74259,1787198974080000000,7212271e09b78c212377c3cd6980924f3d181ceb2dde74fbc599855f19ae4ef0,hashed,False
forensic_b,src/quant_platform/math_v2_acceptance.py,/Volumes/Expansion/TheWizForensic-20260819b/src/quant_platform/math_v2_acceptance.py,15082,1786934515000000000,c32dfe8409c0b299f4b8a38d0dcdefb3f79e88b05a91b8c445a473e760c4d090,hashed,False
forensic_b,src/quant_platform/meta_learning.py,/Volumes/Expansion/TheWizForensic-20260819b/src/quant_platform/meta_learning.py,12184,1787185203690000000,6076f6040e8428279d9b6404137ad6dbf16b77c37affccdb54e3259544e507ec,hashed,False
forensic_b,src/quant_platform/ml_filter.py,/Volumes/Expansion/TheWizForensic-20260819b/src/quant_platform/ml_filter.py,75995,1787195761870000000,07f3f824e77f36302808b78a34f1bbb79dfe26ccb5fd81beeda02f242e8fe123,hashed,False
forensic_b,src/quant_platform/package_build.py,/Volumes/Expansion/TheWizForensic-20260819b/src/quant_platform/package_build.py,5063,1787200927400000000,cc9c5e3a6d1840f308d673b475ae4cbc8d8b6effb94b14d5c793e22006cc5789,hashed,True
forensic_b,src/quant_platform/pair_detail_ingestion.py,/Volumes/Expansion/TheWizForensic-20260819b/src/quant_platform/pair_detail_ingestion.py,65751,1787198643670000000,e1e26ff73f852586b4f69654d995fb7d87b2f4d0d94b39b0ebcdfaf6087078a1,hashed,False
forensic_b,src/quant_platform/performance_math.py,/Volumes/Expansion/TheWizForensic-20260819b/src/quant_platform/performance_math.py,6947,1787193713860000000,7cb4997017cfc56051c966c48062bda7c505f04d1648b41ef4046879bd3d673c,hashed,False
forensic_b,src/quant_platform/regimes.py,/Volumes/Expansion/TheWizForensic-20260819b/src/quant_platform/regimes.py,5693,1787190269140000000,e242118b88d253b210ec8f07ec63653001af6fa31336c175889d803523dc1654,hashed,False
forensic_b,src/quant_platform/research_extract_udemy.py,/Volumes/Expansion/TheWizForensic-20260819b/src/quant_platform/research_extract_udemy.py,25707,1787198643730000000,ae5c659bd7b09f75c8101254c35dd4896beba5561a8f3fc845cea38112f40bc9,hashed,False
forensic_b,src/quant_platform/research_ingestion.py,/Volumes/Expansion/TheWizForensic-20260819b/src/quant_platform/research_ingestion.py,11960,1787186105700000000,f5dee7dfa100e6186069b43cf01bfe8c23c4d1979d4a7f7dcaae3935de84cb1a,hashed,False
forensic_b,src/quant_platform/research_knowledge_store.py,/Volumes/Expansion/TheWizForensic-20260819b/src/quant_platform/research_knowledge_store.py,6596,1787185203990000000,497ac78e4005d4c7db46c7de12f3180443100eff01e2a2c17a2113f4c1ecbbd9,hashed,False
forensic_b,src/quant_platform/research_paper_math_audit.py,/Volumes/Expansion/TheWizForensic-20260819b/src/quant_platform/research_paper_math_audit.py,5811,1786934744000000000,c4623c713afa59b999f760324ce2093f6a7a0e14a02a45e5c89f39a65ac7302c,hashed,False
forensic_b,src/quant_platform/research_paper_reproduction.py,/Volumes/Expansion/TheWizForensic-20260819b/src/quant_platform/research_paper_reproduction.py,40830,1787186818570000000,8fbed4920cdf4715d507b9ae44479eb61a51438f74936ebc4f8c76621a96dd0a,hashed,False
forensic_b,src/quant_platform/research_paper_reviews.py,/Volumes/Expansion/TheWizForensic-20260819b/src/quant_platform/research_paper_reviews.py,21300,1787188648320000000,80ecbc6e0e2cec078fe788969d7a85e42565902343c22a8d21d30909025a4637,hashed,False
forensic_b,src/quant_platform/research_papers.py,/Volumes/Expansion/TheWizForensic-20260819b/src/quant_platform/research_papers.py,26050,1787195849180000000,f7a5bcb55a577f563c84503f052f1a92551905f39aa6352346ba09a775394141,hashed,False
forensic_b,src/quant_platform/runtime_types.py,/Volumes/Expansion/TheWizForensic-20260819b/src/quant_platform/runtime_types.py,710,1787195217690000000,c0599de00b22848f274b26c013f5bc8765798508be35f9ef22825f6ee0d72e54,hashed,False
forensic_b,src/quant_platform/strategies.py,/Volumes/Expansion/TheWizForensic-20260819b/src/quant_platform/strategies.py,29801,1787199526180000000,3f184631cdcfb52c028bdc95fd49a15a99828a1b73ffc0d252cfb7dde7ab6a8e,hashed,False
forensic_b,src/quant_platform/three_brain_system.py,/Volumes/Expansion/TheWizForensic-20260819b/src/quant_platform/three_brain_system.py,183868,1787200955840000000,0f2c9ebe06ad5e871bdda7d0d91bc951dfbadd12d173d0bed260fc4c29510672,hashed,False
forensic_b,src/quant_platform/trade_ledger.py,/Volumes/Expansion/TheWizForensic-20260819b/src/quant_platform/trade_ledger.py,7776,1787185204100000000,2999c8b1c9bff950722f24fb43e64c46bb73e0eaebb2d4c8c4be401d5ed85621,hashed,True
forensic_b,src/quant_platform/udemy_math_reconciliation.py,/Volumes/Expansion/TheWizForensic-20260819b/src/quant_platform/udemy_math_reconciliation.py,24312,1787200664930000000,2bb8734a9b2dccf533e7b4314c2888170277e7e35fc9acf993f69b6222919b13,hashed,False
forensic_b,src/quant_platform/udemy_transcript_vault.py,/Volumes/Expansion/TheWizForensic-20260819b/src/quant_platform/udemy_transcript_vault.py,12984,1787191632160000000,c837120cc0f104c576b1bbae0582541a89da817bec9eb148281c108b2310111a,hashed,False
forensic_b,src/quant_platform/v2_run.py,/Volumes/Expansion/TheWizForensic-20260819b/src/quant_platform/v2_run.py,31735,1787199187960000000,99affa8274c7f5673bfba0071f015739183cab784c96acc198ac6214b01bbb54,hashed,False
forensic_b,src/quant_platform/wizard_candidate_set.py,/Volumes/Expansion/TheWizForensic-20260819b/src/quant_platform/wizard_candidate_set.py,1365,1787193835310000000,9d16b5326591acdc033f25b28e0c745491b3cc1b1bd897297896d5ca8d5a1ea8,hashed,False
forensic_b,src/quant_platform/wizard_control_plane.py,/Volumes/Expansion/TheWizForensic-20260819b/src/quant_platform/wizard_control_plane.py,37608,1787197109580000000,00ae43f8625b4a8e06a15b6248e21982d0cd2ce49e31a9c035d67da04903dc45,hashed,False
forensic_b,src/quant_platform/wizard_credit_ledger.py,/Volumes/Expansion/TheWizForensic-20260819b/src/quant_platform/wizard_credit_ledger.py,28954,1786809162000000000,cb11865bc44d8313806da3832d995e1785a8f75a94f6af96d21e8002e5411620,hashed,False
forensic_b,src/quant_platform/wizard_evidence.py,/Volumes/Expansion/TheWizForensic-20260819b/src/quant_platform/wizard_evidence.py,172730,1787198976150000000,ad4e7014f2ff32cd8abad8618e85ba7434c16a2c108e4cf82bf62710bd88f251,hashed,False
forensic_b,src/quant_platform/wizard_hyperliquid_bridge.py,/Volumes/Expansion/TheWizForensic-20260819b/src/quant_platform/wizard_hyperliquid_bridge.py,35315,1787198644340000000,d8c4da0eebcd54c08f85366fa7399fb00ea8a5f5060cf19d79eea55fcedf847d,hashed,False
forensic_b,src/quant_platform/wizard_hyperliquid_mode_proof.py,/Volumes/Expansion/TheWizForensic-20260819b/src/quant_platform/wizard_hyperliquid_mode_proof.py,123385,1787199334860000000,b388a433532c42f6eec6daa84d5fc924c8ed42755ecc18c48aad1f3c92064568,hashed,False
forensic_b,src/quant_platform/wizard_mode_replay.py,/Volumes/Expansion/TheWizForensic-20260819b/src/quant_platform/wizard_mode_replay.py,26924,1787195118040000000,c7d9675753c02f9ff206116ad42746569788e16c61586d3d70210e496725b3e5,hashed,False
forensic_b,src/quant_platform/wizard_ou_comparator_activation.py,/Volumes/Expansion/TheWizForensic-20260819b/src/quant_platform/wizard_ou_comparator_activation.py,26311,1787198644400000000,be4a74918ae226f0e31bc4db27ff814e4136ff6b78f52dee3bd47f0542a6bc22,hashed,False
forensic_b,src/quant_platform/wizard_ou_v4_comparator_activation.py,/Volumes/Expansion/TheWizForensic-20260819b/src/quant_platform/wizard_ou_v4_comparator_activation.py,26873,1787198976270000000,47a54147aa4fd0d5f3708cf78f9f51f49c503aacc63fd9ff8a8a7a2f21a2c01d,hashed,False
forensic_b,src/quant_platform/wizard_ou_v5_comparator_activation.py,/Volumes/Expansion/TheWizForensic-20260819b/src/quant_platform/wizard_ou_v5_comparator_activation.py,30729,1787198976290000000,bbffd3659d8498bb6fa1d57d36085d16fba3823d7a10a031b53ebaf3c991cca6,hashed,False
forensic_b,src/quant_platform/wizard_ou_v6_comparator_activation.py,/Volumes/Expansion/TheWizForensic-20260819b/src/quant_platform/wizard_ou_v6_comparator_activation.py,32508,1787198976310000000,809b4cfb8b389854765f07db94239d6011e8f8d8e9599cde9f4a9a285e3c5f69,hashed,False
forensic_b,src/quant_platform/wizard_research_journal.py,/Volumes/Expansion/TheWizForensic-20260819b/src/quant_platform/wizard_research_journal.py,82927,1787198644470000000,613a99f364bf1ec08b0b727cc04916f454852792e56b244efe57115dabc2b198,hashed,False
forensic_b,src/quant_platform/wizard_run_config.py,/Volumes/Expansion/TheWizForensic-20260819b/src/quant_platform/wizard_run_config.py,7204,1787185204150000000,da5d0c959f6aa38bacee6fdbb92c42a77d5600fe8553bafd76c8ede29ca6ec7d,hashed,True
forensic_b,src/quant_platform/youtube_brain.py,/Volumes/Expansion/TheWizForensic-20260819b/src/quant_platform/youtube_brain.py,61298,1787196670760000000,0501afad9d86cc33c318c2ca84083477c15609efd9b4f5641c8e4c946fa1d4a1,hashed,False
forensic_b,src/quant_platform/zscore_utils.py,/Volumes/Expansion/TheWizForensic-20260819b/src/quant_platform/zscore_utils.py,2768,1787190269140000000,e0dcffdc7ad0f8b1acbeaaa6cdcc00f4858bb182aabdc0a2058898ccff629b8a,hashed,False
forensic_b,src/quant_platform/orchestration/__init__.py,/Volumes/Expansion/TheWizForensic-20260819b/src/quant_platform/orchestration/__init__.py,1672,1787185203700000000,a63d875e03570c6339850860534debdedc774ffb21eacde381c384b0f23261d8,hashed,True
forensic_b,src/quant_platform/orchestration/canonical_wizard_hyperliquid_contract.py,/Volumes/Expansion/TheWizForensic-20260819b/src/quant_platform/orchestration/canonical_wizard_hyperliquid_contract.py,10018,1787195761880000000,22d031a35c926e864c259a9fc00bf779fb098dcb805532b8a9c78c7a6eff8d24,hashed,False
forensic_b,src/quant_platform/orchestration/corrective_agent_governance.py,/Volumes/Expansion/TheWizForensic-20260819b/src/quant_platform/orchestration/corrective_agent_governance.py,29266,1787198642780000000,466b0c40452b4dfaaed93b9c84416bb472b3e60f07649033d1bef2ebd1c981f9,hashed,False
forensic_b,src/quant_platform/orchestration/corrective_canonical_status.py,/Volumes/Expansion/TheWizForensic-20260819b/src/quant_platform/orchestration/corrective_canonical_status.py,23975,1787185203710000000,282719ed17ae0299ae20b47420a3aa4aec551b59126a68bf2dc7cc281928b9f3,hashed,False
forensic_b,src/quant_platform/orchestration/corrective_daily_scheduler.py,/Volumes/Expansion/TheWizForensic-20260819b/src/quant_platform/orchestration/corrective_daily_scheduler.py,63191,1787198642800000000,37a838592d51d0edbd1d97a7723eeb68949a55e5af0905d00d5387167d344a0a,hashed,False
forensic_b,src/quant_platform/orchestration/corrective_data_evidence.py,/Volumes/Expansion/TheWizForensic-20260819b/src/quant_platform/orchestration/corrective_data_evidence.py,104210,1787198642820000000,e7a2e60b63a544878ee974ca706645287207696a7d7c0c9d88d7144634e57dc6,hashed,False
forensic_b,src/quant_platform/orchestration/corrective_governance.py,/Volumes/Expansion/TheWizForensic-20260819b/src/quant_platform/orchestration/corrective_governance.py,20533,1787198642820000000,9d4f0f710c16d00b92cb08343395913ebcd62d0afd753122da320f2dda0ace52,hashed,False
forensic_b,src/quant_platform/orchestration/corrective_l2_scheduler.py,/Volumes/Expansion/TheWizForensic-20260819b/src/quant_platform/orchestration/corrective_l2_scheduler.py,77253,1787198974270000000,a0ffceb0166e280df0bb7ed82a150d3e95d68d071a06da1b0f36f2992826515d,hashed,False
forensic_b,src/quant_platform/orchestration/corrective_live_canary_execution.py,/Volumes/Expansion/TheWizForensic-20260819b/src/quant_platform/orchestration/corrective_live_canary_execution.py,68397,1787198974300000000,7655329cd767d1e938d21219059d42ed7408742f9d84145650f246584a987480,hashed,False
forensic_b,src/quant_platform/orchestration/corrective_live_canary_executor.py,/Volumes/Expansion/TheWizForensic-20260819b/src/quant_platform/orchestration/corrective_live_canary_executor.py,19968,1787185203740000000,86fd640b26ec662cf3bd8156fb5ce8aa351e707871b478e0578d46139fb9f88c,hashed,False
forensic_b,src/quant_platform/orchestration/corrective_live_parity_capture.py,/Volumes/Expansion/TheWizForensic-20260819b/src/quant_platform/orchestration/corrective_live_parity_capture.py,26266,1787185203740000000,a820640b04104379f779faaf28248bc97595245630e55aa5ad39f8f960b1d783,hashed,False
forensic_b,src/quant_platform/orchestration/corrective_program.py,/Volumes/Expansion/TheWizForensic-20260819b/src/quant_platform/orchestration/corrective_program.py,152049,1787199204380000000,a59a448d3dcaf5bc3c1a5aac87ec7c4351febb519b9b9271857554ffee0e3b1a,hashed,False
forensic_b,src/quant_platform/orchestration/corrective_registered_learning.py,/Volumes/Expansion/TheWizForensic-20260819b/src/quant_platform/orchestration/corrective_registered_learning.py,128560,1787198642920000000,e8faa9e8abce28a1ce22ce553c76067f6423fa012dae008dd50db5412757aa0e,hashed,False
forensic_b,src/quant_platform/orchestration/corrective_registered_rerun_executor.py,/Volumes/Expansion/TheWizForensic-20260819b/src/quant_platform/orchestration/corrective_registered_rerun_executor.py,80303,1787198974420000000,263e059b0dc6897dde037688afae87285a8c0b0d19d474e997ae8883a839382b,hashed,False
forensic_b,src/quant_platform/orchestration/corrective_release_gates.py,/Volumes/Expansion/TheWizForensic-20260819b/src/quant_platform/orchestration/corrective_release_gates.py,150966,1787198642970000000,63461d7fa93d182bf5cd5c338fb92e943ac112df1e58163fa90404f853020231,hashed,False
forensic_b,src/quant_platform/orchestration/corrective_runtime.py,/Volumes/Expansion/TheWizForensic-20260819b/src/quant_platform/orchestration/corrective_runtime.py,4761,1787185203750000000,686a06b6916207d018f34cb9d0eef5e9e487975736266653e0f66b95d98bc5ac,hashed,False
forensic_b,src/quant_platform/orchestration/corrective_scheduler_lock.py,/Volumes/Expansion/TheWizForensic-20260819b/src/quant_platform/orchestration/corrective_scheduler_lock.py,1663,1786934515000000000,d3c2dc0d068f8a26ad08bb1eb955a971729130a7c5ebec437ff153e8e3111e6f,hashed,False
forensic_b,src/quant_platform/orchestration/corrective_scheduler_runtime_readiness.py,/Volumes/Expansion/TheWizForensic-20260819b/src/quant_platform/orchestration/corrective_scheduler_runtime_readiness.py,26287,1787185203750000000,9df1187d00958c69379e8be45d7cd7e2b9145c65825533c449e158765601a50e,hashed,False
forensic_b,src/quant_platform/orchestration/corrective_testnet_pair_execution.py,/Volumes/Expansion/TheWizForensic-20260819b/src/quant_platform/orchestration/corrective_testnet_pair_execution.py,29733,1787198643040000000,400ed29936fee0724c31aa44bd43557ed90fb3a6985e41a2792c47282b89f91b,hashed,False
forensic_b,src/quant_platform/orchestration/corrective_wizard_browser_auth.py,/Volumes/Expansion/TheWizForensic-20260819b/src/quant_platform/orchestration/corrective_wizard_browser_auth.py,22741,1787185203760000000,bb95cfe0d129c36fec6e7313ffd969b301e931ba4f1b7f9aeab1ba55caa7d915,hashed,False
forensic_b,src/quant_platform/orchestration/corrective_wizard_comparator_review_control.py,/Volumes/Expansion/TheWizForensic-20260819b/src/quant_platform/orchestration/corrective_wizard_comparator_review_control.py,30107,1787198974560000000,0f75e57f5f6e00278d64bb6f10f51811f4c71c855c67ec24cf79ab6f7de40a71,hashed,False
forensic_b,src/quant_platform/orchestration/corrective_wizard_dynamic_holdout.py,/Volumes/Expansion/TheWizForensic-20260819b/src/quant_platform/orchestration/corrective_wizard_dynamic_holdout.py,19633,1787198974570000000,6395b2f5204e7d471a4dfb0aef584c49b7c1723fd6c63cf59324c29cb5ed3031,hashed,False
forensic_b,src/quant_platform/orchestration/corrective_wizard_ou_holdout.py,/Volumes/Expansion/TheWizForensic-20260819b/src/quant_platform/orchestration/corrective_wizard_ou_holdout.py,69393,1787198974590000000,1492cb24e049db15447d66db1a89739a22ccb9af304b15fb070b3398c1a4b7c8,hashed,False
forensic_b,src/quant_platform/orchestration/corrective_wizard_ou_v4_holdout.py,/Volumes/Expansion/TheWizForensic-20260819b/src/quant_platform/orchestration/corrective_wizard_ou_v4_holdout.py,53803,1787201178890000000,8b9e64b2720b31dbaab1a2bcbf80ef5f9bda64aad75aa5cb0255c82270b52ffc,hashed,False
forensic_b,src/quant_platform/orchestration/corrective_wizard_ou_v5_holdout.py,/Volumes/Expansion/TheWizForensic-20260819b/src/quant_platform/orchestration/corrective_wizard_ou_v5_holdout.py,76353,1787198974620000000,f7e197fd4daa889635ea71822e50287e899a61eb50223ea08802a0dc04e77799,hashed,False
forensic_b,src/quant_platform/orchestration/corrective_wizard_ou_v6_holdout.py,/Volumes/Expansion/TheWizForensic-20260819b/src/quant_platform/orchestration/corrective_wizard_ou_v6_holdout.py,76648,1787198974630000000,8026c5a0b77a9fd6e67426d027f7ab7745665cae675795d39cc2bc1d736d4662,hashed,False
forensic_b,src/quant_platform/orchestration/corrective_wizard_ou_v6_terminal_closure.py,/Volumes/Expansion/TheWizForensic-20260819b/src/quant_platform/orchestration/corrective_wizard_ou_v6_terminal_closure.py,23268,1786798815000000000,6b2db77d8b2db77ed28c26b23510f36364ab1bd612ccf3c873bf0cc73d1c507d,hashed,False
forensic_b,src/quant_platform/orchestration/corrective_wizard_parity.py,/Volumes/Expansion/TheWizForensic-20260819b/src/quant_platform/orchestration/corrective_wizard_parity.py,97541,1787199204400000000,a2c27e44a6ec14307ed1d0d386455ff09c42bf63e2814f805183ee32b23a1288,hashed,False
forensic_b,src/quant_platform/orchestration/corrective_wizard_proof_launcher.py,/Volumes/Expansion/TheWizForensic-20260819b/src/quant_platform/orchestration/corrective_wizard_proof_launcher.py,98190,1787198643190000000,6cca2c433996773f9c4034abc68d9b6d32d8e440edf04781a9bef25eb44857bb,hashed,False
forensic_b,src/quant_platform/orchestration/corrective_wizard_proof_scheduler.py,/Volumes/Expansion/TheWizForensic-20260819b/src/quant_platform/orchestration/corrective_wizard_proof_scheduler.py,163757,1787198643220000000,3f78c0c156baa883b2f29edac0e4100c108eed757dd46848c9442245fadb0e51,hashed,False
forensic_b,src/quant_platform/orchestration/corrective_wizard_reset_readiness.py,/Volumes/Expansion/TheWizForensic-20260819b/src/quant_platform/orchestration/corrective_wizard_reset_readiness.py,49338,1787199204400000000,3b7c71b3f1a4da5377137dd855dbdcc46d622024635024098d4e71acff45a234,hashed,False
forensic_b,src/quant_platform/orchestration/corrective_wizard_surface_inventory.py,/Volumes/Expansion/TheWizForensic-20260819b/src/quant_platform/orchestration/corrective_wizard_surface_inventory.py,33082,1787185203800000000,75cc379ec1972b76a24363a8f4dcaa3cccf4e63103f8c46c0a94eb2024fb4397,hashed,False
forensic_b,src/quant_platform/orchestration/current_wizard_hyperliquid_archive.py,/Volumes/Expansion/TheWizForensic-20260819b/src/quant_platform/orchestration/current_wizard_hyperliquid_archive.py,18294,1787198643240000000,d82565e326aa2a2fca6c01f1d62d3bd74b6df0ea434149109a71137a26bbc663,hashed,False
forensic_b,src/quant_platform/orchestration/current_wizard_hyperliquid_cadence.py,/Volumes/Expansion/TheWizForensic-20260819b/src/quant_platform/orchestration/current_wizard_hyperliquid_cadence.py,24202,1787198643260000000,f694eac80a6167e4e555446ad75873fa438d448fa3e689d0520890c95bce9977,hashed,False
forensic_b,src/quant_platform/orchestration/current_wizard_hyperliquid_completion_audit.py,/Volumes/Expansion/TheWizForensic-20260819b/src/quant_platform/orchestration/current_wizard_hyperliquid_completion_audit.py,27423,1787199209540000000,db8d5cd842667d75b2c730b11ac1ed0597dc38c6d3ed51933b25f2b0e98442ee,hashed,False
forensic_b,src/quant_platform/orchestration/current_wizard_hyperliquid_concentration.py,/Volumes/Expansion/TheWizForensic-20260819b/src/quant_platform/orchestration/current_wizard_hyperliquid_concentration.py,21026,1787185203800000000,cca3a679bf6381ff79cbcff393fb53df10b8a5fcab5b9fec21aa3f88de469b8e,hashed,False
forensic_b,src/quant_platform/orchestration/current_wizard_hyperliquid_costs.py,/Volumes/Expansion/TheWizForensic-20260819b/src/quant_platform/orchestration/current_wizard_hyperliquid_costs.py,37238,1787198643290000000,017e4b900234d70d07845ac89236039fbd16a96b3ed1b3553caa5cda668f38a7,hashed,False
forensic_b,src/quant_platform/orchestration/current_wizard_hyperliquid_daily_runner.py,/Volumes/Expansion/TheWizForensic-20260819b/src/quant_platform/orchestration/current_wizard_hyperliquid_daily_runner.py,46010,1787197969220000000,3c8135bf64ac05eb95bc65e43b77ca10c5f7c9fec01a58e36f30f29fe563c4c7,hashed,False
forensic_b,src/quant_platform/orchestration/current_wizard_hyperliquid_evidence_command_center.py,/Volumes/Expansion/TheWizForensic-20260819b/src/quant_platform/orchestration/current_wizard_hyperliquid_evidence_command_center.py,34954,1786934515000000000,28161a404dd0bbdd61aa1c099779e3f875d7e58c19377e12f8743389c45b9381,hashed,False
forensic_b,src/quant_platform/orchestration/current_wizard_hyperliquid_failure_attribution.py,/Volumes/Expansion/TheWizForensic-20260819b/src/quant_platform/orchestration/current_wizard_hyperliquid_failure_attribution.py,43263,1787195710380000000,d8a8a4ae4e2d4a5cdef40905922dab31e91e37d6613ca4d95297cf6d4fe1ec8c,hashed,False
forensic_b,src/quant_platform/orchestration/current_wizard_hyperliquid_handoff.py,/Volumes/Expansion/TheWizForensic-20260819b/src/quant_platform/orchestration/current_wizard_hyperliquid_handoff.py,34313,1787199187980000000,f65945b9543b0f0dc10537f4f14e5be83730957d56077ed2ba6e649c72a72b16,hashed,False
forensic_b,src/quant_platform/orchestration/current_wizard_hyperliquid_learning.py,/Volumes/Expansion/TheWizForensic-20260819b/src/quant_platform/orchestration/current_wizard_hyperliquid_learning.py,20479,1787185203840000000,fb789993a69945c942b1d63103dcc1eee454fc73b9b0a66b73a7e3fa3e2d35a7,hashed,False
forensic_b,src/quant_platform/orchestration/current_wizard_hyperliquid_leverage.py,/Volumes/Expansion/TheWizForensic-20260819b/src/quant_platform/orchestration/current_wizard_hyperliquid_leverage.py,30611,1787195710400000000,6d8d9df871bd6413edec428269beffe9fbd16fd6dad4be10060a86fe73feaaae,hashed,False
forensic_b,src/quant_platform/orchestration/current_wizard_hyperliquid_math_comparison.py,/Volumes/Expansion/TheWizForensic-20260819b/src/quant_platform/orchestration/current_wizard_hyperliquid_math_comparison.py,9976,1786934515000000000,b63154d952f59c9f2a87b4f13fc8f97250c572213c9995ba903d9032e6c9068f,hashed,False
forensic_b,src/quant_platform/orchestration/current_wizard_hyperliquid_observed_replay.py,/Volumes/Expansion/TheWizForensic-20260819b/src/quant_platform/orchestration/current_wizard_hyperliquid_observed_replay.py,19308,1787196144440000000,22a2a757d4e08d100ba4bc58028e0ed0fb7f32ed2a7ac910b6ed0860cfb5906f,hashed,False
forensic_b,src/quant_platform/orchestration/current_wizard_hyperliquid_regimes.py,/Volumes/Expansion/TheWizForensic-20260819b/src/quant_platform/orchestration/current_wizard_hyperliquid_regimes.py,16671,1787195761890000000,97862ce6e79983d0abb26455c15510656fdb4793fe6e4477b765869a4fa5abd2,hashed,False
forensic_b,src/quant_platform/orchestration/current_wizard_hyperliquid_replay.py,/Volumes/Expansion/TheWizForensic-20260819b/src/quant_platform/orchestration/current_wizard_hyperliquid_replay.py,63989,1787196132140000000,e8c15e314ed1032669616c1983d750ceae8bd94b3ce1e6cae9639aa6eda8266f,hashed,False
forensic_b,src/quant_platform/orchestration/current_wizard_hyperliquid_robustness.py,/Volumes/Expansion/TheWizForensic-20260819b/src/quant_platform/orchestration/current_wizard_hyperliquid_robustness.py,24085,1787195761900000000,b770346dc8ea81247de5b9b0857d9678a604f905d9cf05912d55a07b143d9a81,hashed,False
forensic_b,src/quant_platform/orchestration/current_wizard_hyperliquid_storage.py,/Volumes/Expansion/TheWizForensic-20260819b/src/quant_platform/orchestration/current_wizard_hyperliquid_storage.py,20243,1787197201550000000,7280665d61c1314e55b8a06dd1f210a89d6ca3d759f64a53a59a32ef73ed270e,hashed,False
forensic_b,src/quant_platform/orchestration/current_wizard_hyperliquid_validation.py,/Volumes/Expansion/TheWizForensic-20260819b/src/quant_platform/orchestration/current_wizard_hyperliquid_validation.py,26937,1786934737000000000,4974c0aaa689d77aa08484834ab34f8b165f3392bcc2afc0e46e279eca02b603,hashed,False
forensic_b,src/quant_platform/orchestration/current_wizard_hyperliquid_walkforward.py,/Volumes/Expansion/TheWizForensic-20260819b/src/quant_platform/orchestration/current_wizard_hyperliquid_walkforward.py,26772,1787195761900000000,25abf440318e9eb9860bc8b308d177d5dfc43f799e6fe1891fec89d09b69c8b6,hashed,False
forensic_b,src/quant_platform/orchestration/current_wizard_ou_optimal_overlay.py,/Volumes/Expansion/TheWizForensic-20260819b/src/quant_platform/orchestration/current_wizard_ou_optimal_overlay.py,22445,1787195710400000000,78d16d582c669dd5bcbddc42d580ac3e6765dadc5266488bd7929c35dfa067b8,hashed,False
forensic_b,src/quant_platform/orchestration/dynamic_stage_runner.py,/Volumes/Expansion/TheWizForensic-20260819b/src/quant_platform/orchestration/dynamic_stage_runner.py,9263,1787198643420000000,f4f178e4649cf5aa1827a09ede6ba1905c70e889f84ce2e428815fe30d4635ea,hashed,False
forensic_b,src/quant_platform/orchestration/exhaustive_wizard_api_refresh.py,/Volumes/Expansion/TheWizForensic-20260819b/src/quant_platform/orchestration/exhaustive_wizard_api_refresh.py,55563,1787195710410000000,7b723159b94e189552ac87cdb80fd4acc58f8003698931ed81c122d41b031f6a,hashed,False
forensic_b,src/quant_platform/orchestration/exhaustive_wizard_hyperliquid_canonical_replay.py,/Volumes/Expansion/TheWizForensic-20260819b/src/quant_platform/orchestration/exhaustive_wizard_hyperliquid_canonical_replay.py,28221,1787195710410000000,41c2450b7fe1118501f5928d4bc56e0a9bf8cf9e328775d81e2463f698de9d3f,hashed,False
forensic_b,src/quant_platform/orchestration/exhaustive_wizard_hyperliquid_cost_bridge.py,/Volumes/Expansion/TheWizForensic-20260819b/src/quant_platform/orchestration/exhaustive_wizard_hyperliquid_cost_bridge.py,25727,1786826841000000000,c2590a3a87ee45652f4fcc496d93c540f00897ecacabf8fc37d2006132398022,hashed,False
forensic_b,src/quant_platform/orchestration/exhaustive_wizard_hyperliquid_cost_evidence.py,/Volumes/Expansion/TheWizForensic-20260819b/src/quant_platform/orchestration/exhaustive_wizard_hyperliquid_cost_evidence.py,30197,1787198643460000000,6cbda81d9dd277749e5917009c2f1bfbee68450f949bd78c2c9c5777cd0a50e6,hashed,False
forensic_b,src/quant_platform/orchestration/exhaustive_wizard_hyperliquid_leverage.py,/Volumes/Expansion/TheWizForensic-20260819b/src/quant_platform/orchestration/exhaustive_wizard_hyperliquid_leverage.py,39426,1786934515000000000,96c17b635bd0ff082f72ca38755361daba63918d784318026c7d25ddb70a8c2f,hashed,False
forensic_b,src/quant_platform/orchestration/exhaustive_wizard_hyperliquid_observed_cost_replay.py,/Volumes/Expansion/TheWizForensic-20260819b/src/quant_platform/orchestration/exhaustive_wizard_hyperliquid_observed_cost_replay.py,33197,1786816784000000000,1478b3d664e060d4c46c228d51298c781a3fded38164ee93484708dce11c69d4,hashed,False
forensic_b,src/quant_platform/orchestration/exhaustive_wizard_hyperliquid_regimes.py,/Volumes/Expansion/TheWizForensic-20260819b/src/quant_platform/orchestration/exhaustive_wizard_hyperliquid_regimes.py,29889,1786817100000000000,806167c8096af3eab9e216216e88519afa9df1e81a83a33d8d1b1be364b743a1,hashed,False
forensic_b,src/quant_platform/orchestration/exhaustive_wizard_hyperliquid_replay.py,/Volumes/Expansion/TheWizForensic-20260819b/src/quant_platform/orchestration/exhaustive_wizard_hyperliquid_replay.py,49268,1787195710420000000,046801082cdc75f327ed053fc0d21a943c0352a5a6acf58b87d0ff8b9f374d9e,hashed,False
forensic_b,src/quant_platform/orchestration/exhaustive_wizard_hyperliquid_robustness.py,/Volumes/Expansion/TheWizForensic-20260819b/src/quant_platform/orchestration/exhaustive_wizard_hyperliquid_robustness.py,36286,1786817100000000000,d6f2079126a1e14ad5aa1849a641972fc1911551ea5fccfcafdd7bf9c69abd30,hashed,False
forensic_b,src/quant_platform/orchestration/exhaustive_wizard_hyperliquid_run.py,/Volumes/Expansion/TheWizForensic-20260819b/src/quant_platform/orchestration/exhaustive_wizard_hyperliquid_run.py,62798,1787195710420000000,554e93991d402394b496a13146415bdd491cb0b07a5fb7aeeda38a11567c6eff,hashed,False
forensic_b,src/quant_platform/orchestration/exhaustive_wizard_hyperliquid_validation.py,/Volumes/Expansion/TheWizForensic-20260819b/src/quant_platform/orchestration/exhaustive_wizard_hyperliquid_validation.py,10606,1787198643510000000,d7a4bfdbbddc720c11b3d216cdcded64bbb380afd52d4b82d5efbad51c5778e5,hashed,False
forensic_b,src/quant_platform/orchestration/exhaustive_wizard_hyperliquid_walkforward.py,/Volumes/Expansion/TheWizForensic-20260819b/src/quant_platform/orchestration/exhaustive_wizard_hyperliquid_walkforward.py,56290,1787191344810000000,3abe0a2191045c6846f6d8d0c693612aa013b8956e3ff5714ecd34e71b7f5b4c,hashed,False
forensic_b,src/quant_platform/orchestration/hyperliquid_research_cycle.py,/Volumes/Expansion/TheWizForensic-20260819b/src/quant_platform/orchestration/hyperliquid_research_cycle.py,12800,1787198643530000000,f75b18f03f14ec732f8814cce7094e7685f807e638044d91ae6f263ac4875b7d,hashed,False
forensic_b,src/quant_platform/orchestration/hyperliquid_research_validation.py,/Volumes/Expansion/TheWizForensic-20260819b/src/quant_platform/orchestration/hyperliquid_research_validation.py,40200,1787188101970000000,2611a3cf2574220985b685b7fb0bc02600a50edf5efbe499b3a2bc7347f35232,hashed,False
forensic_b,src/quant_platform/orchestration/hyperliquid_run_manifest.py,/Volumes/Expansion/TheWizForensic-20260819b/src/quant_platform/orchestration/hyperliquid_run_manifest.py,24447,1787199187970000000,8c86176880e644a9368d17ed3f9c90aceb72a2737dbb8e33e7cd99eeb84ade27,hashed,False
forensic_b,src/quant_platform/orchestration/hyperliquid_testnet_lifecycle_evidence.py,/Volumes/Expansion/TheWizForensic-20260819b/src/quant_platform/orchestration/hyperliquid_testnet_lifecycle_evidence.py,28942,1787185203920000000,c83bb706ada322d7ece8bd4d111d05139be59566dc268dc9393992c0fef59001,hashed,False
forensic_b,src/quant_platform/orchestration/interactive_mixtape_graph.py,/Volumes/Expansion/TheWizForensic-20260819b/src/quant_platform/orchestration/interactive_mixtape_graph.py,17385,1787185203920000000,4a9a6cecf335419ec49fd1de0ce15f168a21a4f7bd4f815a2cb4c10faeb9038b,hashed,True
forensic_b,src/quant_platform/orchestration/langgraph_workflow.py,/Volumes/Expansion/TheWizForensic-20260819b/src/quant_platform/orchestration/langgraph_workflow.py,14775,1787199204430000000,ea43d042cf6cec5238d241c885db9f813db9e287167ce5080ddfd5a9e08bde78,hashed,False
forensic_b,src/quant_platform/orchestration/mini_agents.py,/Volumes/Expansion/TheWizForensic-20260819b/src/quant_platform/orchestration/mini_agents.py,25172,1787195716760000000,7f9c01ec44ba3e1f005241e7cddecd296373deb30b8ffbf25873f3d52ae8cda4,hashed,False
forensic_b,src/quant_platform/orchestration/nodes.py,/Volumes/Expansion/TheWizForensic-20260819b/src/quant_platform/orchestration/nodes.py,14505,1787198643560000000,4eb064001bf1c011bdf6666f4d74153bdcf990f60bc4f61c02e869270e35f1ff,hashed,False
forensic_b,src/quant_platform/orchestration/orchestrator_assistant.py,/Volumes/Expansion/TheWizForensic-20260819b/src/quant_platform/orchestration/orchestrator_assistant.py,19508,1787198975400000000,673f8f1bd8cd72beabdab753bf2cefb2e07da36422e69f1d7a4c014a99971e30,hashed,False
forensic_b,src/quant_platform/orchestration/specialist_scoreboard.py,/Volumes/Expansion/TheWizForensic-20260819b/src/quant_platform/orchestration/specialist_scoreboard.py,14860,1787195761910000000,527041a5c7a55e2cd9c976f3e9d58a9709b8bc1ced3c967e1106601b3517544e,hashed,False
forensic_b,src/quant_platform/orchestration/student_readiness.py,/Volumes/Expansion/TheWizForensic-20260819b/src/quant_platform/orchestration/student_readiness.py,15309,1787185203960000000,0505484cbd452592ce1148c9083424d320566601a8391971206f276b72a3bd35,hashed,False
forensic_b,src/quant_platform/orchestration/teacher_adapters.py,/Volumes/Expansion/TheWizForensic-20260819b/src/quant_platform/orchestration/teacher_adapters.py,15774,1787185203960000000,b891eecba0760b29744ebff4c18484889e90a684802f715889a0a57af79679e6,hashed,False
forensic_b,src/quant_platform/orchestration/teacher_contracts.py,/Volumes/Expansion/TheWizForensic-20260819b/src/quant_platform/orchestration/teacher_contracts.py,15014,1787185203960000000,35cf7cb5772c03c8979ff64688489146924fa438ff92b2317e8e6a8c98278a41,hashed,False
forensic_b,src/quant_platform/orchestration/teacher_control_plane.py,/Volumes/Expansion/TheWizForensic-20260819b/src/quant_platform/orchestration/teacher_control_plane.py,21142,1787195716760000000,b99eba103e1746522e69e707707a39cb35e5e10a7e5fb155d7de22ac58ac0ecc,hashed,False
forensic_b,src/quant_platform/orchestration/teacher_council.py,/Volumes/Expansion/TheWizForensic-20260819b/src/quant_platform/orchestration/teacher_council.py,14775,1787185203960000000,57a76d07b46860e143c4a865c315577246c41bf7247c999d1da61a3b17fded83,hashed,True
forensic_b,src/quant_platform/orchestration/teacher_evidence_materializer.py,/Volumes/Expansion/TheWizForensic-20260819b/src/quant_platform/orchestration/teacher_evidence_materializer.py,39861,1787188101970000000,b6fb274cba5b4556960018b547b3f22878fe3ce0862b2d4ebd1ddbcd79d40188,hashed,False
forensic_b,src/quant_platform/orchestration/venue_gate.py,/Volumes/Expansion/TheWizForensic-20260819b/src/quant_platform/orchestration/venue_gate.py,4302,1787195566010000000,49e1de717fb9091cd9e49535eb4de0a491a40dbfa28b2119c617d360a08e19c2,hashed,False
forensic_b,src/quant_platform/orchestration/versioned_learning_comparison.py,/Volumes/Expansion/TheWizForensic-20260819b/src/quant_platform/orchestration/versioned_learning_comparison.py,47281,1787198643640000000,fc136d36a3a9dff8bea0cea27455af9ead1aff9c0b4adf5f31a9c23c6e2e86a3,hashed,False
forensic_b,src/quant_platform/rl/base_rl_lane.py,/Volumes/Expansion/TheWizForensic-20260819b/src/quant_platform/rl/base_rl_lane.py,60796,1787197181480000000,d441889749b201b44c2ad9f546275239eab8755c6013783c6aeb320f7cee3acc,hashed,False
forensic_b,src/quant_platform/rl/brain_contract.py,/Volumes/Expansion/TheWizForensic-20260819b/src/quant_platform/rl/brain_contract.py,46125,1787197181500000000,5717ae0abcd7bb584d8417f6f6b8be7576bb96711a08bd1556042a9d65f4c45e,hashed,False
forensic_b,src/quant_platform/rl/quantization.py,/Volumes/Expansion/TheWizForensic-20260819b/src/quant_platform/rl/quantization.py,2252,1787195524140000000,02f633736bc8181023a0940b705b9df14bee76f422d6327ca8d418d21633c379,hashed,False
forensic_b,src/quant_platform/rl/rl_acceptance.py,/Volumes/Expansion/TheWizForensic-20260819b/src/quant_platform/rl/rl_acceptance.py,8757,1787199204440000000,12be6924963b5a5934f33425f955436839a248fcf0e42a72f5b33fc743eff21a,hashed,False
forensic_b,src/quant_platform/rl/rl_backtest.py,/Volumes/Expansion/TheWizForensic-20260819b/src/quant_platform/rl/rl_backtest.py,28579,1787197181510000000,ead88db6ee183d07807b9f24dc25fb3740cf25f966f638cb25b3c61a76759d52,hashed,False
forensic_b,src/quant_platform/rl/rl_idea_engine.py,/Volumes/Expansion/TheWizForensic-20260819b/src/quant_platform/rl/rl_idea_engine.py,23867,1787198643980000000,6c19d2bf17be4299ae96dd1f5f47497a12dc574e3b2a64154cf5e508ca914bf9,hashed,False
forensic_b,src/quant_platform/rl/rl_learning_agent.py,/Volumes/Expansion/TheWizForensic-20260819b/src/quant_platform/rl/rl_learning_agent.py,49542,1787198644000000000,7fc8760edce6b8930d4132dccd8e44bd4c6d6ee1e84e8dbd13a0ad3b894375ea,hashed,False
forensic_b,src/quant_platform/rl/rl_strategy_selector.py,/Volumes/Expansion/TheWizForensic-20260819b/src/quant_platform/rl/rl_strategy_selector.py,563,1787195524140000000,83e259440a0514b8d741b516d62598762ab1f0d03e56e0588264ec6382514d9d,hashed,False
forensic_b,src/quant_platform/statistics/math_v2.py,/Volumes/Expansion/TheWizForensic-20260819b/src/quant_platform/statistics/math_v2.py,26723,1787198975950000000,df1f8543ec21c4fcab60c56ab8bdd1851ef7f49255a82db13112c2f315f00d1d,hashed,False
forensic_b,src/quantized_stat_arb_platform.egg-info/PKG-INFO,/Volumes/Expansion/TheWizForensic-20260819b/src/quantized_stat_arb_platform.egg-info/PKG-INFO,1246,1787199704330000000,3e903933f82d36d9c5ea184029545da02e5a8ad9333f8f298b1d1ae99c6e9de9,hashed,False
forensic_b,src/quantized_stat_arb_platform.egg-info/SOURCES.txt,/Volumes/Expansion/TheWizForensic-20260819b/src/quantized_stat_arb_platform.egg-info/SOURCES.txt,19520,1787199704350000000,7309988921af155a9df3b44cd7b4dc1a7daafe8e61f597f941e55d5e8522e893,hashed,False
forensic_b,src/quantized_stat_arb_platform.egg-info/requires.txt,/Volumes/Expansion/TheWizForensic-20260819b/src/quantized_stat_arb_platform.egg-info/requires.txt,479,1787199704340000000,d9ac0c7d4d9758ea0459a5c913f7a0e63197d9c3d828ed794d253e289ba41cd4,hashed,False
forensic_b,tests/candidate_queue_support.py,/Volumes/Expansion/TheWizForensic-20260819b/tests/candidate_queue_support.py,8489,1787185204170000000,50fcfd02714bd54fec08195539b85f50b5ffc12b229545bd4773392decaa599a,hashed,True
forensic_b,tests/pair_cost_bundle_support.py,/Volumes/Expansion/TheWizForensic-20260819b/tests/pair_cost_bundle_support.py,15133,1787185204190000000,ac96420a1841f82f14091a1a05ecfc7681d55963e9caf1881d5af895e34e0ac1,hashed,True
forensic_b,tests/test_active_pipeline.py,/Volumes/Expansion/TheWizForensic-20260819b/tests/test_active_pipeline.py,126757,1787200955820000000,cfd6b930864fbc4f487665547d965977cc59db4334ea315ea3b5b46f1a4a7a69,hashed,False
forensic_b,tests/test_apify_sources.py,/Volumes/Expansion/TheWizForensic-20260819b/tests/test_apify_sources.py,3953,1787185204190000000,fc8c01a350ae48822a88138b6c252d01eebf605385c1625b87e91461a678baac,hashed,False
forensic_b,tests/test_backtest.py,/Volumes/Expansion/TheWizForensic-20260819b/tests/test_backtest.py,7864,1787193451710000000,16848e74c234e4b47291134deb7a46853360564de8bf1182f2c882e639d7f417,hashed,False
forensic_b,tests/test_binance_testnet.py,/Volumes/Expansion/TheWizForensic-20260819b/tests/test_binance_testnet.py,7086,1787185204200000000,c6905fbf01b80c13d3a74b2d270fe7887b2f5e63a007c1e3dcc5d675ad06f7c9,hashed,False
forensic_b,tests/test_canonical_wizard_hyperliquid_contract.py,/Volumes/Expansion/TheWizForensic-20260819b/tests/test_canonical_wizard_hyperliquid_contract.py,1557,1787188523970000000,1224532fdf002ffb2bb241e66220496ef24d1bd172aef0d853d12105dd245700,hashed,False
forensic_b,tests/test_cli.py,/Volumes/Expansion/TheWizForensic-20260819b/tests/test_cli.py,303389,1786809190000000000,bc1f9dfd2f8618b73c9a8fabf02763093a103fa95ca8aa6f0f771bd0248bdf18,hashed,False
forensic_b,tests/test_corrective_agent_governance.py,/Volumes/Expansion/TheWizForensic-20260819b/tests/test_corrective_agent_governance.py,8982,1787185204200000000,6c8618d029648611af7d1cf11964274e0655d81c961e45bc7ccb2dd5b2d461e2,hashed,True
forensic_b,tests/test_corrective_canonical_status.py,/Volumes/Expansion/TheWizForensic-20260819b/tests/test_corrective_canonical_status.py,9790,1787185204200000000,696406095546efb0254746dd367b35c183a7ce8a400cf22035220d25407fd0a3,hashed,True
forensic_b,tests/test_corrective_daily_scheduler.py,/Volumes/Expansion/TheWizForensic-20260819b/tests/test_corrective_daily_scheduler.py,40730,1787185204200000000,df9a69b84427bb9aec810504beb6901de501c44e14dd1b8746f7418005bb0ab2,hashed,False
forensic_b,tests/test_corrective_data_evidence.py,/Volumes/Expansion/TheWizForensic-20260819b/tests/test_corrective_data_evidence.py,37751,1786934515000000000,21b7ac5e2952edf168219cb9c9f2b8274dd7eb5763bfd8b54629ac461c744ae1,hashed,True
forensic_b,tests/test_corrective_l2_scheduler.py,/Volumes/Expansion/TheWizForensic-20260819b/tests/test_corrective_l2_scheduler.py,41216,1787185204210000000,eb27f217b7261d225fc0e66f5ba503a7e126ad1938b1b666b04132e5b9981174,hashed,False
forensic_b,tests/test_corrective_live_canary_execution.py,/Volumes/Expansion/TheWizForensic-20260819b/tests/test_corrective_live_canary_execution.py,29852,1787185204210000000,c494053c7bff9cfdae2eab3361d8e3813a603fbf1fb6bc0b48761cc45df36dcf,hashed,False
forensic_b,tests/test_corrective_program.py,/Volumes/Expansion/TheWizForensic-20260819b/tests/test_corrective_program.py,88101,1787185204210000000,61328d29cfd7f04018b32dcd685c83b73d51a9b7d0c8b1a9115590b4b3e4c0db,hashed,True
forensic_b,tests/test_corrective_release_gates.py,/Volumes/Expansion/TheWizForensic-20260819b/tests/test_corrective_release_gates.py,70779,1787185204240000000,b2f22d4015260cb7242db1f93f0f436f48bc23ba36e3d7624184b80bde59ba38,hashed,False
forensic_b,tests/test_corrective_runtime.py,/Volumes/Expansion/TheWizForensic-20260819b/tests/test_corrective_runtime.py,2112,1787185204240000000,6e256139900e590bcac3b7736cbaae32428e2cd113cc44760e7fe7ba47cd5733,hashed,False
forensic_b,tests/test_corrective_testnet_collateral_transfer.py,/Volumes/Expansion/TheWizForensic-20260819b/tests/test_corrective_testnet_collateral_transfer.py,10777,1787185204240000000,bda2c2106162fae8b0c50fb0bcfb075b5e5caabbf201b2e22bb163c52f6f3ecd,hashed,False
forensic_b,tests/test_corrective_testnet_pair_execution.py,/Volumes/Expansion/TheWizForensic-20260819b/tests/test_corrective_testnet_pair_execution.py,11165,1787185204250000000,08e714c51b1bca02e1347cba78220cebde973c648bd80bcb0abd44488aabf323,hashed,False
forensic_b,tests/test_corrective_wizard_copula_behavioral.py,/Volumes/Expansion/TheWizForensic-20260819b/tests/test_corrective_wizard_copula_behavioral.py,27561,1787185204250000000,2f39391233915b3f8148fa8157a6c9643d93c880ec7bca83b650237603e448b4,hashed,False
forensic_b,tests/test_corrective_wizard_ou_v6_holdout.py,/Volumes/Expansion/TheWizForensic-20260819b/tests/test_corrective_wizard_ou_v6_holdout.py,21309,1786935860000000000,419792c4e41d3d687f106f3856747c5cc0f030d177641145f5c69e5982d6da73,hashed,False
forensic_b,tests/test_corrective_wizard_proof_launcher.py,/Volumes/Expansion/TheWizForensic-20260819b/tests/test_corrective_wizard_proof_launcher.py,92725,1787185204290000000,0bddb086903d165ba9090b4160ab26654ac431f84d138dc0eb598f62ea75e31d,hashed,False
forensic_b,tests/test_corrective_wizard_proof_scheduler.py,/Volumes/Expansion/TheWizForensic-20260819b/tests/test_corrective_wizard_proof_scheduler.py,145888,1787185204290000000,e021ea525453a669a6b7fdf67267db09545eee64a151ebfccd4eeb09887771e1,hashed,False
forensic_b,tests/test_corrective_wizard_surface_inventory.py,/Volumes/Expansion/TheWizForensic-20260819b/tests/test_corrective_wizard_surface_inventory.py,10254,1787185204290000000,3078fc0faaea2835ff008878e18392054d5cf79b766f7b9994be8c8807277a09,hashed,True
forensic_b,tests/test_crypto_wizards_history.py,/Volumes/Expansion/TheWizForensic-20260819b/tests/test_crypto_wizards_history.py,14220,1787185204300000000,cd558f8258d5ad40800bd17f10e9f97d94621672f03cdf2fb7eaf75021defee7,hashed,False
forensic_b,tests/test_crypto_wizards_scanner.py,/Volumes/Expansion/TheWizForensic-20260819b/tests/test_crypto_wizards_scanner.py,6108,1787185204300000000,7e36ec4f244996d66145978ab684ea26792defd52c2c245aec83bdd06963cc87,hashed,True
forensic_b,tests/test_crypto_wizards_sweep.py,/Volumes/Expansion/TheWizForensic-20260819b/tests/test_crypto_wizards_sweep.py,12190,1787185204300000000,b791597cf8b00c630089cd8db157132d0dcdd0242822510db872000a8e97d7db,hashed,False
forensic_b,tests/test_current_wizard_hyperliquid_daily_runner.py,/Volumes/Expansion/TheWizForensic-20260819b/tests/test_current_wizard_hyperliquid_daily_runner.py,26992,1787185204300000000,3955e7517125849c35b4e7804048c869aaf2a985da22acab3278c73e4930ffa6,hashed,False
forensic_b,tests/test_current_wizard_hyperliquid_handoff.py,/Volumes/Expansion/TheWizForensic-20260819b/tests/test_current_wizard_hyperliquid_handoff.py,53215,1787196170340000000,4540a665f8e4a233a9a41b837cd39593af0aa543ce134adcc7d6e6761b272044,hashed,False
forensic_b,tests/test_current_wizard_hyperliquid_math_comparison.py,/Volumes/Expansion/TheWizForensic-20260819b/tests/test_current_wizard_hyperliquid_math_comparison.py,3206,1786934515000000000,d4b28a2f03d1ee1ab1ca1a6d49023f2d592a77dc8a43dd6e0edf24ffa2b652bd,hashed,False
forensic_b,tests/test_dydx_candles.py,/Volumes/Expansion/TheWizForensic-20260819b/tests/test_dydx_candles.py,18123,1787192609060000000,2447c8aabc0953cb802e22a7c106548db4f4149b15b129b84b3a124bd72d9f8b,hashed,False
forensic_b,tests/test_dynamic_agent_ledger.py,/Volumes/Expansion/TheWizForensic-20260819b/tests/test_dynamic_agent_ledger.py,5824,1787185204310000000,b2615dbc5ca2b85a22b1582726b392513d06570bfe45343f0e88240de0a2aa03,hashed,False
forensic_b,tests/test_dynamic_agent_venue_gate.py,/Volumes/Expansion/TheWizForensic-20260819b/tests/test_dynamic_agent_venue_gate.py,2209,1787195592220000000,fec7d8368d6d689cd387b275836d2790ef15c9b0256afcc669a0ec5f2cb853f1,hashed,False
forensic_b,tests/test_entry_exit_contracts.py,/Volumes/Expansion/TheWizForensic-20260819b/tests/test_entry_exit_contracts.py,1194,1787188467110000000,a3415f070f8dc6f5e055772e6659c9f56775bc4ea650d4fd31b93e9534171032,hashed,True
forensic_b,tests/test_env.py,/Volumes/Expansion/TheWizForensic-20260819b/tests/test_env.py,2142,1787198004970000000,751f46c6bb7f26dcd6d78384a752af17a278b88c4df6088b22f8e8c99ffdffe8,hashed,False
forensic_b,tests/test_execution.py,/Volumes/Expansion/TheWizForensic-20260819b/tests/test_execution.py,72546,1787197219780000000,52626de96f132a153526d9b47e862018cd3213d9f27c859b9df1bc1cc06440b6,hashed,False
forensic_b,tests/test_exhaustive_wizard_hyperliquid_replay.py,/Volumes/Expansion/TheWizForensic-20260819b/tests/test_exhaustive_wizard_hyperliquid_replay.py,55166,1787191384560000000,f6cde9d8ffa4ff2007cf467226acae0d66513a4329ecd630a9e3ee93d3d32f9b,hashed,False
forensic_b,tests/test_experiments.py,/Volumes/Expansion/TheWizForensic-20260819b/tests/test_experiments.py,16377,1787194088310000000,0dbd0816630de56cc6e4fb414bc9007a4b9528026fc321929b8a7bc22637ffed,hashed,False
forensic_b,tests/test_feature_engine.py,/Volumes/Expansion/TheWizForensic-20260819b/tests/test_feature_engine.py,2195,1787185204340000000,49347383d5974ac6950cb823a75f65180cf69c4b05185472f358f2e12da8d7ce,hashed,True
forensic_b,tests/test_forensic_project_audit.py,/Volumes/Expansion/TheWizForensic-20260819b/tests/test_forensic_project_audit.py,3441,1787199812320000000,94d8e5826123c08bee1d2525420e250c99e01f207fdde69b3db03070dfea1712,hashed,True
forensic_b,tests/test_funding.py,/Volumes/Expansion/TheWizForensic-20260819b/tests/test_funding.py,9672,1787192591480000000,bff6b5464c1371bf3fbadff891cf2ff78ff3004e116d4b5a0c3b624c8887ad88,hashed,False
forensic_b,tests/test_hyperliquid.py,/Volumes/Expansion/TheWizForensic-20260819b/tests/test_hyperliquid.py,39981,1787193816040000000,4a57f163f44b1b12f0c3ada9bbef7096cb7e4b2e0e4360f4ee54900b4f0e03d4,hashed,False
forensic_b,tests/test_hyperliquid_testnet.py,/Volumes/Expansion/TheWizForensic-20260819b/tests/test_hyperliquid_testnet.py,46933,1787185204350000000,a263be3a091115d60abdd32a65143012be9989af24922a69f7b1735a4aaca456,hashed,False
forensic_b,tests/test_legacy_pipeline_quarantine.py,/Volumes/Expansion/TheWizForensic-20260819b/tests/test_legacy_pipeline_quarantine.py,1376,1787200936800000000,352d7594ff6c80b56161fe7b15d18b1bc02bd16a0ff3f7a674d93ffead391656,hashed,True
forensic_b,tests/test_math_v2_acceptance.py,/Volumes/Expansion/TheWizForensic-20260819b/tests/test_math_v2_acceptance.py,843,1787185204370000000,9599313e1ede12b2aae4a670b10c112987d65d1782e5c39a26ec5b268b11ef1e,hashed,True
forensic_b,tests/test_meta_learning.py,/Volumes/Expansion/TheWizForensic-20260819b/tests/test_meta_learning.py,8809,1787185204370000000,182beacc6539f98063db05c6613b777fb14eebe4b46021c5034810c22658acc9,hashed,True
forensic_b,tests/test_ml_filter.py,/Volumes/Expansion/TheWizForensic-20260819b/tests/test_ml_filter.py,29015,1787191026500000000,79b14fff82db187e296c2f9b50bbe49556362bc13e94c1176dfdb40f9ec50af3,hashed,False
forensic_b,tests/test_orchestration_rl.py,/Volumes/Expansion/TheWizForensic-20260819b/tests/test_orchestration_rl.py,70253,1787190523470000000,24c60e72ab21ce0e4d7267f0274087ed4b169cf3c461b295139402193683e9be,hashed,False
forensic_b,tests/test_package_build.py,/Volumes/Expansion/TheWizForensic-20260819b/tests/test_package_build.py,979,1787199812320000000,41e6ce70511f9f146ab0c62faa1e9691968859e636df5239107bb517c6aff1e6,hashed,True
forensic_b,tests/test_performance_math_v2.py,/Volumes/Expansion/TheWizForensic-20260819b/tests/test_performance_math_v2.py,7765,1787198358700000000,1dab8d3cd80ae70c3311bdb522d115c0be4eb3ce29bcec4ca3d1afe584cab40e,hashed,False
forensic_b,tests/test_regimes.py,/Volumes/Expansion/TheWizForensic-20260819b/tests/test_regimes.py,3799,1787190269140000000,f57cd62ff4de735d6d60f9d6613685198740abd9c81fb0aa6be9e0940ba113b6,hashed,False
forensic_b,tests/test_research_ingestion.py,/Volumes/Expansion/TheWizForensic-20260819b/tests/test_research_ingestion.py,7070,1787186121190000000,fe41362f9a5181712d9ecf2bab72fe420cded34c660a39c7a49012b3633f4b19,hashed,False
forensic_b,tests/test_research_paper_reproduction.py,/Volumes/Expansion/TheWizForensic-20260819b/tests/test_research_paper_reproduction.py,5103,1787186770230000000,27dbac489aee2d2620648c975f5806b3e3f47539e0b425d3e9406436015f77e4,hashed,False
forensic_b,tests/test_research_paper_reviews.py,/Volumes/Expansion/TheWizForensic-20260819b/tests/test_research_paper_reviews.py,3636,1787188641970000000,d39164effe27eef3c2e3529ecdda3d129660459ff319a1ffe657e327191ff041,hashed,False
forensic_b,tests/test_rl_brain_contract.py,/Volumes/Expansion/TheWizForensic-20260819b/tests/test_rl_brain_contract.py,37653,1787186407610000000,7a5f4c0120779f28ac1ee9d4d62ad4388370ba93926b44b04b3ca8567eea7f23,hashed,False
forensic_b,tests/test_runtime_types.py,/Volumes/Expansion/TheWizForensic-20260819b/tests/test_runtime_types.py,342,1787194985900000000,f5df0eb65d2fba7bfdbc0f1e87a199713a8576d04a4357412e29e1c79d77a463,hashed,True
forensic_b,tests/test_statistics_math_v2.py,/Volumes/Expansion/TheWizForensic-20260819b/tests/test_statistics_math_v2.py,5678,1787188331140000000,ad575307c3b2736747829b76b46dbc834585dcd6762679a51c51accfb6c2459e,hashed,False
forensic_b,tests/test_strategy_registry.py,/Volumes/Expansion/TheWizForensic-20260819b/tests/test_strategy_registry.py,2799,1787190490070000000,5a4b9406f3dcbc46ef174991d200ab61dbe875ce12b7f02fc6a06a158ce08df2,hashed,False
forensic_b,tests/test_student_readiness.py,/Volumes/Expansion/TheWizForensic-20260819b/tests/test_student_readiness.py,4766,1787185204390000000,419ec425ea01698ceb6306c6328800e9a12c8be4369f740089dac599b5f60afb,hashed,False
forensic_b,tests/test_teacher_adapters.py,/Volumes/Expansion/TheWizForensic-20260819b/tests/test_teacher_adapters.py,4112,1787185204390000000,9b9b20e32fd01489b47d833418c275827bea1c974bbf936b5af9265e5267734f,hashed,False
forensic_b,tests/test_teacher_control_plane.py,/Volumes/Expansion/TheWizForensic-20260819b/tests/test_teacher_control_plane.py,2514,1787185204390000000,0a31f36c5142a2891ec8235adf4636fb972a96ffa57a42dc521e80f68426dd73,hashed,True
forensic_b,tests/test_teacher_council.py,/Volumes/Expansion/TheWizForensic-20260819b/tests/test_teacher_council.py,6727,1787185204400000000,eb7cb20ee9a422aaa0dfd5e0339224bfed35f509dcd12bc4b63376854a957622,hashed,False
forensic_b,tests/test_teacher_evidence_materializer.py,/Volumes/Expansion/TheWizForensic-20260819b/tests/test_teacher_evidence_materializer.py,12099,1787188101970000000,60196f5f0557ffaae905bb262fa6d93028ab3cdb2ab6af18024d4d2912f2ea85,hashed,False
forensic_b,tests/test_three_brain_system.py,/Volumes/Expansion/TheWizForensic-20260819b/tests/test_three_brain_system.py,139362,1787185204400000000,a43369eb914b811f47f5883a56014ba5a95cd677c3ae5e284e15d143441a3816,hashed,True
forensic_b,tests/test_udemy_math_reconciliation.py,/Volumes/Expansion/TheWizForensic-20260819b/tests/test_udemy_math_reconciliation.py,6832,1787200927410000000,34135cc5e2effc719a765423a657e2f46033c9207fc31394be608d64b2d07af3,hashed,False
forensic_b,tests/test_udemy_transcript_vault.py,/Volumes/Expansion/TheWizForensic-20260819b/tests/test_udemy_transcript_vault.py,6440,1787191632160000000,2d1496387abbf42504ad5ad78e3c1e0060b4d2ffe9cdd9837f7926393db82250,hashed,False
forensic_b,tests/test_wizard_candidate_set.py,/Volumes/Expansion/TheWizForensic-20260819b/tests/test_wizard_candidate_set.py,1123,1787193848140000000,3a5cd54038693f28185131a526dfabe19672cc4578982d0e2ff681b42611d4ab,hashed,False
forensic_b,tests/test_wizard_control_plane.py,/Volumes/Expansion/TheWizForensic-20260819b/tests/test_wizard_control_plane.py,7661,1787185204400000000,e28594c468b03168c5b169bd85bf3b95f41fd28e7a82f86051d60694a6466073,hashed,False
forensic_b,tests/test_wizard_credit_ledger.py,/Volumes/Expansion/TheWizForensic-20260819b/tests/test_wizard_credit_ledger.py,15102,1786809190000000000,94c4019f22682451e7b70f6437bb265781a255d67cee56fbf769a428e5596773,hashed,False
forensic_b,tests/test_wizard_evidence.py,/Volumes/Expansion/TheWizForensic-20260819b/tests/test_wizard_evidence.py,72882,1787193884710000000,3ea4e2037f07f97bc08efe91d705c3909a5a1777356ceffdbeb339314f3af31d,hashed,False
forensic_b,tests/test_wizard_mode_replay.py,/Volumes/Expansion/TheWizForensic-20260819b/tests/test_wizard_mode_replay.py,8069,1787195132690000000,61c9d34310ed7b904e43151d04bc9a55bf0bad9a93d8fcb314a3c66bc4895aef,hashed,False
forensic_b,tests/test_wizard_research_journal.py,/Volumes/Expansion/TheWizForensic-20260819b/tests/test_wizard_research_journal.py,12669,1786798839000000000,c05a0397779d5787bd8782048e15538cae2a7a5b4dfb912c490efd34b1a8beaf,hashed,True
forensic_b,tests/test_youtube_brain.py,/Volumes/Expansion/TheWizForensic-20260819b/tests/test_youtube_brain.py,12010,1787197227360000000,749547cad516fcd0d6615a94c8fd7661c6553de295e25f78763b47b20dde098f,hashed,False
forensic_b,tests/test_zscore_utils.py,/Volumes/Expansion/TheWizForensic-20260819b/tests/test_zscore_utils.py,463,1787190160380000000,ad70b72a05b74ee5fd418a908bbf16a809ba5a8e4147197dd4e17212fc326df3,hashed,True
source_candidate,pyproject.toml,/Volumes/Expansion/TheWiz-Workspace/reconciliation-inputs/current-source-candidate/pyproject.toml,2735,1789388155000000000,9d7c24ea6551dd54e361c983f8039d0936728818a9e8036e2d5379465f29a6f1,hashed,True
source_candidate,uv.lock,/Volumes/Expansion/TheWiz-Workspace/reconciliation-inputs/current-source-candidate/uv.lock,1073296,1789388155000000000,bc67c17f3873991bc3dfb7a3bf782153d81838402a9c6057de4be9a854549a9a,hashed,True
source_candidate,config/acceptance_policy_manifest.json,/Volumes/Expansion/TheWiz-Workspace/reconciliation-inputs/current-source-candidate/config/acceptance_policy_manifest.json,3376,1789388155000000000,65d88e28ee4f1201cea95a0777afd5aebcd26b2dd638764a2393f5ab17e4d923,hashed,True
source_candidate,config/collection_verification_batches.json,/Volumes/Expansion/TheWiz-Workspace/reconciliation-inputs/current-source-candidate/config/collection_verification_batches.json,301383,1789388155000000000,3f9f44b2572e26504e74bcb23fcf8a28281ee76916da72b3394e485844d69b8d,hashed,True
source_candidate,config/collection_verification_scope.json,/Volumes/Expansion/TheWiz-Workspace/reconciliation-inputs/current-source-candidate/config/collection_verification_scope.json,295531,1789388155000000000,3cd182480eba6f926f3b48dd03c2856db28fadefc3ebfe7bbe9abdd4e23749e8,hashed,True
source_candidate,config/human_evidence_research_sources.json,/Volumes/Expansion/TheWiz-Workspace/reconciliation-inputs/current-source-candidate/config/human_evidence_research_sources.json,1280,1789388155000000000,028cc87ce64cee7e433b260f8a43e6fb8ae1c62122fa6ade8a797fc9b5671164,hashed,True
source_candidate,config/math_desk_source_exclusions.csv,/Volumes/Expansion/TheWiz-Workspace/reconciliation-inputs/current-source-candidate/config/math_desk_source_exclusions.csv,1962,1789388155000000000,5000787676c6441f8118fb65698163d3873a01fb7c225b78355ca8452b0137e5,hashed,True
source_candidate,config/math_desk_visual_equation_reviews.csv,/Volumes/Expansion/TheWiz-Workspace/reconciliation-inputs/current-source-candidate/config/math_desk_visual_equation_reviews.csv,94242,1789388155000000000,dac0a64ccda046c3d441f1c8239f6fed308b08dc83cbbf257a738b2c1811121c,hashed,True
source_candidate,config/personal_self_directed_declaration.example.json,/Volumes/Expansion/TheWiz-Workspace/reconciliation-inputs/current-source-candidate/config/personal_self_directed_declaration.example.json,298,1789388155000000000,2377db99128cc2f4ab53d9cabc8dbd3f9400a54322b875e75895bdfbc51ac331,hashed,True
source_candidate,config/research_assertion_attack_manifest.csv,/Volumes/Expansion/TheWiz-Workspace/reconciliation-inputs/current-source-candidate/config/research_assertion_attack_manifest.csv,11179,1789388155000000000,998ad96981e2bdb7c72ee59f6e6d032123966fc40038ef80ca303ad738629cac,hashed,True
source_candidate,config/research_paper_assessments.yaml,/Volumes/Expansion/TheWiz-Workspace/reconciliation-inputs/current-source-candidate/config/research_paper_assessments.yaml,44745,1789388155000000000,1a9c4c1d9aadcf07dff55b84d69c326b7195eaa5c2ba9460b7cd10cad48d4678,hashed,True
source_candidate,config/research_rag.json,/Volumes/Expansion/TheWiz-Workspace/reconciliation-inputs/current-source-candidate/config/research_rag.json,467,1789388155000000000,a656e47d895e5514b2be0d625181d38db43f4e706c599f936ffeaa199e7f0854,hashed,True
source_candidate,config/research_rag_sources.json,/Volumes/Expansion/TheWiz-Workspace/reconciliation-inputs/current-source-candidate/config/research_rag_sources.json,13267,1789388155000000000,15c55ccdcc428aa5674a371cc6742796431a876001bc949a393e69b347df5346,hashed,True
source_candidate,config/research_tool_runtime.json,/Volumes/Expansion/TheWiz-Workspace/reconciliation-inputs/current-source-candidate/config/research_tool_runtime.json,1479,1789388155000000000,1a7ab5896a3b1691d64c7cc3bd91a072c9b76aa01160d0263f5decebb3deddb4,hashed,True
source_candidate,config/research_validation_surface_registry.json,/Volumes/Expansion/TheWiz-Workspace/reconciliation-inputs/current-source-candidate/config/research_validation_surface_registry.json,2034,1789388155000000000,e8776363e05c0c3e23210561341c10458b7677e07a102ac1df3b141041241c66,hashed,True
source_candidate,config/risk_desk_visual_reviews.csv,/Volumes/Expansion/TheWiz-Workspace/reconciliation-inputs/current-source-candidate/config/risk_desk_visual_reviews.csv,6795,1789388155000000000,548e39bd37a34939a81cd06aa7d77d3ebdc23a384601ce21cac27532a0d3450c,hashed,True
source_candidate,config/strategy_desk_index.json,/Volumes/Expansion/TheWiz-Workspace/reconciliation-inputs/current-source-candidate/config/strategy_desk_index.json,31548,1789388155000000000,7d439f05902f19c500f701f5ca9675bc5269d72e6b31493e880f88b3510f17ad,hashed,True
source_candidate,config/wizard_surface_inventory_contract.json,/Volumes/Expansion/TheWiz-Workspace/reconciliation-inputs/current-source-candidate/config/wizard_surface_inventory_contract.json,527,1789388155000000000,317f7e825d7376dabc61fa0e54df5cc3055d224055759b631d4ccbfef3870bf0,hashed,True
source_candidate,config/strategy_desk_reviews/ou_spread_retired_20260909.json,/Volumes/Expansion/TheWiz-Workspace/reconciliation-inputs/current-source-candidate/config/strategy_desk_reviews/ou_spread_retired_20260909.json,8463,1789388155000000000,754f7e837a923be10b9b7c6d305d7e928371f8a9825a03696f30d94cdab21a38,hashed,True
source_candidate,config/strategy_desk_reviews/ou_zscore_retired_20260909.json,/Volumes/Expansion/TheWiz-Workspace/reconciliation-inputs/current-source-candidate/config/strategy_desk_reviews/ou_zscore_retired_20260909.json,8562,1789388155000000000,62cc78fa22d66ead5d6255be5d66d006514cfcd98d3dee7c19c8cc4b2a62f7a7,hashed,True
source_candidate,config/strategy_desks/copula_research_20260909.json,/Volumes/Expansion/TheWiz-Workspace/reconciliation-inputs/current-source-candidate/config/strategy_desks/copula_research_20260909.json,8539,1789388155000000000,08330e8e464370d015dc1e5cf16a9b64530a30369f66568408992172fc2aecc4,hashed,True
source_candidate,config/strategy_desks/copula_research_20260909.manifest.json,/Volumes/Expansion/TheWiz-Workspace/reconciliation-inputs/current-source-candidate/config/strategy_desks/copula_research_20260909.manifest.json,496,1789388155000000000,562e79728911fb40aa74b4052526930afe38be87f7db3b3fd3008b4e80468319,hashed,True
source_candidate,config/strategy_desks/dynamic_spread_research_20260909.json,/Volumes/Expansion/TheWiz-Workspace/reconciliation-inputs/current-source-candidate/config/strategy_desks/dynamic_spread_research_20260909.json,8912,1789388155000000000,6629eaeca248c7aaf7172d7c1f32b78b3518f7d3bad752d8b964dc2acd5c3e52,hashed,True
source_candidate,config/strategy_desks/dynamic_spread_research_20260909.manifest.json,/Volumes/Expansion/TheWiz-Workspace/reconciliation-inputs/current-source-candidate/config/strategy_desks/dynamic_spread_research_20260909.manifest.json,512,1789388155000000000,0348219f641cd0606b0b6b98c1c94092aba63a6e9a29f3aa96b1438d29a82b90,hashed,True
source_candidate,config/strategy_desks/dynamic_zscore_research_20260909.json,/Volumes/Expansion/TheWiz-Workspace/reconciliation-inputs/current-source-candidate/config/strategy_desks/dynamic_zscore_research_20260909.json,9032,1789388155000000000,f4e144d3848b9ed1634f02df4c6b15067da8cfcb8964492768e45b0b138122b9,hashed,True
source_candidate,config/strategy_desks/dynamic_zscore_research_20260909.manifest.json,/Volumes/Expansion/TheWiz-Workspace/reconciliation-inputs/current-source-candidate/config/strategy_desks/dynamic_zscore_research_20260909.manifest.json,512,1789388155000000000,cfb12b665b769f0947c10e5406e223e192cd6ca4a53219e83a360b6cce9f62eb,hashed,True
source_candidate,config/strategy_desks/static_spread_research_20260909.json,/Volumes/Expansion/TheWiz-Workspace/reconciliation-inputs/current-source-candidate/config/strategy_desks/static_spread_research_20260909.json,7756,1789388155000000000,812d1520eb326b433f9866d908abde8e7474f57f65351d06a171a7d24138a200,hashed,True
source_candidate,config/strategy_desks/static_spread_research_20260909.manifest.json,/Volumes/Expansion/TheWiz-Workspace/reconciliation-inputs/current-source-candidate/config/strategy_desks/static_spread_research_20260909.manifest.json,510,1789388155000000000,5463b2f80f0a1f29dbcedee95721eefe3f4b5ca54b33cf056c230c9425a43fd6,hashed,True
source_candidate,config/strategy_desks/static_zscore_research_20260909.json,/Volumes/Expansion/TheWiz-Workspace/reconciliation-inputs/current-source-candidate/config/strategy_desks/static_zscore_research_20260909.json,8289,1789388155000000000,8fba23446679afd625e887c4bd7f778ab89ff746fa24fa3cf3d8ed85e4560d4d,hashed,True
source_candidate,config/strategy_desks/static_zscore_research_20260909.manifest.json,/Volumes/Expansion/TheWiz-Workspace/reconciliation-inputs/current-source-candidate/config/strategy_desks/static_zscore_research_20260909.manifest.json,510,1789388155000000000,9fb875da16f63b6fe4ca39db427ac9643b7f7caf00e8e8afe7795aa7d7641bcf,hashed,True
source_candidate,scripts/attest_full_video_gap_rescrub_postseal.py,/Volumes/Expansion/TheWiz-Workspace/reconciliation-inputs/current-source-candidate/scripts/attest_full_video_gap_rescrub_postseal.py,108595,1789388156000000000,1468b4029ad8ffb864c6ad2196c7a27c63e9a84a07393f7a848c725fa6f9af82,hashed,True
source_candidate,scripts/build_authoritative_lineage_closure.py,/Volumes/Expansion/TheWiz-Workspace/reconciliation-inputs/current-source-candidate/scripts/build_authoritative_lineage_closure.py,104465,1789388156000000000,df580f16c0703e50966b029282eecdfc6e32730fddde6560e047e3ae90548f34,hashed,True
source_candidate,scripts/build_corrective_checkpoint.py,/Volumes/Expansion/TheWiz-Workspace/reconciliation-inputs/current-source-candidate/scripts/build_corrective_checkpoint.py,11637,1789388156000000000,346641ad47e755de7a20e8c778a2a83d55ab8e8646f397946bb84f841c8c3e8e,hashed,True
source_candidate,scripts/build_current_lineage_action_census.py,/Volumes/Expansion/TheWiz-Workspace/reconciliation-inputs/current-source-candidate/scripts/build_current_lineage_action_census.py,51672,1789388156000000000,5184620c5bd2c4a2a292137f67b404cf15239d74a5d4e2c985d6a13e21260b7d,hashed,True
source_candidate,scripts/build_current_recovery_checkpoint.py,/Volumes/Expansion/TheWiz-Workspace/reconciliation-inputs/current-source-candidate/scripts/build_current_recovery_checkpoint.py,11822,1789388156000000000,2efead7edc86b63f4e29d72c8bec8cab63ec121ae5b1eafcfab785784d45bc01,hashed,True
source_candidate,scripts/build_dashboard_full_inventory.py,/Volumes/Expansion/TheWiz-Workspace/reconciliation-inputs/current-source-candidate/scripts/build_dashboard_full_inventory.py,48891,1789388156000000000,22bd9898d54b2881e26a001242e0472776f4674d2b8c37b41757b86e2f2eddaa,hashed,True
source_candidate,scripts/build_full_video_diagnostic.py,/Volumes/Expansion/TheWiz-Workspace/reconciliation-inputs/current-source-candidate/scripts/build_full_video_diagnostic.py,38095,1789388156000000000,ed08e8f60fef6dd0ab746aaf495cbe6a34a0155188e3f665a02632ec1f3538b2,hashed,False
source_candidate,scripts/build_full_video_gap_rescrub.py,/Volumes/Expansion/TheWiz-Workspace/reconciliation-inputs/current-source-candidate/scripts/build_full_video_gap_rescrub.py,57618,1789388156000000000,d9a378c6874cd8b495d80c995d6de99488cf1d318eb1483849be5f3c97cb497d,hashed,True
source_candidate,scripts/build_human_evidence_preview.py,/Volumes/Expansion/TheWiz-Workspace/reconciliation-inputs/current-source-candidate/scripts/build_human_evidence_preview.py,2663,1789388156000000000,40b1f208e5e3b3b89b7ac4364513ad8c8a7ef20b769a1e024a5d02ef076be84e,hashed,True
source_candidate,scripts/build_lineage_video_routing.py,/Volumes/Expansion/TheWiz-Workspace/reconciliation-inputs/current-source-candidate/scripts/build_lineage_video_routing.py,15701,1789388156000000000,9daaa334fcb677fb481e4f069d70f4867efe6db657eb2f02dc01bd37e74c7b51,hashed,True
source_candidate,scripts/build_node_coverage_crosswalk.py,/Volumes/Expansion/TheWiz-Workspace/reconciliation-inputs/current-source-candidate/scripts/build_node_coverage_crosswalk.py,52037,1789388156000000000,9b34fd419649496440b53109f4cba272388750bde555ae1763b0b9c39ba88b70,hashed,True
source_candidate,scripts/build_self_inspection_scorecard.py,/Volumes/Expansion/TheWiz-Workspace/reconciliation-inputs/current-source-candidate/scripts/build_self_inspection_scorecard.py,144772,1789388156000000000,88df40440f2c2ad07a914fcfbf385b0aaa136848e56370abba04158c30120bc1,hashed,True
source_candidate,scripts/build_surface_log_test_registry.py,/Volumes/Expansion/TheWiz-Workspace/reconciliation-inputs/current-source-candidate/scripts/build_surface_log_test_registry.py,115700,1789388156000000000,4e207fd098e23b484d5d18939adee4d18ffb88a3cf2498f6b2a9dcdd82b41fad,hashed,True
source_candidate,scripts/build_unified_gap_index.py,/Volumes/Expansion/TheWiz-Workspace/reconciliation-inputs/current-source-candidate/scripts/build_unified_gap_index.py,82197,1789388156000000000,0e07a4dc24ec91c18b3b83479298e584faa73db170c2d964456a11ce388e9c37,hashed,True
source_candidate,scripts/build_video_review_sidecars.py,/Volumes/Expansion/TheWiz-Workspace/reconciliation-inputs/current-source-candidate/scripts/build_video_review_sidecars.py,171,1789388156000000000,b920b0afbfae615b352f976c2438a802c940086e3cf6108f01021a83e69e6d03,hashed,True
source_candidate,scripts/build_wizard_research_journal_schema.py,/Volumes/Expansion/TheWiz-Workspace/reconciliation-inputs/current-source-candidate/scripts/build_wizard_research_journal_schema.py,10366,1789388156000000000,8e2744cd4f4e5f544d159c8eea8d4e2e6b733718ef73b07ef439b998a0247413,hashed,True
source_candidate,scripts/capture_crypto_wizards_pair_detail_ui_bundle.js,/Volumes/Expansion/TheWiz-Workspace/reconciliation-inputs/current-source-candidate/scripts/capture_crypto_wizards_pair_detail_ui_bundle.js,16876,1789388156000000000,328a0675f9e7483100962d5d4bf3eb0d54c1b96f5e3e03af71c4e5cdd00c45a8,hashed,True
source_candidate,scripts/collection_startup_verify.py,/Volumes/Expansion/TheWiz-Workspace/reconciliation-inputs/current-source-candidate/scripts/collection_startup_verify.py,43628,1789388156000000000,9c10a125858c28856f67143863ce13fea135f0f9bf2cf12e7188c394a86c5b7e,hashed,False
source_candidate,scripts/crawl_crypto_wizards_with_curl.sh,/Volumes/Expansion/TheWiz-Workspace/reconciliation-inputs/current-source-candidate/scripts/crawl_crypto_wizards_with_curl.sh,3054,1789388156000000000,dcc214cffda9d2d91c48a51cbf0368b5853859982abd7d1ad8ac2cc2586b1851,hashed,True
source_candidate,scripts/current_test_bundle_consumer.py,/Volumes/Expansion/TheWiz-Workspace/reconciliation-inputs/current-source-candidate/scripts/current_test_bundle_consumer.py,22506,1789388156000000000,6ef7061c1e2f0ce1c04fd812e9c8aef86955c5e7816032e91427dd560e43636e,hashed,True
source_candidate,scripts/finalize_full_project_test_receipt.py,/Volumes/Expansion/TheWiz-Workspace/reconciliation-inputs/current-source-candidate/scripts/finalize_full_project_test_receipt.py,63085,1789388156000000000,f499a5fc3fa3aaae7612c0f6947534d0a4ff81229fb200b9f55f97716d1541cb,hashed,True
source_candidate,scripts/finalize_relevant_test_receipt.py,/Volumes/Expansion/TheWiz-Workspace/reconciliation-inputs/current-source-candidate/scripts/finalize_relevant_test_receipt.py,100195,1789388156000000000,e0bb049e047a949931d9c58d8e2fe2c603f6a6626f30ae5d5f10bd80caae62ed,hashed,True
source_candidate,scripts/lineage_state_contract.py,/Volumes/Expansion/TheWiz-Workspace/reconciliation-inputs/current-source-candidate/scripts/lineage_state_contract.py,6699,1789388156000000000,3aa29735cf48f50c53f8f91a64dd519953a3e19747a0ba00ded6436817fc8606,hashed,True
source_candidate,scripts/phase00_closure_verify.py,/Volumes/Expansion/TheWiz-Workspace/reconciliation-inputs/current-source-candidate/scripts/phase00_closure_verify.py,183106,1789388156000000000,fcf85820dda5ecf2e14c0ca633dd1c475cec18cb0ec420a648c0ebee5c6ac9ff,hashed,True
source_candidate,scripts/planned_control_source_contract.py,/Volumes/Expansion/TheWiz-Workspace/reconciliation-inputs/current-source-candidate/scripts/planned_control_source_contract.py,40628,1789388156000000000,20d5dbdeb120aad8a9f24c343dda8ed88251ef067f6fd6359c2b58e13a82b47c,hashed,True
source_candidate,scripts/pytest_execution_contract.py,/Volumes/Expansion/TheWiz-Workspace/reconciliation-inputs/current-source-candidate/scripts/pytest_execution_contract.py,324686,1789388156000000000,46be55d3ce7e33a4e919533bf7a04d6d31d1bb382373e05c021452ecd4e18ecd,hashed,True
source_candidate,scripts/pytest_import_path_probe.py,/Volumes/Expansion/TheWiz-Workspace/reconciliation-inputs/current-source-candidate/scripts/pytest_import_path_probe.py,815,1789388156000000000,9ab0835fc7e53047c33e641d445e0127ea0fe56a0c0d437b24770e2cce0f01dc,hashed,True
source_candidate,scripts/pytest_outcome_plugin.py,/Volumes/Expansion/TheWiz-Workspace/reconciliation-inputs/current-source-candidate/scripts/pytest_outcome_plugin.py,6353,1789388156000000000,88e2265d22e842784299d04d610a170f6f28e77d09c376052d6d27cd8492c4ce,hashed,True
source_candidate,scripts/rebase_gate_authority_chain.py,/Volumes/Expansion/TheWiz-Workspace/reconciliation-inputs/current-source-candidate/scripts/rebase_gate_authority_chain.py,112909,1789388156000000000,085d497a7f75736f7163a7a9c2cbf04057bb6b6ba56a12559291fe47c7b3b01f,hashed,True
source_candidate,scripts/research_rag.py,/Volumes/Expansion/TheWiz-Workspace/reconciliation-inputs/current-source-candidate/scripts/research_rag.py,859,1789388156000000000,cc30828a169265caec86142da4432c9294aa0d59f24ea880b07748067fb0779f,hashed,True
source_candidate,scripts/run_evidence_pipeline_phase9_final_promotion.py,/Volumes/Expansion/TheWiz-Workspace/reconciliation-inputs/current-source-candidate/scripts/run_evidence_pipeline_phase9_final_promotion.py,8228,1789388156000000000,6dab32cd6990de1d53684333eedae71ea7d4b58763cd73a9bd97afdcb45d564e,hashed,True
source_candidate,scripts/seal_full_video_gap_rescrub_package.py,/Volumes/Expansion/TheWiz-Workspace/reconciliation-inputs/current-source-candidate/scripts/seal_full_video_gap_rescrub_package.py,121048,1789388156000000000,6bd2f0bd0b9dfb10cac10fd51591979a10585a534257089ce4b1ba64a828f035,hashed,True
source_candidate,scripts/serve_human_evidence_preview.cjs,/Volumes/Expansion/TheWiz-Workspace/reconciliation-inputs/current-source-candidate/scripts/serve_human_evidence_preview.cjs,2168,1789388156000000000,7c7d43eb934472cce6ce834e0658820eda4bab96316a4df826b60799bc8254b6,hashed,True
source_candidate,scripts/stable_project_snapshot.py,/Volumes/Expansion/TheWiz-Workspace/reconciliation-inputs/current-source-candidate/scripts/stable_project_snapshot.py,18342,1789388156000000000,796eb8d27a00d8a02425a285e235561dc7217e9fb2e74793ca54f16c30f6b88b,hashed,True
source_candidate,scripts/thewiz_tools.py,/Volumes/Expansion/TheWiz-Workspace/reconciliation-inputs/current-source-candidate/scripts/thewiz_tools.py,1183,1789388156000000000,be2ac17d565a5971a07840c498ce2abeebad4a2326afed60b4c541b4be51a2a8,hashed,True
source_candidate,scripts/validate_full_video_gap_rescrub.py,/Volumes/Expansion/TheWiz-Workspace/reconciliation-inputs/current-source-candidate/scripts/validate_full_video_gap_rescrub.py,390389,1789388156000000000,4916d21d5fff360e458d6694fb815684ed809b9076c9eb2d49cb5d8b0dd2da00,hashed,True
source_candidate,scripts/validator_check_contract.py,/Volumes/Expansion/TheWiz-Workspace/reconciliation-inputs/current-source-candidate/scripts/validator_check_contract.py,1811,1789388156000000000,09889e66707d7da255707c26c8d512523a27525ba44772dff6aa7606661785d5,hashed,True
source_candidate,scripts/ops/validate_workspace.sh,/Volumes/Expansion/TheWiz-Workspace/reconciliation-inputs/current-source-candidate/scripts/ops/validate_workspace.sh,2189,1789388156000000000,ee7ea641d5a4a06ea16672355da996e30610784507e3d2fa0201055ff5a31274,hashed,True
source_candidate,scripts/schedule_logs/three_hour_schedule_20260630_004728.log,/Volumes/Expansion/TheWiz-Workspace/reconciliation-inputs/current-source-candidate/scripts/schedule_logs/three_hour_schedule_20260630_004728.log,235,1789388156000000000,5e02d7abd69128c55485b59006222432603d8463bc022285636f36232856217c,hashed,True
source_candidate,scripts/schedule_logs/three_hour_schedule_20260630_004740.log,/Volumes/Expansion/TheWiz-Workspace/reconciliation-inputs/current-source-candidate/scripts/schedule_logs/three_hour_schedule_20260630_004740.log,36215,1789388156000000000,40879bf0711ad73f3448fcfabcd97a187cc03612331b8b7c12f6ed3ccc2ee6f9,hashed,True
source_candidate,scripts/schedule_logs/three_hour_schedule_20260630_010218.log,/Volumes/Expansion/TheWiz-Workspace/reconciliation-inputs/current-source-candidate/scripts/schedule_logs/three_hour_schedule_20260630_010218.log,277,1789388156000000000,d51d548bbf31e495351522db62d667f3dddd29c70595123e8d05991fda61debc,hashed,True
source_candidate,scripts/schedule_logs/three_hour_schedule_20260630_010235.log,/Volumes/Expansion/TheWiz-Workspace/reconciliation-inputs/current-source-candidate/scripts/schedule_logs/three_hour_schedule_20260630_010235.log,277,1789388156000000000,4d03fb4ae54607a223fa4322243d66412a4b56893d70d4cc6ffb9a6048b8818c,hashed,True
source_candidate,scripts/schedule_logs/three_hour_schedule_20260630_010248.log,/Volumes/Expansion/TheWiz-Workspace/reconciliation-inputs/current-source-candidate/scripts/schedule_logs/three_hour_schedule_20260630_010248.log,14480,1789388156000000000,5599da5c46bfaa55ae2b758896e01dc6ae43051734510b0f47f1b5130d317173,hashed,True
source_candidate,scripts/schedule_logs/three_hour_schedule_20260630_010351.log,/Volumes/Expansion/TheWiz-Workspace/reconciliation-inputs/current-source-candidate/scripts/schedule_logs/three_hour_schedule_20260630_010351.log,277,1789388156000000000,8feddf6920b7d56707345e968ca22ab43e624b32a6714a3e4da5a59b8e017f98,hashed,True
source_candidate,scripts/schedule_logs/three_hour_schedule_20260630_010412.log,/Volumes/Expansion/TheWiz-Workspace/reconciliation-inputs/current-source-candidate/scripts/schedule_logs/three_hour_schedule_20260630_010412.log,587,1789388156000000000,0128364b8edcbab44552fc31f37d9e368f435d37c6f91abb14b9bb520994d173,hashed,True
source_candidate,scripts/schedule_logs/three_hour_schedule_20260630_010448.log,/Volumes/Expansion/TheWiz-Workspace/reconciliation-inputs/current-source-candidate/scripts/schedule_logs/three_hour_schedule_20260630_010448.log,50907,1789388156000000000,ae8ba5545678f197a3affe9cf206d508ddd1f30b52fdb4e79c474fe60bcb5e80,hashed,True
source_candidate,scripts/schedule_logs/three_hour_schedule_20260630_012443.log,/Volumes/Expansion/TheWiz-Workspace/reconciliation-inputs/current-source-candidate/scripts/schedule_logs/three_hour_schedule_20260630_012443.log,277,1789388156000000000,c50c981347671c3fb127230729de87498995a6ddb49f8f9e188cb4ff27e9962e,hashed,True
source_candidate,scripts/schedule_logs/three_hour_schedule_20260630_012446.log,/Volumes/Expansion/TheWiz-Workspace/reconciliation-inputs/current-source-candidate/scripts/schedule_logs/three_hour_schedule_20260630_012446.log,277,1789388156000000000,8b32fb1f1a2f8824c1c75511979d0487a14f43368230cbdde7321775b1913c2e,hashed,True
source_candidate,scripts/schedule_logs/three_hour_schedule_20260630_012504.log,/Volumes/Expansion/TheWiz-Workspace/reconciliation-inputs/current-source-candidate/scripts/schedule_logs/three_hour_schedule_20260630_012504.log,20254,1789388156000000000,077fe95211536570932f89d31331823492de8ddc34eb9d4ad834a86707c846f9,hashed,True
source_candidate,scripts/schedule_logs/three_hour_schedule_20260630_012553.log,/Volumes/Expansion/TheWiz-Workspace/reconciliation-inputs/current-source-candidate/scripts/schedule_logs/three_hour_schedule_20260630_012553.log,277,1789388156000000000,3bc0833da0eab04c2958469f74034e89f3f247d47dc546deb83c36595750f15c,hashed,True
source_candidate,scripts/schedule_logs/three_hour_schedule_20260630_012558.log,/Volumes/Expansion/TheWiz-Workspace/reconciliation-inputs/current-source-candidate/scripts/schedule_logs/three_hour_schedule_20260630_012558.log,277,1789388156000000000,0d79a4160b9f47af978964407258186c0a33e455beada435012d3eb95fa69886,hashed,True
source_candidate,scripts/schedule_logs/three_hour_schedule_20260630_012605.log,/Volumes/Expansion/TheWiz-Workspace/reconciliation-inputs/current-source-candidate/scripts/schedule_logs/three_hour_schedule_20260630_012605.log,364544,1789388156000000000,4ef6139d0b33e4f2ce99006ba664c16e5dbf049f517173075b72f7898f778b68,hashed,True
source_candidate,scripts/schedule_logs/three_hour_schedule_20260630_185717.log,/Volumes/Expansion/TheWiz-Workspace/reconciliation-inputs/current-source-candidate/scripts/schedule_logs/three_hour_schedule_20260630_185717.log,35422,1789388156000000000,89d25fbdb4d69e2d2b44773a4c8e94c01784850be2912b6f303da94283027dc1,hashed,True
source_candidate,src/quant_platform/ablations.py,/Volumes/Expansion/TheWiz-Workspace/reconciliation-inputs/current-source-candidate/src/quant_platform/ablations.py,9391,1789388156000000000,989054287790321de109bba22ca129d3840ff767ce221988d681c81ed1adc5c4,hashed,True
source_candidate,src/quant_platform/active_pipeline.py,/Volumes/Expansion/TheWiz-Workspace/reconciliation-inputs/current-source-candidate/src/quant_platform/active_pipeline.py,496069,1789388156000000000,ef84d959b794014badeb8a4d8099f972248eabef71c6e89f2e63e232a93d6348,hashed,True
source_candidate,src/quant_platform/apify_sources.py,/Volumes/Expansion/TheWiz-Workspace/reconciliation-inputs/current-source-candidate/src/quant_platform/apify_sources.py,44169,1789388156000000000,0e32a405f1bd8fe2089a4559ee62b503b6b2a0f672f2f54a11417cb7faac1f3c,hashed,True
source_candidate,src/quant_platform/backtest.py,/Volumes/Expansion/TheWiz-Workspace/reconciliation-inputs/current-source-candidate/src/quant_platform/backtest.py,21139,1789388156000000000,a5988596d59144eac0cc8fea4a143b9cabfefbe2ee649b83e57764814cd0ee4f,hashed,True
source_candidate,src/quant_platform/binance_testnet.py,/Volumes/Expansion/TheWiz-Workspace/reconciliation-inputs/current-source-candidate/src/quant_platform/binance_testnet.py,24540,1789388156000000000,4b0520be7f616967753db20c8e255b99486c464510d1123f929213fdb34bcba2,hashed,True
source_candidate,src/quant_platform/cli.py,/Volumes/Expansion/TheWiz-Workspace/reconciliation-inputs/current-source-candidate/src/quant_platform/cli.py,646300,1789388156000000000,6cd07d5ff430bfc559d509614406b97df38b156dcd1cb7fd93dcb00dc59ff3f8,hashed,True
source_candidate,src/quant_platform/crypto_wizards_dashboard_capture.py,/Volumes/Expansion/TheWiz-Workspace/reconciliation-inputs/current-source-candidate/src/quant_platform/crypto_wizards_dashboard_capture.py,13426,1789388156000000000,03441c3a6dfd5d5547b56ce13bacb9cde23c935760cb551d731ab5461e362b6c,hashed,True
source_candidate,src/quant_platform/crypto_wizards_history.py,/Volumes/Expansion/TheWiz-Workspace/reconciliation-inputs/current-source-candidate/src/quant_platform/crypto_wizards_history.py,38339,1789388156000000000,e888e6f3c12e6ef5cb3d172d02723a0e36eaa883108fbf92da3e29a1f5d2ab2b,hashed,True
source_candidate,src/quant_platform/crypto_wizards_scanner.py,/Volumes/Expansion/TheWiz-Workspace/reconciliation-inputs/current-source-candidate/src/quant_platform/crypto_wizards_scanner.py,28827,1789388156000000000,8fdf434d91e551b85755193a8eb7e83e80a153736af246f5786342d1fbd45fab,hashed,True
source_candidate,src/quant_platform/crypto_wizards_sweep.py,/Volumes/Expansion/TheWiz-Workspace/reconciliation-inputs/current-source-candidate/src/quant_platform/crypto_wizards_sweep.py,53634,1789388156000000000,06394686395343b5ca39ccf019b6d7cfb6403a70ac68db2c7d7e24c23fea8152,hashed,True
source_candidate,src/quant_platform/desk_review.py,/Volumes/Expansion/TheWiz-Workspace/reconciliation-inputs/current-source-candidate/src/quant_platform/desk_review.py,20636,1789388156000000000,1bd67211c99bb0f6628fe00486409c501dd443de63ff3c4f6eaa6d16252de7e5,hashed,True
source_candidate,src/quant_platform/dydx_candles.py,/Volumes/Expansion/TheWiz-Workspace/reconciliation-inputs/current-source-candidate/src/quant_platform/dydx_candles.py,50621,1789388156000000000,b113977e8894a4f6b378376e6ed94c898c8057dda6e6a0b34e844cab3bceb80d,hashed,True
source_candidate,src/quant_platform/dydx_public_endpoints.py,/Volumes/Expansion/TheWiz-Workspace/reconciliation-inputs/current-source-candidate/src/quant_platform/dydx_public_endpoints.py,2937,1789388156000000000,86463f0b7882de7a228b50770ab9defad66a1048066bb3fb0e9af40ed487953e,hashed,True
source_candidate,src/quant_platform/dydx_record_only_adapter.py,/Volumes/Expansion/TheWiz-Workspace/reconciliation-inputs/current-source-candidate/src/quant_platform/dydx_record_only_adapter.py,1841,1789388156000000000,e9d8240c943b91614fcbe4885ec2b2076eaa0b850f8b12ca880eff4f5c2f71d4,hashed,True
source_candidate,src/quant_platform/dydx_sdk_order_adapter.py,/Volumes/Expansion/TheWiz-Workspace/reconciliation-inputs/current-source-candidate/src/quant_platform/dydx_sdk_order_adapter.py,29379,1789388156000000000,9e9dbb3e5d7b5f23492f85604b3abb29c1da2874f5ad05a0a6523a9d86c7c6e6,hashed,True
source_candidate,src/quant_platform/economic_contract.py,/Volumes/Expansion/TheWiz-Workspace/reconciliation-inputs/current-source-candidate/src/quant_platform/economic_contract.py,19903,1789388156000000000,e58ed28342dfac66dcc290669282ebe046feb5cf624b3100c285cf14e20802ce,hashed,True
source_candidate,src/quant_platform/env.py,/Volumes/Expansion/TheWiz-Workspace/reconciliation-inputs/current-source-candidate/src/quant_platform/env.py,2237,1789388156000000000,1b3ac1b3aacffe8fab5f32a150651a2b654b2a5ed7fb27ddbf93cdb69637db0f,hashed,True
source_candidate,src/quant_platform/evidence_registry.py,/Volumes/Expansion/TheWiz-Workspace/reconciliation-inputs/current-source-candidate/src/quant_platform/evidence_registry.py,12222,1789388156000000000,35a4a0b22795f28d30ac2e6010cc12ddcc1971c3ca2353ef1fea16e33d998c64,hashed,True
source_candidate,src/quant_platform/execution.py,/Volumes/Expansion/TheWiz-Workspace/reconciliation-inputs/current-source-candidate/src/quant_platform/execution.py,200503,1789388156000000000,a350d7a0a39a4435bf3f4d7d6733d50047e254c3e7abbb5f0c2496c62d9fbcbe,hashed,True
source_candidate,src/quant_platform/experiments.py,/Volumes/Expansion/TheWiz-Workspace/reconciliation-inputs/current-source-candidate/src/quant_platform/experiments.py,38288,1789388156000000000,d52144efc0bb7edf8f5ed0d54ffca610196528ff0f49904968ea8f21e8a81762,hashed,True
source_candidate,src/quant_platform/family_matrix.py,/Volumes/Expansion/TheWiz-Workspace/reconciliation-inputs/current-source-candidate/src/quant_platform/family_matrix.py,14885,1789388156000000000,5bf8c8768339ed05c026502970d1903c39f7d2c7919f30aff8a5d2f1e2de4875,hashed,True
source_candidate,src/quant_platform/feature_engine.py,/Volumes/Expansion/TheWiz-Workspace/reconciliation-inputs/current-source-candidate/src/quant_platform/feature_engine.py,9268,1789388156000000000,8c080965868d1c3dc222ba5bbce790e6adacb25bf3252fb65c91dcaf614ff62d,hashed,True
source_candidate,src/quant_platform/formula_registry.py,/Volumes/Expansion/TheWiz-Workspace/reconciliation-inputs/current-source-candidate/src/quant_platform/formula_registry.py,12810,1789388156000000000,95cf022ae89aff0fc96f8a2cacb45a3aed722be96f3eaf9348a13823e8f8384d,hashed,True
source_candidate,src/quant_platform/funding.py,/Volumes/Expansion/TheWiz-Workspace/reconciliation-inputs/current-source-candidate/src/quant_platform/funding.py,12198,1789388156000000000,e08528a719228b55764f510ac54ef93f78e70ff65e911896ae512aa6d7f82c34,hashed,True
source_candidate,src/quant_platform/hyperliquid.py,/Volumes/Expansion/TheWiz-Workspace/reconciliation-inputs/current-source-candidate/src/quant_platform/hyperliquid.py,119402,1789388156000000000,f16aea476b2631f05a6b2ee3cfc9694e8a2d65ae8f38e25924f4263f92c80425,hashed,True
source_candidate,src/quant_platform/hyperliquid_testnet.py,/Volumes/Expansion/TheWiz-Workspace/reconciliation-inputs/current-source-candidate/src/quant_platform/hyperliquid_testnet.py,93824,1789388156000000000,c5c03c5ad3ccc9e539775ea4438b06f7f4cc4949dcb92d8b63afcebc7701400d,hashed,True
source_candidate,src/quant_platform/institutional_portfolio.py,/Volumes/Expansion/TheWiz-Workspace/reconciliation-inputs/current-source-candidate/src/quant_platform/institutional_portfolio.py,22742,1789388156000000000,c50f52b557727a600c435dc01cfa4c2f78925064e06e9153966772f605fa727c,hashed,True
source_candidate,src/quant_platform/institutional_risk.py,/Volumes/Expansion/TheWiz-Workspace/reconciliation-inputs/current-source-candidate/src/quant_platform/institutional_risk.py,12571,1789388156000000000,9699bbcd3b2cd8a07442a82102dbe360a42eff10b3eb83f4bedcd3e1b6e5cbc4,hashed,True
source_candidate,src/quant_platform/math_v2_acceptance.py,/Volumes/Expansion/TheWiz-Workspace/reconciliation-inputs/current-source-candidate/src/quant_platform/math_v2_acceptance.py,21903,1789388156000000000,a01ef2e6e2d81794ed6b37bd71b02b05378d38c983328f8a49929963c8c135f1,hashed,True
source_candidate,src/quant_platform/meta_learning.py,/Volumes/Expansion/TheWiz-Workspace/reconciliation-inputs/current-source-candidate/src/quant_platform/meta_learning.py,17911,1789388156000000000,1f29b9beb0d39901e45a7636cf499bcdd5a03de4e938d2a9c2c84dc3fecb99d9,hashed,True
source_candidate,src/quant_platform/ml_filter.py,/Volumes/Expansion/TheWiz-Workspace/reconciliation-inputs/current-source-candidate/src/quant_platform/ml_filter.py,74603,1789388156000000000,7df2adb5c9044d9cfaa7d0a0280ea4207272fd90f22115e3ec49833d5bda2fed,hashed,True
source_candidate,src/quant_platform/pair_detail_ingestion.py,/Volumes/Expansion/TheWiz-Workspace/reconciliation-inputs/current-source-candidate/src/quant_platform/pair_detail_ingestion.py,65843,1789388156000000000,f2d8637851dd8b8533cb86458f85ccd78a390eca59a808f07e560a09f88c2e04,hashed,True
source_candidate,src/quant_platform/performance_math.py,/Volumes/Expansion/TheWiz-Workspace/reconciliation-inputs/current-source-candidate/src/quant_platform/performance_math.py,12579,1789388156000000000,85437a9e757192d7ef3284e50d90d88c79348ddac430c9b0e1880201f901fae7,hashed,True
source_candidate,src/quant_platform/point_in_time_data.py,/Volumes/Expansion/TheWiz-Workspace/reconciliation-inputs/current-source-candidate/src/quant_platform/point_in_time_data.py,7801,1789388156000000000,adc61b1dd773736cdf228efd8fce7c4869207f86f98255dec9625696ad6a109e,hashed,True
source_candidate,src/quant_platform/protective_exits.py,/Volumes/Expansion/TheWiz-Workspace/reconciliation-inputs/current-source-candidate/src/quant_platform/protective_exits.py,15739,1789388156000000000,cc2df3487e7aab01faba18aeffb3119301751cdc2432a7e78522665466fb5e77,hashed,True
source_candidate,src/quant_platform/regimes.py,/Volumes/Expansion/TheWiz-Workspace/reconciliation-inputs/current-source-candidate/src/quant_platform/regimes.py,5563,1789388156000000000,3932d3e3ca5482579c24b8abf342ffa7f37741a5306d09e21033ac9d6b75df98,hashed,True
source_candidate,src/quant_platform/research_assertions.py,/Volumes/Expansion/TheWiz-Workspace/reconciliation-inputs/current-source-candidate/src/quant_platform/research_assertions.py,100033,1789388156000000000,1c98b712029114fe1e740d0d76cf9222b1da1e455e35230ef8556a04ea290d58,hashed,True
source_candidate,src/quant_platform/research_extract_udemy.py,/Volumes/Expansion/TheWiz-Workspace/reconciliation-inputs/current-source-candidate/src/quant_platform/research_extract_udemy.py,25911,1789388156000000000,1f35afd9fffa5de8907bf93b1c499a25c70dbc20f90f11eee36c18d3b4c30969,hashed,True
source_candidate,src/quant_platform/research_ingestion.py,/Volumes/Expansion/TheWiz-Workspace/reconciliation-inputs/current-source-candidate/src/quant_platform/research_ingestion.py,11991,1789388156000000000,398a9509e5655c1cc7fd81a9f55d35415545648aaaedfbf90cb7d92b19520340,hashed,True
source_candidate,src/quant_platform/research_knowledge_store.py,/Volumes/Expansion/TheWiz-Workspace/reconciliation-inputs/current-source-candidate/src/quant_platform/research_knowledge_store.py,7570,1789388156000000000,35a16180b218d68c62f07db3f313115d873f865136badea641c746e16133416d,hashed,True
source_candidate,src/quant_platform/research_paper_math_audit.py,/Volumes/Expansion/TheWiz-Workspace/reconciliation-inputs/current-source-candidate/src/quant_platform/research_paper_math_audit.py,5987,1789388156000000000,d36d2849aea7cdf0a96d89c1235f9218e6179f4c2837e8ef1fee39ef2be81f49,hashed,True
source_candidate,src/quant_platform/research_paper_reproduction.py,/Volumes/Expansion/TheWiz-Workspace/reconciliation-inputs/current-source-candidate/src/quant_platform/research_paper_reproduction.py,40858,1789388156000000000,1f1d7bd7a6856cf8c88f63f0c1dc5fa66924dfbb55c5366e4123aed813953655,hashed,True
source_candidate,src/quant_platform/research_paper_reviews.py,/Volumes/Expansion/TheWiz-Workspace/reconciliation-inputs/current-source-candidate/src/quant_platform/research_paper_reviews.py,20689,1789388156000000000,a4de48be60d00b138387844a0811e9e8dc0e43b73f8bae056133bc13d0a31077,hashed,True
source_candidate,src/quant_platform/research_papers.py,/Volumes/Expansion/TheWiz-Workspace/reconciliation-inputs/current-source-candidate/src/quant_platform/research_papers.py,26150,1789388156000000000,aa3e280256620fc32acb55ffbc1c1486c8a720a312a1d19ddf5270750fbbd9ec,hashed,True
source_candidate,src/quant_platform/research_trial_registry.py,/Volumes/Expansion/TheWiz-Workspace/reconciliation-inputs/current-source-candidate/src/quant_platform/research_trial_registry.py,22396,1789388156000000000,7202dde342f23e9818886b3237f8baf811bc92cbdbde49ddedb67358a078dee2,hashed,True
source_candidate,src/quant_platform/risk_metrics.py,/Volumes/Expansion/TheWiz-Workspace/reconciliation-inputs/current-source-candidate/src/quant_platform/risk_metrics.py,25323,1789388156000000000,d72141f4af748a649c9cb52563ffc65fe3814e2a5d70787b5001906796fc8968,hashed,True
source_candidate,src/quant_platform/runtime_types.py,/Volumes/Expansion/TheWiz-Workspace/reconciliation-inputs/current-source-candidate/src/quant_platform/runtime_types.py,325,1789388156000000000,d7010ec22958b3f1a6aea94c45b34839a1a8a9365969cc167181754b9e9fbf5d,hashed,True
source_candidate,src/quant_platform/strategies.py,/Volumes/Expansion/TheWiz-Workspace/reconciliation-inputs/current-source-candidate/src/quant_platform/strategies.py,28244,1789388156000000000,1888367c93c75f558d042d464868a8132cee935ab71ac290d93d559a0b39b2d7,hashed,True
source_candidate,src/quant_platform/three_brain_system.py,/Volumes/Expansion/TheWiz-Workspace/reconciliation-inputs/current-source-candidate/src/quant_platform/three_brain_system.py,184467,1789388156000000000,6fd803fa4d6e2d53a574ce68c453cdebcda48bc074ba6c0ef66e09b3172def77,hashed,True
source_candidate,src/quant_platform/trade_ledger.py,/Volumes/Expansion/TheWiz-Workspace/reconciliation-inputs/current-source-candidate/src/quant_platform/trade_ledger.py,12183,1789388156000000000,3c247c1170ffb7710007298f3bb8a4e792ee932ebec56ddb4262c4c7d6f8e5eb,hashed,True
source_candidate,src/quant_platform/udemy_math_reconciliation.py,/Volumes/Expansion/TheWiz-Workspace/reconciliation-inputs/current-source-candidate/src/quant_platform/udemy_math_reconciliation.py,22076,1789388156000000000,34b1c64d79f02895cecad45d2a6350298c35ce155aaa0bfdcfc23767558a2d39,hashed,True
source_candidate,src/quant_platform/udemy_transcript_vault.py,/Volumes/Expansion/TheWiz-Workspace/reconciliation-inputs/current-source-candidate/src/quant_platform/udemy_transcript_vault.py,10730,1789388156000000000,ff012e64d578a4205aafd200c85bac1c2ceada32ce1ec0c57151b2f666546629,hashed,True
source_candidate,src/quant_platform/v2_run.py,/Volumes/Expansion/TheWiz-Workspace/reconciliation-inputs/current-source-candidate/src/quant_platform/v2_run.py,31854,1789388156000000000,0a0aac9f22db0671e25ac888162d5ae19ec03582d351eb7ed5702673c7ab9547,hashed,True
source_candidate,src/quant_platform/video_review_sidecars.py,/Volumes/Expansion/TheWiz-Workspace/reconciliation-inputs/current-source-candidate/src/quant_platform/video_review_sidecars.py,92941,1789388156000000000,038d4b396fd8d8955324eca70b17a0692159fea5983e50b4bf07a8c7eebb477d,hashed,True
source_candidate,src/quant_platform/wizard_candidate_set.py,/Volumes/Expansion/TheWiz-Workspace/reconciliation-inputs/current-source-candidate/src/quant_platform/wizard_candidate_set.py,1086,1789388156000000000,c2ee9df7d544e5413a309e62ba6e29f047440deb5df11f514fa5e4a6cde40d37,hashed,True
source_candidate,src/quant_platform/wizard_control_plane.py,/Volumes/Expansion/TheWiz-Workspace/reconciliation-inputs/current-source-candidate/src/quant_platform/wizard_control_plane.py,37633,1789388156000000000,c6386cbc80d1356ad67d3a9c866fff3df1771042db6b8845579f92ffdf30e676,hashed,True
source_candidate,src/quant_platform/wizard_credit_ledger.py,/Volumes/Expansion/TheWiz-Workspace/reconciliation-inputs/current-source-candidate/src/quant_platform/wizard_credit_ledger.py,45918,1789388156000000000,88c22602a731f0d370f83dbc312db20590fdbf3c37789daf1195df62ac620256,hashed,True
source_candidate,src/quant_platform/wizard_evidence.py,/Volumes/Expansion/TheWiz-Workspace/reconciliation-inputs/current-source-candidate/src/quant_platform/wizard_evidence.py,179154,1789388156000000000,1f3aab9af2849bbff20988734222bc8e1811fdeef6c93812ce36ebcb7273324e,hashed,True
source_candidate,src/quant_platform/wizard_hyperliquid_bridge.py,/Volumes/Expansion/TheWiz-Workspace/reconciliation-inputs/current-source-candidate/src/quant_platform/wizard_hyperliquid_bridge.py,35431,1789388156000000000,341dc88a6906b7f42fe17fa4b01cbc8540e51665eb62064609bc048ea8666778,hashed,True
source_candidate,src/quant_platform/wizard_hyperliquid_mode_proof.py,/Volumes/Expansion/TheWiz-Workspace/reconciliation-inputs/current-source-candidate/src/quant_platform/wizard_hyperliquid_mode_proof.py,123610,1789388156000000000,ee80d6fab23433843c64af686998238806b3fb74772a31a8f3c8b57cc4b329c8,hashed,True
source_candidate,src/quant_platform/wizard_mode_replay.py,/Volumes/Expansion/TheWiz-Workspace/reconciliation-inputs/current-source-candidate/src/quant_platform/wizard_mode_replay.py,28615,1789388156000000000,83e1501e18cc00fb87a601da7d06b6558cdf8d69e8ef7e4b787cf2e32d37e99b,hashed,True
source_candidate,src/quant_platform/wizard_ou_comparator_activation.py,/Volumes/Expansion/TheWiz-Workspace/reconciliation-inputs/current-source-candidate/src/quant_platform/wizard_ou_comparator_activation.py,26426,1789388156000000000,98a21f341332516cf67f835dcabbe828ee83a7f174f5d9107786ec16fd60e055,hashed,True
source_candidate,src/quant_platform/wizard_ou_v4_comparator_activation.py,/Volumes/Expansion/TheWiz-Workspace/reconciliation-inputs/current-source-candidate/src/quant_platform/wizard_ou_v4_comparator_activation.py,26792,1789388156000000000,826453af5535270e0dd970a50e6aded300fd9f30d91d952aba32ec62b58e0bb6,hashed,True
source_candidate,src/quant_platform/wizard_ou_v5_comparator_activation.py,/Volumes/Expansion/TheWiz-Workspace/reconciliation-inputs/current-source-candidate/src/quant_platform/wizard_ou_v5_comparator_activation.py,30641,1789388156000000000,34596e31d19d7c72f7dbfb86b0b6ffd741958f6d18908a71a0641293c9aea091,hashed,True
source_candidate,src/quant_platform/wizard_ou_v6_comparator_activation.py,/Volumes/Expansion/TheWiz-Workspace/reconciliation-inputs/current-source-candidate/src/quant_platform/wizard_ou_v6_comparator_activation.py,32420,1789388156000000000,7c6377488e64babf459237a097e012171165880ce4b674865c3d622bf885f6e2,hashed,True
source_candidate,src/quant_platform/wizard_research_journal.py,/Volumes/Expansion/TheWiz-Workspace/reconciliation-inputs/current-source-candidate/src/quant_platform/wizard_research_journal.py,83951,1789388156000000000,58117628715a5d4ab394b830db07e3aead2e63b2ac2b717cbc88fff3c233c46f,hashed,True
source_candidate,src/quant_platform/wizard_run_config.py,/Volumes/Expansion/TheWiz-Workspace/reconciliation-inputs/current-source-candidate/src/quant_platform/wizard_run_config.py,10472,1789388156000000000,723769ff422c7f6f42c6ea381d58903815434c6313ca2b14f0702f07878a6ced,hashed,True
source_candidate,src/quant_platform/youtube_brain.py,/Volumes/Expansion/TheWiz-Workspace/reconciliation-inputs/current-source-candidate/src/quant_platform/youtube_brain.py,60284,1789388156000000000,e4fabd1ff966fcbb30a7607d659a3e007b989cc36e6879e1506b42e20228b98a,hashed,True
source_candidate,src/quant_platform/zscore_utils.py,/Volumes/Expansion/TheWiz-Workspace/reconciliation-inputs/current-source-candidate/src/quant_platform/zscore_utils.py,10174,1789388156000000000,df614baae604efd056e3b3d6c12e249238e61daf9a5658bab708b22b7f2b72ab,hashed,True
source_candidate,src/quant_platform/copula_desk/__init__.py,/Volumes/Expansion/TheWiz-Workspace/reconciliation-inputs/current-source-candidate/src/quant_platform/copula_desk/__init__.py,689,1789388156000000000,b34bb2250a7f8d573524f7d1754745774b535b43e097b2e54ffff7d80152001a,hashed,True
source_candidate,src/quant_platform/copula_desk/signal_path.py,/Volumes/Expansion/TheWiz-Workspace/reconciliation-inputs/current-source-candidate/src/quant_platform/copula_desk/signal_path.py,31608,1789388156000000000,5a72e617de7f9eabbdfdc9f46cc51f3036185494c4bc2879b5a0bd6f4299f72c,hashed,True
source_candidate,src/quant_platform/decide/__init__.py,/Volumes/Expansion/TheWiz-Workspace/reconciliation-inputs/current-source-candidate/src/quant_platform/decide/__init__.py,1719,1789388156000000000,39995ae14d2870c87c5ea1e3e68587d75565a4d760e456712227b6d4553b04d9,hashed,True
source_candidate,src/quant_platform/decide/__main__.py,/Volumes/Expansion/TheWiz-Workspace/reconciliation-inputs/current-source-candidate/src/quant_platform/decide/__main__.py,4935,1789388156000000000,6575b39e0cea2b2d6d991eee726e44981a761f697a8184d59a0cd550bf1f3daa,hashed,True
source_candidate,src/quant_platform/decide/admission.py,/Volumes/Expansion/TheWiz-Workspace/reconciliation-inputs/current-source-candidate/src/quant_platform/decide/admission.py,28420,1789388156000000000,fc2e946655019ce296fdfed18f125c6b2c1d53dad2b6b41e7aa33cacb55e3b52,hashed,True
source_candidate,src/quant_platform/decide/contracts.py,/Volumes/Expansion/TheWiz-Workspace/reconciliation-inputs/current-source-candidate/src/quant_platform/decide/contracts.py,11792,1789388156000000000,a4fdaeb18f6c20567080d6c775cbd2995008c52b71742b6f72cc1b9fbbd6219a,hashed,True
source_candidate,src/quant_platform/decide/deep_challenge.py,/Volumes/Expansion/TheWiz-Workspace/reconciliation-inputs/current-source-candidate/src/quant_platform/decide/deep_challenge.py,52058,1789388156000000000,52af46264a1901795b3cac91ba2f96e151a7b0911d142a37f84c245c6a29f7be,hashed,True
source_candidate,src/quant_platform/decide/deep_contracts.py,/Volumes/Expansion/TheWiz-Workspace/reconciliation-inputs/current-source-candidate/src/quant_platform/decide/deep_contracts.py,47688,1789388156000000000,93e8d89279bd038b0f4c0fdb8063fb5937aa7d6fc01d86aeb22003d6d1cdacee,hashed,True
source_candidate,src/quant_platform/decide/evidence_io.py,/Volumes/Expansion/TheWiz-Workspace/reconciliation-inputs/current-source-candidate/src/quant_platform/decide/evidence_io.py,7388,1789388156000000000,5190c417389171ae4794ca452063b50748aff576f518f5fbfef0badf34da78ff,hashed,True
source_candidate,src/quant_platform/decide/evidence_payloads.py,/Volumes/Expansion/TheWiz-Workspace/reconciliation-inputs/current-source-candidate/src/quant_platform/decide/evidence_payloads.py,12081,1789388156000000000,de0149f24401e5b6468ff42e35b1d6f4c9b9fa4832a7a1daa32daee7afb77e55,hashed,True
source_candidate,src/quant_platform/decide/fast_challenge.py,/Volumes/Expansion/TheWiz-Workspace/reconciliation-inputs/current-source-candidate/src/quant_platform/decide/fast_challenge.py,66675,1789388156000000000,97cda45be03f7b4ff2c49870b1b9de6a759654544f542d05dcea98e1517fbbfa,hashed,True
source_candidate,src/quant_platform/decide/handoff.py,/Volumes/Expansion/TheWiz-Workspace/reconciliation-inputs/current-source-candidate/src/quant_platform/decide/handoff.py,14652,1789388156000000000,b7e1608c61ebf981ba50aceec316e96e02e07935ae6654bc9f3d692e80d3ed82,hashed,True
source_candidate,src/quant_platform/decide/pipeline.py,/Volumes/Expansion/TheWiz-Workspace/reconciliation-inputs/current-source-candidate/src/quant_platform/decide/pipeline.py,73066,1789388156000000000,7d5fe3114365152b69b25919258b8840b935c7f8a9213eac97b1f1c9bda0b377,hashed,True
source_candidate,src/quant_platform/decide/proof_contracts.py,/Volumes/Expansion/TheWiz-Workspace/reconciliation-inputs/current-source-candidate/src/quant_platform/decide/proof_contracts.py,48239,1789388156000000000,cda686bc5a9b9bd8ba3c19937c98dcf12543400dd48e2476aa72c1fad2d757ca,hashed,True
source_candidate,src/quant_platform/decide/reporting.py,/Volumes/Expansion/TheWiz-Workspace/reconciliation-inputs/current-source-candidate/src/quant_platform/decide/reporting.py,1795,1789388156000000000,88de246e8ef605d4bb0a35cd96e53c24e02ffe97f6872eceab13b275529fa7cc,hashed,True
source_candidate,src/quant_platform/decide/shadow.py,/Volumes/Expansion/TheWiz-Workspace/reconciliation-inputs/current-source-candidate/src/quant_platform/decide/shadow.py,47441,1789388156000000000,a8d4c97b06c84630f882c9523aadf40450ebb5984acc5de46598225b9981e832,hashed,True
source_candidate,src/quant_platform/desk_connections/__init__.py,/Volumes/Expansion/TheWiz-Workspace/reconciliation-inputs/current-source-candidate/src/quant_platform/desk_connections/__init__.py,84,1789388156000000000,c219f3927128daeaf41fdb71c8828514973bfb9eb5822e5b64d0fb7bb47c8f4c,hashed,True
source_candidate,src/quant_platform/desk_connections/__main__.py,/Volumes/Expansion/TheWiz-Workspace/reconciliation-inputs/current-source-candidate/src/quant_platform/desk_connections/__main__.py,4271,1789388156000000000,94e26f61854718820c501822441f3a45f9e6b0ca37263f50fdfe369a90bcc2d0,hashed,True
source_candidate,src/quant_platform/desk_connections/codec.py,/Volumes/Expansion/TheWiz-Workspace/reconciliation-inputs/current-source-candidate/src/quant_platform/desk_connections/codec.py,6694,1789388156000000000,0ec3fbdf25671fa152f564023297eed82132cc857bcb62e8ba8816c2b5ae4d1d,hashed,True
source_candidate,src/quant_platform/desk_connections/driver.py,/Volumes/Expansion/TheWiz-Workspace/reconciliation-inputs/current-source-candidate/src/quant_platform/desk_connections/driver.py,24616,1789388156000000000,17fdcc182718f2e6b7fbac49eaec584c3efb43a35eab751eacf1877dcfe3f821,hashed,True
source_candidate,src/quant_platform/desk_connections/journal.py,/Volumes/Expansion/TheWiz-Workspace/reconciliation-inputs/current-source-candidate/src/quant_platform/desk_connections/journal.py,13940,1789388156000000000,d358337bf470f2bb17e46b004ac25509ef41c001da646bddc2570ea9af2384f2,hashed,True
source_candidate,src/quant_platform/desk_connections/performance.py,/Volumes/Expansion/TheWiz-Workspace/reconciliation-inputs/current-source-candidate/src/quant_platform/desk_connections/performance.py,25540,1789388156000000000,17b204ec2db95e626f4004442cfc00613f4674065c669e21162d312d99cd19e3,hashed,True
source_candidate,src/quant_platform/desk_connections/portfolio.py,/Volumes/Expansion/TheWiz-Workspace/reconciliation-inputs/current-source-candidate/src/quant_platform/desk_connections/portfolio.py,34129,1789388156000000000,a9f05d0c594c894afd888dde10ba903bd746bb3833f5fc777611d76d067fdca7,hashed,True
source_candidate,src/quant_platform/desk_connections/presentation.py,/Volumes/Expansion/TheWiz-Workspace/reconciliation-inputs/current-source-candidate/src/quant_platform/desk_connections/presentation.py,29096,1789388156000000000,7353b63ac3c4b538cb37fe41d91d6534f73d9ac7967a434cb3fef6e07336b25e,hashed,True
source_candidate,src/quant_platform/desk_connections/research.py,/Volumes/Expansion/TheWiz-Workspace/reconciliation-inputs/current-source-candidate/src/quant_platform/desk_connections/research.py,41718,1789388156000000000,28f99a60b6659c273964bb0b9831a90a7ba9e6d776d403541b97707134515be7,hashed,True
source_candidate,src/quant_platform/desk_connections/reservation.py,/Volumes/Expansion/TheWiz-Workspace/reconciliation-inputs/current-source-candidate/src/quant_platform/desk_connections/reservation.py,22771,1789388156000000000,b5c5487b1473ffea5ae86b7ca5f3cb55a21e88b0fc1de5d496f7f16312348f5e,hashed,True
source_candidate,src/quant_platform/desk_connections/workflow.py,/Volumes/Expansion/TheWiz-Workspace/reconciliation-inputs/current-source-candidate/src/quant_platform/desk_connections/workflow.py,8207,1789388156000000000,b4acd8dbec15bce89246f8ea1787904e36547afe4bdd3081d89e9563557f5653,hashed,True
source_candidate,src/quant_platform/dynamic_desk/__init__.py,/Volumes/Expansion/TheWiz-Workspace/reconciliation-inputs/current-source-candidate/src/quant_platform/dynamic_desk/__init__.py,82,1789388156000000000,8e40bee7dba39f99023a715682a2fb3558f532f1de845bc921ce3a1662e7f0ac,hashed,True
source_candidate,src/quant_platform/dynamic_desk/signal_path.py,/Volumes/Expansion/TheWiz-Workspace/reconciliation-inputs/current-source-candidate/src/quant_platform/dynamic_desk/signal_path.py,18324,1789388156000000000,0c07a027e8c882f863213d0753cafd1b618a29130fcc2bcee864dec0c9e62ed1,hashed,True
source_candidate,src/quant_platform/math_desk/__init__.py,/Volumes/Expansion/TheWiz-Workspace/reconciliation-inputs/current-source-candidate/src/quant_platform/math_desk/__init__.py,576,1789388156000000000,7a6d30a2d020581f65d8d43a6fabecdb7b13482b6d62c17131a8af725588d364,hashed,True
source_candidate,src/quant_platform/math_desk/__main__.py,/Volumes/Expansion/TheWiz-Workspace/reconciliation-inputs/current-source-candidate/src/quant_platform/math_desk/__main__.py,22812,1789388156000000000,a8aac60ced200a25bd7078d99fd0f764af831357243708310be3815f0f281fb0,hashed,True
source_candidate,src/quant_platform/math_desk/census.py,/Volumes/Expansion/TheWiz-Workspace/reconciliation-inputs/current-source-candidate/src/quant_platform/math_desk/census.py,33236,1789388156000000000,b66e2ba49cd13d9063a4888d9f43d08bbb32fc58e7be12eab9e5d31f2057703e,hashed,True
source_candidate,src/quant_platform/math_desk/certification_attacks.py,/Volumes/Expansion/TheWiz-Workspace/reconciliation-inputs/current-source-candidate/src/quant_platform/math_desk/certification_attacks.py,2787,1789388156000000000,35bffa852cb26a24e1c43900ab5aea27aaef8bb0a8846f67fd90ff5d01e08cfc,hashed,True
source_candidate,src/quant_platform/math_desk/certification_contracts.py,/Volumes/Expansion/TheWiz-Workspace/reconciliation-inputs/current-source-candidate/src/quant_platform/math_desk/certification_contracts.py,21615,1789388156000000000,a0e5cda6ce9f973efa2fd234c8922c45132ef55ffd9e4285892c34669f14d4ad,hashed,True
source_candidate,src/quant_platform/math_desk/contracts.py,/Volumes/Expansion/TheWiz-Workspace/reconciliation-inputs/current-source-candidate/src/quant_platform/math_desk/contracts.py,29422,1789388156000000000,88ffcf82c0455437cebaadb0bab89b0b90060c4f402eb7a222d474fc44e0c653,hashed,True
source_candidate,src/quant_platform/math_desk/core_attacks.py,/Volumes/Expansion/TheWiz-Workspace/reconciliation-inputs/current-source-candidate/src/quant_platform/math_desk/core_attacks.py,16237,1789388156000000000,fc0174ecafeb712d9b944ce8fc4c1bf9ce3feab8c8a567b413e3111d2c7ee63a,hashed,True
source_candidate,src/quant_platform/math_desk/core_oracles.py,/Volumes/Expansion/TheWiz-Workspace/reconciliation-inputs/current-source-candidate/src/quant_platform/math_desk/core_oracles.py,8092,1789388156000000000,472b18a7628888a4f40c5b33902fc309e63ebc998785a723ccf2637dcafb658d,hashed,True
source_candidate,src/quant_platform/math_desk/core_pack.py,/Volumes/Expansion/TheWiz-Workspace/reconciliation-inputs/current-source-candidate/src/quant_platform/math_desk/core_pack.py,41805,1789388156000000000,4227c21ab0531d8f6da893df25d19f1885dd007d5f5214ddb61f17e9dc341b69,hashed,True
source_candidate,src/quant_platform/math_desk/governance.py,/Volumes/Expansion/TheWiz-Workspace/reconciliation-inputs/current-source-candidate/src/quant_platform/math_desk/governance.py,15908,1789388156000000000,5ad3b303fc723cc53ba5b464ff73a784dc69ee4c99d1ce7801a09eb4b4ceb0ab,hashed,True
source_candidate,src/quant_platform/math_desk/m3.py,/Volumes/Expansion/TheWiz-Workspace/reconciliation-inputs/current-source-candidate/src/quant_platform/math_desk/m3.py,25287,1789388156000000000,1afc83a862e71bcee4709dbbc9dd6001fa0cb6cf505b68d67c75f30d8cc2b71c,hashed,True
source_candidate,src/quant_platform/math_desk/m4.py,/Volumes/Expansion/TheWiz-Workspace/reconciliation-inputs/current-source-candidate/src/quant_platform/math_desk/m4.py,22706,1789388156000000000,9e18410856fd95fbb84d71c4de7bb89642d9cddbbd589019f73f8959e028ff71,hashed,True
source_candidate,src/quant_platform/math_desk/m4_attacks.py,/Volumes/Expansion/TheWiz-Workspace/reconciliation-inputs/current-source-candidate/src/quant_platform/math_desk/m4_attacks.py,12639,1789388156000000000,d0f88c62e853af3c51c4001b176a0b7158d171ab8cea8e067c65174e926bb12e,hashed,True
source_candidate,src/quant_platform/math_desk/m4_evidence.py,/Volumes/Expansion/TheWiz-Workspace/reconciliation-inputs/current-source-candidate/src/quant_platform/math_desk/m4_evidence.py,29385,1789388156000000000,8171def3fa8dda5e50cc3c427feb1c81e8eda548db0e5927abb8b069f1e5e199,hashed,True
source_candidate,src/quant_platform/math_desk/m4_pack.py,/Volumes/Expansion/TheWiz-Workspace/reconciliation-inputs/current-source-candidate/src/quant_platform/math_desk/m4_pack.py,56458,1789388156000000000,79038142a16ad04d8caebdfe2421825f9be7a65e8d0e87385f2bab68acb2ffbd,hashed,True
source_candidate,src/quant_platform/math_desk/m5.py,/Volumes/Expansion/TheWiz-Workspace/reconciliation-inputs/current-source-candidate/src/quant_platform/math_desk/m5.py,65274,1789388156000000000,18a5b7ccea2822a55257d74ae66929ad0ddb0b1f1de7bf9c6b73bb0d84c239bf,hashed,True
source_candidate,src/quant_platform/math_desk/m5_exhaustive.py,/Volumes/Expansion/TheWiz-Workspace/reconciliation-inputs/current-source-candidate/src/quant_platform/math_desk/m5_exhaustive.py,63530,1789388156000000000,bc997bf729b748e6e5e0140ac05f6b6228b672149bb03bfdb49ec0a8ec1b8e7e,hashed,True
source_candidate,src/quant_platform/math_desk/m5_visual.py,/Volumes/Expansion/TheWiz-Workspace/reconciliation-inputs/current-source-candidate/src/quant_platform/math_desk/m5_visual.py,41406,1789388156000000000,09792d9fd73f26a7411ba0e547177d1efa8901a5a37cebf78ff7b68dda7c7729,hashed,True
source_candidate,src/quant_platform/math_desk/m6.py,/Volumes/Expansion/TheWiz-Workspace/reconciliation-inputs/current-source-candidate/src/quant_platform/math_desk/m6.py,53661,1789388156000000000,eb4e046185a9f563f906cadd1dd6bf78202cf4546e77d10ad938b6a6bce01dbd,hashed,True
source_candidate,src/quant_platform/math_desk/m7.py,/Volumes/Expansion/TheWiz-Workspace/reconciliation-inputs/current-source-candidate/src/quant_platform/math_desk/m7.py,36283,1789388156000000000,bd7111ed31d15628860999ea21332df0978766c3d331e11095ca10ada3bd8893,hashed,True
source_candidate,src/quant_platform/math_desk/m8.py,/Volumes/Expansion/TheWiz-Workspace/reconciliation-inputs/current-source-candidate/src/quant_platform/math_desk/m8.py,91523,1789388156000000000,ce81fb089e1723177c97dc98107a866e51ceda6017fe394a27e26d384a71ffc6,hashed,True
source_candidate,src/quant_platform/math_desk/registry.py,/Volumes/Expansion/TheWiz-Workspace/reconciliation-inputs/current-source-candidate/src/quant_platform/math_desk/registry.py,6693,1789388156000000000,54bac5c0449ebc3ae6eb5d9c9027a65a3bb5440626c1306aab37854ae58d1997,hashed,True
source_candidate,src/quant_platform/math_desk/risk_census.py,/Volumes/Expansion/TheWiz-Workspace/reconciliation-inputs/current-source-candidate/src/quant_platform/math_desk/risk_census.py,62577,1789388156000000000,d0cb8e0a7bc56696c81e7a624923794fedd08ad740d3ce8d956c11528db3efdc,hashed,True
source_candidate,src/quant_platform/math_desk/scope_registry.py,/Volumes/Expansion/TheWiz-Workspace/reconciliation-inputs/current-source-candidate/src/quant_platform/math_desk/scope_registry.py,16641,1789388156000000000,99d8421e2edae0c478da55d74c6e676dc4b578445bb0f0be7187452a9376c92c,hashed,True
source_candidate,src/quant_platform/math_desk/serialization.py,/Volumes/Expansion/TheWiz-Workspace/reconciliation-inputs/current-source-candidate/src/quant_platform/math_desk/serialization.py,2446,1789388156000000000,78e170270ead323a9cc14709b27c5e0ec703c01db3b9cfaf1b0645f8f13f485e,hashed,True
source_candidate,src/quant_platform/math_desk/source_math_oracles.py,/Volumes/Expansion/TheWiz-Workspace/reconciliation-inputs/current-source-candidate/src/quant_platform/math_desk/source_math_oracles.py,15128,1789388156000000000,2aaf806b79236a1447e80959847c617deba07acd07d5368de04dfa1b4622cd68,hashed,True
source_candidate,src/quant_platform/math_desk/stage_artifacts.py,/Volumes/Expansion/TheWiz-Workspace/reconciliation-inputs/current-source-candidate/src/quant_platform/math_desk/stage_artifacts.py,7264,1789388156000000000,3a86bbdf1d09977d05462c19d658adafca701c42a9331936ae683a6cdd6760fb,hashed,True
source_candidate,src/quant_platform/orchestration/__init__.py,/Volumes/Expansion/TheWiz-Workspace/reconciliation-inputs/current-source-candidate/src/quant_platform/orchestration/__init__.py,3413,1789388156000000000,945f755dc65895b22dd3259a22fd9a84f2e9172c6beb31af1faf94aa09e68291,hashed,True
source_candidate,src/quant_platform/orchestration/canonical_wizard_hyperliquid_contract.py,/Volumes/Expansion/TheWiz-Workspace/reconciliation-inputs/current-source-candidate/src/quant_platform/orchestration/canonical_wizard_hyperliquid_contract.py,6039,1789388156000000000,df391e828306809adb3f202a68a5be25a35df82bfd79e5eac9f711afbb7eb116,hashed,True
source_candidate,src/quant_platform/orchestration/collection_admission_barrier.py,/Volumes/Expansion/TheWiz-Workspace/reconciliation-inputs/current-source-candidate/src/quant_platform/orchestration/collection_admission_barrier.py,1915,1789388156000000000,656ae88de3c9f857e490f9ea4c7041cb956747212297665ed84c8ff6a4c460ec,hashed,True
source_candidate,src/quant_platform/orchestration/collection_daily_entry.py,/Volumes/Expansion/TheWiz-Workspace/reconciliation-inputs/current-source-candidate/src/quant_platform/orchestration/collection_daily_entry.py,28362,1789388156000000000,b0760a00b3e361bffa11199251a86e9724b13f20b48d09dd1a019773c2455bdd,hashed,True
source_candidate,src/quant_platform/orchestration/collection_daily_finalization.py,/Volumes/Expansion/TheWiz-Workspace/reconciliation-inputs/current-source-candidate/src/quant_platform/orchestration/collection_daily_finalization.py,26142,1789388156000000000,55365c998e3ac68620cb30d565e133346777779458a57860fb0970598aa70835,hashed,True
source_candidate,src/quant_platform/orchestration/collection_discovery_stage.py,/Volumes/Expansion/TheWiz-Workspace/reconciliation-inputs/current-source-candidate/src/quant_platform/orchestration/collection_discovery_stage.py,7168,1789388156000000000,6e4042474299c52f9afb7cfdec67945aac8dabddeb7b144a400ecd00dace50a8,hashed,True
source_candidate,src/quant_platform/orchestration/collection_display_evidence.py,/Volumes/Expansion/TheWiz-Workspace/reconciliation-inputs/current-source-candidate/src/quant_platform/orchestration/collection_display_evidence.py,5855,1789388156000000000,28326a04c610697e1d5f2197e1db9764d0727bd4dfffeddd8015ed7011fa97b3,hashed,True
source_candidate,src/quant_platform/orchestration/collection_inventory_stage.py,/Volumes/Expansion/TheWiz-Workspace/reconciliation-inputs/current-source-candidate/src/quant_platform/orchestration/collection_inventory_stage.py,4911,1789388156000000000,7fdb75f0a8545e3a0092b001c18a42f9d8e65a986b06bc0b80af13907e689082,hashed,True
source_candidate,src/quant_platform/orchestration/collection_observer_bridge.py,/Volumes/Expansion/TheWiz-Workspace/reconciliation-inputs/current-source-candidate/src/quant_platform/orchestration/collection_observer_bridge.py,22276,1789388156000000000,6f6ed3b41ba79d9ea441e83484234ec70ce6c8f77528914ec2a7098076515d47,hashed,True
source_candidate,src/quant_platform/orchestration/collection_owner_admission.py,/Volumes/Expansion/TheWiz-Workspace/reconciliation-inputs/current-source-candidate/src/quant_platform/orchestration/collection_owner_admission.py,3614,1789388156000000000,f8f4f09b364ba501c8e0c774ac0511b633d22479c65e73f237808f6d56ffa820,hashed,True
source_candidate,src/quant_platform/orchestration/collection_owner_binding.py,/Volumes/Expansion/TheWiz-Workspace/reconciliation-inputs/current-source-candidate/src/quant_platform/orchestration/collection_owner_binding.py,3928,1789388156000000000,ce06e10905e2d3d5908315deee400f69d052ed32f5574d656d5081dee1641428,hashed,True
source_candidate,src/quant_platform/orchestration/collection_publication_sequence.py,/Volumes/Expansion/TheWiz-Workspace/reconciliation-inputs/current-source-candidate/src/quant_platform/orchestration/collection_publication_sequence.py,12282,1789388156000000000,d04e1ec9d68503e00985e1b35f25a604041fd497645b46eb7d05676a7222130f,hashed,True
source_candidate,src/quant_platform/orchestration/collection_runtime_route.py,/Volumes/Expansion/TheWiz-Workspace/reconciliation-inputs/current-source-candidate/src/quant_platform/orchestration/collection_runtime_route.py,1502,1789388156000000000,db1da1136b1ebb60d632620c8dec6f57b770061d5ed8f563b88dc138f286eb2e,hashed,True
source_candidate,src/quant_platform/orchestration/collection_stage_evidence.py,/Volumes/Expansion/TheWiz-Workspace/reconciliation-inputs/current-source-candidate/src/quant_platform/orchestration/collection_stage_evidence.py,13606,1789388156000000000,3096dd27480d5dbe3f347bd72a6088909c89c642f1248a5dd1de025f784730f1,hashed,True
source_candidate,src/quant_platform/orchestration/collection_startup_contract.py,/Volumes/Expansion/TheWiz-Workspace/reconciliation-inputs/current-source-candidate/src/quant_platform/orchestration/collection_startup_contract.py,10267,1789388156000000000,62ec8b2069e9422f325dd20791b78af7327ad8c13c0f8ddc45a888b4ad633001,hashed,True
source_candidate,src/quant_platform/orchestration/collection_startup_preflight.py,/Volumes/Expansion/TheWiz-Workspace/reconciliation-inputs/current-source-candidate/src/quant_platform/orchestration/collection_startup_preflight.py,5876,1789388156000000000,666867fb1da8e0708b1d8fba71907bf24d25595b010c57afadfafa583bf1cdcb,hashed,True
source_candidate,src/quant_platform/orchestration/collection_system_check_stage.py,/Volumes/Expansion/TheWiz-Workspace/reconciliation-inputs/current-source-candidate/src/quant_platform/orchestration/collection_system_check_stage.py,12763,1789388156000000000,24870ebc9e568a330d6f20748d6b2033198678867146f854f15a4e91419bc7a1,hashed,True
source_candidate,src/quant_platform/orchestration/corrective_acceptance_policy_validation.py,/Volumes/Expansion/TheWiz-Workspace/reconciliation-inputs/current-source-candidate/src/quant_platform/orchestration/corrective_acceptance_policy_validation.py,26467,1789388156000000000,e887549d64db2fdac8c8df5efc52ae8977929bd4789975ab9f581f2742df1497,hashed,True
source_candidate,src/quant_platform/orchestration/corrective_active_artifact_envelopes.py,/Volumes/Expansion/TheWiz-Workspace/reconciliation-inputs/current-source-candidate/src/quant_platform/orchestration/corrective_active_artifact_envelopes.py,87205,1789388156000000000,57f063082e9848bf125182d44ac3b2ad07e2c3f166a8b4a5d9fdab362b0e8ea7,hashed,True
source_candidate,src/quant_platform/orchestration/corrective_agent_governance.py,/Volumes/Expansion/TheWiz-Workspace/reconciliation-inputs/current-source-candidate/src/quant_platform/orchestration/corrective_agent_governance.py,29279,1789388156000000000,6cbad4256dc9ad39355607d00a0eabff812862d8dd59ec96fe57a4f3de4d1a79,hashed,True
source_candidate,src/quant_platform/orchestration/corrective_canonical_status.py,/Volumes/Expansion/TheWiz-Workspace/reconciliation-inputs/current-source-candidate/src/quant_platform/orchestration/corrective_canonical_status.py,70554,1789388156000000000,a47f66460dec0d1a75b0aaf280982a0878c0820a1ed6d17daf80875b5e231c9e,hashed,True
source_candidate,src/quant_platform/orchestration/corrective_daily_scheduler.py,/Volumes/Expansion/TheWiz-Workspace/reconciliation-inputs/current-source-candidate/src/quant_platform/orchestration/corrective_daily_scheduler.py,133384,1789388156000000000,66ac37befdcab8c988d4d712c50f8fd0c7adc28bd44970fcef481eaaf845706c,hashed,True
source_candidate,src/quant_platform/orchestration/corrective_data_evidence.py,/Volumes/Expansion/TheWiz-Workspace/reconciliation-inputs/current-source-candidate/src/quant_platform/orchestration/corrective_data_evidence.py,122087,1789388156000000000,1af658bd376d50f44f1440d0f991f2f02001a47715823a44bb48075e89bf928f,hashed,True
source_candidate,src/quant_platform/orchestration/corrective_effect_guard.py,/Volumes/Expansion/TheWiz-Workspace/reconciliation-inputs/current-source-candidate/src/quant_platform/orchestration/corrective_effect_guard.py,10715,1789388156000000000,e44e879a44bf86025d511d3096da1fe2ed1cebc65b64760af15bc5ab60f4d441,hashed,True
source_candidate,src/quant_platform/orchestration/corrective_effect_witness_inspection.py,/Volumes/Expansion/TheWiz-Workspace/reconciliation-inputs/current-source-candidate/src/quant_platform/orchestration/corrective_effect_witness_inspection.py,9604,1789388156000000000,553b154cda611e723da5b7b562eb113bf95146d254635a380d83db96a2894bb4,hashed,True
source_candidate,src/quant_platform/orchestration/corrective_external_effects.py,/Volumes/Expansion/TheWiz-Workspace/reconciliation-inputs/current-source-candidate/src/quant_platform/orchestration/corrective_external_effects.py,100572,1789388156000000000,cdc92c1c3e2e1323ae623c3468763df5c8f19f3e67b72d4f846b3ad2e1b090d5,hashed,True
source_candidate,src/quant_platform/orchestration/corrective_financial_effect_registry.py,/Volumes/Expansion/TheWiz-Workspace/reconciliation-inputs/current-source-candidate/src/quant_platform/orchestration/corrective_financial_effect_registry.py,22392,1789388156000000000,4ed91af2170feeeb0455073fe1f14e10ec8527fbe1fbfbcea43d3554635501f3,hashed,True
source_candidate,src/quant_platform/orchestration/corrective_gate1_cadence.py,/Volumes/Expansion/TheWiz-Workspace/reconciliation-inputs/current-source-candidate/src/quant_platform/orchestration/corrective_gate1_cadence.py,32220,1789388156000000000,0bdf72f417590917ec04dae2bd175f99b13bec64b683cee5d3b04e72ec00ffda,hashed,True
source_candidate,src/quant_platform/orchestration/corrective_gate3_evidence.py,/Volumes/Expansion/TheWiz-Workspace/reconciliation-inputs/current-source-candidate/src/quant_platform/orchestration/corrective_gate3_evidence.py,40082,1789388156000000000,9f2341a1146625f125c6f0997b6a56fe2a61b22ba26868f92586c8497d30de1f,hashed,True
source_candidate,src/quant_platform/orchestration/corrective_gate3_historical_candidate.py,/Volumes/Expansion/TheWiz-Workspace/reconciliation-inputs/current-source-candidate/src/quant_platform/orchestration/corrective_gate3_historical_candidate.py,104242,1789388156000000000,3dfe65f1075b40f0a988afeb760b1e612cf282efaa4f5b142e610bf9f0c0e4a3,hashed,True
source_candidate,src/quant_platform/orchestration/corrective_gate3_historical_candidate_validation.py,/Volumes/Expansion/TheWiz-Workspace/reconciliation-inputs/current-source-candidate/src/quant_platform/orchestration/corrective_gate3_historical_candidate_validation.py,129543,1789388156000000000,459751f57fb0d38bc0b91aae732779f6eaf5d52239c86b03f33e9b242edb0984,hashed,True
source_candidate,src/quant_platform/orchestration/corrective_gate3_historical_validation_note.py,/Volumes/Expansion/TheWiz-Workspace/reconciliation-inputs/current-source-candidate/src/quant_platform/orchestration/corrective_gate3_historical_validation_note.py,93953,1789388156000000000,a032c73ad3a46694c35bcc9b264903fdbb4573faa411435819e3111cd9689069,hashed,True
source_candidate,src/quant_platform/orchestration/corrective_gate_checkpoint_contract.py,/Volumes/Expansion/TheWiz-Workspace/reconciliation-inputs/current-source-candidate/src/quant_platform/orchestration/corrective_gate_checkpoint_contract.py,6142,1789388156000000000,0aaeafd5c8df637a1df3fad2b4bd2664d37435ce95e36494014a60abbff5c591,hashed,True
source_candidate,src/quant_platform/orchestration/corrective_governance.py,/Volumes/Expansion/TheWiz-Workspace/reconciliation-inputs/current-source-candidate/src/quant_platform/orchestration/corrective_governance.py,20579,1789388156000000000,6d292adf03c72518df10b0f319617babe71f25f37ed0f0358f19b2ac2281ecf3,hashed,True
source_candidate,src/quant_platform/orchestration/corrective_history_disposition.py,/Volumes/Expansion/TheWiz-Workspace/reconciliation-inputs/current-source-candidate/src/quant_platform/orchestration/corrective_history_disposition.py,64660,1789388156000000000,af9ce711a5e20509b4080acf441225a3b1fc00d089d2010efbf0771763b0ce2b,hashed,True
source_candidate,src/quant_platform/orchestration/corrective_history_terminal.py,/Volumes/Expansion/TheWiz-Workspace/reconciliation-inputs/current-source-candidate/src/quant_platform/orchestration/corrective_history_terminal.py,38452,1789388156000000000,96c8e929ac0091e0c2488b5d66f618dbbee735d6fd23f0b2f9f4f0209244f8dc,hashed,True
source_candidate,src/quant_platform/orchestration/corrective_hyperliquid_network.py,/Volumes/Expansion/TheWiz-Workspace/reconciliation-inputs/current-source-candidate/src/quant_platform/orchestration/corrective_hyperliquid_network.py,4585,1789388156000000000,361b5f270dfcbeed641bf28ed663b99e61358bc134f6e1dd0a4caa863177bc66,hashed,True
source_candidate,src/quant_platform/orchestration/corrective_l2_scheduler.py,/Volumes/Expansion/TheWiz-Workspace/reconciliation-inputs/current-source-candidate/src/quant_platform/orchestration/corrective_l2_scheduler.py,103915,1789388156000000000,5982ba3555ace1a887a6ffdf145ca64bcda54161ff34171899c47e71d9ccc5fa,hashed,True
source_candidate,src/quant_platform/orchestration/corrective_lineage.py,/Volumes/Expansion/TheWiz-Workspace/reconciliation-inputs/current-source-candidate/src/quant_platform/orchestration/corrective_lineage.py,114277,1789388156000000000,ba4bba126d044e2d2e34ef758ac3313eecedf0f87c5812fd31a9ed230f6ae47a,hashed,True
source_candidate,src/quant_platform/orchestration/corrective_live_canary_execution.py,/Volumes/Expansion/TheWiz-Workspace/reconciliation-inputs/current-source-candidate/src/quant_platform/orchestration/corrective_live_canary_execution.py,84376,1789388156000000000,7fb8f2780f236c657f53f91fb2b1854fab9e42d3000c06e7958b08eeee732c6c,hashed,True
source_candidate,src/quant_platform/orchestration/corrective_live_canary_executor.py,/Volumes/Expansion/TheWiz-Workspace/reconciliation-inputs/current-source-candidate/src/quant_platform/orchestration/corrective_live_canary_executor.py,21610,1789388156000000000,00c0f1880e16dea56b19523b5112033db28ae070710f1eaad30fde1d369f840e,hashed,True
source_candidate,src/quant_platform/orchestration/corrective_live_parity_capture.py,/Volumes/Expansion/TheWiz-Workspace/reconciliation-inputs/current-source-candidate/src/quant_platform/orchestration/corrective_live_parity_capture.py,27919,1789388156000000000,3676d43db0c84c6eb2dba071951896c8e376f9a6f746a3258879d5e6de489500,hashed,True
source_candidate,src/quant_platform/orchestration/corrective_order_authority.py,/Volumes/Expansion/TheWiz-Workspace/reconciliation-inputs/current-source-candidate/src/quant_platform/orchestration/corrective_order_authority.py,20992,1789388156000000000,f0a3d2dda229f1333ca1cbdd3ea82f239d7af456efcb978fd3fb011a6a93804d,hashed,True
source_candidate,src/quant_platform/orchestration/corrective_phase00_checkpoint_validation.py,/Volumes/Expansion/TheWiz-Workspace/reconciliation-inputs/current-source-candidate/src/quant_platform/orchestration/corrective_phase00_checkpoint_validation.py,27841,1789388156000000000,f97777eda1f787d1faa729fc78ee6db126b0cc93350f30e203a52e018e195944,hashed,True
source_candidate,src/quant_platform/orchestration/corrective_phase00_closure.py,/Volumes/Expansion/TheWiz-Workspace/reconciliation-inputs/current-source-candidate/src/quant_platform/orchestration/corrective_phase00_closure.py,235547,1789388156000000000,eb6a2e23681b7d3f7678ce5d9ceb5a5b3bc2a6404a9fbb40294c834ac506de89,hashed,True
source_candidate,src/quant_platform/orchestration/corrective_phase00_control.py,/Volumes/Expansion/TheWiz-Workspace/reconciliation-inputs/current-source-candidate/src/quant_platform/orchestration/corrective_phase00_control.py,119731,1789388156000000000,ec59700ef0be818aee97cc0f693e3288068c29dbc30c29ef6a79b087edbf345f,hashed,True
source_candidate,src/quant_platform/orchestration/corrective_phase00_descendants.py,/Volumes/Expansion/TheWiz-Workspace/reconciliation-inputs/current-source-candidate/src/quant_platform/orchestration/corrective_phase00_descendants.py,78749,1789388156000000000,3a4987c244e8496c0e498577e347707d85649cec004af2a35f78ff8f1ee40f10,hashed,True
source_candidate,src/quant_platform/orchestration/corrective_phase00_diagnostics.py,/Volumes/Expansion/TheWiz-Workspace/reconciliation-inputs/current-source-candidate/src/quant_platform/orchestration/corrective_phase00_diagnostics.py,61608,1789388156000000000,f0cbb50d4e820570b70f3da9a3ffd91a97a9aec52876c51a8f34a89e9b6470ff,hashed,True
source_candidate,src/quant_platform/orchestration/corrective_program.py,/Volumes/Expansion/TheWiz-Workspace/reconciliation-inputs/current-source-candidate/src/quant_platform/orchestration/corrective_program.py,169417,1789388156000000000,9bf6f8f3f6c216f5d930cfe34d765ac97fa0077ba3ff9d1a8c33c786b0785046,hashed,True
source_candidate,src/quant_platform/orchestration/corrective_publication_registry.py,/Volumes/Expansion/TheWiz-Workspace/reconciliation-inputs/current-source-candidate/src/quant_platform/orchestration/corrective_publication_registry.py,19354,1789388156000000000,8999332417fb9846142c7e1c34c7e4eb16f9dcccb7a62ea720afe97716d7995e,hashed,True
source_candidate,src/quant_platform/orchestration/corrective_redaction.py,/Volumes/Expansion/TheWiz-Workspace/reconciliation-inputs/current-source-candidate/src/quant_platform/orchestration/corrective_redaction.py,28811,1789388156000000000,e308d464dc0ad909a0cffdab0556eb8b7a90d2dae7d2b39810616aeeea1368ef,hashed,True
source_candidate,src/quant_platform/orchestration/corrective_registered_learning.py,/Volumes/Expansion/TheWiz-Workspace/reconciliation-inputs/current-source-candidate/src/quant_platform/orchestration/corrective_registered_learning.py,128743,1789388156000000000,f1b1b1c9a488eca396131ee4ec68cee59d5f7b65c516efe9c299e708c448cd35,hashed,True
source_candidate,src/quant_platform/orchestration/corrective_registered_rerun_executor.py,/Volumes/Expansion/TheWiz-Workspace/reconciliation-inputs/current-source-candidate/src/quant_platform/orchestration/corrective_registered_rerun_executor.py,80831,1789388156000000000,bc0d01a52db7aa847bfd6e38284fe10f5c0b92f882eb41fd3e893d03e587bc47,hashed,True
source_candidate,src/quant_platform/orchestration/corrective_release_gates.py,/Volumes/Expansion/TheWiz-Workspace/reconciliation-inputs/current-source-candidate/src/quant_platform/orchestration/corrective_release_gates.py,173583,1789388156000000000,7f0fa2ddc85b458e45070d8c58dfb261cf8233d10a929ccdd72da724e980c669,hashed,True
source_candidate,src/quant_platform/orchestration/corrective_runtime.py,/Volumes/Expansion/TheWiz-Workspace/reconciliation-inputs/current-source-candidate/src/quant_platform/orchestration/corrective_runtime.py,129844,1789388156000000000,494fcdb5b12029126382b6dfcd392b711565119a80daf3d34e2d80d2294f8936,hashed,True
source_candidate,src/quant_platform/orchestration/corrective_scheduler_bootstrap.py,/Volumes/Expansion/TheWiz-Workspace/reconciliation-inputs/current-source-candidate/src/quant_platform/orchestration/corrective_scheduler_bootstrap.py,14022,1789388156000000000,1ac19e701497b4b84f8df64676497ee8d466d784e4d319265c4db919dec51e0d,hashed,True
source_candidate,src/quant_platform/orchestration/corrective_scheduler_lock.py,/Volumes/Expansion/TheWiz-Workspace/reconciliation-inputs/current-source-candidate/src/quant_platform/orchestration/corrective_scheduler_lock.py,160159,1789388156000000000,3ea56f7571c6b605b2ce1eacf29dd0164a768fb1063c0ef4673afdaa1c936ef5,hashed,True
source_candidate,src/quant_platform/orchestration/corrective_scheduler_runtime_readiness.py,/Volumes/Expansion/TheWiz-Workspace/reconciliation-inputs/current-source-candidate/src/quant_platform/orchestration/corrective_scheduler_runtime_readiness.py,54459,1789388156000000000,a79b3977a828302216356e026fab41b3ea88834075a8e4b044479032f65cd2b8,hashed,True
source_candidate,src/quant_platform/orchestration/corrective_scheduler_supervisor.py,/Volumes/Expansion/TheWiz-Workspace/reconciliation-inputs/current-source-candidate/src/quant_platform/orchestration/corrective_scheduler_supervisor.py,41334,1789388156000000000,b3eac1412bbad0cb2d9f74549eeda71eb335e13e2904cbe602c4f58e8ed1fac7,hashed,False
source_candidate,src/quant_platform/orchestration/corrective_scheduler_terminal.py,/Volumes/Expansion/TheWiz-Workspace/reconciliation-inputs/current-source-candidate/src/quant_platform/orchestration/corrective_scheduler_terminal.py,45803,1789388156000000000,34e313a53f87928f747bbe35e0126e9d3105b75273503d3a12dae682a916e2a4,hashed,True
source_candidate,src/quant_platform/orchestration/corrective_testnet_pair_execution.py,/Volumes/Expansion/TheWiz-Workspace/reconciliation-inputs/current-source-candidate/src/quant_platform/orchestration/corrective_testnet_pair_execution.py,31628,1789388156000000000,a658141366e164ae0fda2b5dec09a1e537b52eee53624b08f4dfd428fd773c6a,hashed,True
source_candidate,src/quant_platform/orchestration/corrective_trusted_artifact.py,/Volumes/Expansion/TheWiz-Workspace/reconciliation-inputs/current-source-candidate/src/quant_platform/orchestration/corrective_trusted_artifact.py,13400,1789388156000000000,a1c0a0ad757afb0112565d8a2bb1fc7990c5b9ccbe368bac97fc4573934a67ab,hashed,True
source_candidate,src/quant_platform/orchestration/corrective_wizard_browser_auth.py,/Volumes/Expansion/TheWiz-Workspace/reconciliation-inputs/current-source-candidate/src/quant_platform/orchestration/corrective_wizard_browser_auth.py,23870,1789388156000000000,62733fadc7b5dc90492768cd574b025373fd99bf4d035a412c5d032131b5b468,hashed,True
source_candidate,src/quant_platform/orchestration/corrective_wizard_comparator_review_control.py,/Volumes/Expansion/TheWiz-Workspace/reconciliation-inputs/current-source-candidate/src/quant_platform/orchestration/corrective_wizard_comparator_review_control.py,30151,1789388156000000000,c55f9bfba01cbfc7b0cc8f2f2c8aaa4e84bf63a57f4e9ac2d2b0b97d64934faa,hashed,True
source_candidate,src/quant_platform/orchestration/corrective_wizard_copula_supersession.py,/Volumes/Expansion/TheWiz-Workspace/reconciliation-inputs/current-source-candidate/src/quant_platform/orchestration/corrective_wizard_copula_supersession.py,81920,1789388156000000000,6e33edf658b1cc4cb45c3374cab7f9cec5bbf4c4331943f1210cddf31ee23b4d,hashed,True
source_candidate,src/quant_platform/orchestration/corrective_wizard_dynamic_holdout.py,/Volumes/Expansion/TheWiz-Workspace/reconciliation-inputs/current-source-candidate/src/quant_platform/orchestration/corrective_wizard_dynamic_holdout.py,19719,1789388156000000000,fa3428e3e7b321fcdeb4bdfee6bc8f9af426ff36e1a7f3509a7c23971afeca6a,hashed,True
source_candidate,src/quant_platform/orchestration/corrective_wizard_ou_holdout.py,/Volumes/Expansion/TheWiz-Workspace/reconciliation-inputs/current-source-candidate/src/quant_platform/orchestration/corrective_wizard_ou_holdout.py,68897,1789388156000000000,56e5cde9d5f5759edce3a3a1e7fc7fd6aa6d83eea4ecc30feecba6fea13000d4,hashed,True
source_candidate,src/quant_platform/orchestration/corrective_wizard_ou_v4_holdout.py,/Volumes/Expansion/TheWiz-Workspace/reconciliation-inputs/current-source-candidate/src/quant_platform/orchestration/corrective_wizard_ou_v4_holdout.py,53853,1789388156000000000,b01f84623d5846cb1bea5436433d77143cb1558fd11dea4a8163e3b58b38face,hashed,True
source_candidate,src/quant_platform/orchestration/corrective_wizard_ou_v5_holdout.py,/Volumes/Expansion/TheWiz-Workspace/reconciliation-inputs/current-source-candidate/src/quant_platform/orchestration/corrective_wizard_ou_v5_holdout.py,76410,1789388156000000000,079c9ee392a4b1bf9a2704e06b8d5ee81cd9a703f4c65aecd27508138579b80c,hashed,True
source_candidate,src/quant_platform/orchestration/corrective_wizard_ou_v6_holdout.py,/Volumes/Expansion/TheWiz-Workspace/reconciliation-inputs/current-source-candidate/src/quant_platform/orchestration/corrective_wizard_ou_v6_holdout.py,76705,1789388156000000000,f7244745419fadb8320462e842b9420f5268e053285982e44b51c348ba4fe0f2,hashed,True
source_candidate,src/quant_platform/orchestration/corrective_wizard_ou_v6_terminal_accounting.py,/Volumes/Expansion/TheWiz-Workspace/reconciliation-inputs/current-source-candidate/src/quant_platform/orchestration/corrective_wizard_ou_v6_terminal_accounting.py,41302,1789388156000000000,9564ffbe7a74218d9c96d686aeccfd5f371959d44de1a9a7979566c9e7875f88,hashed,True
source_candidate,src/quant_platform/orchestration/corrective_wizard_ou_v6_terminal_closure.py,/Volumes/Expansion/TheWiz-Workspace/reconciliation-inputs/current-source-candidate/src/quant_platform/orchestration/corrective_wizard_ou_v6_terminal_closure.py,42684,1789388156000000000,21f1377a0bb35862a2c691a00f4f30a5b0676af3ed4b8c9a9a7da17f9bc67269,hashed,True
source_candidate,src/quant_platform/orchestration/corrective_wizard_parity.py,/Volumes/Expansion/TheWiz-Workspace/reconciliation-inputs/current-source-candidate/src/quant_platform/orchestration/corrective_wizard_parity.py,97465,1789388156000000000,30a39d62ffd1f5c9857e8eeaedcf478f749e6318a19d219bdfda773e25757b7f,hashed,True
source_candidate,src/quant_platform/orchestration/corrective_wizard_proof_launcher.py,/Volumes/Expansion/TheWiz-Workspace/reconciliation-inputs/current-source-candidate/src/quant_platform/orchestration/corrective_wizard_proof_launcher.py,102451,1789388156000000000,e9dfbf182f4561b42bf3725ef6316cf7ec09f87f8d1cb5afdd4985299ff8406a,hashed,True
source_candidate,src/quant_platform/orchestration/corrective_wizard_proof_scheduler.py,/Volumes/Expansion/TheWiz-Workspace/reconciliation-inputs/current-source-candidate/src/quant_platform/orchestration/corrective_wizard_proof_scheduler.py,184124,1789388156000000000,c1323cc4d66f7365ec469fdef2e9689ce88c472f360b5b527d337efafb67edbb,hashed,True
source_candidate,src/quant_platform/orchestration/corrective_wizard_reset_readiness.py,/Volumes/Expansion/TheWiz-Workspace/reconciliation-inputs/current-source-candidate/src/quant_platform/orchestration/corrective_wizard_reset_readiness.py,49291,1789388156000000000,82f8c24b6a354ef2a72b49a759a7f0c53b0b4c71681e753da182d4a313309efa,hashed,True
source_candidate,src/quant_platform/orchestration/corrective_wizard_surface_inventory.py,/Volumes/Expansion/TheWiz-Workspace/reconciliation-inputs/current-source-candidate/src/quant_platform/orchestration/corrective_wizard_surface_inventory.py,32568,1789388156000000000,26a0b9f0bfbbb96730d60d08524e01f4ef9d8e1a77751d64651e0800c1986c58,hashed,True
source_candidate,src/quant_platform/orchestration/current_wizard_collection_display.py,/Volumes/Expansion/TheWiz-Workspace/reconciliation-inputs/current-source-candidate/src/quant_platform/orchestration/current_wizard_collection_display.py,20574,1789388156000000000,26e72c163f14577dbcd2b09ae57c91fd43adca17227677b0079acf800d066038,hashed,True
source_candidate,src/quant_platform/orchestration/current_wizard_hyperliquid_archive.py,/Volumes/Expansion/TheWiz-Workspace/reconciliation-inputs/current-source-candidate/src/quant_platform/orchestration/current_wizard_hyperliquid_archive.py,18438,1789388156000000000,3a237cb5bf0d333bed82ec0afa283ada2f3e5d6882d0d404570ffe7561a0668a,hashed,True
source_candidate,src/quant_platform/orchestration/current_wizard_hyperliquid_cadence.py,/Volumes/Expansion/TheWiz-Workspace/reconciliation-inputs/current-source-candidate/src/quant_platform/orchestration/current_wizard_hyperliquid_cadence.py,24543,1789388156000000000,074a0c18ff528974bdeb5784b26fc4e6329fe95101acc5961b0e7620b279ac80,hashed,True
source_candidate,src/quant_platform/orchestration/current_wizard_hyperliquid_completion_audit.py,/Volumes/Expansion/TheWiz-Workspace/reconciliation-inputs/current-source-candidate/src/quant_platform/orchestration/current_wizard_hyperliquid_completion_audit.py,27283,1789388156000000000,f88f6e52ffa887d527b033b42c126560197396daae287f42bc128e19c9b0e37d,hashed,True
source_candidate,src/quant_platform/orchestration/current_wizard_hyperliquid_concentration.py,/Volumes/Expansion/TheWiz-Workspace/reconciliation-inputs/current-source-candidate/src/quant_platform/orchestration/current_wizard_hyperliquid_concentration.py,43544,1789388156000000000,14e961837eac53fcbc4feddb3430274b8be50dc7718fc36081bcbeb0e58297cd,hashed,True
source_candidate,src/quant_platform/orchestration/current_wizard_hyperliquid_costs.py,/Volumes/Expansion/TheWiz-Workspace/reconciliation-inputs/current-source-candidate/src/quant_platform/orchestration/current_wizard_hyperliquid_costs.py,77989,1789388156000000000,e81e682dd626d1edef9210405b4e746afed9eb1555376990bcefe46773c805ec,hashed,True
source_candidate,src/quant_platform/orchestration/current_wizard_hyperliquid_daily_runner.py,/Volumes/Expansion/TheWiz-Workspace/reconciliation-inputs/current-source-candidate/src/quant_platform/orchestration/current_wizard_hyperliquid_daily_runner.py,97301,1789388156000000000,2939e1dfc1b2fce05510c67cbaf6a653d9b39f43715a53a1526405460fed1981,hashed,True
source_candidate,src/quant_platform/orchestration/current_wizard_hyperliquid_evidence_command_center.py,/Volumes/Expansion/TheWiz-Workspace/reconciliation-inputs/current-source-candidate/src/quant_platform/orchestration/current_wizard_hyperliquid_evidence_command_center.py,35074,1789388156000000000,5babf2daecb550809c9802b65b3aad13b856ff616da9ae64288a32c78e2e11c3,hashed,True
source_candidate,src/quant_platform/orchestration/current_wizard_hyperliquid_failure_attribution.py,/Volumes/Expansion/TheWiz-Workspace/reconciliation-inputs/current-source-candidate/src/quant_platform/orchestration/current_wizard_hyperliquid_failure_attribution.py,76552,1789388156000000000,b2c27b1a03db035e59b22611a3240926ba700b2f66d6625742880b8b08820b21,hashed,True
source_candidate,src/quant_platform/orchestration/current_wizard_hyperliquid_handoff.py,/Volumes/Expansion/TheWiz-Workspace/reconciliation-inputs/current-source-candidate/src/quant_platform/orchestration/current_wizard_hyperliquid_handoff.py,60201,1789388156000000000,d11435266ec5238f978d0592c7b0ae041d92a471c63ed83d2d0d176c27662a4c,hashed,True
source_candidate,src/quant_platform/orchestration/current_wizard_hyperliquid_learning.py,/Volumes/Expansion/TheWiz-Workspace/reconciliation-inputs/current-source-candidate/src/quant_platform/orchestration/current_wizard_hyperliquid_learning.py,42379,1789388156000000000,f729aae1b94e29dbbc8e1a97a98a3ad955acc1e25efb89e14569a32e3b18386c,hashed,True
source_candidate,src/quant_platform/orchestration/current_wizard_hyperliquid_leverage.py,/Volumes/Expansion/TheWiz-Workspace/reconciliation-inputs/current-source-candidate/src/quant_platform/orchestration/current_wizard_hyperliquid_leverage.py,79806,1789388156000000000,9afce6017c3956568b3ae8d575024c1e8b4faa148f8a272459a356dc8563ffe6,hashed,True
source_candidate,src/quant_platform/orchestration/current_wizard_hyperliquid_math_comparison.py,/Volumes/Expansion/TheWiz-Workspace/reconciliation-inputs/current-source-candidate/src/quant_platform/orchestration/current_wizard_hyperliquid_math_comparison.py,17244,1789388156000000000,61fbf6f444d7c56018e48147e795f4a4a9c7250102ba33fd53941998ff2a2a59,hashed,True
source_candidate,src/quant_platform/orchestration/current_wizard_hyperliquid_observed_replay.py,/Volumes/Expansion/TheWiz-Workspace/reconciliation-inputs/current-source-candidate/src/quant_platform/orchestration/current_wizard_hyperliquid_observed_replay.py,38640,1789388156000000000,09bc33013a63cc83f95daf5111230a399d60302c5557cec26d70dd00221144b4,hashed,True
source_candidate,src/quant_platform/orchestration/current_wizard_hyperliquid_regimes.py,/Volumes/Expansion/TheWiz-Workspace/reconciliation-inputs/current-source-candidate/src/quant_platform/orchestration/current_wizard_hyperliquid_regimes.py,40250,1789388156000000000,89f050941b8a6a4f06c31a41fa0e974ae355c9a843fc8415bafbf74a612f9a2f,hashed,True
source_candidate,src/quant_platform/orchestration/current_wizard_hyperliquid_replay.py,/Volumes/Expansion/TheWiz-Workspace/reconciliation-inputs/current-source-candidate/src/quant_platform/orchestration/current_wizard_hyperliquid_replay.py,163807,1789388156000000000,36473978e4aeb4b46ced4959721038e3d3dacbffd0e74eaaa655d60f83d7aad3,hashed,True
source_candidate,src/quant_platform/orchestration/current_wizard_hyperliquid_robustness.py,/Volumes/Expansion/TheWiz-Workspace/reconciliation-inputs/current-source-candidate/src/quant_platform/orchestration/current_wizard_hyperliquid_robustness.py,50799,1789388156000000000,5f487cccae70a62b7422f33b8a04b0ef5aa5f586f46e9c6c033e18e06e050554,hashed,True
source_candidate,src/quant_platform/orchestration/current_wizard_hyperliquid_storage.py,/Volumes/Expansion/TheWiz-Workspace/reconciliation-inputs/current-source-candidate/src/quant_platform/orchestration/current_wizard_hyperliquid_storage.py,20292,1789388156000000000,8f2746e256178e038d64f6a289cc0d524a4f579751a525eb8f58201360977028,hashed,True
source_candidate,src/quant_platform/orchestration/current_wizard_hyperliquid_validation.py,/Volumes/Expansion/TheWiz-Workspace/reconciliation-inputs/current-source-candidate/src/quant_platform/orchestration/current_wizard_hyperliquid_validation.py,66319,1789388156000000000,593445e745c82710665181b0ab109394b915937989eea54230d8f649c5447f62,hashed,True
source_candidate,src/quant_platform/orchestration/current_wizard_hyperliquid_walkforward.py,/Volumes/Expansion/TheWiz-Workspace/reconciliation-inputs/current-source-candidate/src/quant_platform/orchestration/current_wizard_hyperliquid_walkforward.py,47297,1789388156000000000,8ddb2dc98bec8a5fa46b3282b35e495540fda68bcebd1d516029a851852bad2c,hashed,True
source_candidate,src/quant_platform/orchestration/current_wizard_ou_optimal_overlay.py,/Volumes/Expansion/TheWiz-Workspace/reconciliation-inputs/current-source-candidate/src/quant_platform/orchestration/current_wizard_ou_optimal_overlay.py,40060,1789388156000000000,6692c8fd2fb78db887929aecd04a62e800250c94e8fe2ebf6506e69e079d36cd,hashed,True
source_candidate,src/quant_platform/orchestration/daily_snapshot_contracts.py,/Volumes/Expansion/TheWiz-Workspace/reconciliation-inputs/current-source-candidate/src/quant_platform/orchestration/daily_snapshot_contracts.py,8212,1789388156000000000,42ef60aa02bfefec67c356ab6182c7f752d93bd45b893519e1f74763d2bd04a8,hashed,True
source_candidate,src/quant_platform/orchestration/daily_snapshot_contracts_inputs.py,/Volumes/Expansion/TheWiz-Workspace/reconciliation-inputs/current-source-candidate/src/quant_platform/orchestration/daily_snapshot_contracts_inputs.py,5190,1789388156000000000,d85220e8fa2373b6254c9395f89a71477fabd4620c7dd2ef2e4f36d70f0f7d7e,hashed,True
source_candidate,src/quant_platform/orchestration/daily_snapshot_contracts_outcomes.py,/Volumes/Expansion/TheWiz-Workspace/reconciliation-inputs/current-source-candidate/src/quant_platform/orchestration/daily_snapshot_contracts_outcomes.py,18797,1789388156000000000,264c126b8a165c5a84f9afab0a7724c944bf61a2f18c65850b6a40608e32f69f,hashed,True
source_candidate,src/quant_platform/orchestration/daily_workload_preflight.py,/Volumes/Expansion/TheWiz-Workspace/reconciliation-inputs/current-source-candidate/src/quant_platform/orchestration/daily_workload_preflight.py,14943,1789388156000000000,24b4cc7090f27ddeb6282b7a45631b878d7340f7420fb0e229a420197f7a981b,hashed,True
source_candidate,src/quant_platform/orchestration/discovery_accounting.py,/Volumes/Expansion/TheWiz-Workspace/reconciliation-inputs/current-source-candidate/src/quant_platform/orchestration/discovery_accounting.py,20410,1789388156000000000,31116acf9ab1350ab191db553d1cd230b98135a0e6eb4633b7f029897ec67096,hashed,True
source_candidate,src/quant_platform/orchestration/dynamic_stage_runner.py,/Volumes/Expansion/TheWiz-Workspace/reconciliation-inputs/current-source-candidate/src/quant_platform/orchestration/dynamic_stage_runner.py,9203,1789388156000000000,10a9001274875a108089db0cb90d406d0cb3c3058cc6615df1ac1fcb9798df8f,hashed,True
source_candidate,src/quant_platform/orchestration/effect_authority.py,/Volumes/Expansion/TheWiz-Workspace/reconciliation-inputs/current-source-candidate/src/quant_platform/orchestration/effect_authority.py,295625,1789388156000000000,0bedce3c97f9a788f391be25b72537b4fcfc42cd3782a6d98ab6402f74dec4f9,hashed,True
source_candidate,src/quant_platform/orchestration/effect_root_binding.py,/Volumes/Expansion/TheWiz-Workspace/reconciliation-inputs/current-source-candidate/src/quant_platform/orchestration/effect_root_binding.py,11009,1789388156000000000,c764bf89eea07a684469ed2477bcbbc6e0aaecc84a4057c02b392386cc751272,hashed,True
source_candidate,src/quant_platform/orchestration/exhaustive_wizard_api_refresh.py,/Volumes/Expansion/TheWiz-Workspace/reconciliation-inputs/current-source-candidate/src/quant_platform/orchestration/exhaustive_wizard_api_refresh.py,85463,1789388156000000000,856fbfb1a1a616b43e169f9ae602d5aada2de00bb50fde5853f95f80a8e1994a,hashed,True
source_candidate,src/quant_platform/orchestration/exhaustive_wizard_hyperliquid_canonical_replay.py,/Volumes/Expansion/TheWiz-Workspace/reconciliation-inputs/current-source-candidate/src/quant_platform/orchestration/exhaustive_wizard_hyperliquid_canonical_replay.py,29066,1789388156000000000,206dd4250504919b5249d965eeafa9b03ad832b7f53438092d87cde57527583c,hashed,True
source_candidate,src/quant_platform/orchestration/exhaustive_wizard_hyperliquid_cost_bridge.py,/Volumes/Expansion/TheWiz-Workspace/reconciliation-inputs/current-source-candidate/src/quant_platform/orchestration/exhaustive_wizard_hyperliquid_cost_bridge.py,25928,1789388156000000000,a119e29df04d56bcc2a1b329181632da51d3b34e9838f6c25b8c6054aee7524a,hashed,True
source_candidate,src/quant_platform/orchestration/exhaustive_wizard_hyperliquid_cost_evidence.py,/Volumes/Expansion/TheWiz-Workspace/reconciliation-inputs/current-source-candidate/src/quant_platform/orchestration/exhaustive_wizard_hyperliquid_cost_evidence.py,30318,1789388156000000000,3a3b1efc4f5d4ed580d950f2841c348faeac5e71dde99c845b2816e738f61aa1,hashed,True
source_candidate,src/quant_platform/orchestration/exhaustive_wizard_hyperliquid_leverage.py,/Volumes/Expansion/TheWiz-Workspace/reconciliation-inputs/current-source-candidate/src/quant_platform/orchestration/exhaustive_wizard_hyperliquid_leverage.py,39688,1789388156000000000,f98c6e6feda78161242ebe367bd757accc69b56013facc8c834dc031c204cc50,hashed,True
source_candidate,src/quant_platform/orchestration/exhaustive_wizard_hyperliquid_observed_cost_replay.py,/Volumes/Expansion/TheWiz-Workspace/reconciliation-inputs/current-source-candidate/src/quant_platform/orchestration/exhaustive_wizard_hyperliquid_observed_cost_replay.py,33458,1789388156000000000,b16c38c3011096fd410b94dbd14c0974ae8a10b40f74a1f5c9b898782dbaf6ce,hashed,True
source_candidate,src/quant_platform/orchestration/exhaustive_wizard_hyperliquid_regimes.py,/Volumes/Expansion/TheWiz-Workspace/reconciliation-inputs/current-source-candidate/src/quant_platform/orchestration/exhaustive_wizard_hyperliquid_regimes.py,30174,1789388156000000000,dfb5c1036f3fd85fa8a014956c5f383ac6155b28c6c069def16e24db0e40050d,hashed,True
source_candidate,src/quant_platform/orchestration/exhaustive_wizard_hyperliquid_replay.py,/Volumes/Expansion/TheWiz-Workspace/reconciliation-inputs/current-source-candidate/src/quant_platform/orchestration/exhaustive_wizard_hyperliquid_replay.py,49598,1789388156000000000,45ac2ac271388071e26bc62ea131aa7f55bdeda1f38fa578d513322953620017,hashed,True
source_candidate,src/quant_platform/orchestration/exhaustive_wizard_hyperliquid_robustness.py,/Volumes/Expansion/TheWiz-Workspace/reconciliation-inputs/current-source-candidate/src/quant_platform/orchestration/exhaustive_wizard_hyperliquid_robustness.py,36646,1789388156000000000,c182995189ea1095de0da50fd6734f4852cb6c69b7a83aba24e7f32baab32e1d,hashed,True
source_candidate,src/quant_platform/orchestration/exhaustive_wizard_hyperliquid_run.py,/Volumes/Expansion/TheWiz-Workspace/reconciliation-inputs/current-source-candidate/src/quant_platform/orchestration/exhaustive_wizard_hyperliquid_run.py,62997,1789388156000000000,bb6c17c596b8cd42f11c6fa4d86aefde6e67722a7c3fed30d3165ef2d01a0faf,hashed,True
source_candidate,src/quant_platform/orchestration/exhaustive_wizard_hyperliquid_validation.py,/Volumes/Expansion/TheWiz-Workspace/reconciliation-inputs/current-source-candidate/src/quant_platform/orchestration/exhaustive_wizard_hyperliquid_validation.py,10620,1789388156000000000,f8b3287aa0a48de3e469a8f3d2a53efcc893e20e6d8cd43879d3465bb2d80870,hashed,True
source_candidate,src/quant_platform/orchestration/exhaustive_wizard_hyperliquid_walkforward.py,/Volumes/Expansion/TheWiz-Workspace/reconciliation-inputs/current-source-candidate/src/quant_platform/orchestration/exhaustive_wizard_hyperliquid_walkforward.py,53438,1789388156000000000,aa061b1ef764796c16280b1dd2ad878e47ac0fe9efdc11d448d16f13669b6727,hashed,True
source_candidate,src/quant_platform/orchestration/funding_request_allocation.py,/Volumes/Expansion/TheWiz-Workspace/reconciliation-inputs/current-source-candidate/src/quant_platform/orchestration/funding_request_allocation.py,7524,1789388156000000000,376512103438320b7a4301aa12b643682e2787d743e733c6a86dea6e3f1f334e,hashed,True
source_candidate,src/quant_platform/orchestration/human_evidence_dashboard.py,/Volumes/Expansion/TheWiz-Workspace/reconciliation-inputs/current-source-candidate/src/quant_platform/orchestration/human_evidence_dashboard.py,92590,1789388156000000000,7fba6fb262bc756f4742f09a2799078b25f20246f75b76e65db2d836218bd951,hashed,True
source_candidate,src/quant_platform/orchestration/human_evidence_research.py,/Volumes/Expansion/TheWiz-Workspace/reconciliation-inputs/current-source-candidate/src/quant_platform/orchestration/human_evidence_research.py,14432,1789388156000000000,431e3313236ea38720a248e0a2c506aa547fd79f4fc27880ef55bd3b05023120,hashed,True
source_candidate,src/quant_platform/orchestration/human_evidence_view.py,/Volumes/Expansion/TheWiz-Workspace/reconciliation-inputs/current-source-candidate/src/quant_platform/orchestration/human_evidence_view.py,28548,1789388156000000000,94a61abdef3dd70c43bf6e2f535310dd7280c53f70fcbd341361cd0e89cd9435,hashed,True
source_candidate,src/quant_platform/orchestration/hyperliquid_research_cycle.py,/Volumes/Expansion/TheWiz-Workspace/reconciliation-inputs/current-source-candidate/src/quant_platform/orchestration/hyperliquid_research_cycle.py,12899,1789388156000000000,83af240de9f36e61421cf9a4f095b20110e8b4f0a270e53f15d0dbc66ce63aab,hashed,True
source_candidate,src/quant_platform/orchestration/hyperliquid_research_validation.py,/Volumes/Expansion/TheWiz-Workspace/reconciliation-inputs/current-source-candidate/src/quant_platform/orchestration/hyperliquid_research_validation.py,40605,1789388156000000000,d4192688debe2e1d85978daeba47d5e62c0fcacc6544ca5e84295d4b43c9f4d0,hashed,True
source_candidate,src/quant_platform/orchestration/hyperliquid_run_manifest.py,/Volumes/Expansion/TheWiz-Workspace/reconciliation-inputs/current-source-candidate/src/quant_platform/orchestration/hyperliquid_run_manifest.py,24468,1789388156000000000,b4cb3dc7d88dc9a9e50166dc71eec14170e0003a7211f456caf59c2e9588d3e4,hashed,True
source_candidate,src/quant_platform/orchestration/hyperliquid_testnet_lifecycle_evidence.py,/Volumes/Expansion/TheWiz-Workspace/reconciliation-inputs/current-source-candidate/src/quant_platform/orchestration/hyperliquid_testnet_lifecycle_evidence.py,29776,1789388156000000000,6c73e79122f3c06ed13cb85857344d056a069f76343c048eff6d0632640dc689,hashed,True
source_candidate,src/quant_platform/orchestration/institutional_contracts.py,/Volumes/Expansion/TheWiz-Workspace/reconciliation-inputs/current-source-candidate/src/quant_platform/orchestration/institutional_contracts.py,25349,1789388156000000000,08b98c33656399e4b0ece211f8d4e7f2fda158658b24c96b176e8e9a30a25f07,hashed,True
source_candidate,src/quant_platform/orchestration/institutional_fund_graph.py,/Volumes/Expansion/TheWiz-Workspace/reconciliation-inputs/current-source-candidate/src/quant_platform/orchestration/institutional_fund_graph.py,24326,1789388156000000000,add50ecad0bf74457015e0856239b6f94e45b695a75c0969b9950b078f7d5633,hashed,True
source_candidate,src/quant_platform/orchestration/langgraph_workflow.py,/Volumes/Expansion/TheWiz-Workspace/reconciliation-inputs/current-source-candidate/src/quant_platform/orchestration/langgraph_workflow.py,14876,1789388156000000000,a39a92f57aeffd0edcf3dcfa7229a48a58b68dbf826227f76d5943c77ceef85c,hashed,True
source_candidate,src/quant_platform/orchestration/math_acceptance_currentness.py,/Volumes/Expansion/TheWiz-Workspace/reconciliation-inputs/current-source-candidate/src/quant_platform/orchestration/math_acceptance_currentness.py,8165,1789388156000000000,ae4f18066ac63f764ca7c662856396387708cd7c783760131011a533c992b37b,hashed,True
source_candidate,src/quant_platform/orchestration/mini_agents.py,/Volumes/Expansion/TheWiz-Workspace/reconciliation-inputs/current-source-candidate/src/quant_platform/orchestration/mini_agents.py,25358,1789388156000000000,94a7325f4ed842f2fcf47567f9a79f7e1526ed3d3062fb3ea85e23b53758897c,hashed,True
source_candidate,src/quant_platform/orchestration/nodes.py,/Volumes/Expansion/TheWiz-Workspace/reconciliation-inputs/current-source-candidate/src/quant_platform/orchestration/nodes.py,14393,1789388156000000000,ce147c8c3aad5a21d27c0f93ba70c9ceb5da10a4e36ea06525bb9521e77e0ca5,hashed,True
source_candidate,src/quant_platform/orchestration/operating_lane.py,/Volumes/Expansion/TheWiz-Workspace/reconciliation-inputs/current-source-candidate/src/quant_platform/orchestration/operating_lane.py,6325,1789388156000000000,b5a306a4ed7d1428c90d8fdd8423a27eb523082f034cf936725d59c594240dd8,hashed,True
source_candidate,src/quant_platform/orchestration/orchestrator_assistant.py,/Volumes/Expansion/TheWiz-Workspace/reconciliation-inputs/current-source-candidate/src/quant_platform/orchestration/orchestrator_assistant.py,19540,1789388156000000000,61f0efabc4d2f3c625583161ef8342be20088548813d7bd1d3748c80765d737c,hashed,True
source_candidate,src/quant_platform/orchestration/personal_trader_graph.py,/Volumes/Expansion/TheWiz-Workspace/reconciliation-inputs/current-source-candidate/src/quant_platform/orchestration/personal_trader_graph.py,80410,1789388156000000000,ab8f6b20a9e18b5b42cb3d103b3977565031c18f91197b5f46d83ebcc9fb1696,hashed,True
source_candidate,src/quant_platform/orchestration/precollection_admission.py,/Volumes/Expansion/TheWiz-Workspace/reconciliation-inputs/current-source-candidate/src/quant_platform/orchestration/precollection_admission.py,19579,1789388156000000000,0d5790d754a4f30c5cf33fbdcfcff06fca257b3aa03669dcb427173e823c66ea,hashed,True
source_candidate,src/quant_platform/orchestration/precollection_campaign_io.py,/Volumes/Expansion/TheWiz-Workspace/reconciliation-inputs/current-source-candidate/src/quant_platform/orchestration/precollection_campaign_io.py,6703,1789388156000000000,a00e054df9b64a6ba0c7439f17e86c5397926617f1a031153a58d1a9d8a7477a,hashed,True
source_candidate,src/quant_platform/orchestration/precollection_cycle_owner.py,/Volumes/Expansion/TheWiz-Workspace/reconciliation-inputs/current-source-candidate/src/quant_platform/orchestration/precollection_cycle_owner.py,36834,1789388156000000000,e6f4747c10252e876e40b8fe4b27e86fb338cab3953df35018e4cb929341a7ac,hashed,True
source_candidate,src/quant_platform/orchestration/precollection_cycle_worker.py,/Volumes/Expansion/TheWiz-Workspace/reconciliation-inputs/current-source-candidate/src/quant_platform/orchestration/precollection_cycle_worker.py,10277,1789388156000000000,3dbff3aa9e42e1efa26c75400e395c2a409abdf0eedbf77ce653f308b2ea34c0,hashed,True
source_candidate,src/quant_platform/orchestration/precollection_launcher_monitor.py,/Volumes/Expansion/TheWiz-Workspace/reconciliation-inputs/current-source-candidate/src/quant_platform/orchestration/precollection_launcher_monitor.py,12708,1789388156000000000,a5b1f312436ec48101448a34217954fc913b096fb0dbb407c82ecae7d8aaf14a,hashed,True
source_candidate,src/quant_platform/orchestration/precollection_monitor.py,/Volumes/Expansion/TheWiz-Workspace/reconciliation-inputs/current-source-candidate/src/quant_platform/orchestration/precollection_monitor.py,10072,1789388156000000000,fec83a791f698384e48c70541295657077077ac2a9c10fa814c877d3836684e1,hashed,True
source_candidate,src/quant_platform/orchestration/precollection_monitor_schedule.py,/Volumes/Expansion/TheWiz-Workspace/reconciliation-inputs/current-source-candidate/src/quant_platform/orchestration/precollection_monitor_schedule.py,14420,1789388156000000000,20268c32f0c5967036abca92ae9819c8d5fc743977a147b40d263b42e6d89db3,hashed,True
source_candidate,src/quant_platform/orchestration/precollection_observer.py,/Volumes/Expansion/TheWiz-Workspace/reconciliation-inputs/current-source-candidate/src/quant_platform/orchestration/precollection_observer.py,22591,1789388156000000000,d8bfa75de8cd6f48364d6e08107da4ce26ffda11bb478fb38c8632b6bcc7ff13,hashed,True
source_candidate,src/quant_platform/orchestration/precollection_observer_child.py,/Volumes/Expansion/TheWiz-Workspace/reconciliation-inputs/current-source-candidate/src/quant_platform/orchestration/precollection_observer_child.py,12294,1789388156000000000,b7bfe4d8913a78cf5e875c9c92bdcf3d12ccd6ac6e970f20e13e1aec6c7cb667,hashed,True
source_candidate,src/quant_platform/orchestration/precollection_observer_deployment.py,/Volumes/Expansion/TheWiz-Workspace/reconciliation-inputs/current-source-candidate/src/quant_platform/orchestration/precollection_observer_deployment.py,12372,1789388156000000000,f497571379bba96304cd149bee8dedf6d9b1487cd826f1d8ef3bef9214d5c609,hashed,True
source_candidate,src/quant_platform/orchestration/precollection_observer_inbox.py,/Volumes/Expansion/TheWiz-Workspace/reconciliation-inputs/current-source-candidate/src/quant_platform/orchestration/precollection_observer_inbox.py,4260,1789388156000000000,f2e666baf8f970827aecd436ad523d64584de9764387c299c77b3811964b06de,hashed,True
source_candidate,src/quant_platform/orchestration/precollection_observer_io.py,/Volumes/Expansion/TheWiz-Workspace/reconciliation-inputs/current-source-candidate/src/quant_platform/orchestration/precollection_observer_io.py,29588,1789388156000000000,38c859a49096e7bda9aef0898a3541077b843115e501c3bf8732a85a419f8293,hashed,True
source_candidate,src/quant_platform/orchestration/precollection_observer_process.py,/Volumes/Expansion/TheWiz-Workspace/reconciliation-inputs/current-source-candidate/src/quant_platform/orchestration/precollection_observer_process.py,6607,1789388156000000000,c179688fdd6365e3b8497662d632d20ac9e257dfb2c9d827e9abfa8e19d0d96e,hashed,True
source_candidate,src/quant_platform/orchestration/precollection_poll_launcher.py,/Volumes/Expansion/TheWiz-Workspace/reconciliation-inputs/current-source-candidate/src/quant_platform/orchestration/precollection_poll_launcher.py,30504,1789388156000000000,8bdbdf578104650d5a9395ef35f5371d1b136d1d84caf99404fa3f2e21914ad3,hashed,False
source_candidate,src/quant_platform/orchestration/precollection_poll_store.py,/Volumes/Expansion/TheWiz-Workspace/reconciliation-inputs/current-source-candidate/src/quant_platform/orchestration/precollection_poll_store.py,13903,1789388156000000000,e0d06b1157b1f5e0d663bdb5bff126c5ead3d4818893e7c112d73dc29847c87e,hashed,True
source_candidate,src/quant_platform/orchestration/precollection_poll_watchdog.py,/Volumes/Expansion/TheWiz-Workspace/reconciliation-inputs/current-source-candidate/src/quant_platform/orchestration/precollection_poll_watchdog.py,7352,1789388156000000000,02dd2d844e8e2758adcf0ceaeffe9c7d17f92d8804a777f2fffdf7bf2ab52295,hashed,True
source_candidate,src/quant_platform/orchestration/publication_target_inventory.py,/Volumes/Expansion/TheWiz-Workspace/reconciliation-inputs/current-source-candidate/src/quant_platform/orchestration/publication_target_inventory.py,4899,1789388156000000000,b317b2ea80d5bc7f2271d565f9b7fb1da932bf47bf5b3c2459dc64abdc6568ae,hashed,True
source_candidate,src/quant_platform/orchestration/scheduler_terminal_paths.py,/Volumes/Expansion/TheWiz-Workspace/reconciliation-inputs/current-source-candidate/src/quant_platform/orchestration/scheduler_terminal_paths.py,2089,1789388156000000000,9f82e6c0b6c1340dfde12d443813420e3490134e4999a1b627c6b652d41de63d,hashed,True
source_candidate,src/quant_platform/orchestration/specialist_scoreboard.py,/Volumes/Expansion/TheWiz-Workspace/reconciliation-inputs/current-source-candidate/src/quant_platform/orchestration/specialist_scoreboard.py,14981,1789388156000000000,429cf657b430c7a0589cb26beaa95c4e62d75b545183970768386b85215660f2,hashed,True
source_candidate,src/quant_platform/orchestration/student_readiness.py,/Volumes/Expansion/TheWiz-Workspace/reconciliation-inputs/current-source-candidate/src/quant_platform/orchestration/student_readiness.py,20291,1789388156000000000,7544803621ca3371ec5db8f8fb766d0dfe8d84d4631d3df5b31ea0acd618f965,hashed,True
source_candidate,src/quant_platform/orchestration/teacher_adapters.py,/Volumes/Expansion/TheWiz-Workspace/reconciliation-inputs/current-source-candidate/src/quant_platform/orchestration/teacher_adapters.py,15620,1789388156000000000,2155c3a7e956148da1a487e406519a34dfaca47369f79f3fa25dc70a3a425a2d,hashed,True
source_candidate,src/quant_platform/orchestration/teacher_contracts.py,/Volumes/Expansion/TheWiz-Workspace/reconciliation-inputs/current-source-candidate/src/quant_platform/orchestration/teacher_contracts.py,14135,1789388156000000000,2d492ba7480bca3d3281da3429775b7a84277e5f35b51068fddc0040b4f5b2d6,hashed,True
source_candidate,src/quant_platform/orchestration/teacher_control_plane.py,/Volumes/Expansion/TheWiz-Workspace/reconciliation-inputs/current-source-candidate/src/quant_platform/orchestration/teacher_control_plane.py,21017,1789388156000000000,ab8a5682d5cdb0290a05479d66f61e8cb46ec89112980a1cf5717e6fde59ca42,hashed,True
source_candidate,src/quant_platform/orchestration/teacher_council.py,/Volumes/Expansion/TheWiz-Workspace/reconciliation-inputs/current-source-candidate/src/quant_platform/orchestration/teacher_council.py,16580,1789388156000000000,6083b211042f6dc6694d3b017b5fbcf04d90b61cef97d90bc741a5598544c624,hashed,True
source_candidate,src/quant_platform/orchestration/teacher_evidence_materializer.py,/Volumes/Expansion/TheWiz-Workspace/reconciliation-inputs/current-source-candidate/src/quant_platform/orchestration/teacher_evidence_materializer.py,41025,1789388156000000000,4ea664abe060d908d15252f42315d67b736471f5896d11d5f8ee89f6011d2771,hashed,True
source_candidate,src/quant_platform/orchestration/venue_gate.py,/Volumes/Expansion/TheWiz-Workspace/reconciliation-inputs/current-source-candidate/src/quant_platform/orchestration/venue_gate.py,4092,1789388156000000000,3f477a30f2b428354a231eb73babbc0761512c7cc9fd764e0b0f9d2d15090ae8,hashed,True
source_candidate,src/quant_platform/orchestration/versioned_learning_comparison.py,/Volumes/Expansion/TheWiz-Workspace/reconciliation-inputs/current-source-candidate/src/quant_platform/orchestration/versioned_learning_comparison.py,47240,1789388156000000000,77e98ae9811c2f375e463ebfbf80f3ceb2f4ad7a6a9128ab735a2020bc87c11e,hashed,True
source_candidate,src/quant_platform/orchestration/collection_release/__init__.py,/Volumes/Expansion/TheWiz-Workspace/reconciliation-inputs/current-source-candidate/src/quant_platform/orchestration/collection_release/__init__.py,79,1789388156000000000,c947313acf3666a191e4a26b96925cc7ebe076b94e4c303094aa83a6b9726db0,hashed,True
source_candidate,src/quant_platform/orchestration/collection_release/artifact_binding.py,/Volumes/Expansion/TheWiz-Workspace/reconciliation-inputs/current-source-candidate/src/quant_platform/orchestration/collection_release/artifact_binding.py,2715,1789388156000000000,ae3b91441cf7566aed9793f936de4dca88255cdb0407e84926f1b780dba6d155,hashed,True
source_candidate,src/quant_platform/orchestration/collection_release/artifact_inventory.py,/Volumes/Expansion/TheWiz-Workspace/reconciliation-inputs/current-source-candidate/src/quant_platform/orchestration/collection_release/artifact_inventory.py,5607,1789388156000000000,91a712ad361751d2d729c72abfbf8af8f2127a2778334533323a54e5718c795e,hashed,True
source_candidate,src/quant_platform/orchestration/collection_release/campaign_schedule.py,/Volumes/Expansion/TheWiz-Workspace/reconciliation-inputs/current-source-candidate/src/quant_platform/orchestration/collection_release/campaign_schedule.py,4330,1789388156000000000,e2cf9ad17c7e40872b5d8dd0da866d98b4ef2ebb33861f19824274886d1fd7c2,hashed,True
source_candidate,src/quant_platform/orchestration/collection_release/darwin_boot_identity.py,/Volumes/Expansion/TheWiz-Workspace/reconciliation-inputs/current-source-candidate/src/quant_platform/orchestration/collection_release/darwin_boot_identity.py,1844,1789388156000000000,729b04ab9b4ac5740919ae3b810dddee6ae96e6a401761b8133915026fb5027b,hashed,True
source_candidate,src/quant_platform/orchestration/collection_release/darwin_process_identity.py,/Volumes/Expansion/TheWiz-Workspace/reconciliation-inputs/current-source-candidate/src/quant_platform/orchestration/collection_release/darwin_process_identity.py,3467,1789388156000000000,c00fe9599fff5529ce53daee5d1579bfd84d7619bb722e613428632f925edf0f,hashed,True
source_candidate,src/quant_platform/orchestration/collection_release/maintenance_binding.py,/Volumes/Expansion/TheWiz-Workspace/reconciliation-inputs/current-source-candidate/src/quant_platform/orchestration/collection_release/maintenance_binding.py,3558,1789388156000000000,c36ee1f60f7ee428ddec2ce4bfe515ba62f85f498fbe2e77aae2ae958762584e,hashed,True
source_candidate,src/quant_platform/orchestration/collection_release/owner_release_inputs.py,/Volumes/Expansion/TheWiz-Workspace/reconciliation-inputs/current-source-candidate/src/quant_platform/orchestration/collection_release/owner_release_inputs.py,10140,1789388156000000000,d4c2d8f28c65ac9868b203004b89d98efdf80d35f7fdbfc9015d9547430a1183,hashed,True
source_candidate,src/quant_platform/orchestration/collection_release/owner_release_reader.py,/Volumes/Expansion/TheWiz-Workspace/reconciliation-inputs/current-source-candidate/src/quant_platform/orchestration/collection_release/owner_release_reader.py,3110,1789388156000000000,abc82084a36a09a3b4857a4e1b10acb036a303bb4902099a9add11c99a7bac76,hashed,True
source_candidate,src/quant_platform/orchestration/collection_release/preowner_accounting.py,/Volumes/Expansion/TheWiz-Workspace/reconciliation-inputs/current-source-candidate/src/quant_platform/orchestration/collection_release/preowner_accounting.py,3652,1789388156000000000,34550636b389cc9068ca967a0da5019d135b800d7d55efb5e62e6642a61648c6,hashed,True
source_candidate,src/quant_platform/orchestration/collection_release/preowner_assessment.py,/Volumes/Expansion/TheWiz-Workspace/reconciliation-inputs/current-source-candidate/src/quant_platform/orchestration/collection_release/preowner_assessment.py,5943,1789388156000000000,6a2e2013aa1aef702c733c016b54c559e4e0e023e5def8e1c760e0049288a3e9,hashed,True
source_candidate,src/quant_platform/orchestration/collection_release/preowner_campaign.py,/Volumes/Expansion/TheWiz-Workspace/reconciliation-inputs/current-source-candidate/src/quant_platform/orchestration/collection_release/preowner_campaign.py,3228,1789388156000000000,773e3e08a0eba666261f4bed8227a98a496fd215dc9137e4b989016fe860176a,hashed,True
source_candidate,src/quant_platform/orchestration/collection_release/preowner_maintenance.py,/Volumes/Expansion/TheWiz-Workspace/reconciliation-inputs/current-source-candidate/src/quant_platform/orchestration/collection_release/preowner_maintenance.py,1907,1789388156000000000,81df6bfdce65d2e0fb8f7401674ea3e8b99077f1be16acc7451a94cf0fcdbf17,hashed,True
source_candidate,src/quant_platform/orchestration/collection_release/project_release_reader.py,/Volumes/Expansion/TheWiz-Workspace/reconciliation-inputs/current-source-candidate/src/quant_platform/orchestration/collection_release/project_release_reader.py,2132,1789388156000000000,8bb66fd58c839ea97ecc8d4218a92629ef410adbb8b53ba56ac154d67d0f7c3a,hashed,True
source_candidate,src/quant_platform/orchestration/collection_release/provider_binding.py,/Volumes/Expansion/TheWiz-Workspace/reconciliation-inputs/current-source-candidate/src/quant_platform/orchestration/collection_release/provider_binding.py,3197,1789388156000000000,66e3972c8807c723f6c2662efa63e1b6dde7f4f818522e8503e53eb701f7a254,hashed,True
source_candidate,src/quant_platform/orchestration/collection_release/release_bundle.py,/Volumes/Expansion/TheWiz-Workspace/reconciliation-inputs/current-source-candidate/src/quant_platform/orchestration/collection_release/release_bundle.py,2779,1789388156000000000,4f5bac3a848c93f1d2fdd639046bd9b0233c1182b8a39471b643e0d3a50fd59a,hashed,True
source_candidate,src/quant_platform/orchestration/collection_release/release_chain.py,/Volumes/Expansion/TheWiz-Workspace/reconciliation-inputs/current-source-candidate/src/quant_platform/orchestration/collection_release/release_chain.py,5165,1789388156000000000,6047aed8d257a4d60d6a6718a206449d55088c4a325cdf61d24ba92618be664c,hashed,True
source_candidate,src/quant_platform/orchestration/collection_release/release_evidence.py,/Volumes/Expansion/TheWiz-Workspace/reconciliation-inputs/current-source-candidate/src/quant_platform/orchestration/collection_release/release_evidence.py,3911,1789388156000000000,9afbe406c1f04530f31ee9f4d1a09e84f9e21d703b425fa45a8d149374226c6d,hashed,True
source_candidate,src/quant_platform/orchestration/collection_release/release_integrity.py,/Volumes/Expansion/TheWiz-Workspace/reconciliation-inputs/current-source-candidate/src/quant_platform/orchestration/collection_release/release_integrity.py,1496,1789388156000000000,2ea55579dd3cf8e50f23a31f338be21d2041540f2d2ecb77185d11be14c22a95,hashed,True
source_candidate,src/quant_platform/orchestration/collection_release/release_observation_lock.py,/Volumes/Expansion/TheWiz-Workspace/reconciliation-inputs/current-source-candidate/src/quant_platform/orchestration/collection_release/release_observation_lock.py,5162,1789388156000000000,e826bc58932222b47bf9e73f1085747375a3951e38ad1f3a250c437ec8986e32,hashed,True
source_candidate,src/quant_platform/orchestration/collection_release/release_record.py,/Volumes/Expansion/TheWiz-Workspace/reconciliation-inputs/current-source-candidate/src/quant_platform/orchestration/collection_release/release_record.py,4776,1789388156000000000,31ae07746aca8d178a59318baa8abec849ed7044aca1a25166db91a3f43171c8,hashed,True
source_candidate,src/quant_platform/orchestration/collection_release/release_store.py,/Volumes/Expansion/TheWiz-Workspace/reconciliation-inputs/current-source-candidate/src/quant_platform/orchestration/collection_release/release_store.py,6194,1789388156000000000,98e5ba5d183f47869f923d33c6cbd87f2b1cded5c17a7e32254d7a90bd56101c,hashed,True
source_candidate,src/quant_platform/orchestration/collection_release/runtime_binding.py,/Volumes/Expansion/TheWiz-Workspace/reconciliation-inputs/current-source-candidate/src/quant_platform/orchestration/collection_release/runtime_binding.py,2220,1789388156000000000,dd0862ac95d30622200bb469eb397142025a5b98c99aac1d976188855c44aaa7,hashed,True
source_candidate,src/quant_platform/orchestration/collection_release/source_binding.py,/Volumes/Expansion/TheWiz-Workspace/reconciliation-inputs/current-source-candidate/src/quant_platform/orchestration/collection_release/source_binding.py,2804,1789388156000000000,b69565ad15fee2ed0bed14b589ac9e78ade2089339790ca87d9964bab2d51f1f,hashed,True
source_candidate,src/quant_platform/orchestration/collection_release/terminal_binding.py,/Volumes/Expansion/TheWiz-Workspace/reconciliation-inputs/current-source-candidate/src/quant_platform/orchestration/collection_release/terminal_binding.py,1733,1789388156000000000,589cecc181e34ea494355d4c4ef08ee69039d4a1aee76fdf944f969faa81ded4,hashed,True
source_candidate,src/quant_platform/orchestration/collection_release/test_project_release_reader.py,/Volumes/Expansion/TheWiz-Workspace/reconciliation-inputs/current-source-candidate/src/quant_platform/orchestration/collection_release/test_project_release_reader.py,4383,1789388156000000000,aff3125519a191d774c6cb6750c46ba72046f9491630ec97e031ff20077037bf,hashed,True
source_candidate,src/quant_platform/orchestration/collection_release/test_release_bundle.py,/Volumes/Expansion/TheWiz-Workspace/reconciliation-inputs/current-source-candidate/src/quant_platform/orchestration/collection_release/test_release_bundle.py,5255,1789388156000000000,0569962692c534c0ccc13bf7d8e42b3d3f7a8d409edfb9ac11209ca5dcc2773f,hashed,True
source_candidate,src/quant_platform/orchestration/collection_release/test_release_chain.py,/Volumes/Expansion/TheWiz-Workspace/reconciliation-inputs/current-source-candidate/src/quant_platform/orchestration/collection_release/test_release_chain.py,7459,1789388156000000000,2347304280fb9ec0b36a1f40f9fd62773077fce8ab40e15d5cf3c22291b8c694,hashed,True
source_candidate,src/quant_platform/orchestration/collection_release/test_release_evidence.py,/Volumes/Expansion/TheWiz-Workspace/reconciliation-inputs/current-source-candidate/src/quant_platform/orchestration/collection_release/test_release_evidence.py,5247,1789388156000000000,22a659aab7e2d85a639e97d26fc0df2e132a6e3dd2d405042589368b26ab9771,hashed,True
source_candidate,src/quant_platform/orchestration/collection_release/test_release_integrity.py,/Volumes/Expansion/TheWiz-Workspace/reconciliation-inputs/current-source-candidate/src/quant_platform/orchestration/collection_release/test_release_integrity.py,2757,1789388156000000000,de5f5c1d82acff945d1c2679e4d3a3c7d0518f5cb350123efa421e599ffe69bc,hashed,True
source_candidate,src/quant_platform/orchestration/collection_release/test_release_observation_lock.py,/Volumes/Expansion/TheWiz-Workspace/reconciliation-inputs/current-source-candidate/src/quant_platform/orchestration/collection_release/test_release_observation_lock.py,6017,1789388156000000000,7181e251273c4a9770adb323437a18c37580e7f20bc39fed9b63ae7c9697ca35,hashed,True
source_candidate,src/quant_platform/orchestration/collection_release/test_release_record.py,/Volumes/Expansion/TheWiz-Workspace/reconciliation-inputs/current-source-candidate/src/quant_platform/orchestration/collection_release/test_release_record.py,5033,1789388156000000000,129063db3ebd9381153e5341f2451df93044d0fe03d8127474e647cb12dd3e91,hashed,True
source_candidate,src/quant_platform/orchestration/collection_release/test_release_store.py,/Volumes/Expansion/TheWiz-Workspace/reconciliation-inputs/current-source-candidate/src/quant_platform/orchestration/collection_release/test_release_store.py,5429,1789388156000000000,b84055085fc7abbe9bec017ae5e525aa7005c04b235072f6f4918bcdb2c76ab1,hashed,True
source_candidate,src/quant_platform/orchestration/collection_release/workload_contract.py,/Volumes/Expansion/TheWiz-Workspace/reconciliation-inputs/current-source-candidate/src/quant_platform/orchestration/collection_release/workload_contract.py,2528,1789388156000000000,b3cde7f1b32b6ab311091b581e92d3b96be1ff676e9e95f56de12bfd9643a378,hashed,True
source_candidate,src/quant_platform/research_rag/__init__.py,/Volumes/Expansion/TheWiz-Workspace/reconciliation-inputs/current-source-candidate/src/quant_platform/research_rag/__init__.py,312,1789388156000000000,6a9f2ae8c050856f358ee41207e226cf1abb0852e5841fb7f9adbcf9b5d562dd,hashed,True
source_candidate,src/quant_platform/research_rag/__main__.py,/Volumes/Expansion/TheWiz-Workspace/reconciliation-inputs/current-source-candidate/src/quant_platform/research_rag/__main__.py,3806,1789388156000000000,c351098fbb4abf7c2761f9ef63b853df517aaabf4e46d78303369cd5521702db,hashed,True
source_candidate,src/quant_platform/research_rag/answers.py,/Volumes/Expansion/TheWiz-Workspace/reconciliation-inputs/current-source-candidate/src/quant_platform/research_rag/answers.py,20029,1789388156000000000,7fae807abbda159ce49b2f1f7492347d04e3ab54f54f2930eac13b810d9c3846,hashed,True
source_candidate,src/quant_platform/research_rag/client.py,/Volumes/Expansion/TheWiz-Workspace/reconciliation-inputs/current-source-candidate/src/quant_platform/research_rag/client.py,1011,1789388156000000000,3385eb44b083fc020f5343f940fc51215a192af442d9b9d44f666d66684210ca,hashed,True
source_candidate,src/quant_platform/research_rag/corpus.py,/Volumes/Expansion/TheWiz-Workspace/reconciliation-inputs/current-source-candidate/src/quant_platform/research_rag/corpus.py,18359,1789388156000000000,6ff92aed56146a32231a66e7f9437f6ff10075cf161d3ac14ac6e752d2265a8b,hashed,True
source_candidate,src/quant_platform/research_rag/evaluation.py,/Volumes/Expansion/TheWiz-Workspace/reconciliation-inputs/current-source-candidate/src/quant_platform/research_rag/evaluation.py,3193,1789388156000000000,7e36003879c5d9e0cb5ebdfb59fa850658034039ee12aea016d0f513cb3d40cd,hashed,True
source_candidate,src/quant_platform/research_rag/index.py,/Volumes/Expansion/TheWiz-Workspace/reconciliation-inputs/current-source-candidate/src/quant_platform/research_rag/index.py,23692,1789388156000000000,f46946d8451e56e2f1a24acbb3100692a1fd7ec4762078abfca943b45423856e,hashed,True
source_candidate,src/quant_platform/rl/base_rl_lane.py,/Volumes/Expansion/TheWiz-Workspace/reconciliation-inputs/current-source-candidate/src/quant_platform/rl/base_rl_lane.py,60925,1789388156000000000,dc81d34dbbf2978cce8aa63b1e0b13045ace9cf08d82cc448d3f78524bb39dbb,hashed,True
source_candidate,src/quant_platform/rl/brain_contract.py,/Volumes/Expansion/TheWiz-Workspace/reconciliation-inputs/current-source-candidate/src/quant_platform/rl/brain_contract.py,46238,1789388156000000000,de963b7624cea1b3557776bfdacc4e534e8b7904fdda1c20703f91cf5f13cdd2,hashed,True
source_candidate,src/quant_platform/rl/quantization.py,/Volumes/Expansion/TheWiz-Workspace/reconciliation-inputs/current-source-candidate/src/quant_platform/rl/quantization.py,2379,1789388156000000000,5ff913c787dc2b9f4400c40250617ab799e0d5ed0ce75f2aa44a15e40f5e5f9d,hashed,True
source_candidate,src/quant_platform/rl/rl_acceptance.py,/Volumes/Expansion/TheWiz-Workspace/reconciliation-inputs/current-source-candidate/src/quant_platform/rl/rl_acceptance.py,23090,1789388156000000000,27eeb01e320429ca47c3dac63e535a33b4f628e1d3febc54723b1d01aa420131,hashed,True
source_candidate,src/quant_platform/rl/rl_backtest.py,/Volumes/Expansion/TheWiz-Workspace/reconciliation-inputs/current-source-candidate/src/quant_platform/rl/rl_backtest.py,28511,1789388156000000000,b6ef1ad5303c61294817243bc8320f9428071e1f9304a8c01538b8f913b33877,hashed,True
source_candidate,src/quant_platform/rl/rl_idea_engine.py,/Volumes/Expansion/TheWiz-Workspace/reconciliation-inputs/current-source-candidate/src/quant_platform/rl/rl_idea_engine.py,21602,1789388156000000000,d9a29a466560368b29cb0b5276dcf42ba470d058ca4a976b1e1d2a55a523f589,hashed,True
source_candidate,src/quant_platform/rl/rl_learning_agent.py,/Volumes/Expansion/TheWiz-Workspace/reconciliation-inputs/current-source-candidate/src/quant_platform/rl/rl_learning_agent.py,49445,1789388156000000000,82c7939a968f28b047149ddff7ea6748a29ad00b07efda88b6d3b4580d057cf0,hashed,True
source_candidate,src/quant_platform/rl/rl_strategy_selector.py,/Volumes/Expansion/TheWiz-Workspace/reconciliation-inputs/current-source-candidate/src/quant_platform/rl/rl_strategy_selector.py,505,1789388156000000000,849778666ac4ecaaccd8801e3e37718590aef971bc9e7b58642a1cd9386f1a68,hashed,True
source_candidate,src/quant_platform/static_desk/__init__.py,/Volumes/Expansion/TheWiz-Workspace/reconciliation-inputs/current-source-candidate/src/quant_platform/static_desk/__init__.py,237,1789388156000000000,2ab3bc126cec458bfd45729e5760acb683cccdafcbb97189372a9b39b8f5b7b2,hashed,True
source_candidate,src/quant_platform/static_desk/accounting.py,/Volumes/Expansion/TheWiz-Workspace/reconciliation-inputs/current-source-candidate/src/quant_platform/static_desk/accounting.py,18140,1789388156000000000,55d27f42ccb2048d1a213a5e3280b8d658b3b5c61eee46d6c11d6000f457d13d,hashed,True
source_candidate,src/quant_platform/static_desk/controls.py,/Volumes/Expansion/TheWiz-Workspace/reconciliation-inputs/current-source-candidate/src/quant_platform/static_desk/controls.py,8447,1789388156000000000,dbfba1e9592cda0beca03ff78fa3bb5cf53f96e0ecd337e3e0bc6eb18371fd99,hashed,True
source_candidate,src/quant_platform/static_desk/profile.py,/Volumes/Expansion/TheWiz-Workspace/reconciliation-inputs/current-source-candidate/src/quant_platform/static_desk/profile.py,31888,1789388156000000000,9e6c4616e3f21f63270938ab4c9561fda7b695a62a5bca811b892c4db2bf058e,hashed,True
source_candidate,src/quant_platform/static_desk/profile_data.py,/Volumes/Expansion/TheWiz-Workspace/reconciliation-inputs/current-source-candidate/src/quant_platform/static_desk/profile_data.py,13169,1789388156000000000,301e826b34aa93358ef97e83fc0f85d1006453eec1dc68a734874478788f8c47,hashed,True
source_candidate,src/quant_platform/static_desk/risk_link.py,/Volumes/Expansion/TheWiz-Workspace/reconciliation-inputs/current-source-candidate/src/quant_platform/static_desk/risk_link.py,9914,1789388156000000000,a1f89a747f617cd67051c342edee3f43e6fdd69475b2e882294de5ed4855137c,hashed,True
source_candidate,src/quant_platform/static_desk/runtime.py,/Volumes/Expansion/TheWiz-Workspace/reconciliation-inputs/current-source-candidate/src/quant_platform/static_desk/runtime.py,39127,1789388156000000000,32f216dae847e0a3c7d08c26c47e11ec0281ac70c25d82ccafd277d365f1b1dc,hashed,True
source_candidate,src/quant_platform/static_desk/signal_path.py,/Volumes/Expansion/TheWiz-Workspace/reconciliation-inputs/current-source-candidate/src/quant_platform/static_desk/signal_path.py,27352,1789388156000000000,f17d9ff4445d85ca327b08e0f7554fb821c5809ea4ebc190484f2c7d2b7f51b6,hashed,True
source_candidate,src/quant_platform/statistics/math_v2.py,/Volumes/Expansion/TheWiz-Workspace/reconciliation-inputs/current-source-candidate/src/quant_platform/statistics/math_v2.py,37667,1789388156000000000,f40fbd88078e96c9793242bb1b73cd8ce9853942707899d3c0c87e6c897257cb,hashed,True
source_candidate,src/quant_platform/tooling/__init__.py,/Volumes/Expansion/TheWiz-Workspace/reconciliation-inputs/current-source-candidate/src/quant_platform/tooling/__init__.py,238,1789388156000000000,4c47a37ef5a08be2f762648d058673700c87abb6f7fbee7fc56ab6bfe77bb256,hashed,True
source_candidate,src/quant_platform/tooling/__main__.py,/Volumes/Expansion/TheWiz-Workspace/reconciliation-inputs/current-source-candidate/src/quant_platform/tooling/__main__.py,70,1789388156000000000,6ea5651ba6ad8d1a873e3adac713fc47ea9446763a137dd8d5915a7592c27ffd,hashed,True
source_candidate,src/quant_platform/tooling/cli.py,/Volumes/Expansion/TheWiz-Workspace/reconciliation-inputs/current-source-candidate/src/quant_platform/tooling/cli.py,4944,1789388156000000000,56e5fb597b337f623befdb1c2742be6dc1de4e1d058d20584a2822d7989bb748,hashed,True
source_candidate,src/quant_platform/tooling/data_validation.py,/Volumes/Expansion/TheWiz-Workspace/reconciliation-inputs/current-source-candidate/src/quant_platform/tooling/data_validation.py,10305,1789388156000000000,f7ff05eab2c8b102bdb172b3f8c02351b83e5745b2b78e0aeb0e586e79a72a24,hashed,True
source_candidate,src/quant_platform/tooling/gym_adapter.py,/Volumes/Expansion/TheWiz-Workspace/reconciliation-inputs/current-source-candidate/src/quant_platform/tooling/gym_adapter.py,9764,1789388156000000000,cb24e803e74cb17a7d5c7ee4c7c005b108a69eae2db07cd4c4368afe5c61d977,hashed,True
source_candidate,src/quant_platform/tooling/math_validation.py,/Volumes/Expansion/TheWiz-Workspace/reconciliation-inputs/current-source-candidate/src/quant_platform/tooling/math_validation.py,7855,1789388156000000000,e3b01e514c2dab6da119ca7f16ed5e32b5a9387584a7a86ffbffbd87678fc706,hashed,True
source_candidate,src/quant_platform/tooling/rl_training.py,/Volumes/Expansion/TheWiz-Workspace/reconciliation-inputs/current-source-candidate/src/quant_platform/tooling/rl_training.py,14240,1789388156000000000,1f33368bb33d14bec792f9d67d03364de17d933ec97e01cf654d09d01f35f369,hashed,True
source_candidate,src/quant_platform/tooling/runtime.py,/Volumes/Expansion/TheWiz-Workspace/reconciliation-inputs/current-source-candidate/src/quant_platform/tooling/runtime.py,10370,1789388156000000000,a63702895d490349be4057819f63222e424290d25f3d95d2c749d939112f2325,hashed,True
source_candidate,src/quant_platform/tooling/trial_tracking.py,/Volumes/Expansion/TheWiz-Workspace/reconciliation-inputs/current-source-candidate/src/quant_platform/tooling/trial_tracking.py,23574,1789388156000000000,2ab739c67b8fd13fa7497ca2e05a5ddf5c7dd2e7dda003708f20bc5d4c3c4428,hashed,True
source_candidate,src/quant_platform/tooling/worker.py,/Volumes/Expansion/TheWiz-Workspace/reconciliation-inputs/current-source-candidate/src/quant_platform/tooling/worker.py,4308,1789388156000000000,6b1d34a7fb155b14d6293a72cbea82c78ba73e22cf0b49629cb6396da6b4dc1b,hashed,True
source_candidate,src/quantized_stat_arb_platform.egg-info/PKG-INFO,/Volumes/Expansion/TheWiz-Workspace/reconciliation-inputs/current-source-candidate/src/quantized_stat_arb_platform.egg-info/PKG-INFO,1247,1789388156000000000,d0fb982aa259782fb69ad861ad6a5a208ab0dac1b753cbb33da33f7abf6858c7,hashed,True
source_candidate,src/quantized_stat_arb_platform.egg-info/SOURCES.txt,/Volumes/Expansion/TheWiz-Workspace/reconciliation-inputs/current-source-candidate/src/quantized_stat_arb_platform.egg-info/SOURCES.txt,26167,1789388156000000000,0c7e96dd59bd879e359b442606b45142ec0679c8a46a614ac2ff0f399be09ab1,hashed,False
source_candidate,src/quantized_stat_arb_platform.egg-info/requires.txt,/Volumes/Expansion/TheWiz-Workspace/reconciliation-inputs/current-source-candidate/src/quantized_stat_arb_platform.egg-info/requires.txt,500,1789388156000000000,0074e121ca43eba1012969b278ec3a8314eda167b63dfe0abf87bc2d19e8cf57,hashed,True
source_candidate,tests/candidate_queue_support.py,/Volumes/Expansion/TheWiz-Workspace/reconciliation-inputs/current-source-candidate/tests/candidate_queue_support.py,11495,1789388156000000000,4eb38e5b26b47a16bbf8d140a3f4a82005f06ab2f745ec890fd4c078287642c3,hashed,True
source_candidate,tests/check_late_bootstrap700.py,/Volumes/Expansion/TheWiz-Workspace/reconciliation-inputs/current-source-candidate/tests/check_late_bootstrap700.py,1623,1789388156000000000,7455c65135c0e4c0bc8aa9086075df3bbd188d3e74a64190bdc557fe47d77d61,hashed,True
source_candidate,tests/collection_daily_fixture_support.py,/Volumes/Expansion/TheWiz-Workspace/reconciliation-inputs/current-source-candidate/tests/collection_daily_fixture_support.py,8853,1789388156000000000,b62b6688bbc3b33aba2ae75c997e29dbc47b4b35a4d0bdce4263bbb52503f9b4,hashed,True
source_candidate,tests/collection_launcher_native_support.py,/Volumes/Expansion/TheWiz-Workspace/reconciliation-inputs/current-source-candidate/tests/collection_launcher_native_support.py,8280,1789388156000000000,caa11db510ffc053b681af3f52c6fb0c59afbcb57e411ebabf7f60ee3dd738c7,hashed,True
source_candidate,tests/collection_observer_negative_support.py,/Volumes/Expansion/TheWiz-Workspace/reconciliation-inputs/current-source-candidate/tests/collection_observer_negative_support.py,10261,1789388156000000000,6802fa078e6016b087502826fc4b0efe5f447a7813d2e99da6b3fd68813e1c44,hashed,True
source_candidate,tests/collection_overlay_fixture_support.py,/Volumes/Expansion/TheWiz-Workspace/reconciliation-inputs/current-source-candidate/tests/collection_overlay_fixture_support.py,7316,1789388155000000000,e805b9a25c0f889cf0163c3b071fcf3b76a1102e66c0cc07696b5bfeed7776fd,hashed,True
source_candidate,tests/collection_profile715.py,/Volumes/Expansion/TheWiz-Workspace/reconciliation-inputs/current-source-candidate/tests/collection_profile715.py,4202,1789388156000000000,1e76ccc5788078399ee88c43f2266e6a58cd8ca54f093ff4af33da5750ff591a,hashed,True
source_candidate,tests/collection_publication_profile724.py,/Volumes/Expansion/TheWiz-Workspace/reconciliation-inputs/current-source-candidate/tests/collection_publication_profile724.py,3993,1789396696890000000,a7616541706cf5279560ad09b77486d2f9bde9f837c4f8d9bcb344aae585dcee,hashed,True
source_candidate,tests/collection_watchdog_native_support.py,/Volumes/Expansion/TheWiz-Workspace/reconciliation-inputs/current-source-candidate/tests/collection_watchdog_native_support.py,12777,1789388156000000000,de6340a91c2209dcd551ae913a78d81aaa9fa4ef01f630cedd3fd332f7765428,hashed,True
source_candidate,tests/conftest.py,/Volumes/Expansion/TheWiz-Workspace/reconciliation-inputs/current-source-candidate/tests/conftest.py,2414,1789388155000000000,f1b7a27a065773fad5183d387ddc0cb5de34ce7630f5053b2867219487893e0b,hashed,True
source_candidate,tests/native_handoff_fixture_support.py,/Volumes/Expansion/TheWiz-Workspace/reconciliation-inputs/current-source-candidate/tests/native_handoff_fixture_support.py,2318,1789388155000000000,3b78a7da3f630cc244bd0bb376f0f559cf99cb8c97677240633cc3b53fc018ea,hashed,True
source_candidate,tests/native_inventory_fixture_support.py,/Volumes/Expansion/TheWiz-Workspace/reconciliation-inputs/current-source-candidate/tests/native_inventory_fixture_support.py,2384,1789388156000000000,e8e250ea581860bff7cfda4d96e72fc4e9bc46f37d67a8012e85c43ae9ec43cf,hashed,True
source_candidate,tests/pair_cost_bundle_support.py,/Volumes/Expansion/TheWiz-Workspace/reconciliation-inputs/current-source-candidate/tests/pair_cost_bundle_support.py,15524,1789388155000000000,23e66c76413910b6f64c7d51c345baa2ad90d505fb42ae22cbd3c56b6b6438a4,hashed,True
source_candidate,tests/postseal_materialized_artifact_currentness.py,/Volumes/Expansion/TheWiz-Workspace/reconciliation-inputs/current-source-candidate/tests/postseal_materialized_artifact_currentness.py,230235,1789388156000000000,6fa8f957dc920b2196377e52df2cfd837178bc763842960ec1a0b764403f580c,hashed,True
source_candidate,tests/precollection_fixture_support.py,/Volumes/Expansion/TheWiz-Workspace/reconciliation-inputs/current-source-candidate/tests/precollection_fixture_support.py,5705,1789388156000000000,ad47811cfe8b1caf89244e44529e0e0e18670fa034283344434959a0d13293a3,hashed,True
source_candidate,tests/runtime_separation_fixture_support.py,/Volumes/Expansion/TheWiz-Workspace/reconciliation-inputs/current-source-candidate/tests/runtime_separation_fixture_support.py,1158,1789388156000000000,899540cc3624d4d142e838b7c9da78d05d9d2bf74829fba89292ccfbcc92330e,hashed,True
source_candidate,tests/subprocess_environment_support.py,/Volumes/Expansion/TheWiz-Workspace/reconciliation-inputs/current-source-candidate/tests/subprocess_environment_support.py,637,1789388156000000000,f3d893eff5aba8a4b1faca136747ffedcbedc6e0990da5cb02c1784fd1346d34,hashed,True
source_candidate,tests/test_accounting_repairs.py,/Volumes/Expansion/TheWiz-Workspace/reconciliation-inputs/current-source-candidate/tests/test_accounting_repairs.py,15023,1789388156000000000,0771b03b34eda3291976781eeeebb3bc50b73cfe427da53a4a263a31045823d4,hashed,True
source_candidate,tests/test_active_pipeline.py,/Volumes/Expansion/TheWiz-Workspace/reconciliation-inputs/current-source-candidate/tests/test_active_pipeline.py,112381,1789388156000000000,ccc8f1705c214b0bde2dd913df20a69c09176ad4b21eef4ebb231ce843f610ba,hashed,True
source_candidate,tests/test_apify_sources.py,/Volumes/Expansion/TheWiz-Workspace/reconciliation-inputs/current-source-candidate/tests/test_apify_sources.py,19846,1789388156000000000,4c801a614883662a3d1591a7b2fd8519a2399cd0fd1d1a57761aa446dcce98c9,hashed,True
source_candidate,tests/test_authoritative_lineage_closure.py,/Volumes/Expansion/TheWiz-Workspace/reconciliation-inputs/current-source-candidate/tests/test_authoritative_lineage_closure.py,30032,1789388156000000000,9c017be88c749250b64b898eba6b332295581d88dc28564d9d2fe6ad9d64d4b5,hashed,True
source_candidate,tests/test_backtest.py,/Volumes/Expansion/TheWiz-Workspace/reconciliation-inputs/current-source-candidate/tests/test_backtest.py,9685,1789388156000000000,91d660b2c6c6edbf100eacded3769855ed7584f1657eb45952219b8e3bbf18f8,hashed,True
source_candidate,tests/test_binance_testnet.py,/Volumes/Expansion/TheWiz-Workspace/reconciliation-inputs/current-source-candidate/tests/test_binance_testnet.py,7745,1789388156000000000,1c0d58827f51f086adfcd0e2e780863bf67e89a0f6a11098a47030caea523d78,hashed,True
source_candidate,tests/test_boot701.py,/Volumes/Expansion/TheWiz-Workspace/reconciliation-inputs/current-source-candidate/tests/test_boot701.py,2744,1789388155000000000,09ff4cbdf4a81b703e9da1bde330254d843365dc1f90ba31fa5fba0b5796049c,hashed,True
source_candidate,tests/test_campaign_schedule674.py,/Volumes/Expansion/TheWiz-Workspace/reconciliation-inputs/current-source-candidate/tests/test_campaign_schedule674.py,4802,1789388156000000000,e5d9c905d5e8bf7fc394f1de648323384c2fc48cc8886c0d84f3e6781443cb26,hashed,True
source_candidate,tests/test_canonical_wizard_hyperliquid_contract.py,/Volumes/Expansion/TheWiz-Workspace/reconciliation-inputs/current-source-candidate/tests/test_canonical_wizard_hyperliquid_contract.py,1032,1789388156000000000,462dd94a9515d452aeebddd48ed4a5d6b296563c4e83d87eeedcd816a9144492,hashed,True
source_candidate,tests/test_capture_input_minimization.cjs,/Volumes/Expansion/TheWiz-Workspace/reconciliation-inputs/current-source-candidate/tests/test_capture_input_minimization.cjs,4220,1789388156000000000,1269dd8267a5d66966f734710ad0260da0596060b5abd1f49c243da0416c0cdc,hashed,True
source_candidate,tests/test_charge_retry660.py,/Volumes/Expansion/TheWiz-Workspace/reconciliation-inputs/current-source-candidate/tests/test_charge_retry660.py,2233,1789388156000000000,3e67a03fb21508e1e46f7ff06c915f2b032d52179122e7558e6000646e03b78f,hashed,True
source_candidate,tests/test_cli.py,/Volumes/Expansion/TheWiz-Workspace/reconciliation-inputs/current-source-candidate/tests/test_cli.py,311573,1789388156000000000,6fe641c4ee96cf74aaed3b53683902b1e6a9c2ca865717f4d096b74b88591fb9,hashed,True
source_candidate,tests/test_closure_predecessor_currentness.py,/Volumes/Expansion/TheWiz-Workspace/reconciliation-inputs/current-source-candidate/tests/test_closure_predecessor_currentness.py,9156,1789388156000000000,ecd94cfc5714beacec4d51ee156cbc45d2f5a5f87b1d4355c8c5bf4d86495269,hashed,True
source_candidate,tests/test_collection_barrier664.py,/Volumes/Expansion/TheWiz-Workspace/reconciliation-inputs/current-source-candidate/tests/test_collection_barrier664.py,3900,1789388155000000000,4a502c808e6215ddf88e30fbef59b8bc413bc185e37e1142d8fe6ec9d6408c06,hashed,True
source_candidate,tests/test_collection_campaign_identity.py,/Volumes/Expansion/TheWiz-Workspace/reconciliation-inputs/current-source-candidate/tests/test_collection_campaign_identity.py,3926,1789388155000000000,509a71a6c0fbbb7cc1c2c46ff411c2c371b04a2207d4ea5a59306b34e442d1c3,hashed,True
source_candidate,tests/test_collection_candle_paths.py,/Volumes/Expansion/TheWiz-Workspace/reconciliation-inputs/current-source-candidate/tests/test_collection_candle_paths.py,6994,1789388156000000000,b13c0d3986ab83a3d3267c1e92334df220626a66580c393a5ccdfe023f49baa4,hashed,True
source_candidate,tests/test_collection_chain_completion.py,/Volumes/Expansion/TheWiz-Workspace/reconciliation-inputs/current-source-candidate/tests/test_collection_chain_completion.py,8164,1789388156000000000,73f9a027378aca7af67e93eb94e6609847a07938679e552c4a73ff04b5a4d22e,hashed,True
source_candidate,tests/test_collection_chain_preparation.py,/Volumes/Expansion/TheWiz-Workspace/reconciliation-inputs/current-source-candidate/tests/test_collection_chain_preparation.py,16039,1789388156000000000,23d96ed77740d9f9d1ec2d5f9b6529b6d653512a76c801340c5480566d1f3c17,hashed,True
source_candidate,tests/test_collection_chain_semantics.py,/Volumes/Expansion/TheWiz-Workspace/reconciliation-inputs/current-source-candidate/tests/test_collection_chain_semantics.py,13134,1789388155000000000,8aaedee0041e3d7c8dabf163dde2ec0109f309fa389a17bae03b95031df31bb9,hashed,True
source_candidate,tests/test_collection_completed_refresh.py,/Volumes/Expansion/TheWiz-Workspace/reconciliation-inputs/current-source-candidate/tests/test_collection_completed_refresh.py,4989,1789388156000000000,87cf1364d8239d48d8d3dab238bc7f486f8f12b284696c24f722caf3faa4b64d,hashed,True
source_candidate,tests/test_collection_concentration_preparation.py,/Volumes/Expansion/TheWiz-Workspace/reconciliation-inputs/current-source-candidate/tests/test_collection_concentration_preparation.py,13189,1789388156000000000,66df24496816d4379331f09c321aaa2a0aa6e12b821a84e02a1e1ef4866388ff,hashed,True
source_candidate,tests/test_collection_cost_preparation.py,/Volumes/Expansion/TheWiz-Workspace/reconciliation-inputs/current-source-candidate/tests/test_collection_cost_preparation.py,18220,1789388156000000000,a69914545d7b9487aeef1fda435d6a53b3aec1e39bfa74ddd67db720c5f55ebc,hashed,True
source_candidate,tests/test_collection_credit_reader.py,/Volumes/Expansion/TheWiz-Workspace/reconciliation-inputs/current-source-candidate/tests/test_collection_credit_reader.py,3837,1789388156000000000,c9de889ee18abd5d7b7f51811e621696d68a02c935321e5f07cc98f3c2990db0,hashed,True
source_candidate,tests/test_collection_daily_entry.py,/Volumes/Expansion/TheWiz-Workspace/reconciliation-inputs/current-source-candidate/tests/test_collection_daily_entry.py,10613,1789388156000000000,1dba0fe43d5a6e6db6ae8be6e3996ac8e7b164c7c6e80ce8f93a62fce67007fe,hashed,True
source_candidate,tests/test_collection_daily_finalization.py,/Volumes/Expansion/TheWiz-Workspace/reconciliation-inputs/current-source-candidate/tests/test_collection_daily_finalization.py,21717,1789388155000000000,3d883f7afbac4cabda2c8d78e40720b741a75748f119ca15cff0b7d0eabd6845,hashed,True
source_candidate,tests/test_collection_daily_route.py,/Volumes/Expansion/TheWiz-Workspace/reconciliation-inputs/current-source-candidate/tests/test_collection_daily_route.py,5152,1789388155000000000,3c17909791ce3b94214ffeea51f29ff28d8401d7001c3ee2004dceb7947bdcc8,hashed,True
source_candidate,tests/test_collection_daily_runner_paths.py,/Volumes/Expansion/TheWiz-Workspace/reconciliation-inputs/current-source-candidate/tests/test_collection_daily_runner_paths.py,9189,1789388156000000000,aff098f155fa7a77c58c7e20b50498e50fc2cf91791437c26cd86cbd8bb292c2,hashed,True
source_candidate,tests/test_collection_discovery_paths.py,/Volumes/Expansion/TheWiz-Workspace/reconciliation-inputs/current-source-candidate/tests/test_collection_discovery_paths.py,9611,1789388156000000000,95599d7ae123207b1ca024b2909cdf96736a2b9fc598d3487ea7e705fe7adc3a,hashed,True
source_candidate,tests/test_collection_discovery_stage.py,/Volumes/Expansion/TheWiz-Workspace/reconciliation-inputs/current-source-candidate/tests/test_collection_discovery_stage.py,10649,1789388156000000000,bf7d0bae245b86530933fc256e878d340b8a09d96cc2251320874b6054fa202a,hashed,True
source_candidate,tests/test_collection_display_evidence.py,/Volumes/Expansion/TheWiz-Workspace/reconciliation-inputs/current-source-candidate/tests/test_collection_display_evidence.py,2164,1789388155000000000,6f01960a387a7f86e1b164a7264a3a92f4c151f0813b36a8413e0b50731c4410,hashed,True
source_candidate,tests/test_collection_display_preparation.py,/Volumes/Expansion/TheWiz-Workspace/reconciliation-inputs/current-source-candidate/tests/test_collection_display_preparation.py,16957,1789388156000000000,8eab2c4684a19f988cb76479026e364535ed82062649fa52d5952ff2eeb56d06,hashed,True
source_candidate,tests/test_collection_failure_preparation.py,/Volumes/Expansion/TheWiz-Workspace/reconciliation-inputs/current-source-candidate/tests/test_collection_failure_preparation.py,17817,1789388155000000000,8bd3fdee3c52190f0fe2eb4e78b117e1daec1609c4217cf085df21e28cde08de,hashed,True
source_candidate,tests/test_collection_funding_paths.py,/Volumes/Expansion/TheWiz-Workspace/reconciliation-inputs/current-source-candidate/tests/test_collection_funding_paths.py,7431,1789388155000000000,734841c52bfc6a2b46e0d0982c9005bddd5cd11a8506dabe73a1e262e8a94014,hashed,True
source_candidate,tests/test_collection_handoff_preparation.py,/Volumes/Expansion/TheWiz-Workspace/reconciliation-inputs/current-source-candidate/tests/test_collection_handoff_preparation.py,10555,1789388156000000000,34eafefe134a9de784f6d4512bf90fa0d331f44d2d09dc45cb97c218a95bee96,hashed,True
source_candidate,tests/test_collection_handoff_semantics.py,/Volumes/Expansion/TheWiz-Workspace/reconciliation-inputs/current-source-candidate/tests/test_collection_handoff_semantics.py,3151,1789388156000000000,8d9dfcf4d67cb5547a860e79d92b011161acb21f3d9599f8713b90310d7eb505,hashed,True
source_candidate,tests/test_collection_history_preparation.py,/Volumes/Expansion/TheWiz-Workspace/reconciliation-inputs/current-source-candidate/tests/test_collection_history_preparation.py,11657,1789388156000000000,ff32f63a2faaf65d96dcdd6e90b915116056586801220b90701c6d646b452e9d,hashed,True
source_candidate,tests/test_collection_inventory_dependency.py,/Volumes/Expansion/TheWiz-Workspace/reconciliation-inputs/current-source-candidate/tests/test_collection_inventory_dependency.py,5240,1789388155000000000,be161fcf16e55d39333770daba4dc183fce2b396785f8f6f00b8f03bc526b48a,hashed,True
source_candidate,tests/test_collection_inventory_paths.py,/Volumes/Expansion/TheWiz-Workspace/reconciliation-inputs/current-source-candidate/tests/test_collection_inventory_paths.py,11987,1789388156000000000,a38b50a7f269056061c00337c8ee859132fbff8e4603c1823eb8737471d953a6,hashed,True
source_candidate,tests/test_collection_inventory_stage.py,/Volumes/Expansion/TheWiz-Workspace/reconciliation-inputs/current-source-candidate/tests/test_collection_inventory_stage.py,5943,1789388155000000000,04b71adb9e8071b84f815e4b81735a9c2e140acb61114d188ee439dbd0f0d63e,hashed,True
source_candidate,tests/test_collection_learning_completion.py,/Volumes/Expansion/TheWiz-Workspace/reconciliation-inputs/current-source-candidate/tests/test_collection_learning_completion.py,5367,1789388155000000000,68fde0cd7cc9af746be858cbeeca38f06d75183db3671ab272d60e78f7d1c26d,hashed,True
source_candidate,tests/test_collection_learning_preparation.py,/Volumes/Expansion/TheWiz-Workspace/reconciliation-inputs/current-source-candidate/tests/test_collection_learning_preparation.py,11066,1789388156000000000,06b3741847c45454762b06ba41e3c629437823c4fd5240a3598f3aaca82e8f3f,hashed,True
source_candidate,tests/test_collection_ledger_paths.py,/Volumes/Expansion/TheWiz-Workspace/reconciliation-inputs/current-source-candidate/tests/test_collection_ledger_paths.py,5917,1789388156000000000,41bd29fb48d8469b20f44f3f5928cf7e9c99fe50100b831e0089ceedd5d21736,hashed,True
source_candidate,tests/test_collection_leverage_completion.py,/Volumes/Expansion/TheWiz-Workspace/reconciliation-inputs/current-source-candidate/tests/test_collection_leverage_completion.py,10325,1789388156000000000,7ac7dc51ac0118acd1fc19282c561ff8e4f59a72ec88bed8ea8287f4bb777771,hashed,True
source_candidate,tests/test_collection_leverage_preparation.py,/Volumes/Expansion/TheWiz-Workspace/reconciliation-inputs/current-source-candidate/tests/test_collection_leverage_preparation.py,22693,1789388155000000000,7510e89afd177b4463c092f47f3270f146af0f477e051ffff77d5c563aba0172,hashed,True
source_candidate,tests/test_collection_observed_preparation.py,/Volumes/Expansion/TheWiz-Workspace/reconciliation-inputs/current-source-candidate/tests/test_collection_observed_preparation.py,10453,1789388155000000000,8e5ab62331c9a7699ed96eded60c984dbeacc32564faf3d942e495e49bb8346c,hashed,True
source_candidate,tests/test_collection_observer_process.py,/Volumes/Expansion/TheWiz-Workspace/reconciliation-inputs/current-source-candidate/tests/test_collection_observer_process.py,13129,1789388155000000000,86c66cb0f7a16776dc1dfede9f23003cc42ec6ed3dc3789d626632c33db1516f,hashed,True
source_candidate,tests/test_collection_observer_route.py,/Volumes/Expansion/TheWiz-Workspace/reconciliation-inputs/current-source-candidate/tests/test_collection_observer_route.py,7783,1789388156000000000,f54c42504ff81209a44ae2ebeadd93e8b022da2974c8d9bb07c7705c4c736aab,hashed,True
source_candidate,tests/test_collection_overlay_preparation.py,/Volumes/Expansion/TheWiz-Workspace/reconciliation-inputs/current-source-candidate/tests/test_collection_overlay_preparation.py,8676,1789388155000000000,bfb6eb4236d18628aa713e85aa577adb7496206e513f0246733cda0d1a98a542,hashed,True
source_candidate,tests/test_collection_owner665.py,/Volumes/Expansion/TheWiz-Workspace/reconciliation-inputs/current-source-candidate/tests/test_collection_owner665.py,3167,1789388155000000000,bdf335c8529933a638be41ebbc8f817ffd8df341c19e935d0af4759a19316031,hashed,True
source_candidate,tests/test_collection_producer_paths.py,/Volumes/Expansion/TheWiz-Workspace/reconciliation-inputs/current-source-candidate/tests/test_collection_producer_paths.py,4085,1789388156000000000,dd619e127a09a438b928912de2cf8c461cee30aac04cf6876fe126a6303f5ac1,hashed,True
source_candidate,tests/test_collection_profile715.py,/Volumes/Expansion/TheWiz-Workspace/reconciliation-inputs/current-source-candidate/tests/test_collection_profile715.py,3856,1789388156000000000,9bcfceecdf09e5cc003414194a2ff4160b56e5f9e7cf91891862a8b452fcaada,hashed,True
source_candidate,tests/test_collection_publication_sequence.py,/Volumes/Expansion/TheWiz-Workspace/reconciliation-inputs/current-source-candidate/tests/test_collection_publication_sequence.py,17035,1789388156000000000,7e492759065eb773af44fc442fbab0ab7dee2a7701a4aeaebd4a65b0075ee8b5,hashed,True
source_candidate,tests/test_collection_refresh_preparation.py,/Volumes/Expansion/TheWiz-Workspace/reconciliation-inputs/current-source-candidate/tests/test_collection_refresh_preparation.py,13604,1789388156000000000,91ec4b8488d9848fd0ddd371bcce81826d99d9eb5a5be0349839249532b09ae7,hashed,True
source_candidate,tests/test_collection_regime_preparation.py,/Volumes/Expansion/TheWiz-Workspace/reconciliation-inputs/current-source-candidate/tests/test_collection_regime_preparation.py,13433,1789388155000000000,bc76af3a1431d322780395e0ee6b56fbb66a8283b1b29a63134022a6f59c3458,hashed,True
source_candidate,tests/test_collection_replay_preparation.py,/Volumes/Expansion/TheWiz-Workspace/reconciliation-inputs/current-source-candidate/tests/test_collection_replay_preparation.py,16247,1789388156000000000,ba8812ce76d37f873f7f00896bd89dabc457c77f3acacf0b850c62c0314d2045,hashed,True
source_candidate,tests/test_collection_robustness_identity.py,/Volumes/Expansion/TheWiz-Workspace/reconciliation-inputs/current-source-candidate/tests/test_collection_robustness_identity.py,6084,1789388156000000000,a3faf0f9cbd98261c8af47b49c1ef84e0070cee9f7d247167476c311bc6f579a,hashed,True
source_candidate,tests/test_collection_robustness_preparation.py,/Volumes/Expansion/TheWiz-Workspace/reconciliation-inputs/current-source-candidate/tests/test_collection_robustness_preparation.py,13664,1789388155000000000,0e7baad64f94f56d3926d1c060a4628347d0150aae5c5030f671bcb2e1869c51,hashed,True
source_candidate,tests/test_collection_robustness_semantics.py,/Volumes/Expansion/TheWiz-Workspace/reconciliation-inputs/current-source-candidate/tests/test_collection_robustness_semantics.py,3085,1789388156000000000,d4791519bfaba8b81a5cbd2d375c914438a2568a7ed97cdd09ab778b1a1feaa1,hashed,True
source_candidate,tests/test_collection_runtime_route.py,/Volumes/Expansion/TheWiz-Workspace/reconciliation-inputs/current-source-candidate/tests/test_collection_runtime_route.py,5633,1789388156000000000,4ca36d09311306ae0b023fb496e15a2341e0103cb014097203fba14d5a59cc90,hashed,False
source_candidate,tests/test_collection_scope_paths718.py,/Volumes/Expansion/TheWiz-Workspace/reconciliation-inputs/current-source-candidate/tests/test_collection_scope_paths718.py,2403,1789388156000000000,2801956d6cbebb179391fd35053188e7c68cad95a174314149e9c505a16d2566,hashed,True
source_candidate,tests/test_collection_sequence_supervisor.py,/Volumes/Expansion/TheWiz-Workspace/reconciliation-inputs/current-source-candidate/tests/test_collection_sequence_supervisor.py,15066,1789388155000000000,4d492314a164185169809b682736902d3fced3ff79a0be2edb4453f651606cdf,hashed,True
source_candidate,tests/test_collection_snapshot_reader.py,/Volumes/Expansion/TheWiz-Workspace/reconciliation-inputs/current-source-candidate/tests/test_collection_snapshot_reader.py,3497,1789388156000000000,f10944e1cbc167a76964c860063c49a27790d85c539d74b8938a9e34ec790e85,hashed,True
source_candidate,tests/test_collection_stage_evidence.py,/Volumes/Expansion/TheWiz-Workspace/reconciliation-inputs/current-source-candidate/tests/test_collection_stage_evidence.py,8018,1789388156000000000,8608733fcc058faa7b2f254ab919d6cd9feb4027c3d14a317b007b1a62c86b60,hashed,True
source_candidate,tests/test_collection_startup_contract.py,/Volumes/Expansion/TheWiz-Workspace/reconciliation-inputs/current-source-candidate/tests/test_collection_startup_contract.py,8992,1789388155000000000,563db209bdb40a77d91f1d7f00f3f4a0a8a5772ae10491cf2d5600e332c025a7,hashed,True
source_candidate,tests/test_collection_startup_preflight.py,/Volumes/Expansion/TheWiz-Workspace/reconciliation-inputs/current-source-candidate/tests/test_collection_startup_preflight.py,15677,1789388155000000000,113522efa9e15c1ffea2d481f041f7ce8f6a603690e1c758fc71d751e37fdd5e,hashed,True
source_candidate,tests/test_collection_startup_verify.py,/Volumes/Expansion/TheWiz-Workspace/reconciliation-inputs/current-source-candidate/tests/test_collection_startup_verify.py,28325,1789388156000000000,9347352e679eb02f527b37d46df6544314ff4aa35a3d0d25b5da9666ea317fe4,hashed,False
source_candidate,tests/test_collection_subtests720.py,/Volumes/Expansion/TheWiz-Workspace/reconciliation-inputs/current-source-candidate/tests/test_collection_subtests720.py,3327,1789388156000000000,01b30262a7d09f2d7f63bf90eb273744ef3ae05658eb71d188594b40a9b52c5c,hashed,True
source_candidate,tests/test_collection_system_check_stage.py,/Volumes/Expansion/TheWiz-Workspace/reconciliation-inputs/current-source-candidate/tests/test_collection_system_check_stage.py,7468,1789388156000000000,abc5b17179e4b91805c18baf74b0278e62656ce61ad0f70a6f61590be295660d,hashed,True
source_candidate,tests/test_collection_terminal_targets708.py,/Volumes/Expansion/TheWiz-Workspace/reconciliation-inputs/current-source-candidate/tests/test_collection_terminal_targets708.py,3408,1789388155000000000,62f12d807f4e0778a0e4ea29a54442752a9761fdfe78b7babe2d035a1e2fea1e,hashed,True
source_candidate,tests/test_collection_walkforward_preparation.py,/Volumes/Expansion/TheWiz-Workspace/reconciliation-inputs/current-source-candidate/tests/test_collection_walkforward_preparation.py,9603,1789388156000000000,2b3be3db1cbb59d194212eef0484295e7c04e2a452e7afbaf1e1f283a683875c,hashed,True
source_candidate,tests/test_contract_boundaries.py,/Volumes/Expansion/TheWiz-Workspace/reconciliation-inputs/current-source-candidate/tests/test_contract_boundaries.py,4699,1789388156000000000,d763540c5a23e6e574805d21fd1b859146f2f7fa04d4e71b0eaba3f86c0e652a,hashed,True
source_candidate,tests/test_corrective_acceptance_policy_validation.py,/Volumes/Expansion/TheWiz-Workspace/reconciliation-inputs/current-source-candidate/tests/test_corrective_acceptance_policy_validation.py,7115,1789388156000000000,84c18c0f46988b893e4017584fb3cd7a8a219e39edc9c6a9ae2ae74a43e68ee7,hashed,True
source_candidate,tests/test_corrective_agent_governance.py,/Volumes/Expansion/TheWiz-Workspace/reconciliation-inputs/current-source-candidate/tests/test_corrective_agent_governance.py,8982,1789388156000000000,6c8618d029648611af7d1cf11964274e0655d81c961e45bc7ccb2dd5b2d461e2,hashed,True
source_candidate,tests/test_corrective_canonical_status.py,/Volumes/Expansion/TheWiz-Workspace/reconciliation-inputs/current-source-candidate/tests/test_corrective_canonical_status.py,42402,1789388156000000000,7c1725ceb084fb48e681e981573044fcf364e004de089b02c1ad39ac54e03d49,hashed,True
source_candidate,tests/test_corrective_daily_scheduler.py,/Volumes/Expansion/TheWiz-Workspace/reconciliation-inputs/current-source-candidate/tests/test_corrective_daily_scheduler.py,90059,1789388156000000000,bcc0b325e861251ed6c2f93427bbf09d7c5406a7ee38308d1232f74664ead2af,hashed,True
source_candidate,tests/test_corrective_data_evidence.py,/Volumes/Expansion/TheWiz-Workspace/reconciliation-inputs/current-source-candidate/tests/test_corrective_data_evidence.py,42591,1789388156000000000,d4af0529fbcc84e5f3e78567fbc579d6c363a51b55443419c8aaeadb44a2b8ec,hashed,True
source_candidate,tests/test_corrective_effect_witness_inspection.py,/Volumes/Expansion/TheWiz-Workspace/reconciliation-inputs/current-source-candidate/tests/test_corrective_effect_witness_inspection.py,11790,1789388155000000000,c8f55d73a5ccfbe267c2c1f28cd7a4eb13002867802be549ff77913467b6bb69,hashed,True
source_candidate,tests/test_corrective_financial_effect_registry.py,/Volumes/Expansion/TheWiz-Workspace/reconciliation-inputs/current-source-candidate/tests/test_corrective_financial_effect_registry.py,5175,1789388155000000000,570636fe420148b89858d54e88c406c930ff280b69e58980b83a26003669024d,hashed,True
source_candidate,tests/test_corrective_gate1_cadence.py,/Volumes/Expansion/TheWiz-Workspace/reconciliation-inputs/current-source-candidate/tests/test_corrective_gate1_cadence.py,22437,1789388156000000000,300d4496fdc9f7dcfde689f6a73a9cdb7b4beea148dd74366bd695709d918787,hashed,True
source_candidate,tests/test_corrective_gate3_evidence.py,/Volumes/Expansion/TheWiz-Workspace/reconciliation-inputs/current-source-candidate/tests/test_corrective_gate3_evidence.py,18989,1789388156000000000,f56eea70643fda56c5e771629090c754b01a22548d3c6c374b31f93fae141122,hashed,True
source_candidate,tests/test_corrective_gate3_historical_candidate.py,/Volumes/Expansion/TheWiz-Workspace/reconciliation-inputs/current-source-candidate/tests/test_corrective_gate3_historical_candidate.py,42080,1789388156000000000,b86b6e2e114de9f6d0974e43ff41b6d6d82bee2ddae7b6f483a2c37956fd4b77,hashed,True
source_candidate,tests/test_corrective_gate3_historical_candidate_validation.py,/Volumes/Expansion/TheWiz-Workspace/reconciliation-inputs/current-source-candidate/tests/test_corrective_gate3_historical_candidate_validation.py,57305,1789388156000000000,0e7774785590399d70831d39bb41cec2b33d6c9e11d1131626ec1336b0db1dd1,hashed,True
source_candidate,tests/test_corrective_gate3_historical_validation_note.py,/Volumes/Expansion/TheWiz-Workspace/reconciliation-inputs/current-source-candidate/tests/test_corrective_gate3_historical_validation_note.py,38926,1789388156000000000,de1c026773f48877f7656b2e21d5e72cc6d64525d02d1e4a64fcb0b4a5048a8c,hashed,True
source_candidate,tests/test_corrective_history_disposition.py,/Volumes/Expansion/TheWiz-Workspace/reconciliation-inputs/current-source-candidate/tests/test_corrective_history_disposition.py,48410,1789388156000000000,6b9efbf75d66ad956bc04409ee11ae71fcd645c3254ca2b26cc89f04b48e0c9a,hashed,True
source_candidate,tests/test_corrective_l2_scheduler.py,/Volumes/Expansion/TheWiz-Workspace/reconciliation-inputs/current-source-candidate/tests/test_corrective_l2_scheduler.py,59655,1789388156000000000,daeea9687126e0197646ef20d59a3584642f1ed43fd31b987bb66b5f63e092d3,hashed,True
source_candidate,tests/test_corrective_lineage.py,/Volumes/Expansion/TheWiz-Workspace/reconciliation-inputs/current-source-candidate/tests/test_corrective_lineage.py,17748,1789388155000000000,3c4ad3acd3f5fe1429925d4052f14abd9c8daf2f298848d25067d38863375caa,hashed,True
source_candidate,tests/test_corrective_live_canary_execution.py,/Volumes/Expansion/TheWiz-Workspace/reconciliation-inputs/current-source-candidate/tests/test_corrective_live_canary_execution.py,42394,1789388155000000000,e94566f9fd81e57ba993c3189a8ff54aa7c62f04b0ac9e9fe70d89b732432056,hashed,True
source_candidate,tests/test_corrective_phase00_checkpoint_validation.py,/Volumes/Expansion/TheWiz-Workspace/reconciliation-inputs/current-source-candidate/tests/test_corrective_phase00_checkpoint_validation.py,19714,1789388156000000000,975fb9831d824a73faeaa0271126ed7e29c2481dad62c2d7e385275fb529f2bd,hashed,True
source_candidate,tests/test_corrective_phase00_closure.py,/Volumes/Expansion/TheWiz-Workspace/reconciliation-inputs/current-source-candidate/tests/test_corrective_phase00_closure.py,144015,1789388155000000000,15a3f9b760abc0a2ec901e095765d3c1070006a33bf0cddfef561603a307150c,hashed,True
source_candidate,tests/test_corrective_phase00_control.py,/Volumes/Expansion/TheWiz-Workspace/reconciliation-inputs/current-source-candidate/tests/test_corrective_phase00_control.py,126561,1789388156000000000,1cda1d4d46f9435dcad5daf22237b0f01b4acc07ca6b91afef04008eaba556c7,hashed,True
source_candidate,tests/test_corrective_phase00_descendants.py,/Volumes/Expansion/TheWiz-Workspace/reconciliation-inputs/current-source-candidate/tests/test_corrective_phase00_descendants.py,99206,1789388156000000000,d8c1bd9d5404cab8263e963222c3a39a0c90e9517bdb33e1fd24699d06f740a1,hashed,True
source_candidate,tests/test_corrective_program.py,/Volumes/Expansion/TheWiz-Workspace/reconciliation-inputs/current-source-candidate/tests/test_corrective_program.py,94368,1789388155000000000,badef89088549fbaf34cd921eb2dccc9a11c1b758fe052539dcd673411fc637d,hashed,True
source_candidate,tests/test_corrective_publication_registry.py,/Volumes/Expansion/TheWiz-Workspace/reconciliation-inputs/current-source-candidate/tests/test_corrective_publication_registry.py,6943,1789388155000000000,415d9dc3a91f65e7b0d27670745077e7359d68f485b8495bc292fae59309d7ac,hashed,True
source_candidate,tests/test_corrective_release_gates.py,/Volumes/Expansion/TheWiz-Workspace/reconciliation-inputs/current-source-candidate/tests/test_corrective_release_gates.py,87228,1789388156000000000,6657cb8f175eaf33665bac4ce866e1cd00e4680e8f4652234893abfd5fda26cf,hashed,True
source_candidate,tests/test_corrective_runtime.py,/Volumes/Expansion/TheWiz-Workspace/reconciliation-inputs/current-source-candidate/tests/test_corrective_runtime.py,14207,1789388156000000000,c62b6fb1f90e1d4d702947d2d5a1ac111eef67c3dcb5d6f9f18e8373d2d649ae,hashed,True
source_candidate,tests/test_corrective_scheduler_lock.py,/Volumes/Expansion/TheWiz-Workspace/reconciliation-inputs/current-source-candidate/tests/test_corrective_scheduler_lock.py,89342,1789388155000000000,2fc1baee9ee8c29afd958c7d8be483bba99e2eff92deb4d512e80fadddc4d20f,hashed,True
source_candidate,tests/test_corrective_scheduler_terminal.py,/Volumes/Expansion/TheWiz-Workspace/reconciliation-inputs/current-source-candidate/tests/test_corrective_scheduler_terminal.py,13352,1789388156000000000,aee43473b5be89a65d44b39c8d00b21ee6faa58ff73332ad8c776aab7016fb26,hashed,True
source_candidate,tests/test_corrective_testnet_collateral_transfer.py,/Volumes/Expansion/TheWiz-Workspace/reconciliation-inputs/current-source-candidate/tests/test_corrective_testnet_collateral_transfer.py,16821,1789388155000000000,2dbd28d7905724fab5996fefb3794a6893ce7d6b458e00a4712906b635ba291d,hashed,True
source_candidate,tests/test_corrective_testnet_pair_execution.py,/Volumes/Expansion/TheWiz-Workspace/reconciliation-inputs/current-source-candidate/tests/test_corrective_testnet_pair_execution.py,14120,1789388155000000000,f30044e0598fbf7bd99dec188410ed864370f81a5ae729c61cd5232c7704025c,hashed,True
source_candidate,tests/test_corrective_trusted_artifact.py,/Volumes/Expansion/TheWiz-Workspace/reconciliation-inputs/current-source-candidate/tests/test_corrective_trusted_artifact.py,7198,1789388156000000000,a2f64b18fe2f53d339f1dae6553d0be9488ed308a2f4c760cba7add7480e790e,hashed,True
source_candidate,tests/test_corrective_wizard_copula_behavioral.py,/Volumes/Expansion/TheWiz-Workspace/reconciliation-inputs/current-source-candidate/tests/test_corrective_wizard_copula_behavioral.py,29698,1789388156000000000,effd7cc070b2ec6710ce7b7aef422d0816f916ef40aa4b044944d2c01b9d8cd2,hashed,True
source_candidate,tests/test_corrective_wizard_copula_supersession.py,/Volumes/Expansion/TheWiz-Workspace/reconciliation-inputs/current-source-candidate/tests/test_corrective_wizard_copula_supersession.py,18387,1789388155000000000,a936f4735145b57e587f8549ccd911478467f47e4490f5d5c9e4db0f988856fc,hashed,True
source_candidate,tests/test_corrective_wizard_ou_v6_holdout.py,/Volumes/Expansion/TheWiz-Workspace/reconciliation-inputs/current-source-candidate/tests/test_corrective_wizard_ou_v6_holdout.py,22174,1789388156000000000,8260cc4b20e429b1a1165857b0cdfb88af7d4388f84e5d68936bbc53d4557cc0,hashed,True
source_candidate,tests/test_corrective_wizard_ou_v6_terminal_accounting.py,/Volumes/Expansion/TheWiz-Workspace/reconciliation-inputs/current-source-candidate/tests/test_corrective_wizard_ou_v6_terminal_accounting.py,13823,1789388156000000000,5f368d62c12585f4208812cbb17f80ff32a83ad0dc7478ca898f3ec7ed353e99,hashed,True
source_candidate,tests/test_corrective_wizard_proof_launcher.py,/Volumes/Expansion/TheWiz-Workspace/reconciliation-inputs/current-source-candidate/tests/test_corrective_wizard_proof_launcher.py,95863,1789388156000000000,7fa56e92e299c6d9f5ec1d4001dc588fcff4a7c70fae0ac304839687e07650b4,hashed,True
source_candidate,tests/test_corrective_wizard_proof_scheduler.py,/Volumes/Expansion/TheWiz-Workspace/reconciliation-inputs/current-source-candidate/tests/test_corrective_wizard_proof_scheduler.py,155552,1789388156000000000,2c7ebe3e048d63fc8becd05baa129d146b5e8fa100f36d416be3db1ca3882c49,hashed,True
source_candidate,tests/test_corrective_wizard_surface_inventory.py,/Volumes/Expansion/TheWiz-Workspace/reconciliation-inputs/current-source-candidate/tests/test_corrective_wizard_surface_inventory.py,10254,1789388156000000000,63ed2f308f40d113d2256221e9aaf09f3118fc75d351c3575d4eac62c273f2fb,hashed,True
source_candidate,tests/test_crypto_wizards_history.py,/Volumes/Expansion/TheWiz-Workspace/reconciliation-inputs/current-source-candidate/tests/test_crypto_wizards_history.py,18022,1789388156000000000,3085134bcc4d7a1a564f8683265730745e56db094afafd278f446bcbf0ca7f83,hashed,True
source_candidate,tests/test_crypto_wizards_scanner.py,/Volumes/Expansion/TheWiz-Workspace/reconciliation-inputs/current-source-candidate/tests/test_crypto_wizards_scanner.py,7733,1789388156000000000,7ee3f16ef33797c300a0e7fa0e41fbee1e2462ccea4456121b081b565275252a,hashed,True
source_candidate,tests/test_crypto_wizards_sweep.py,/Volumes/Expansion/TheWiz-Workspace/reconciliation-inputs/current-source-candidate/tests/test_crypto_wizards_sweep.py,15725,1789388155000000000,0fd4784bbdebc9f6a65c793736359109c9aecc1b795f320bb1466ee7bf31b834,hashed,True
source_candidate,tests/test_current_lineage_action_census.py,/Volumes/Expansion/TheWiz-Workspace/reconciliation-inputs/current-source-candidate/tests/test_current_lineage_action_census.py,18349,1789388156000000000,00bb32bb08a67b9de4748de57052118c82b50b83f27f057c8c4b070494b9b403,hashed,True
source_candidate,tests/test_current_lineage_selector_consistency.py,/Volumes/Expansion/TheWiz-Workspace/reconciliation-inputs/current-source-candidate/tests/test_current_lineage_selector_consistency.py,2251,1789388156000000000,3153d769c0f74cf3e82bde40c6748adf660a1c4a37db6f6afd1c29b3155efbae,hashed,True
source_candidate,tests/test_current_test_bundle_consumers.py,/Volumes/Expansion/TheWiz-Workspace/reconciliation-inputs/current-source-candidate/tests/test_current_test_bundle_consumers.py,25534,1789388156000000000,db8660bab7d11c35217b3a9dbcb1de5fcabc3c797038ba86e69310aa90dc294f,hashed,True
source_candidate,tests/test_current_wizard_hyperliquid_daily_runner.py,/Volumes/Expansion/TheWiz-Workspace/reconciliation-inputs/current-source-candidate/tests/test_current_wizard_hyperliquid_daily_runner.py,45190,1789388156000000000,914b5eb6c198c6f18163c354e4fb1787ad312e3bc072f5f6d4bedc442c730ee5,hashed,True
source_candidate,tests/test_current_wizard_hyperliquid_handoff.py,/Volumes/Expansion/TheWiz-Workspace/reconciliation-inputs/current-source-candidate/tests/test_current_wizard_hyperliquid_handoff.py,105765,1789388156000000000,29f8bc76870555f7d4904ad41c7e0e262b366b31447bc11d33bdf9a70af75353,hashed,True
source_candidate,tests/test_current_wizard_hyperliquid_math_comparison.py,/Volumes/Expansion/TheWiz-Workspace/reconciliation-inputs/current-source-candidate/tests/test_current_wizard_hyperliquid_math_comparison.py,3552,1789388156000000000,6e5c3b773124226da2ca16dda83c1b4a5d723b80acd1b96c087e850e83c65349,hashed,True
source_candidate,tests/test_daily_stage_deadline.py,/Volumes/Expansion/TheWiz-Workspace/reconciliation-inputs/current-source-candidate/tests/test_daily_stage_deadline.py,1746,1789388156000000000,49c3d17e25e9961ebf9a3d381a5135d901336b5a8e3e565df01f735dfecced0e,hashed,True
source_candidate,tests/test_daily_stage_effect_accounting.py,/Volumes/Expansion/TheWiz-Workspace/reconciliation-inputs/current-source-candidate/tests/test_daily_stage_effect_accounting.py,5673,1789388156000000000,258df19276a86630a2514cc5d34e947977f0de0b73bc3d360c462c8b2db95182,hashed,True
source_candidate,tests/test_decide_color_team_admission.py,/Volumes/Expansion/TheWiz-Workspace/reconciliation-inputs/current-source-candidate/tests/test_decide_color_team_admission.py,16560,1789388155000000000,3a2b6ef098026c75c12dc35fdc01621747b9bfecaa2b04db00c91536fa7232af,hashed,True
source_candidate,tests/test_decide_color_team_architecture.py,/Volumes/Expansion/TheWiz-Workspace/reconciliation-inputs/current-source-candidate/tests/test_decide_color_team_architecture.py,56542,1789388156000000000,a5b4d67830bb1b63475085de6869d6fd30eb7034bc88003a1cd44a49a6d795c4,hashed,True
source_candidate,tests/test_decide_color_team_integrity_regressions.py,/Volumes/Expansion/TheWiz-Workspace/reconciliation-inputs/current-source-candidate/tests/test_decide_color_team_integrity_regressions.py,18736,1789388156000000000,d9d12f707b9ae21871eaabe5709a834502b86e08b3d4dfa6dadaddf492fd2c75,hashed,True
source_candidate,tests/test_decide_color_team_isolation.py,/Volumes/Expansion/TheWiz-Workspace/reconciliation-inputs/current-source-candidate/tests/test_decide_color_team_isolation.py,9469,1789388156000000000,e323146101f6e96734ae3115eb0c33b2477057b73121be859010ad73fe399115,hashed,True
source_candidate,tests/test_decide_color_team_trials.py,/Volumes/Expansion/TheWiz-Workspace/reconciliation-inputs/current-source-candidate/tests/test_decide_color_team_trials.py,38368,1789388155000000000,496857e69754cb84e3088f337c71819bf3ff013a312d6fc104c9aa4ea20c938a,hashed,True
source_candidate,tests/test_decide_contracts.py,/Volumes/Expansion/TheWiz-Workspace/reconciliation-inputs/current-source-candidate/tests/test_decide_contracts.py,7035,1789388156000000000,09e6b6aa360a206f20ec0532e161d883882da8a655e891647995b5885de7bf0a,hashed,True
source_candidate,tests/test_decide_deep_challenge.py,/Volumes/Expansion/TheWiz-Workspace/reconciliation-inputs/current-source-candidate/tests/test_decide_deep_challenge.py,6004,1789388156000000000,3da64a5ec9783ce311fe9acecb67b90723761b8b66bac0f775125c831470627b,hashed,True
source_candidate,tests/test_decide_fast_challenge.py,/Volumes/Expansion/TheWiz-Workspace/reconciliation-inputs/current-source-candidate/tests/test_decide_fast_challenge.py,12123,1789388155000000000,f86cb5c445fd8322e560ec30af936b627569cfa5cb132788450c7f781c0fa1e3,hashed,True
source_candidate,tests/test_decide_pipeline.py,/Volumes/Expansion/TheWiz-Workspace/reconciliation-inputs/current-source-candidate/tests/test_decide_pipeline.py,2276,1789388156000000000,862fd6ade04c1ce41ea4648680ef303d12f4a934fca04d05f475bbafd89507d4,hashed,True
source_candidate,tests/test_decide_proof_admission.py,/Volumes/Expansion/TheWiz-Workspace/reconciliation-inputs/current-source-candidate/tests/test_decide_proof_admission.py,28142,1789388155000000000,18c47404a6057b9130bf29125bb883e055dd9c69bc84d59bc0162e40665e899c,hashed,True
source_candidate,tests/test_decide_shadow_handoff.py,/Volumes/Expansion/TheWiz-Workspace/reconciliation-inputs/current-source-candidate/tests/test_decide_shadow_handoff.py,1097,1789388156000000000,1ca88ec74429af2218ade99db8c944df28d9c2bb6bd092b4979efee13554f90f,hashed,True
source_candidate,tests/test_dydx_candles.py,/Volumes/Expansion/TheWiz-Workspace/reconciliation-inputs/current-source-candidate/tests/test_dydx_candles.py,30890,1789388156000000000,2f894a1df45fb3317d7fb930cdb05af939001bbdb15f1ddd7bd1a2f642365cfc,hashed,True
source_candidate,tests/test_dydx_public_mainnet.py,/Volumes/Expansion/TheWiz-Workspace/reconciliation-inputs/current-source-candidate/tests/test_dydx_public_mainnet.py,13316,1789388156000000000,be554f221def28de8e7a2efb1d1de41636ffae0202e7fc02b52abd631cb12c76,hashed,True
source_candidate,tests/test_dynamic_agent_ledger.py,/Volumes/Expansion/TheWiz-Workspace/reconciliation-inputs/current-source-candidate/tests/test_dynamic_agent_ledger.py,6758,1789388156000000000,5e546add30d0635f047da893537818ab5ccc65e2d3770cc3f3bdf01d03548457,hashed,True
source_candidate,tests/test_dynamic_agent_venue_gate.py,/Volumes/Expansion/TheWiz-Workspace/reconciliation-inputs/current-source-candidate/tests/test_dynamic_agent_venue_gate.py,1396,1789388156000000000,4e45dc051db86ae0c722c7d5ea3d794431bdd0c9a2e26eacfdf6edcddc33060b,hashed,True
source_candidate,tests/test_env.py,/Volumes/Expansion/TheWiz-Workspace/reconciliation-inputs/current-source-candidate/tests/test_env.py,1534,1789388156000000000,27f38b9df1085f349fb5c87a02bf06965f0f60fd9da6421cf6ca77b2829fb6e8,hashed,True
source_candidate,tests/test_estimator_consumer_repairs.py,/Volumes/Expansion/TheWiz-Workspace/reconciliation-inputs/current-source-candidate/tests/test_estimator_consumer_repairs.py,2980,1789388155000000000,872f44b3b1ea3a5be31729e8fbc4010aaad7d1090addcffcede3e54312544600,hashed,True
source_candidate,tests/test_estimator_repairs.py,/Volumes/Expansion/TheWiz-Workspace/reconciliation-inputs/current-source-candidate/tests/test_estimator_repairs.py,8373,1789388155000000000,f777e64eee7b78e3b7fb511fc2d6419fa28f309f83d2ff6922e0f478781a61a0,hashed,True
source_candidate,tests/test_exact_directory_inventory.py,/Volumes/Expansion/TheWiz-Workspace/reconciliation-inputs/current-source-candidate/tests/test_exact_directory_inventory.py,7620,1789388156000000000,956f30a3c58ab7980e5fcd982cf4a83636ecb92c117d6e72f71d9cc602c6856e,hashed,True
source_candidate,tests/test_exact_http_transport_authority.py,/Volumes/Expansion/TheWiz-Workspace/reconciliation-inputs/current-source-candidate/tests/test_exact_http_transport_authority.py,11867,1789388156000000000,8f1f354136993d09dc6e5a2234f6259b5da05036dfe9df409007050d035a9085,hashed,True
source_candidate,tests/test_exact_publication_targets.py,/Volumes/Expansion/TheWiz-Workspace/reconciliation-inputs/current-source-candidate/tests/test_exact_publication_targets.py,11061,1789388155000000000,55c2536ff9def950766b83bbd650a9ddf905cb514df484b9b1f45ef287a412aa,hashed,True
source_candidate,tests/test_execution.py,/Volumes/Expansion/TheWiz-Workspace/reconciliation-inputs/current-source-candidate/tests/test_execution.py,100440,1789388156000000000,d0bb4fe00090ce10c4f3b8f74e35ac2914a548d15db953f8d6dc53c28f4f678a,hashed,True
source_candidate,tests/test_exhaustive_wizard_hyperliquid_replay.py,/Volumes/Expansion/TheWiz-Workspace/reconciliation-inputs/current-source-candidate/tests/test_exhaustive_wizard_hyperliquid_replay.py,53001,1789388156000000000,19c2c7f983e9f37ef86200601537b902bbab305040452e83f158de75bf2d4675,hashed,True
source_candidate,tests/test_experiment_regime_clock.py,/Volumes/Expansion/TheWiz-Workspace/reconciliation-inputs/current-source-candidate/tests/test_experiment_regime_clock.py,9598,1789388155000000000,37ded80035d31e4c72e1c21b8c8a220cefd67ca86e86684d91d9833f17d56ab3,hashed,True
source_candidate,tests/test_experiments.py,/Volumes/Expansion/TheWiz-Workspace/reconciliation-inputs/current-source-candidate/tests/test_experiments.py,13898,1789388156000000000,db00cfeba696cb24bf1cfa3b313265dd5a3ca4ae5cfa91b9abbe80e22095ef38,hashed,True
source_candidate,tests/test_external_effect_worker_hardening.py,/Volumes/Expansion/TheWiz-Workspace/reconciliation-inputs/current-source-candidate/tests/test_external_effect_worker_hardening.py,24070,1789388156000000000,e0bf6a5ced6ba99315c849aefd208dfcd720a672bebc206e2b0ea4a1064d3f0f,hashed,True
source_candidate,tests/test_feature_engine.py,/Volumes/Expansion/TheWiz-Workspace/reconciliation-inputs/current-source-candidate/tests/test_feature_engine.py,3429,1789388156000000000,10727c989ff7998612478439c14f54ad9d1c5066c1ba45cb14c16ce7c4ac8e56,hashed,True
source_candidate,tests/test_finalize_full_project_test_receipt.py,/Volumes/Expansion/TheWiz-Workspace/reconciliation-inputs/current-source-candidate/tests/test_finalize_full_project_test_receipt.py,20009,1789388155000000000,ea69e57cae34730d4086594f052b19cc412c03b0213f7f1680aaed35dae3bf5b,hashed,True
source_candidate,tests/test_finalize_relevant_test_receipt.py,/Volumes/Expansion/TheWiz-Workspace/reconciliation-inputs/current-source-candidate/tests/test_finalize_relevant_test_receipt.py,14205,1789388156000000000,81acd908236c800799f86d3fdc45c13fd17d25de913bf2a22e7865d1d8f40b6a,hashed,True
source_candidate,tests/test_forward_walk_classification_repairs.py,/Volumes/Expansion/TheWiz-Workspace/reconciliation-inputs/current-source-candidate/tests/test_forward_walk_classification_repairs.py,9722,1789388156000000000,0d874997986017c103cfa2c8dd752da9baba3923799681c6d7ea02c36d59a278,hashed,True
source_candidate,tests/test_funding.py,/Volumes/Expansion/TheWiz-Workspace/reconciliation-inputs/current-source-candidate/tests/test_funding.py,8723,1789388155000000000,d935393378173152e5f1baef656536a60dfe6e5f97e6b3df3c82cf870475cc4e,hashed,True
source_candidate,tests/test_funding_allocation_candidate.py,/Volumes/Expansion/TheWiz-Workspace/reconciliation-inputs/current-source-candidate/tests/test_funding_allocation_candidate.py,19093,1789388156000000000,cc9617efe0f74151758d532eeccbfafa9a4414c754f771218d936c35b67ed9e9,hashed,True
source_candidate,tests/test_gate00g_order_authority.py,/Volumes/Expansion/TheWiz-Workspace/reconciliation-inputs/current-source-candidate/tests/test_gate00g_order_authority.py,38594,1789388155000000000,3017033ae5bf0c555e919c72b831ef920aa6ac8395a037967ea3621d65375784,hashed,True
source_candidate,tests/test_human_evidence_dashboard.py,/Volumes/Expansion/TheWiz-Workspace/reconciliation-inputs/current-source-candidate/tests/test_human_evidence_dashboard.py,27667,1789388155000000000,958921fb8fa7b81cd7be298b67497eaad8536007d9e7aaf23241d2d289352772,hashed,True
source_candidate,tests/test_human_evidence_presentation_isolated.py,/Volumes/Expansion/TheWiz-Workspace/reconciliation-inputs/current-source-candidate/tests/test_human_evidence_presentation_isolated.py,21293,1789388156000000000,197bec8ddce987769e5dcb798fa85746f6374cb26b76ae18559a9aa19b9a0b2b,hashed,True
source_candidate,tests/test_human_view_repairs.py,/Volumes/Expansion/TheWiz-Workspace/reconciliation-inputs/current-source-candidate/tests/test_human_view_repairs.py,8630,1789388156000000000,d74bbeeea7248617149b2b58f059dd4efadad3048a82a0d3f35e94583ae91c81,hashed,True
source_candidate,tests/test_hyperliquid.py,/Volumes/Expansion/TheWiz-Workspace/reconciliation-inputs/current-source-candidate/tests/test_hyperliquid.py,37830,1789388156000000000,8cf9955b1c155f848ba3f89e885096bbca954d4c241605690a0dbeae6b8417f4,hashed,True
source_candidate,tests/test_hyperliquid_testnet.py,/Volumes/Expansion/TheWiz-Workspace/reconciliation-inputs/current-source-candidate/tests/test_hyperliquid_testnet.py,52358,1789388156000000000,d5a66d6d07e7e032e93d3d05f863b280280083fa301fe868245ac3fffcd3dcde,hashed,True
source_candidate,tests/test_institutional_fund_graph.py,/Volumes/Expansion/TheWiz-Workspace/reconciliation-inputs/current-source-candidate/tests/test_institutional_fund_graph.py,10442,1789388156000000000,140857ecffaef54c37f2faad6d2d249f261de1ed30ae509e3a7c5290af7ad5dc,hashed,True
source_candidate,tests/test_institutional_metric_integrity.py,/Volumes/Expansion/TheWiz-Workspace/reconciliation-inputs/current-source-candidate/tests/test_institutional_metric_integrity.py,1248,1789388156000000000,2fe171ca89d41c698e18b47ba7335661f371cb3351e38bc708416590d918d4d8,hashed,True
source_candidate,tests/test_institutional_portfolio_risk.py,/Volumes/Expansion/TheWiz-Workspace/reconciliation-inputs/current-source-candidate/tests/test_institutional_portfolio_risk.py,10344,1789388156000000000,ece0adddb0dff12de83232c0b2daa46d9edefdae9dad74eaed37a0c0defc4b6e,hashed,True
source_candidate,tests/test_ledger_clock_consumer.py,/Volumes/Expansion/TheWiz-Workspace/reconciliation-inputs/current-source-candidate/tests/test_ledger_clock_consumer.py,1318,1789388156000000000,d83f9ee6754344324e2ca0026d1f3f60f0223148deec0f371534a9f1a1ea30a0,hashed,True
source_candidate,tests/test_lineage_video_routing.py,/Volumes/Expansion/TheWiz-Workspace/reconciliation-inputs/current-source-candidate/tests/test_lineage_video_routing.py,7345,1789388155000000000,5e2bb7caeac9eae2a57edf6fe39a422626e6bd115036e22b43a77153f2e39493,hashed,True
source_candidate,tests/test_maintenance_binding684.py,/Volumes/Expansion/TheWiz-Workspace/reconciliation-inputs/current-source-candidate/tests/test_maintenance_binding684.py,2351,1789388155000000000,60ffbda97410ac6139ac1c25db2fd309674891a17b54d5df287a9f9033b60af1,hashed,True
source_candidate,tests/test_math_desk_census.py,/Volumes/Expansion/TheWiz-Workspace/reconciliation-inputs/current-source-candidate/tests/test_math_desk_census.py,14786,1789388156000000000,f3bbdc9bbd4127791ee7cda8e2d460717af213f4d9fa9ab51189e6866d8ec31c,hashed,True
source_candidate,tests/test_math_desk_contracts.py,/Volumes/Expansion/TheWiz-Workspace/reconciliation-inputs/current-source-candidate/tests/test_math_desk_contracts.py,35660,1789388155000000000,a0e0fe85fb9989965b070d4832ad90885f4539aad4d5ff6fa2d4f31aa3b8900f,hashed,True
source_candidate,tests/test_math_desk_m3_core.py,/Volumes/Expansion/TheWiz-Workspace/reconciliation-inputs/current-source-candidate/tests/test_math_desk_m3_core.py,14978,1789388156000000000,c58fe03d3102b51e55138274ac885918dff7ed70630d32b0b7fd82f488be8f0b,hashed,True
source_candidate,tests/test_math_desk_m4_wizard_parity.py,/Volumes/Expansion/TheWiz-Workspace/reconciliation-inputs/current-source-candidate/tests/test_math_desk_m4_wizard_parity.py,12088,1789388156000000000,6a0de7143bd10b4dada1498bd3977d11883ddcf292d997669ae84c66844b892f,hashed,True
source_candidate,tests/test_math_desk_m5_exhaustive.py,/Volumes/Expansion/TheWiz-Workspace/reconciliation-inputs/current-source-candidate/tests/test_math_desk_m5_exhaustive.py,8695,1789388155000000000,64ec19627b588b17791cca4c0c14e042b594427f0decadd1939adbc3d2293146,hashed,True
source_candidate,tests/test_math_desk_m5_source_evidence.py,/Volumes/Expansion/TheWiz-Workspace/reconciliation-inputs/current-source-candidate/tests/test_math_desk_m5_source_evidence.py,15607,1789388155000000000,81733f126d1a8bbcbd16ec1cc0f51d5bdfec3567527b4fee472d645c3a6795d6,hashed,True
source_candidate,tests/test_math_desk_m5_visual.py,/Volumes/Expansion/TheWiz-Workspace/reconciliation-inputs/current-source-candidate/tests/test_math_desk_m5_visual.py,10356,1789388155000000000,d9feae11f4dcfabbf5fab67a119703c74230750269759f9b44922b5279a423e3,hashed,True
source_candidate,tests/test_math_desk_m6_backlog_resolution.py,/Volumes/Expansion/TheWiz-Workspace/reconciliation-inputs/current-source-candidate/tests/test_math_desk_m6_backlog_resolution.py,9606,1789388156000000000,3e3451edae58c88115caaf958b7fdb0e07be4af6052c4d0dc0961582f2e5d85d,hashed,True
source_candidate,tests/test_math_desk_m6_m8.py,/Volumes/Expansion/TheWiz-Workspace/reconciliation-inputs/current-source-candidate/tests/test_math_desk_m6_m8.py,44609,1789388155000000000,cd1ffd03ec34c5f415558bc4058fc9d9efccbb57e4ee1cd26c053e8011fa48f7,hashed,True
source_candidate,tests/test_math_desk_risk_census.py,/Volumes/Expansion/TheWiz-Workspace/reconciliation-inputs/current-source-candidate/tests/test_math_desk_risk_census.py,19079,1789388156000000000,20952500c605519f5ea2a6af9ce95adde46da8aabf3013fa63b597037dfd1100,hashed,True
source_candidate,tests/test_math_desk_scope_registry.py,/Volumes/Expansion/TheWiz-Workspace/reconciliation-inputs/current-source-candidate/tests/test_math_desk_scope_registry.py,30366,1789388155000000000,087b0c334fd8a07934f5d4248ed2c687b5e25ee5a1ac3bfc2d14cd38a3a259ec,hashed,True
source_candidate,tests/test_math_v2_acceptance.py,/Volumes/Expansion/TheWiz-Workspace/reconciliation-inputs/current-source-candidate/tests/test_math_v2_acceptance.py,843,1789388156000000000,9599313e1ede12b2aae4a670b10c112987d65d1782e5c39a26ec5b268b11ef1e,hashed,True
source_candidate,tests/test_meta_learning.py,/Volumes/Expansion/TheWiz-Workspace/reconciliation-inputs/current-source-candidate/tests/test_meta_learning.py,10386,1789388156000000000,53988a888558e88da9e65445d474eba06b59ed362c3e8729200451340c962bb9,hashed,True
source_candidate,tests/test_meta_learning_repairs.py,/Volumes/Expansion/TheWiz-Workspace/reconciliation-inputs/current-source-candidate/tests/test_meta_learning_repairs.py,11516,1789388156000000000,95fdcb5087cd858342dc12fb4fa5344f8eecc798cf9951c1cecd9e5c4c9e024d,hashed,True
source_candidate,tests/test_mixed_version_metadata_repairs.py,/Volumes/Expansion/TheWiz-Workspace/reconciliation-inputs/current-source-candidate/tests/test_mixed_version_metadata_repairs.py,2740,1789388156000000000,88638fcded8ea4dac1adb4787a659725d98083d5ae5bb644657aa3c42015c7fb,hashed,True
source_candidate,tests/test_ml_filter.py,/Volumes/Expansion/TheWiz-Workspace/reconciliation-inputs/current-source-candidate/tests/test_ml_filter.py,28422,1789388156000000000,018b984961fcc084ca256de41afa630555b6e26a174d44a39656a2cf16af8a74,hashed,True
source_candidate,tests/test_native_stage34_rehearsal.py,/Volumes/Expansion/TheWiz-Workspace/reconciliation-inputs/current-source-candidate/tests/test_native_stage34_rehearsal.py,13469,1789388156000000000,317e39b3ead2bf92e3e16d8db1b3ce0e038393f17ff3f6635d7f2d9eebea2c6e,hashed,True
source_candidate,tests/test_node_contract_repairs.py,/Volumes/Expansion/TheWiz-Workspace/reconciliation-inputs/current-source-candidate/tests/test_node_contract_repairs.py,12700,1789388156000000000,6274397a604c44f9a35c4d8068512cf757af1450207f890770b220d145204a08,hashed,True
source_candidate,tests/test_observation_handoff670.py,/Volumes/Expansion/TheWiz-Workspace/reconciliation-inputs/current-source-candidate/tests/test_observation_handoff670.py,11228,1789388156000000000,7151ca7398c596e511b06a9760ce2d5c9338197a63208dcc9ce2e2762975ea85,hashed,True
source_candidate,tests/test_observer_credited711.py,/Volumes/Expansion/TheWiz-Workspace/reconciliation-inputs/current-source-candidate/tests/test_observer_credited711.py,6582,1789388156000000000,761b5a844136f4a9d5882c3379d21c53c996ec75893d37142aff361ae32e7ab6,hashed,True
source_candidate,tests/test_orchestration_rl.py,/Volumes/Expansion/TheWiz-Workspace/reconciliation-inputs/current-source-candidate/tests/test_orchestration_rl.py,68151,1789388156000000000,8a63d69fb5279b6a5f63aeb4e034b4906d834d4bca7146aa33291430dd78d501,hashed,True
source_candidate,tests/test_orientation_remediation_closure.py,/Volumes/Expansion/TheWiz-Workspace/reconciliation-inputs/current-source-candidate/tests/test_orientation_remediation_closure.py,52574,1789388156000000000,dd4a91596c1da91f2dbbee2c25c216189547a633cc50a182b6f39fd2eacf7c4a,hashed,True
source_candidate,tests/test_owner_admission666.py,/Volumes/Expansion/TheWiz-Workspace/reconciliation-inputs/current-source-candidate/tests/test_owner_admission666.py,4127,1789388156000000000,daeabf4b4a0c37a2d8701a14cb7abc8866a8c640f71c73e17a05c13023e8d17f,hashed,True
source_candidate,tests/test_owner_release668.py,/Volumes/Expansion/TheWiz-Workspace/reconciliation-inputs/current-source-candidate/tests/test_owner_release668.py,5729,1789388156000000000,330c0943f4bb79421c100a9e633970056d67a5d8b55236e2b3c1e53b461064ab,hashed,True
source_candidate,tests/test_owner_release_inputs669.py,/Volumes/Expansion/TheWiz-Workspace/reconciliation-inputs/current-source-candidate/tests/test_owner_release_inputs669.py,7678,1789388156000000000,9bae8353be5b391e96bc47f04b1a0eac25cb684dc84a3e10997ebaa89a9a6a8a,hashed,True
source_candidate,tests/test_owner_workload680.py,/Volumes/Expansion/TheWiz-Workspace/reconciliation-inputs/current-source-candidate/tests/test_owner_workload680.py,8033,1789388156000000000,b24cecd14e6a17c7b3fbdfbf42549ed197cc375620acb08e6f9b6254a02cab83,hashed,True
source_candidate,tests/test_partial_cleanup662.py,/Volumes/Expansion/TheWiz-Workspace/reconciliation-inputs/current-source-candidate/tests/test_partial_cleanup662.py,5701,1789388156000000000,94cb6968a837d92db3d6ca47b6582094c3a976c42bf023b1c3cc8f8f2daaabb3,hashed,True
source_candidate,tests/test_performance_input_repairs.py,/Volumes/Expansion/TheWiz-Workspace/reconciliation-inputs/current-source-candidate/tests/test_performance_input_repairs.py,4789,1789388156000000000,e1121b3fe0e1fc5cdaf8cc5b2baf2eab0433680c610cab9527b351a3aa1adb7a,hashed,True
source_candidate,tests/test_performance_math_v2.py,/Volumes/Expansion/TheWiz-Workspace/reconciliation-inputs/current-source-candidate/tests/test_performance_math_v2.py,4707,1789388156000000000,1e9337be0a4916c8c4d71d65bb1a8ad05b954ead1ab112abb6efda83864ca2dd,hashed,True
source_candidate,tests/test_personal_trader_graph.py,/Volumes/Expansion/TheWiz-Workspace/reconciliation-inputs/current-source-candidate/tests/test_personal_trader_graph.py,46148,1789388156000000000,2e54e61aa5ba2bd03809b3d48bfe7357b22a669986a83b097c19b32431595548,hashed,True
source_candidate,tests/test_phase00_active_artifact_envelopes.py,/Volumes/Expansion/TheWiz-Workspace/reconciliation-inputs/current-source-candidate/tests/test_phase00_active_artifact_envelopes.py,61400,1789388156000000000,c53ea6bf4d4f161b8b3419b85fd79242275ebc5c76bc6aec888c98c2505d654f,hashed,True
source_candidate,tests/test_phase00_closure_launcher.py,/Volumes/Expansion/TheWiz-Workspace/reconciliation-inputs/current-source-candidate/tests/test_phase00_closure_launcher.py,56213,1789388156000000000,29278a4de5bd2cf36fed36abb96409d78c65bd9c9d98c8ffdbb3170221f40091,hashed,True
source_candidate,tests/test_phase00_effect_authority.py,/Volumes/Expansion/TheWiz-Workspace/reconciliation-inputs/current-source-candidate/tests/test_phase00_effect_authority.py,57636,1789388156000000000,67c1d117368881d2853a603b6821d9a60e852dbcadc508b8735624cfd0c277ed,hashed,True
source_candidate,tests/test_phase00_expansion_interfaces.py,/Volumes/Expansion/TheWiz-Workspace/reconciliation-inputs/current-source-candidate/tests/test_phase00_expansion_interfaces.py,28608,1789388156000000000,1eebece63b3d7d57c0b37679bb8bf1b58beb0608e17f77ad921482c211187a77,hashed,True
source_candidate,tests/test_phase00_external_effects.py,/Volumes/Expansion/TheWiz-Workspace/reconciliation-inputs/current-source-candidate/tests/test_phase00_external_effects.py,30662,1789388156000000000,54cbbd3aedb0c9f30d51b2a654868cf142631790f70bd09f2cbfb5cc46903db5,hashed,True
source_candidate,tests/test_phase00_gate_checkpoint_consistency.py,/Volumes/Expansion/TheWiz-Workspace/reconciliation-inputs/current-source-candidate/tests/test_phase00_gate_checkpoint_consistency.py,21495,1789388156000000000,ce9ea7e9ae15d52c7fbc669f411f515556322f64445de4410f09f388ea94ea1c,hashed,True
source_candidate,tests/test_phase00_hyperliquid_network_authority.py,/Volumes/Expansion/TheWiz-Workspace/reconciliation-inputs/current-source-candidate/tests/test_phase00_hyperliquid_network_authority.py,9667,1789388156000000000,d5e2461aa602aa8ba68efe65f0c30d3b1caca725ebbfadcf567ad161210ddcf4,hashed,True
source_candidate,tests/test_phase00_lineage_dag.py,/Volumes/Expansion/TheWiz-Workspace/reconciliation-inputs/current-source-candidate/tests/test_phase00_lineage_dag.py,30769,1789388156000000000,23cfcd7c2dc54975f33b97691249110d66de30df84424580e5197e3de4299f70,hashed,True
source_candidate,tests/test_phase00_redaction.py,/Volumes/Expansion/TheWiz-Workspace/reconciliation-inputs/current-source-candidate/tests/test_phase00_redaction.py,14444,1789388156000000000,b25f1865a081e31bf73c8a401156d2db01744650a551ee9d7e344d1a1282e63b,hashed,True
source_candidate,tests/test_phase00_scheduler_supervisor.py,/Volumes/Expansion/TheWiz-Workspace/reconciliation-inputs/current-source-candidate/tests/test_phase00_scheduler_supervisor.py,38487,1789388156000000000,d3e42007013155f4afb3bf64d985fe9934a8ca09b146628442081b58d69f98dc,hashed,True
source_candidate,tests/test_phase00_supreme_diagnostics.py,/Volumes/Expansion/TheWiz-Workspace/reconciliation-inputs/current-source-candidate/tests/test_phase00_supreme_diagnostics.py,35908,1789388156000000000,fbb1f5eb583f0dba33daa8e77f88e6288eb097366e295ee2c0f6121058814cbf,hashed,True
source_candidate,tests/test_planned_audit_downstream.py,/Volumes/Expansion/TheWiz-Workspace/reconciliation-inputs/current-source-candidate/tests/test_planned_audit_downstream.py,41295,1789388155000000000,4d91ffebcd12f28aa146370404dd2e67283cc669564a0221beacdf561c8cc78a,hashed,True
source_candidate,tests/test_planned_control_source_contract.py,/Volumes/Expansion/TheWiz-Workspace/reconciliation-inputs/current-source-candidate/tests/test_planned_control_source_contract.py,7886,1789388156000000000,72ac90d84719a91998e55042092d7199b4b13afda3cd4409f23e34100a7b4285,hashed,True
source_candidate,tests/test_planned_registry_integration.py,/Volumes/Expansion/TheWiz-Workspace/reconciliation-inputs/current-source-candidate/tests/test_planned_registry_integration.py,40090,1789388155000000000,f18dc4c4a0dd83a3e8beea122f9d83f0bfdaea42cc7599c85f45afb0bfbe9f53,hashed,True
source_candidate,tests/test_point_in_time_data.py,/Volumes/Expansion/TheWiz-Workspace/reconciliation-inputs/current-source-candidate/tests/test_point_in_time_data.py,2938,1789388156000000000,91682e24291b99d9e4ad5671b8c6c122ba43d54ae16e16ae594af786b1ce4ccb,hashed,True
source_candidate,tests/test_postseal_currentness_path_safety.py,/Volumes/Expansion/TheWiz-Workspace/reconciliation-inputs/current-source-candidate/tests/test_postseal_currentness_path_safety.py,162892,1789388156000000000,12892614bf9c32e252cc1bcb273df2dbc889a83906410dbd1dc61e31be13f787,hashed,True
source_candidate,tests/test_precollection_cycle_owner.py,/Volumes/Expansion/TheWiz-Workspace/reconciliation-inputs/current-source-candidate/tests/test_precollection_cycle_owner.py,11023,1789388155000000000,a6ad6e6ef77f2a75c8f3e1cdfd02efd76a878d21445da14ebaf8594b9ab6f5de,hashed,True
source_candidate,tests/test_precollection_cycle_validation.py,/Volumes/Expansion/TheWiz-Workspace/reconciliation-inputs/current-source-candidate/tests/test_precollection_cycle_validation.py,13506,1789388156000000000,58ce17f9da7f7ed97d626ea3705603b8cd51ad62b40bfb103f2d927684304720,hashed,True
source_candidate,tests/test_precollection_cycle_worker.py,/Volumes/Expansion/TheWiz-Workspace/reconciliation-inputs/current-source-candidate/tests/test_precollection_cycle_worker.py,5809,1789388156000000000,d435244d9aac3cb5642a4edbf0822411a851cb1450c1b8965b6a7ee5fc20f538,hashed,True
source_candidate,tests/test_precollection_launcher_monitor.py,/Volumes/Expansion/TheWiz-Workspace/reconciliation-inputs/current-source-candidate/tests/test_precollection_launcher_monitor.py,12190,1789388156000000000,12a3ba95aaa89624bd113eb71a00b874f6effb534a94d6a3d70220e7583c26c5,hashed,True
source_candidate,tests/test_precollection_monitor_review.py,/Volumes/Expansion/TheWiz-Workspace/reconciliation-inputs/current-source-candidate/tests/test_precollection_monitor_review.py,18630,1789388156000000000,cb14f26e2f4e4063aa1851ed3427d8a9c0389ef20d024b19a222aadd4daf21a1,hashed,True
source_candidate,tests/test_precollection_monitor_schedule.py,/Volumes/Expansion/TheWiz-Workspace/reconciliation-inputs/current-source-candidate/tests/test_precollection_monitor_schedule.py,6717,1789388155000000000,3acf57db5f4a4929d58a54228651d106d7c60a7c5ca1dc50cdfcd18356cf59f5,hashed,True
source_candidate,tests/test_precollection_observer_child.py,/Volumes/Expansion/TheWiz-Workspace/reconciliation-inputs/current-source-candidate/tests/test_precollection_observer_child.py,8857,1789388156000000000,58da5381eecff7be8f058bf26db49a04d66f76b2679583b8175c8a77abcb5571,hashed,True
source_candidate,tests/test_precollection_owned_schedule.py,/Volumes/Expansion/TheWiz-Workspace/reconciliation-inputs/current-source-candidate/tests/test_precollection_owned_schedule.py,13158,1789388156000000000,1e3fb9e60a2b14b936198302c9dda918544ae83115d5b7d4d7b75496bb42815f,hashed,True
source_candidate,tests/test_precollection_poll_launcher.py,/Volumes/Expansion/TheWiz-Workspace/reconciliation-inputs/current-source-candidate/tests/test_precollection_poll_launcher.py,18191,1789388155000000000,e32d507360f0312d05bbf61633426613a421d14c7edccc40edb5cde7e6482c84,hashed,True
source_candidate,tests/test_precollection_poll_launcher_contract.py,/Volumes/Expansion/TheWiz-Workspace/reconciliation-inputs/current-source-candidate/tests/test_precollection_poll_launcher_contract.py,11631,1789388156000000000,267469ec47cd1e46dd53c83069d7eeb743623925d29405a1556ee351adc218f3,hashed,True
source_candidate,tests/test_precollection_poll_store.py,/Volumes/Expansion/TheWiz-Workspace/reconciliation-inputs/current-source-candidate/tests/test_precollection_poll_store.py,11967,1789388156000000000,24c48d88502383f27141d3273e58f8230039d693559cea600cdfd88b92e6a039,hashed,True
source_candidate,tests/test_precollection_poll_watchdog.py,/Volumes/Expansion/TheWiz-Workspace/reconciliation-inputs/current-source-candidate/tests/test_precollection_poll_watchdog.py,10225,1789388156000000000,667ab6f6730c09d7aa4dc02864dfcde41016c1227501aa5aebf184786652ca26,hashed,True
source_candidate,tests/test_precollection_schedule_protocol.py,/Volumes/Expansion/TheWiz-Workspace/reconciliation-inputs/current-source-candidate/tests/test_precollection_schedule_protocol.py,4910,1789388156000000000,1965d2ac2445dd76b4418b36c83ad2dd60d655d90985e903dcdb3e6f03132cac,hashed,True
source_candidate,tests/test_preowner_accounting677.py,/Volumes/Expansion/TheWiz-Workspace/reconciliation-inputs/current-source-candidate/tests/test_preowner_accounting677.py,6938,1789388156000000000,e2f6abe193242116c2b31e29c63ea14afb82a276a83d00c0a8d0336cf1d99969,hashed,True
source_candidate,tests/test_preowner_assessment686.py,/Volumes/Expansion/TheWiz-Workspace/reconciliation-inputs/current-source-candidate/tests/test_preowner_assessment686.py,16314,1789388156000000000,7acd85f86a1e829c9465edc3353ce2ed0664dbc538e8ee28215a56069ce1bd94,hashed,True
source_candidate,tests/test_preowner_campaign675.py,/Volumes/Expansion/TheWiz-Workspace/reconciliation-inputs/current-source-candidate/tests/test_preowner_campaign675.py,6958,1789388155000000000,6a42664cdfd3f56ad1520b13a1f451af05a095f1dfa4daa7061d49bca805593e,hashed,True
source_candidate,tests/test_preowner_inputs673.py,/Volumes/Expansion/TheWiz-Workspace/reconciliation-inputs/current-source-candidate/tests/test_preowner_inputs673.py,6443,1789388156000000000,f322c214238dd9cf2caf37fb68afe029a7ab3e7aa42e96f7b5fb1a47022f45f9,hashed,True
source_candidate,tests/test_preowner_maintenance685.py,/Volumes/Expansion/TheWiz-Workspace/reconciliation-inputs/current-source-candidate/tests/test_preowner_maintenance685.py,7578,1789388156000000000,51cf8f79d40eec343ab0fb39fafdaa98e2992b68e2263841cd86d2db3b57cf6d,hashed,True
source_candidate,tests/test_prestart_census676.py,/Volumes/Expansion/TheWiz-Workspace/reconciliation-inputs/current-source-candidate/tests/test_prestart_census676.py,5446,1789388156000000000,2507eafec613509e64f3d74c0e5630cc0adf9a9fc696920403cb6dd6fc6c23b9,hashed,True
source_candidate,tests/test_process_identity699.py,/Volumes/Expansion/TheWiz-Workspace/reconciliation-inputs/current-source-candidate/tests/test_process_identity699.py,4177,1789388156000000000,f3835313544c5221ad21f81879d800e769f5392750830a1add136fa0f76eff5b,hashed,True
source_candidate,tests/test_process_integration700.py,/Volumes/Expansion/TheWiz-Workspace/reconciliation-inputs/current-source-candidate/tests/test_process_integration700.py,5247,1789388156000000000,7f376edced5ff946dac2f9c4cef87fcb968f4899aa399f85ff4ddc8665f1afd9,hashed,True
source_candidate,tests/test_protective_exits.py,/Volumes/Expansion/TheWiz-Workspace/reconciliation-inputs/current-source-candidate/tests/test_protective_exits.py,9030,1789388156000000000,9710694521f8c5657f45502fe51c8909832d227f72361b51bc2187e21a87e5ef,hashed,True
source_candidate,tests/test_protective_numeric_domain.py,/Volumes/Expansion/TheWiz-Workspace/reconciliation-inputs/current-source-candidate/tests/test_protective_numeric_domain.py,1369,1789388156000000000,caaec33742a0cc9284e9dbe7e9ded285deecc0f673c88e9528a4b287a9f2ab17,hashed,True
source_candidate,tests/test_provider_binding707.py,/Volumes/Expansion/TheWiz-Workspace/reconciliation-inputs/current-source-candidate/tests/test_provider_binding707.py,4328,1789388156000000000,760c02a7a9e4e5ef3ce5a8328c41dce3c1708de41992d576d632ef5318b4fe30,hashed,True
source_candidate,tests/test_publication_profile724.py,/Volumes/Expansion/TheWiz-Workspace/reconciliation-inputs/current-source-candidate/tests/test_publication_profile724.py,3100,1789388156000000000,942ac164b73328ec7b364204a4f7e6a3a770a3e85eaed223b771aa8dc1cf6588,hashed,True
source_candidate,tests/test_publication_worker_lifecycle_regressions.py,/Volumes/Expansion/TheWiz-Workspace/reconciliation-inputs/current-source-candidate/tests/test_publication_worker_lifecycle_regressions.py,19665,1789388156000000000,ed82f1a041847b61c52ee137f8665304ca2842bcc0ccc699d1d9b5069362fdbf,hashed,True
source_candidate,tests/test_pytest_execution_contract.py,/Volumes/Expansion/TheWiz-Workspace/reconciliation-inputs/current-source-candidate/tests/test_pytest_execution_contract.py,81559,1789388156000000000,3f03e2097629e2d79970efb473a14ef862a20bfbaeb6d7b352338b33323d3b4a,hashed,True
source_candidate,tests/test_reconcile_reader661.py,/Volumes/Expansion/TheWiz-Workspace/reconciliation-inputs/current-source-candidate/tests/test_reconcile_reader661.py,2327,1789388155000000000,9347593832a97deb9d79718f4a719b3ca253d77dee9653e3900fbbd188a14495,hashed,True
source_candidate,tests/test_regimes.py,/Volumes/Expansion/TheWiz-Workspace/reconciliation-inputs/current-source-candidate/tests/test_regimes.py,2859,1789388156000000000,57b50152676bb4c3e3aa962e966471bf636f72023458215c91a35e6654909cef,hashed,True
source_candidate,tests/test_released_admission681.py,/Volumes/Expansion/TheWiz-Workspace/reconciliation-inputs/current-source-candidate/tests/test_released_admission681.py,8040,1789388156000000000,9b4ce63266eba0298f20efd98be8cf201e0a330e9599c8cc55e33febd71a8d98,hashed,True
source_candidate,tests/test_released_workload679.py,/Volumes/Expansion/TheWiz-Workspace/reconciliation-inputs/current-source-candidate/tests/test_released_workload679.py,7309,1789388156000000000,3bb4bff2ab4bb556bde22b74f884f84c66c3422cd8dbc7e7e80aa463a7bbcc98,hashed,True
source_candidate,tests/test_research_assertion_contracts.py,/Volumes/Expansion/TheWiz-Workspace/reconciliation-inputs/current-source-candidate/tests/test_research_assertion_contracts.py,83438,1789388156000000000,116fba82b42a7b6071579bb70c370e7c4e1b6d20282d9cc83c47eba2a5a20043,hashed,True
source_candidate,tests/test_research_assertion_isolation.py,/Volumes/Expansion/TheWiz-Workspace/reconciliation-inputs/current-source-candidate/tests/test_research_assertion_isolation.py,2336,1789388156000000000,99e5627fb4c2dd7d7d3d206b4bb0d78eb6ae8d97d72b1bb2077562ce3d2e589d,hashed,True
source_candidate,tests/test_research_ingestion.py,/Volumes/Expansion/TheWiz-Workspace/reconciliation-inputs/current-source-candidate/tests/test_research_ingestion.py,11523,1789388156000000000,b7775733acdc2d62d5c3157e1ea82c742c7b98d2a5b84b1d7e33b6c129571358,hashed,True
source_candidate,tests/test_research_paper_reproduction.py,/Volumes/Expansion/TheWiz-Workspace/reconciliation-inputs/current-source-candidate/tests/test_research_paper_reproduction.py,7232,1789388155000000000,1adc864f9b4488447fdd3aadc1ab02032a46c3621e5364c84289f033488e408c,hashed,True
source_candidate,tests/test_research_paper_reviews.py,/Volumes/Expansion/TheWiz-Workspace/reconciliation-inputs/current-source-candidate/tests/test_research_paper_reviews.py,3845,1789388156000000000,a89805a0fd199f586e4d5431f91de6c2ae3a81a3445d48fe3e2b848bdd1f7ab6,hashed,True
source_candidate,tests/test_research_producer_publication_safety.py,/Volumes/Expansion/TheWiz-Workspace/reconciliation-inputs/current-source-candidate/tests/test_research_producer_publication_safety.py,6286,1789388155000000000,dcbc8cb01d5127f30e187f9b9f0af56fdabebe5504be0f6221f7c5e1ad7c7477,hashed,True
source_candidate,tests/test_research_trial_registry.py,/Volumes/Expansion/TheWiz-Workspace/reconciliation-inputs/current-source-candidate/tests/test_research_trial_registry.py,9501,1789388156000000000,9baf7ebf1173fee2e3446e65090057347a7c3c0a6f9079883ed3c11758b06663,hashed,True
source_candidate,tests/test_risk_metrics.py,/Volumes/Expansion/TheWiz-Workspace/reconciliation-inputs/current-source-candidate/tests/test_risk_metrics.py,7094,1789388156000000000,6b8a3755eb0e93b6c620213f6194f5e29a26810ff23ed4d07c95debf8d62fab5,hashed,True
source_candidate,tests/test_rl_brain_contract.py,/Volumes/Expansion/TheWiz-Workspace/reconciliation-inputs/current-source-candidate/tests/test_rl_brain_contract.py,35374,1789388156000000000,ae0b733e652aa56fdc4cad808e89c4fae52aed62239a14fcffc5f36124227bdd,hashed,True
source_candidate,tests/test_runtime_binding687.py,/Volumes/Expansion/TheWiz-Workspace/reconciliation-inputs/current-source-candidate/tests/test_runtime_binding687.py,2821,1789388156000000000,92c52eebaa8f549726f5438a77189235f249f126d760f83556c8244248f9d7a1,hashed,True
source_candidate,tests/test_settings_identity_repairs.py,/Volumes/Expansion/TheWiz-Workspace/reconciliation-inputs/current-source-candidate/tests/test_settings_identity_repairs.py,18623,1789388155000000000,801ba0c4a58b6709287622440799b6d595a5f00e61444cf633e92f3cb0ea51d6,hashed,True
source_candidate,tests/test_static_desk_ecm_repairs.py,/Volumes/Expansion/TheWiz-Workspace/reconciliation-inputs/current-source-candidate/tests/test_static_desk_ecm_repairs.py,12540,1789388156000000000,efba8cf0be0c34d4e404c712a6fdd9f3557c3e80d24d5efacd3e5ebb97d70550,hashed,True
source_candidate,tests/test_static_desk_learning_consumer.py,/Volumes/Expansion/TheWiz-Workspace/reconciliation-inputs/current-source-candidate/tests/test_static_desk_learning_consumer.py,3496,1789388155000000000,ad30b6cfd356222f8f0d3d3acfb3e817e525db77ebf0cb4e8ad8583c7423dac1,hashed,True
source_candidate,tests/test_static_desk_learning_repairs.py,/Volumes/Expansion/TheWiz-Workspace/reconciliation-inputs/current-source-candidate/tests/test_static_desk_learning_repairs.py,11680,1789388156000000000,ba9deef828a99f1e4d13b7316b586c56c12a5fd9922b56ce9d2893b4e1f8be01,hashed,True
source_candidate,tests/test_static_desk_math_adapter.py,/Volumes/Expansion/TheWiz-Workspace/reconciliation-inputs/current-source-candidate/tests/test_static_desk_math_adapter.py,2228,1789388156000000000,c04d54d9f6ed5542668138b9862557dcab0cb50e35d1740aa5dedf6659ff1b74,hashed,True
source_candidate,tests/test_static_desk_rl_consumer_repairs.py,/Volumes/Expansion/TheWiz-Workspace/reconciliation-inputs/current-source-candidate/tests/test_static_desk_rl_consumer_repairs.py,5914,1789388156000000000,f3e8d14d1cc6fa2ea8aa24f3824d0cb4d1ed2e721f137c6c6d7ea37979ea1b04,hashed,True
source_candidate,tests/test_static_desk_signal_repairs.py,/Volumes/Expansion/TheWiz-Workspace/reconciliation-inputs/current-source-candidate/tests/test_static_desk_signal_repairs.py,3132,1789388156000000000,7d3e7e527e445898a3b5fdd91e25cc07579b2bee53e6047d85bf94c3268d838c,hashed,True
source_candidate,tests/test_statistics_math_v2.py,/Volumes/Expansion/TheWiz-Workspace/reconciliation-inputs/current-source-candidate/tests/test_statistics_math_v2.py,18214,1789388156000000000,e7ef9be795b1fc48e583eb7a74f317b6df68d26f70b1eb3ae4da3fd0f9b8a92d,hashed,True
source_candidate,tests/test_strategy_registry.py,/Volumes/Expansion/TheWiz-Workspace/reconciliation-inputs/current-source-candidate/tests/test_strategy_registry.py,2492,1789388156000000000,d0e9adb29e8f22dadf013e9ab91d27117f3dc742a05bbd012dfc239e7e133c0f,hashed,True
source_candidate,tests/test_student_readiness.py,/Volumes/Expansion/TheWiz-Workspace/reconciliation-inputs/current-source-candidate/tests/test_student_readiness.py,5015,1789388156000000000,f4849fa06f8690b43c0470c1d9f3436ca0b34d4d5999aaf0ba10d42b39e6af29,hashed,True
source_candidate,tests/test_surface_external_input_validator.py,/Volumes/Expansion/TheWiz-Workspace/reconciliation-inputs/current-source-candidate/tests/test_surface_external_input_validator.py,37250,1789388156000000000,522a97be07f4ade6de269847ea5cea55650ceb8984911536337d21510a5a8bd5,hashed,True
source_candidate,tests/test_system_check_phase00_env.py,/Volumes/Expansion/TheWiz-Workspace/reconciliation-inputs/current-source-candidate/tests/test_system_check_phase00_env.py,3945,1789388156000000000,9efabaa4610ee495970fa31186f55235e700d7315f3a6936b97e5355f62cf797,hashed,True
source_candidate,tests/test_teacher_adapters.py,/Volumes/Expansion/TheWiz-Workspace/reconciliation-inputs/current-source-candidate/tests/test_teacher_adapters.py,4121,1789388156000000000,851e5059f232e92aec94349f99b29952bd9ceaa12ec3f0e26660add49d8871d4,hashed,True
source_candidate,tests/test_teacher_control_plane.py,/Volumes/Expansion/TheWiz-Workspace/reconciliation-inputs/current-source-candidate/tests/test_teacher_control_plane.py,2514,1789388155000000000,0a31f36c5142a2891ec8235adf4636fb972a96ffa57a42dc521e80f68426dd73,hashed,True
source_candidate,tests/test_teacher_council.py,/Volumes/Expansion/TheWiz-Workspace/reconciliation-inputs/current-source-candidate/tests/test_teacher_council.py,7305,1789388156000000000,50e4603195ce593423ea991f1c81bfe1f52128eb1f2b76665fa616c87d222158,hashed,True
source_candidate,tests/test_teacher_evidence_materializer.py,/Volumes/Expansion/TheWiz-Workspace/reconciliation-inputs/current-source-candidate/tests/test_teacher_evidence_materializer.py,16393,1789388156000000000,cea9cae309008f8f44b92143d1664d163405fec3dcd2d89d0cc3c3a1da2bd596,hashed,True
source_candidate,tests/test_teacher_numeric_repairs.py,/Volumes/Expansion/TheWiz-Workspace/reconciliation-inputs/current-source-candidate/tests/test_teacher_numeric_repairs.py,5309,1789388156000000000,b0bc4ffc58391b417ba24ad74708f2de5c55a0ae1762d794df798b778a0b1560,hashed,True
source_candidate,tests/test_terminal_binding709.py,/Volumes/Expansion/TheWiz-Workspace/reconciliation-inputs/current-source-candidate/tests/test_terminal_binding709.py,4298,1789388156000000000,90bb199db4adeb0b31424c151d74869c2afac6ce35072462752766b0611b811c,hashed,True
source_candidate,tests/test_terminal_consumers710.py,/Volumes/Expansion/TheWiz-Workspace/reconciliation-inputs/current-source-candidate/tests/test_terminal_consumers710.py,2397,1789388156000000000,a8fd0c1deadf300fe6a1f9187ed5c3e0c97173e537b2fd53aa87389b6bdaffbd,hashed,True
source_candidate,tests/test_test_bundle_bootstrap.py,/Volumes/Expansion/TheWiz-Workspace/reconciliation-inputs/current-source-candidate/tests/test_test_bundle_bootstrap.py,30083,1789388156000000000,e52b830e45694fec9894cc2a6a00aa536a260a3046b55a449c87c5ae9cc254b6,hashed,True
source_candidate,tests/test_test_receipt_attempt_custody.py,/Volumes/Expansion/TheWiz-Workspace/reconciliation-inputs/current-source-candidate/tests/test_test_receipt_attempt_custody.py,72986,1789388155000000000,4b591e5bdde3b31587cdfaa5594629f3608a5ea6377ac3bc893ddcd7c8eee044,hashed,True
source_candidate,tests/test_three_brain_system.py,/Volumes/Expansion/TheWiz-Workspace/reconciliation-inputs/current-source-candidate/tests/test_three_brain_system.py,140385,1789388155000000000,a7f2d9ab827ce031bb4d45843368d0cd3fb57c6f76dbc08f41c29ddeb6083fbb,hashed,True
source_candidate,tests/test_timing_zscore_repairs.py,/Volumes/Expansion/TheWiz-Workspace/reconciliation-inputs/current-source-candidate/tests/test_timing_zscore_repairs.py,6154,1789388156000000000,0d9389ca9f769dcf0609163bece7f5fede3c12ec3e0e63f87f9a0e029e75b318,hashed,True
source_candidate,tests/test_udemy_math_reconciliation.py,/Volumes/Expansion/TheWiz-Workspace/reconciliation-inputs/current-source-candidate/tests/test_udemy_math_reconciliation.py,4330,1789388156000000000,fb68e6893021f0cb7937210510d420af0a134deb4b47660c4d50e6ceb4a0e5b9,hashed,True
source_candidate,tests/test_udemy_transcript_vault.py,/Volumes/Expansion/TheWiz-Workspace/reconciliation-inputs/current-source-candidate/tests/test_udemy_transcript_vault.py,5390,1789388156000000000,132ee802f972083810222607a7d4ca30671c562cc6c93269449108475b2e181d,hashed,True
source_candidate,tests/test_uncertain_charge661.py,/Volumes/Expansion/TheWiz-Workspace/reconciliation-inputs/current-source-candidate/tests/test_uncertain_charge661.py,4650,1789388155000000000,cc2730dc7b36ff4b55401704d6d7d7e749367c74bca7ec773b58c330a053a427,hashed,True
source_candidate,tests/test_unified_gap_snapshot_safety.py,/Volumes/Expansion/TheWiz-Workspace/reconciliation-inputs/current-source-candidate/tests/test_unified_gap_snapshot_safety.py,12303,1789388155000000000,ce779983620a3c14c20d880faf0c3a1bd531575e41e2377d09da4f90a6e953f4,hashed,True
source_candidate,tests/test_validator_check_contract.py,/Volumes/Expansion/TheWiz-Workspace/reconciliation-inputs/current-source-candidate/tests/test_validator_check_contract.py,6701,1789388155000000000,dd7979a43a4e8ebfa65295091a7168908961ba16152fe7b6ac95d301770a4210,hashed,True
source_candidate,tests/test_video_review_sidecars.py,/Volumes/Expansion/TheWiz-Workspace/reconciliation-inputs/current-source-candidate/tests/test_video_review_sidecars.py,23851,1789388156000000000,091601c665f14d6d14374adea43d4f975c85eef720b2bdaba67e48e6ef98f30f,hashed,True
source_candidate,tests/test_wizard_candidate_set.py,/Volumes/Expansion/TheWiz-Workspace/reconciliation-inputs/current-source-candidate/tests/test_wizard_candidate_set.py,700,1789388155000000000,ef510cbfb7428f48316a2b21275156daaa9c3f6ae3032ca4412d2bd063b02d88,hashed,True
source_candidate,tests/test_wizard_control_plane.py,/Volumes/Expansion/TheWiz-Workspace/reconciliation-inputs/current-source-candidate/tests/test_wizard_control_plane.py,9135,1789388156000000000,6476c3318f0fae7f413ae71cd8e8f8826fab5e63bb7650281074198bf1c78f59,hashed,True
source_candidate,tests/test_wizard_credit_ledger.py,/Volumes/Expansion/TheWiz-Workspace/reconciliation-inputs/current-source-candidate/tests/test_wizard_credit_ledger.py,20510,1789388155000000000,d3a2a164b7e0385f87bfe314b26ff53f4f015fd7aa91726bae8172da55195107,hashed,True
source_candidate,tests/test_wizard_evidence.py,/Volumes/Expansion/TheWiz-Workspace/reconciliation-inputs/current-source-candidate/tests/test_wizard_evidence.py,72783,1789388155000000000,b66733d86a2dafeb4c7a6a204f48bcb69fa3ce6eeffdeb4cbfa6376a2474e604,hashed,True
source_candidate,tests/test_wizard_mode_replay.py,/Volumes/Expansion/TheWiz-Workspace/reconciliation-inputs/current-source-candidate/tests/test_wizard_mode_replay.py,8845,1789388155000000000,f80759057e4bbd20baa2344f9b4f6d12bcd559edd6cf6635ed2ea82f62ae8e61,hashed,True
source_candidate,tests/test_wizard_papers_reproduction_controls.py,/Volumes/Expansion/TheWiz-Workspace/reconciliation-inputs/current-source-candidate/tests/test_wizard_papers_reproduction_controls.py,5437,1789388156000000000,b5d2616db2a77fffd35a17b7f408d36beae846005adbcc387da9e6c641fda28a,hashed,True
source_candidate,tests/test_wizard_research_journal.py,/Volumes/Expansion/TheWiz-Workspace/reconciliation-inputs/current-source-candidate/tests/test_wizard_research_journal.py,13435,1789388156000000000,5b8a100aa8631426ac9bdc626f2a743795f707f9606cf9c824f1ef4b1f2d6a0e,hashed,True
source_candidate,tests/test_workload_and_capture_v2.py,/Volumes/Expansion/TheWiz-Workspace/reconciliation-inputs/current-source-candidate/tests/test_workload_and_capture_v2.py,15920,1789388156000000000,ccbee9b1f9d02710e0a43561d568f2496123aa9abc6a6d871ffd95750e10b184,hashed,True
source_candidate,tests/test_workload_contract678.py,/Volumes/Expansion/TheWiz-Workspace/reconciliation-inputs/current-source-candidate/tests/test_workload_contract678.py,2715,1789388156000000000,aabdb30f148b9c708877ee1c3b38fe972bb0e44acad5177d75c29dde5895de43,hashed,True
source_candidate,tests/test_youtube_brain.py,/Volumes/Expansion/TheWiz-Workspace/reconciliation-inputs/current-source-candidate/tests/test_youtube_brain.py,11445,1789388156000000000,eec5e2e28400246f877e629a90945eb772812a8a28588d6c535541af57150e04,hashed,True
workspace_outer,.gitignore,/Volumes/Expansion/TheWiz-Workspace/.gitignore,566,1786826922000000000,3da3b072e4fa50524936a52692b191d986d31050f2c4fe1a05dae9d18260e16b,hashed,False
workspace_outer,pyproject.toml,/Volumes/Expansion/TheWiz-Workspace/pyproject.toml,1640,1786934515000000000,be967304aa53051a530bbeec7aeab41253ce160176bbdafae02c7698f709fd1d,hashed,False
workspace_outer,uv.lock,/Volumes/Expansion/TheWiz-Workspace/uv.lock,683421,1786934858000000000,f203179ba6e53f36ca60ddf50287587a740a5b06e30303ed21c8152bc2d381d9,hashed,False
workspace_outer,config/research_paper_assessments.yaml,/Volumes/Expansion/TheWiz-Workspace/config/research_paper_assessments.yaml,44745,1786934515000000000,1a9c4c1d9aadcf07dff55b84d69c326b7195eaa5c2ba9460b7cd10cad48d4678,hashed,True
workspace_outer,docs/current_corrective_operations.md,/Volumes/Expansion/TheWiz-Workspace/docs/current_corrective_operations.md,39807,1786934515000000000,fcb93e7a0666eabbbcf5e79f6815458c180cbb1a58ffa926e75b4c00d8230ef9,hashed,False
workspace_outer,docs/registered_evidence_continuity.md,/Volumes/Expansion/TheWiz-Workspace/docs/registered_evidence_continuity.md,43942,1786934515000000000,5952f0d379a3878f7cdb87555fdeab8d05f8e99db8c0634c78cca2c20d16da44,hashed,True
workspace_outer,scripts/build_corrective_checkpoint.py,/Volumes/Expansion/TheWiz-Workspace/scripts/build_corrective_checkpoint.py,11706,1786937408000000000,33e1f176ef73f3fc5f4e0c28c1409146ebadb5a418cda085ad41c92f46339094,hashed,False
workspace_outer,scripts/build_current_recovery_checkpoint.py,/Volumes/Expansion/TheWiz-Workspace/scripts/build_current_recovery_checkpoint.py,12523,1786937408000000000,e17c86327b82d986a8729519ba437b3e6bc2ac9b73b8095910b75d824dddd665,hashed,False
workspace_outer,scripts/ops/mount_workspace.sh,/Volumes/Expansion/TheWiz-Workspace/scripts/ops/mount_workspace.sh,1995,1786937139000000000,7f94c5fd3a17d1390afe553f608bd4f9705cd7c62a0ca59bb72859b010fa4221,hashed,True
workspace_outer,scripts/ops/validate_workspace.sh,/Volumes/Expansion/TheWiz-Workspace/scripts/ops/validate_workspace.sh,2193,1786937350000000000,f90f83d69e1172ba062bfb1fd6718f5d53ab8d494aac588b4a170be3a1db3408,hashed,False
workspace_outer,src/quant_platform/active_pipeline.py,/Volumes/Expansion/TheWiz-Workspace/src/quant_platform/active_pipeline.py,490100,1786934515000000000,5dc95e086dc4a531b604b0fecf4d621c80d760fd096956285c552e77175516c4,hashed,False
workspace_outer,src/quant_platform/backtest.py,/Volumes/Expansion/TheWiz-Workspace/src/quant_platform/backtest.py,14993,1786934515000000000,104c2ea21bd9296252486bff9fe8e8d6efd9e2276f68fae0487962a12156c6b3,hashed,False
workspace_outer,src/quant_platform/cli.py,/Volumes/Expansion/TheWiz-Workspace/src/quant_platform/cli.py,626974,1786935843000000000,d36964b2257ee39cfce4f4eeb3eb5cfa8b7c7c26a3a8511314968ca45ec54bb6,hashed,False
workspace_outer,src/quant_platform/crypto_wizards_dashboard_capture.py,/Volumes/Expansion/TheWiz-Workspace/src/quant_platform/crypto_wizards_dashboard_capture.py,13220,1786934737000000000,457ad94e9ae6f7181af26f9e8e31e6d9e6282dfffd7d8ee7ad748b5b51d14d2e,hashed,False
workspace_outer,src/quant_platform/crypto_wizards_sweep.py,/Volumes/Expansion/TheWiz-Workspace/src/quant_platform/crypto_wizards_sweep.py,37927,1786809162000000000,488ac159c65945aabcdad329c99db5eeb44757aa2586d13976478451d4c4f30d,hashed,False
workspace_outer,src/quant_platform/evidence_registry.py,/Volumes/Expansion/TheWiz-Workspace/src/quant_platform/evidence_registry.py,12035,1786830688000000000,37e83bc266f738cd22f158b7bc8d3b66d7fbad580ec72924c8dc67a51793b2f0,hashed,False
workspace_outer,src/quant_platform/formula_registry.py,/Volumes/Expansion/TheWiz-Workspace/src/quant_platform/formula_registry.py,9058,1786934515000000000,7c6300f5278e840f41aa598fe7a74cc8a1398db4d0370d5ed6219b137adc170b,hashed,False
workspace_outer,src/quant_platform/hyperliquid.py,/Volumes/Expansion/TheWiz-Workspace/src/quant_platform/hyperliquid.py,108697,1786934737000000000,6f423c1e1c5f7a17f0956fce135455c79d664f6082ffe2c9a10e44e78e4dec64,hashed,False
workspace_outer,src/quant_platform/math_v2_acceptance.py,/Volumes/Expansion/TheWiz-Workspace/src/quant_platform/math_v2_acceptance.py,15082,1786934515000000000,c32dfe8409c0b299f4b8a38d0dcdefb3f79e88b05a91b8c445a473e760c4d090,hashed,False
workspace_outer,src/quant_platform/ml_filter.py,/Volumes/Expansion/TheWiz-Workspace/src/quant_platform/ml_filter.py,76055,1786934515000000000,bb156cf2c686aa3cafcf77744f4948cd211bef967654c33b6b6aa45fdbd5d063,hashed,False
workspace_outer,src/quant_platform/performance_math.py,/Volumes/Expansion/TheWiz-Workspace/src/quant_platform/performance_math.py,5704,1786934515000000000,4a354c2ebe0c84d41a7f654823133299545ae7df9e46a3044b3d86dc9db46d38,hashed,False
workspace_outer,src/quant_platform/regimes.py,/Volumes/Expansion/TheWiz-Workspace/src/quant_platform/regimes.py,5474,1786934515000000000,f0e6f59f7b1347964e5591f15f7c9b321b7c80ed22f2c20a97fe81109691092c,hashed,False
workspace_outer,src/quant_platform/research_extract_udemy.py,/Volumes/Expansion/TheWiz-Workspace/src/quant_platform/research_extract_udemy.py,25647,1786823739000000000,9bb0650d7b09d6633883d89dea9ba27a81ee773bd599db17a88dfbd6f361193e,hashed,False
workspace_outer,src/quant_platform/research_paper_math_audit.py,/Volumes/Expansion/TheWiz-Workspace/src/quant_platform/research_paper_math_audit.py,5811,1786934744000000000,c4623c713afa59b999f760324ce2093f6a7a0e14a02a45e5c89f39a65ac7302c,hashed,False
workspace_outer,src/quant_platform/research_paper_reproduction.py,/Volumes/Expansion/TheWiz-Workspace/src/quant_platform/research_paper_reproduction.py,40471,1786934756000000000,dfbaf466f946a4898d395808a78cb9bceb3fd4938c6f3b0d3cdb8baa1dbbc393,hashed,False
workspace_outer,src/quant_platform/research_paper_reviews.py,/Volumes/Expansion/TheWiz-Workspace/src/quant_platform/research_paper_reviews.py,20483,1786934748000000000,b066811fa9c32b5275ee289d68e272d6d84a3a99ed3343aa39ecb9d146ef6a93,hashed,False
workspace_outer,src/quant_platform/research_papers.py,/Volumes/Expansion/TheWiz-Workspace/src/quant_platform/research_papers.py,25985,1786934748000000000,9af582cc464b0fb1d0a262301dc25fd069e574393a55e5df7d49d904ed6f379f,hashed,False
workspace_outer,src/quant_platform/runtime_types.py,/Volumes/Expansion/TheWiz-Workspace/src/quant_platform/runtime_types.py,325,1786934737000000000,d7010ec22958b3f1a6aea94c45b34839a1a8a9365969cc167181754b9e9fbf5d,hashed,True
workspace_outer,src/quant_platform/three_brain_system.py,/Volumes/Expansion/TheWiz-Workspace/src/quant_platform/three_brain_system.py,182603,1786934515000000000,0169408a8cb0c2a64c779a2ddb9f5067217c3a0e17f58722b165f642716dc210,hashed,False
workspace_outer,src/quant_platform/udemy_math_reconciliation.py,/Volumes/Expansion/TheWiz-Workspace/src/quant_platform/udemy_math_reconciliation.py,21879,1786935014000000000,c2244496c8154dc1ccd53291cdfb5ba38858377dfe07538660af3b17fa57a1ba,hashed,False
workspace_outer,src/quant_platform/udemy_transcript_vault.py,/Volumes/Expansion/TheWiz-Workspace/src/quant_platform/udemy_transcript_vault.py,10538,1786830688000000000,3763996d3d057017a7dff83e484437e92f9c946b8ee598b93a6c04a20affcf5f,hashed,False
workspace_outer,src/quant_platform/wizard_credit_ledger.py,/Volumes/Expansion/TheWiz-Workspace/src/quant_platform/wizard_credit_ledger.py,28954,1786809162000000000,cb11865bc44d8313806da3832d995e1785a8f75a94f6af96d21e8002e5411620,hashed,False
workspace_outer,src/quant_platform/wizard_mode_replay.py,/Volumes/Expansion/TheWiz-Workspace/src/quant_platform/wizard_mode_replay.py,26299,1786825581000000000,fa8c4a08fd8a1de226eb556d8b0c87d362cc8989d6cb80cf21dbf134fe9c1388,hashed,False
workspace_outer,src/quant_platform/wizard_research_journal.py,/Volumes/Expansion/TheWiz-Workspace/src/quant_platform/wizard_research_journal.py,82897,1786798956000000000,6f1193577a1616d84663352d09ccb28bc449d6aebd09a96c2bb3521e2670cf6a,hashed,False
workspace_outer,src/quant_platform/orchestration/canonical_wizard_hyperliquid_contract.py,/Volumes/Expansion/TheWiz-Workspace/src/quant_platform/orchestration/canonical_wizard_hyperliquid_contract.py,5855,1786830676000000000,a232430632f9b6b2ddad1210a619974a58a5e8550dacee370da8a2d57dd9df1d,hashed,False
workspace_outer,src/quant_platform/orchestration/corrective_data_evidence.py,/Volumes/Expansion/TheWiz-Workspace/src/quant_platform/orchestration/corrective_data_evidence.py,104150,1786934515000000000,819289989802d402dfe339300a3c3963f16ee7225c08ba57704cbaba6ecb516a,hashed,False
workspace_outer,src/quant_platform/orchestration/corrective_l2_scheduler.py,/Volumes/Expansion/TheWiz-Workspace/src/quant_platform/orchestration/corrective_l2_scheduler.py,77179,1786934515000000000,a588842b5371d1fa6a0efd909b1cc7b441991fa446244a4f03ef23bdfe454b44,hashed,False
workspace_outer,src/quant_platform/orchestration/corrective_scheduler_lock.py,/Volumes/Expansion/TheWiz-Workspace/src/quant_platform/orchestration/corrective_scheduler_lock.py,1663,1786934515000000000,d3c2dc0d068f8a26ad08bb1eb955a971729130a7c5ebec437ff153e8e3111e6f,hashed,False
workspace_outer,src/quant_platform/orchestration/corrective_wizard_ou_v6_terminal_closure.py,/Volumes/Expansion/TheWiz-Workspace/src/quant_platform/orchestration/corrective_wizard_ou_v6_terminal_closure.py,23268,1786798815000000000,6b2db77d8b2db77ed28c26b23510f36364ab1bd612ccf3c873bf0cc73d1c507d,hashed,False
workspace_outer,src/quant_platform/orchestration/current_wizard_hyperliquid_costs.py,/Volumes/Expansion/TheWiz-Workspace/src/quant_platform/orchestration/current_wizard_hyperliquid_costs.py,37171,1786934737000000000,ccad6a4eb9c41754e478e9cd5465c9c9c559c1071eefb3df950bdd8bcaea9d40,hashed,False
workspace_outer,src/quant_platform/orchestration/current_wizard_hyperliquid_evidence_command_center.py,/Volumes/Expansion/TheWiz-Workspace/src/quant_platform/orchestration/current_wizard_hyperliquid_evidence_command_center.py,34954,1786934515000000000,28161a404dd0bbdd61aa1c099779e3f875d7e58c19377e12f8743389c45b9381,hashed,False
workspace_outer,src/quant_platform/orchestration/current_wizard_hyperliquid_failure_attribution.py,/Volumes/Expansion/TheWiz-Workspace/src/quant_platform/orchestration/current_wizard_hyperliquid_failure_attribution.py,43263,1786934515000000000,dbba2e4f0bff1d145776bf85e161acd44ec83c60e0633d85762d83804f1797fc,hashed,False
workspace_outer,src/quant_platform/orchestration/current_wizard_hyperliquid_math_comparison.py,/Volumes/Expansion/TheWiz-Workspace/src/quant_platform/orchestration/current_wizard_hyperliquid_math_comparison.py,9976,1786934515000000000,b63154d952f59c9f2a87b4f13fc8f97250c572213c9995ba903d9032e6c9068f,hashed,False
workspace_outer,src/quant_platform/orchestration/current_wizard_hyperliquid_replay.py,/Volumes/Expansion/TheWiz-Workspace/src/quant_platform/orchestration/current_wizard_hyperliquid_replay.py,62788,1786934737000000000,6f654eb7580b3d9ac5dcf42f5110e2b1ad61dc8745def385e7dab4a9128bc700,hashed,False
workspace_outer,src/quant_platform/orchestration/current_wizard_hyperliquid_storage.py,/Volumes/Expansion/TheWiz-Workspace/src/quant_platform/orchestration/current_wizard_hyperliquid_storage.py,20111,1786826841000000000,ea44a5db59458f4fa1460c5bba7e6828f1f874bbb9aea3c32b1b5aab020e873f,hashed,False
workspace_outer,src/quant_platform/orchestration/current_wizard_hyperliquid_validation.py,/Volumes/Expansion/TheWiz-Workspace/src/quant_platform/orchestration/current_wizard_hyperliquid_validation.py,26937,1786934737000000000,4974c0aaa689d77aa08484834ab34f8b165f3392bcc2afc0e46e279eca02b603,hashed,False
workspace_outer,src/quant_platform/orchestration/current_wizard_hyperliquid_walkforward.py,/Volumes/Expansion/TheWiz-Workspace/src/quant_platform/orchestration/current_wizard_hyperliquid_walkforward.py,26706,1786934737000000000,a76319c5ccccaf6ce90c2aec4e66e9c8c8015aff451c73d07dbd24e26877bebd,hashed,False
workspace_outer,src/quant_platform/orchestration/exhaustive_wizard_api_refresh.py,/Volumes/Expansion/TheWiz-Workspace/src/quant_platform/orchestration/exhaustive_wizard_api_refresh.py,55563,1786810869000000000,667a036421adbc780abe15aaf936a6c83bb6a169505ff7e88cea858b3b2be955,hashed,False
workspace_outer,src/quant_platform/orchestration/exhaustive_wizard_hyperliquid_canonical_replay.py,/Volumes/Expansion/TheWiz-Workspace/src/quant_platform/orchestration/exhaustive_wizard_hyperliquid_canonical_replay.py,28221,1786813779000000000,6d9c9e0ac76cafb9df083498c69d551003a3d11b61c3c88e05409a002b636b79,hashed,False
workspace_outer,src/quant_platform/orchestration/exhaustive_wizard_hyperliquid_cost_bridge.py,/Volumes/Expansion/TheWiz-Workspace/src/quant_platform/orchestration/exhaustive_wizard_hyperliquid_cost_bridge.py,25727,1786826841000000000,c2590a3a87ee45652f4fcc496d93c540f00897ecacabf8fc37d2006132398022,hashed,False
workspace_outer,src/quant_platform/orchestration/exhaustive_wizard_hyperliquid_cost_evidence.py,/Volumes/Expansion/TheWiz-Workspace/src/quant_platform/orchestration/exhaustive_wizard_hyperliquid_cost_evidence.py,30046,1786816784000000000,4724c8c2a00e341966167140e49ad00b863f7dd3f2470bbc821ee061d4902643,hashed,False
workspace_outer,src/quant_platform/orchestration/exhaustive_wizard_hyperliquid_leverage.py,/Volumes/Expansion/TheWiz-Workspace/src/quant_platform/orchestration/exhaustive_wizard_hyperliquid_leverage.py,39426,1786934515000000000,96c17b635bd0ff082f72ca38755361daba63918d784318026c7d25ddb70a8c2f,hashed,False
workspace_outer,src/quant_platform/orchestration/exhaustive_wizard_hyperliquid_observed_cost_replay.py,/Volumes/Expansion/TheWiz-Workspace/src/quant_platform/orchestration/exhaustive_wizard_hyperliquid_observed_cost_replay.py,33197,1786816784000000000,1478b3d664e060d4c46c228d51298c781a3fded38164ee93484708dce11c69d4,hashed,False
workspace_outer,src/quant_platform/orchestration/exhaustive_wizard_hyperliquid_regimes.py,/Volumes/Expansion/TheWiz-Workspace/src/quant_platform/orchestration/exhaustive_wizard_hyperliquid_regimes.py,29889,1786817100000000000,806167c8096af3eab9e216216e88519afa9df1e81a83a33d8d1b1be364b743a1,hashed,False
workspace_outer,src/quant_platform/orchestration/exhaustive_wizard_hyperliquid_replay.py,/Volumes/Expansion/TheWiz-Workspace/src/quant_platform/orchestration/exhaustive_wizard_hyperliquid_replay.py,49268,1786813706000000000,7271c8b8450a25e3e33ee15c6f5d456f736bf3d36186772e3919fbfe429a6d20,hashed,False
workspace_outer,src/quant_platform/orchestration/exhaustive_wizard_hyperliquid_robustness.py,/Volumes/Expansion/TheWiz-Workspace/src/quant_platform/orchestration/exhaustive_wizard_hyperliquid_robustness.py,36286,1786817100000000000,d6f2079126a1e14ad5aa1849a641972fc1911551ea5fccfcafdd7bf9c69abd30,hashed,False
workspace_outer,src/quant_platform/orchestration/exhaustive_wizard_hyperliquid_run.py,/Volumes/Expansion/TheWiz-Workspace/src/quant_platform/orchestration/exhaustive_wizard_hyperliquid_run.py,62798,1786934737000000000,88d56b91b8aa8fe8428600a1b7907bae30330e02916dade5adee3b68082a8332,hashed,False
workspace_outer,src/quant_platform/orchestration/exhaustive_wizard_hyperliquid_walkforward.py,/Volumes/Expansion/TheWiz-Workspace/src/quant_platform/orchestration/exhaustive_wizard_hyperliquid_walkforward.py,53185,1786826720000000000,b1674cc62cb7cbe3a5d051cabb3203c5a3d3071300d0d8b7baa1696e3ee01187,hashed,False
workspace_outer,src/quant_platform/orchestration/hyperliquid_research_validation.py,/Volumes/Expansion/TheWiz-Workspace/src/quant_platform/orchestration/hyperliquid_research_validation.py,40200,1786934515000000000,09c8d1c153a6f90504dde0e11d75ee50c76ffead4d4d3bb9151bd79ac4648a94,hashed,False
workspace_outer,src/quant_platform/orchestration/teacher_evidence_materializer.py,/Volumes/Expansion/TheWiz-Workspace/src/quant_platform/orchestration/teacher_evidence_materializer.py,39861,1786934515000000000,dba45be2f62ee814617620eca96e6e2c0cb435d0eaa12a6844511d034390bc78,hashed,False
workspace_outer,src/quant_platform/orchestration/versioned_learning_comparison.py,/Volumes/Expansion/TheWiz-Workspace/src/quant_platform/orchestration/versioned_learning_comparison.py,47109,1786934760000000000,6873b5e30fb7825a9a3fb3ff11bf33fee00ad7b12d0842648874764e33234f48,hashed,False
workspace_outer,src/quant_platform/rl/rl_acceptance.py,/Volumes/Expansion/TheWiz-Workspace/src/quant_platform/rl/rl_acceptance.py,8641,1786934515000000000,3fdd1b8f26486d6cc38f7a0b4fd96ba9f99c35dad1da6dd8341874dbe4dc17b1,hashed,True
workspace_outer,src/quant_platform/statistics/math_v2.py,/Volumes/Expansion/TheWiz-Workspace/src/quant_platform/statistics/math_v2.py,18234,1786934515000000000,cf9da8c24bb5b9bd431649970dc74192daecb4b359da267b96228ebcbdaf3244,hashed,False
workspace_outer,tests/test_canonical_wizard_hyperliquid_contract.py,/Volumes/Expansion/TheWiz-Workspace/tests/test_canonical_wizard_hyperliquid_contract.py,1032,1786826712000000000,462dd94a9515d452aeebddd48ed4a5d6b296563c4e83d87eeedcd816a9144492,hashed,True
workspace_outer,tests/test_cli.py,/Volumes/Expansion/TheWiz-Workspace/tests/test_cli.py,303389,1786809190000000000,bc1f9dfd2f8618b73c9a8fabf02763093a103fa95ca8aa6f0f771bd0248bdf18,hashed,False
workspace_outer,tests/test_corrective_data_evidence.py,/Volumes/Expansion/TheWiz-Workspace/tests/test_corrective_data_evidence.py,37751,1786934515000000000,21b7ac5e2952edf168219cb9c9f2b8274dd7eb5763bfd8b54629ac461c744ae1,hashed,True
workspace_outer,tests/test_corrective_wizard_ou_v6_holdout.py,/Volumes/Expansion/TheWiz-Workspace/tests/test_corrective_wizard_ou_v6_holdout.py,21309,1786935860000000000,419792c4e41d3d687f106f3856747c5cc0f030d177641145f5c69e5982d6da73,hashed,False
workspace_outer,tests/test_current_wizard_hyperliquid_handoff.py,/Volumes/Expansion/TheWiz-Workspace/tests/test_current_wizard_hyperliquid_handoff.py,52523,1786934515000000000,5c757bac58d4f59abc934a747478b01e1326e5ab086d5f1708180f1dfc581295,hashed,False
workspace_outer,tests/test_current_wizard_hyperliquid_math_comparison.py,/Volumes/Expansion/TheWiz-Workspace/tests/test_current_wizard_hyperliquid_math_comparison.py,3206,1786934515000000000,d4b28a2f03d1ee1ab1ca1a6d49023f2d592a77dc8a43dd6e0edf24ffa2b652bd,hashed,False
workspace_outer,tests/test_exhaustive_wizard_hyperliquid_replay.py,/Volumes/Expansion/TheWiz-Workspace/tests/test_exhaustive_wizard_hyperliquid_replay.py,53327,1786816450000000000,1110a792d727ba319428cd51019ddb58959774fea861b7700bbe245c28e5d082,hashed,False
workspace_outer,tests/test_hyperliquid.py,/Volumes/Expansion/TheWiz-Workspace/tests/test_hyperliquid.py,36956,1786826088000000000,7cbcf906a7c6e19faac16630361aa14d1cfa35b78250f78981fcc8819fc7412f,hashed,False
workspace_outer,tests/test_ml_filter.py,/Volumes/Expansion/TheWiz-Workspace/tests/test_ml_filter.py,27813,1786934515000000000,6d9fac418448eeef73b0718f7b8232b8188a129fa0f4f5f4a6bb1fe03809cca4,hashed,False
workspace_outer,tests/test_performance_math_v2.py,/Volumes/Expansion/TheWiz-Workspace/tests/test_performance_math_v2.py,4087,1786934515000000000,4f276f987dcaf7ab5a711aedc84a261330f4ea08f48990d98e5fa9c178e8343b,hashed,False
workspace_outer,tests/test_regimes.py,/Volumes/Expansion/TheWiz-Workspace/tests/test_regimes.py,2859,1786934515000000000,57b50152676bb4c3e3aa962e966471bf636f72023458215c91a35e6654909cef,hashed,True
workspace_outer,tests/test_research_paper_reproduction.py,/Volumes/Expansion/TheWiz-Workspace/tests/test_research_paper_reproduction.py,5017,1786934756000000000,778b7ca3e81ec8bc026e7aa2f3a481b33da8ba862943def4a300036b6c1c690c,hashed,True
workspace_outer,tests/test_research_paper_reviews.py,/Volumes/Expansion/TheWiz-Workspace/tests/test_research_paper_reviews.py,3482,1786934748000000000,947da823cf84ca6ac2dd2ff29a3f4a522bec7997a58de433b84d13bb29291ad4,hashed,False
workspace_outer,tests/test_statistics_math_v2.py,/Volumes/Expansion/TheWiz-Workspace/tests/test_statistics_math_v2.py,4006,1786934515000000000,d954acb64472eff879f04c7b66cb25f0e128b93fecd3fc7270f006867d51bb69,hashed,False
workspace_outer,tests/test_teacher_evidence_materializer.py,/Volumes/Expansion/TheWiz-Workspace/tests/test_teacher_evidence_materializer.py,12099,1786934515000000000,2c2e1d1b9c0af859b7ae3946df23c4ddf4663407f2f1e410b4292fa780f5ef3a,hashed,False
workspace_outer,tests/test_udemy_math_reconciliation.py,/Volumes/Expansion/TheWiz-Workspace/tests/test_udemy_math_reconciliation.py,3699,1786934730000000000,1ed54617df7868692f7efbb44445936d1284bd8225da2b1a37a59dd1e9dbbec3,hashed,False
workspace_outer,tests/test_udemy_transcript_vault.py,/Volumes/Expansion/TheWiz-Workspace/tests/test_udemy_transcript_vault.py,5390,1786830688000000000,132ee802f972083810222607a7d4ca30671c562cc6c93269449108475b2e181d,hashed,True
workspace_outer,tests/test_wizard_credit_ledger.py,/Volumes/Expansion/TheWiz-Workspace/tests/test_wizard_credit_ledger.py,15102,1786809190000000000,94c4019f22682451e7b70f6437bb265781a255d67cee56fbf769a428e5596773,hashed,False
workspace_outer,tests/test_wizard_mode_replay.py,/Volumes/Expansion/TheWiz-Workspace/tests/test_wizard_mode_replay.py,6721,1786825581000000000,cc80a59c4d1bb14e2ab075e4de2046d19cd7a4947658655110be4d654b9c31e5,hashed,False
workspace_outer,tests/test_wizard_research_journal.py,/Volumes/Expansion/TheWiz-Workspace/tests/test_wizard_research_journal.py,12669,1786798839000000000,c05a0397779d5787bd8782048e15538cae2a7a5b4dfb912c490efd34b1a8beaf,hashed,True
