copy_root,relative_path,copy_sha256,baseline_root_hashes
visual_recovery,.gitignore,3da3b072e4fa50524936a52692b191d986d31050f2c4fe1a05dae9d18260e16b,working_git:dc5d9009ab4fdabd6f5bee10c6d876ab382a977c9e316606a0f1458623c06f0b;recovery_project:72e387cbb53032e4de7d9d4e9929c54581e02474333466898a46d2b06aee5ef8;local_runtime:72e387cbb53032e4de7d9d4e9929c54581e02474333466898a46d2b06aee5ef8
visual_recovery,pyproject.toml,be967304aa53051a530bbeec7aeab41253ce160176bbdafae02c7698f709fd1d,working_git:b3eddc87483f8b31a1b3e4d68a68cda447f2d7ff1eb491f08e2d157128d67981;recovery_project:9d7c24ea6551dd54e361c983f8039d0936728818a9e8036e2d5379465f29a6f1;local_runtime:9d7c24ea6551dd54e361c983f8039d0936728818a9e8036e2d5379465f29a6f1
visual_recovery,uv.lock,f203179ba6e53f36ca60ddf50287587a740a5b06e30303ed21c8152bc2d381d9,working_git:c8955d2a94ad5d7c97da861cab9db9a32d3d489d17825052632ee9b96dcad634;recovery_project:bc67c17f3873991bc3dfb7a3bf782153d81838402a9c6057de4be9a854549a9a;local_runtime:bc67c17f3873991bc3dfb7a3bf782153d81838402a9c6057de4be9a854549a9a
visual_recovery,config/corrective_artifact_retention.json,45c32dfe8207e277a0e449511a994b727ab5d08c14c0df7976aee9ed5bae66db,working_git:24bfd020399006c025d48e95552ac4a2c02e6b7bf8641ca8fee6eb6e8a7f7300;recovery_project:24bfd020399006c025d48e95552ac4a2c02e6b7bf8641ca8fee6eb6e8a7f7300;local_runtime:24bfd020399006c025d48e95552ac4a2c02e6b7bf8641ca8fee6eb6e8a7f7300
visual_recovery,data/agent_memory/magicka_agent.jsonl,a90c0ccbcef76b1c918f982e6fe4bc81a478e0a418039ab3e913eca5c6582d49,recovery_project:ad496bfbbcee8cde09a1ba63b2652f70ccad910f42d715b491b14943f14bb711;local_runtime:ad496bfbbcee8cde09a1ba63b2652f70ccad910f42d715b491b14943f14bb711
visual_recovery,data/agent_memory/rl_idea_agent.jsonl,38891d5f01a253a39db62455d5242ff39be4ffcee043f378dddea1e586f426c1,recovery_project:f450fef8955175bde8ed4ecf27ca489c7867cabd8eb458112f7f3e6fcb5486c3;local_runtime:f450fef8955175bde8ed4ecf27ca489c7867cabd8eb458112f7f3e6fcb5486c3
visual_recovery,data/agent_memory/sequential_thinking_magicka_agent.jsonl,c7e2068a2d58d516e4dfc799f03af7d264cc2849f30b2abef16de16f6a6edf22,recovery_project:cedfba8dddc140dc2f997c909fd1f9b37692c080e71af7f2ba913799e31abf8a;local_runtime:cedfba8dddc140dc2f997c909fd1f9b37692c080e71af7f2ba913799e31abf8a
visual_recovery,data/external/research_sources/research_source_registry.csv,67ca170ade3ef07a2bc37f45ff311be3d6611dd5300557176977da85228123b7,recovery_project:c1dcf1449833d6db37c52bc0b744dfbe31d18177e4068f1f1c70114f12160faf;local_runtime:c1dcf1449833d6db37c52bc0b744dfbe31d18177e4068f1f1c70114f12160faf
visual_recovery,data/external/research_sources/manifests/paper_03e6cc68db1b1e83.json,ebf483f8cadbf7de41199211800f09b364f3132dc2b5f81b99c73d036eceb0d3,recovery_project:efd03545cde96506bb15fc2c08f07e0ad6ab840f404a200d79d370f24e3993a1;local_runtime:efd03545cde96506bb15fc2c08f07e0ad6ab840f404a200d79d370f24e3993a1
visual_recovery,data/external/research_sources/manifests/paper_2dda18bfbe5c0988.json,b2f94fdcaf2278f2d783b0feb16d86853d37817c897ee11b180a946e9d703aee,recovery_project:e6a9766cd7107a025baf3e85015e5796c8dce381f33db52edb7126dddb3f4e31;local_runtime:e6a9766cd7107a025baf3e85015e5796c8dce381f33db52edb7126dddb3f4e31
visual_recovery,data/external/research_sources/manifests/paper_5202676052f4c33f.json,cda1036f5af986c2e6a6da89aaec1e5b1e6bbbf4811b60b9f7ca438398e94e64,recovery_project:b1f85afd9babbd6bc4f07f9513837624be694d7991eab2acd6bf7227878be877;local_runtime:b1f85afd9babbd6bc4f07f9513837624be694d7991eab2acd6bf7227878be877
visual_recovery,data/external/research_sources/manifests/paper_52dc8767f30a86f9.json,b9ad55b3e46f7d4cc3e26d0dc913841997eb87f87faab434c2e519d5f31ef594,recovery_project:d38a70b23e8005020592edfe95a6f439094f0c493c0973b975a9f9501d91edc3;local_runtime:d38a70b23e8005020592edfe95a6f439094f0c493c0973b975a9f9501d91edc3
visual_recovery,data/external/research_sources/manifests/paper_7468991d65d1c213.json,c6061b7722c74b4a80b8c3be97d191e123c0301dcb1c73e81917f66ff1367da6,recovery_project:b7ed862989b29edba07721fe367a78315ec3a72bcf06857957ba165bbb7b5b8b;local_runtime:b7ed862989b29edba07721fe367a78315ec3a72bcf06857957ba165bbb7b5b8b
visual_recovery,data/external/research_sources/manifests/paper_7c68291b9b6a61fe.json,dc129259e9f78d6511298c6320c366251569517799650c5eaa4f40f34acd9c5c,recovery_project:b04e7af85b5c4a4446aa67c3a387e0b694977fd4fa3a4275028ab6ef050d225e;local_runtime:b04e7af85b5c4a4446aa67c3a387e0b694977fd4fa3a4275028ab6ef050d225e
visual_recovery,data/external/research_sources/manifests/paper_83bedd65a3817a87.json,83454a9d1b7b5241d3bbfc1e193c83f535e6649e4f362587eeb15770b968d359,recovery_project:1b5eff0aeed26808d2f911255f3d08a11523e097e96b44c98a7eb28e1213eba6;local_runtime:1b5eff0aeed26808d2f911255f3d08a11523e097e96b44c98a7eb28e1213eba6
visual_recovery,data/external/research_sources/manifests/paper_8ee8ed6d01c3aa01.json,7baff4fb982f1487e8c9f7a23eee9c8a926aaa7f8fecddbda2fb65c6b4c4bc04,recovery_project:b9b44737101bfa65130a72541cfb71b52f62e9da175e3547df15d20b6c6c75dd;local_runtime:b9b44737101bfa65130a72541cfb71b52f62e9da175e3547df15d20b6c6c75dd
visual_recovery,data/external/research_sources/manifests/paper_94da77f36f3abdc6.json,9888b8270e3c4be07baa109a42262dfe214a34874361fb43d1c2a56148a1f719,recovery_project:94733e98d9e511e91f0d77bb3c85972cd1062bde0f6a746b2cc2d7629f590bd6;local_runtime:94733e98d9e511e91f0d77bb3c85972cd1062bde0f6a746b2cc2d7629f590bd6
visual_recovery,data/external/research_sources/manifests/paper_9acd25bc0eb74b5f.json,47930e8cfb2fb23c5a2552a00dbcb504f6c202432a24654410451272262452f3,recovery_project:cdcfd90394ad76604b8514f0f6db962b184043aca16d80645bf3e318f0299d8c;local_runtime:cdcfd90394ad76604b8514f0f6db962b184043aca16d80645bf3e318f0299d8c
visual_recovery,data/external/research_sources/manifests/paper_9d33d77526db17f3.json,dab4e021499c1d21cf384af0da9894f18710780c10cd631e656c239792b9fdf3,recovery_project:6bb33ea826d0c5de23107e65b34a95c3b4689d041645a1232dd027a4404ef1a5;local_runtime:6bb33ea826d0c5de23107e65b34a95c3b4689d041645a1232dd027a4404ef1a5
visual_recovery,data/external/research_sources/manifests/paper_a2e2cdcb8d0f2fac.json,dc6b20ce27618237b294437b3e5feea3f56ad0960cdea1fecbf37c35e7c52e75,recovery_project:9a168461dab4f699e4e1140004be246c5514986b02d140c5c3930ad84f005a68;local_runtime:9a168461dab4f699e4e1140004be246c5514986b02d140c5c3930ad84f005a68
visual_recovery,data/external/research_sources/manifests/paper_a628a8153b2dc59f.json,adf295210266008aee89da2d05ba8c6b72df2eed7c165f1d5ba8d8db75482614,recovery_project:08e93a45c72c0c7fe081dcc3dbf6d2ece02e3ac82efe4eac93684215d8eca3cb;local_runtime:08e93a45c72c0c7fe081dcc3dbf6d2ece02e3ac82efe4eac93684215d8eca3cb
visual_recovery,data/external/research_sources/manifests/paper_bd860d3475116e96.json,7419dabe79ce5b9bffe9adfc1febd44f100ce5e8eea790d93c9336e9b393f9de,recovery_project:c9da2ac3800da6e963164f9e82ae5cbea3abad116321504593ccf83b88ff96b1;local_runtime:c9da2ac3800da6e963164f9e82ae5cbea3abad116321504593ccf83b88ff96b1
visual_recovery,data/external/research_sources/manifests/paper_c1676ff9fff1cd97.json,8d0045d7ff94ea0f2a8372943fb3d3479fea16f30baf4fee9be62aeaf35e1bcc,recovery_project:c07cc8ef807a824d7e6d12a47a4546ed3d3c5893ad541e6839cd77a9737d5ac6;local_runtime:c07cc8ef807a824d7e6d12a47a4546ed3d3c5893ad541e6839cd77a9737d5ac6
visual_recovery,data/external/research_sources/manifests/paper_c4eb8bf2cfaae346.json,3e9f2ca0bb04b57ab2350a21e5a01cb3bca12fc214087419b203b74940eaa967,recovery_project:7d863e4631a43891933f66eac9a3b70576c6748308c282fde62393748e67db83;local_runtime:7d863e4631a43891933f66eac9a3b70576c6748308c282fde62393748e67db83
visual_recovery,data/external/research_sources/manifests/paper_c5cc04c898f6e7c9.json,2dab40722404d030768a0345c2fb6be582deec6c382e921572db662698a92495,recovery_project:fe47127776f447c5da754b9e545a73d0864e0e5d078bd64b0a19c4f985498f82;local_runtime:fe47127776f447c5da754b9e545a73d0864e0e5d078bd64b0a19c4f985498f82
visual_recovery,data/external/research_sources/manifests/paper_c60e9f5f6a175ce5.json,fc89dd4ad5e019a43c4c8d67cda2b5e5d616e2860f5cada6142afe6680b7504b,recovery_project:3e48196cf21634f53179d6d3b63c6ff5b5c2707d0ce283e74d99db38e0dab104;local_runtime:3e48196cf21634f53179d6d3b63c6ff5b5c2707d0ce283e74d99db38e0dab104
visual_recovery,data/external/research_sources/manifests/paper_ce12da98cbbace4d.json,f645cf58a42daf0a8dcae5761c9aca57b5b053a8713663eb9838f9eb97d40a2c,recovery_project:1253479ee69419493455cb6ba2281e092362413756c75b29ce523eb26abe7b1d;local_runtime:1253479ee69419493455cb6ba2281e092362413756c75b29ce523eb26abe7b1d
visual_recovery,data/external/research_sources/manifests/paper_d07fd68e59dc78f4.json,9349c1c149c7e6668bb22a9744542e0a6afa9cf0ba2a73b84cdfa147b21cfffb,recovery_project:9a8ced94339578dd42d44a710ef87ae07b6534a575e0561f2546a7bde4b5fc51;local_runtime:9a8ced94339578dd42d44a710ef87ae07b6534a575e0561f2546a7bde4b5fc51
visual_recovery,data/external/research_sources/manifests/paper_d4fcf1eb3a126f63.json,e4826731e433b7d003f65b214415ad751ed983bfc752b6568939a9b8fbe64902,recovery_project:195c1bf97d1b39ae3a2c83aad05de145da92ddff29ad34eb412e777fc15df9b1;local_runtime:195c1bf97d1b39ae3a2c83aad05de145da92ddff29ad34eb412e777fc15df9b1
visual_recovery,data/external/research_sources/manifests/paper_f0b8fced125866b5.json,cb94527d8000969ba6c83d73ee02d8632a7566bc6a7b42c4c9283994a7f95f2f,recovery_project:3bab5d089f3ec59ff831abf2edc9b36f4f4d441839ee0542057a1a0891404250;local_runtime:3bab5d089f3ec59ff831abf2edc9b36f4f4d441839ee0542057a1a0891404250
visual_recovery,data/external/research_sources/manifests/paper_fa0c8fdb8806dc71.json,6b46ad9b12039dd7af015192986b8549d4b5d8d2830ed055be52d678d07d6b35,recovery_project:d9ae3271ad87031ca0fcf69f2b655c92e3e8aa01e70b8c9ce5aaccd3c6b2376d;local_runtime:d9ae3271ad87031ca0fcf69f2b655c92e3e8aa01e70b8c9ce5aaccd3c6b2376d
visual_recovery,data/external/research_sources/papers/paper_03e6cc68db1b1e83/source_manifest.json,ebf483f8cadbf7de41199211800f09b364f3132dc2b5f81b99c73d036eceb0d3,recovery_project:efd03545cde96506bb15fc2c08f07e0ad6ab840f404a200d79d370f24e3993a1;local_runtime:efd03545cde96506bb15fc2c08f07e0ad6ab840f404a200d79d370f24e3993a1
visual_recovery,data/external/research_sources/papers/paper_2dda18bfbe5c0988/source_manifest.json,b2f94fdcaf2278f2d783b0feb16d86853d37817c897ee11b180a946e9d703aee,recovery_project:e6a9766cd7107a025baf3e85015e5796c8dce381f33db52edb7126dddb3f4e31;local_runtime:e6a9766cd7107a025baf3e85015e5796c8dce381f33db52edb7126dddb3f4e31
visual_recovery,data/external/research_sources/papers/paper_5202676052f4c33f/source_manifest.json,cda1036f5af986c2e6a6da89aaec1e5b1e6bbbf4811b60b9f7ca438398e94e64,recovery_project:b1f85afd9babbd6bc4f07f9513837624be694d7991eab2acd6bf7227878be877;local_runtime:b1f85afd9babbd6bc4f07f9513837624be694d7991eab2acd6bf7227878be877
visual_recovery,data/external/research_sources/papers/paper_52dc8767f30a86f9/source_manifest.json,b9ad55b3e46f7d4cc3e26d0dc913841997eb87f87faab434c2e519d5f31ef594,recovery_project:d38a70b23e8005020592edfe95a6f439094f0c493c0973b975a9f9501d91edc3;local_runtime:d38a70b23e8005020592edfe95a6f439094f0c493c0973b975a9f9501d91edc3
visual_recovery,data/external/research_sources/papers/paper_7468991d65d1c213/source_manifest.json,c6061b7722c74b4a80b8c3be97d191e123c0301dcb1c73e81917f66ff1367da6,recovery_project:b7ed862989b29edba07721fe367a78315ec3a72bcf06857957ba165bbb7b5b8b;local_runtime:b7ed862989b29edba07721fe367a78315ec3a72bcf06857957ba165bbb7b5b8b
visual_recovery,data/external/research_sources/papers/paper_7c68291b9b6a61fe/source_manifest.json,dc129259e9f78d6511298c6320c366251569517799650c5eaa4f40f34acd9c5c,recovery_project:b04e7af85b5c4a4446aa67c3a387e0b694977fd4fa3a4275028ab6ef050d225e;local_runtime:b04e7af85b5c4a4446aa67c3a387e0b694977fd4fa3a4275028ab6ef050d225e
visual_recovery,data/external/research_sources/papers/paper_83bedd65a3817a87/source_manifest.json,83454a9d1b7b5241d3bbfc1e193c83f535e6649e4f362587eeb15770b968d359,recovery_project:1b5eff0aeed26808d2f911255f3d08a11523e097e96b44c98a7eb28e1213eba6;local_runtime:1b5eff0aeed26808d2f911255f3d08a11523e097e96b44c98a7eb28e1213eba6
visual_recovery,data/external/research_sources/papers/paper_8ee8ed6d01c3aa01/source_manifest.json,7baff4fb982f1487e8c9f7a23eee9c8a926aaa7f8fecddbda2fb65c6b4c4bc04,recovery_project:b9b44737101bfa65130a72541cfb71b52f62e9da175e3547df15d20b6c6c75dd;local_runtime:b9b44737101bfa65130a72541cfb71b52f62e9da175e3547df15d20b6c6c75dd
visual_recovery,data/external/research_sources/papers/paper_94da77f36f3abdc6/source_manifest.json,9888b8270e3c4be07baa109a42262dfe214a34874361fb43d1c2a56148a1f719,recovery_project:94733e98d9e511e91f0d77bb3c85972cd1062bde0f6a746b2cc2d7629f590bd6;local_runtime:94733e98d9e511e91f0d77bb3c85972cd1062bde0f6a746b2cc2d7629f590bd6
visual_recovery,data/external/research_sources/papers/paper_9acd25bc0eb74b5f/source_manifest.json,47930e8cfb2fb23c5a2552a00dbcb504f6c202432a24654410451272262452f3,recovery_project:cdcfd90394ad76604b8514f0f6db962b184043aca16d80645bf3e318f0299d8c;local_runtime:cdcfd90394ad76604b8514f0f6db962b184043aca16d80645bf3e318f0299d8c
visual_recovery,data/external/research_sources/papers/paper_9d33d77526db17f3/source_manifest.json,dab4e021499c1d21cf384af0da9894f18710780c10cd631e656c239792b9fdf3,recovery_project:6bb33ea826d0c5de23107e65b34a95c3b4689d041645a1232dd027a4404ef1a5;local_runtime:6bb33ea826d0c5de23107e65b34a95c3b4689d041645a1232dd027a4404ef1a5
visual_recovery,data/external/research_sources/papers/paper_a2e2cdcb8d0f2fac/source_manifest.json,dc6b20ce27618237b294437b3e5feea3f56ad0960cdea1fecbf37c35e7c52e75,recovery_project:9a168461dab4f699e4e1140004be246c5514986b02d140c5c3930ad84f005a68;local_runtime:9a168461dab4f699e4e1140004be246c5514986b02d140c5c3930ad84f005a68
visual_recovery,data/external/research_sources/papers/paper_a628a8153b2dc59f/source_manifest.json,adf295210266008aee89da2d05ba8c6b72df2eed7c165f1d5ba8d8db75482614,recovery_project:08e93a45c72c0c7fe081dcc3dbf6d2ece02e3ac82efe4eac93684215d8eca3cb;local_runtime:08e93a45c72c0c7fe081dcc3dbf6d2ece02e3ac82efe4eac93684215d8eca3cb
visual_recovery,data/external/research_sources/papers/paper_bd860d3475116e96/source_manifest.json,7419dabe79ce5b9bffe9adfc1febd44f100ce5e8eea790d93c9336e9b393f9de,recovery_project:c9da2ac3800da6e963164f9e82ae5cbea3abad116321504593ccf83b88ff96b1;local_runtime:c9da2ac3800da6e963164f9e82ae5cbea3abad116321504593ccf83b88ff96b1
visual_recovery,data/external/research_sources/papers/paper_c1676ff9fff1cd97/source_manifest.json,8d0045d7ff94ea0f2a8372943fb3d3479fea16f30baf4fee9be62aeaf35e1bcc,recovery_project:c07cc8ef807a824d7e6d12a47a4546ed3d3c5893ad541e6839cd77a9737d5ac6;local_runtime:c07cc8ef807a824d7e6d12a47a4546ed3d3c5893ad541e6839cd77a9737d5ac6
visual_recovery,data/external/research_sources/papers/paper_c4eb8bf2cfaae346/source_manifest.json,3e9f2ca0bb04b57ab2350a21e5a01cb3bca12fc214087419b203b74940eaa967,recovery_project:7d863e4631a43891933f66eac9a3b70576c6748308c282fde62393748e67db83;local_runtime:7d863e4631a43891933f66eac9a3b70576c6748308c282fde62393748e67db83
visual_recovery,data/external/research_sources/papers/paper_c5cc04c898f6e7c9/source_manifest.json,2dab40722404d030768a0345c2fb6be582deec6c382e921572db662698a92495,recovery_project:fe47127776f447c5da754b9e545a73d0864e0e5d078bd64b0a19c4f985498f82;local_runtime:fe47127776f447c5da754b9e545a73d0864e0e5d078bd64b0a19c4f985498f82
visual_recovery,data/external/research_sources/papers/paper_c60e9f5f6a175ce5/source_manifest.json,fc89dd4ad5e019a43c4c8d67cda2b5e5d616e2860f5cada6142afe6680b7504b,recovery_project:3e48196cf21634f53179d6d3b63c6ff5b5c2707d0ce283e74d99db38e0dab104;local_runtime:3e48196cf21634f53179d6d3b63c6ff5b5c2707d0ce283e74d99db38e0dab104
visual_recovery,data/external/research_sources/papers/paper_ce12da98cbbace4d/source_manifest.json,f645cf58a42daf0a8dcae5761c9aca57b5b053a8713663eb9838f9eb97d40a2c,recovery_project:1253479ee69419493455cb6ba2281e092362413756c75b29ce523eb26abe7b1d;local_runtime:1253479ee69419493455cb6ba2281e092362413756c75b29ce523eb26abe7b1d
visual_recovery,data/external/research_sources/papers/paper_d07fd68e59dc78f4/source_manifest.json,9349c1c149c7e6668bb22a9744542e0a6afa9cf0ba2a73b84cdfa147b21cfffb,recovery_project:9a8ced94339578dd42d44a710ef87ae07b6534a575e0561f2546a7bde4b5fc51;local_runtime:9a8ced94339578dd42d44a710ef87ae07b6534a575e0561f2546a7bde4b5fc51
visual_recovery,data/external/research_sources/papers/paper_d4fcf1eb3a126f63/source_manifest.json,e4826731e433b7d003f65b214415ad751ed983bfc752b6568939a9b8fbe64902,recovery_project:195c1bf97d1b39ae3a2c83aad05de145da92ddff29ad34eb412e777fc15df9b1;local_runtime:195c1bf97d1b39ae3a2c83aad05de145da92ddff29ad34eb412e777fc15df9b1
visual_recovery,data/external/research_sources/papers/paper_f0b8fced125866b5/source_manifest.json,cb94527d8000969ba6c83d73ee02d8632a7566bc6a7b42c4c9283994a7f95f2f,recovery_project:3bab5d089f3ec59ff831abf2edc9b36f4f4d441839ee0542057a1a0891404250;local_runtime:3bab5d089f3ec59ff831abf2edc9b36f4f4d441839ee0542057a1a0891404250
visual_recovery,data/external/research_sources/papers/paper_fa0c8fdb8806dc71/source_manifest.json,6b46ad9b12039dd7af015192986b8549d4b5d8d2830ed055be52d678d07d6b35,recovery_project:d9ae3271ad87031ca0fcf69f2b655c92e3e8aa01e70b8c9ce5aaccd3c6b2376d;local_runtime:d9ae3271ad87031ca0fcf69f2b655c92e3e8aa01e70b8c9ce5aaccd3c6b2376d
visual_recovery,data/external/youtube/brain/caption_manifest.csv,01ba4719c80b6fe911b091a7c05124b64eeece964e09c058ef8f9805daca546b,recovery_project:f0c897f7a0467ec6c94ff1f06038ce51f77df1a641834096eb856e1a217fb71d;local_runtime:f0c897f7a0467ec6c94ff1f06038ce51f77df1a641834096eb856e1a217fb71d
visual_recovery,data/external/youtube/brain/video_registry.csv,01ba4719c80b6fe911b091a7c05124b64eeece964e09c058ef8f9805daca546b,recovery_project:4d9a9de6f130bcd715b2abe2bfad401c5f81ca2aa14c09229e6355d67276e694;local_runtime:4d9a9de6f130bcd715b2abe2bfad401c5f81ca2aa14c09229e6355d67276e694
visual_recovery,data/processed/research_knowledge/paper_research_rows.csv,211086e0fe8236a371f372cf304bf8f03e8f7057c027d52340b80f1d0a290596,recovery_project:782699302e08a3a12effee9c7fdba98f4ee6503fb7681873a6cd0aa7994d1fd7;local_runtime:782699302e08a3a12effee9c7fdba98f4ee6503fb7681873a6cd0aa7994d1fd7
visual_recovery,data/processed/research_knowledge/research_features.csv,eb22539e16ae128d439e67a10da9bccdefce56912f478866015e053cfa7581e6,recovery_project:5cac6b3f1e489b33f19e07141fb1bdf8839818ab575fe45c189205bbbc52eb89;local_runtime:5cac6b3f1e489b33f19e07141fb1bdf8839818ab575fe45c189205bbbc52eb89
visual_recovery,data/processed/research_knowledge/research_risk_priors.csv,566d3bbf9c2fb18854efc60dcfbd660122f7b17adafebdd9264077ed0711d8f7,recovery_project:539525063ca00ce4953d798bbd8fbb284295a75769b69d4d64a26a090531d264;local_runtime:539525063ca00ce4953d798bbd8fbb284295a75769b69d4d64a26a090531d264
visual_recovery,data/processed/research_knowledge/research_rules.csv,ae32c114624b1059f9db709b874ad205de228ac0180b642ee3ed922211222a6d,recovery_project:8367783981f9dac82db4a7b19e30cf069526af8e5094b0a4f21135098e2a4ef8;local_runtime:8367783981f9dac82db4a7b19e30cf069526af8e5094b0a4f21135098e2a4ef8
visual_recovery,data/processed/research_knowledge/research_strategy_hints.csv,f22e9f02c1419d21c282e038e8f18547294395b0a75f13bc9aa4e0433f0ff9d5,recovery_project:d58f05d10c9f78a5efa6d61783c9ab5bf91d78c64b37fc2607c20d8404543309;local_runtime:d58f05d10c9f78a5efa6d61783c9ab5bf91d78c64b37fc2607c20d8404543309
visual_recovery,data/processed/youtube_brain/caption_insight_candidates.csv,c3a3901e68a8c43278e0905bbcf0f9874c114d3a86c9d4a91a3645ee7a69e22c,recovery_project:4b8c95dd45b5971bbd6737c5daec8af22c009ed99c2f6476f9d1de2e97c7e2b8;local_runtime:4b8c95dd45b5971bbd6737c5daec8af22c009ed99c2f6476f9d1de2e97c7e2b8
visual_recovery,data/processed/youtube_brain/claims.csv,dab3670ff35402f227afac6c71a6654f4f442d2618c07b20eb197d4f518f1ec7,recovery_project:d4343139613b49e7c8b0b16bbf85fd13648cc649735f0eec6c68519db1a59acf;local_runtime:d4343139613b49e7c8b0b16bbf85fd13648cc649735f0eec6c68519db1a59acf
visual_recovery,data/processed/youtube_brain/claims.parquet,0f2b7813caa068defb6a48ef1799a124b9f939090656754127f677705e3b6495,recovery_project:03e8fb69a5b7d05f59d31065c0e2f8f8da9b8935e5457755a57fd7e930b4a13c;local_runtime:03e8fb69a5b7d05f59d31065c0e2f8f8da9b8935e5457755a57fd7e930b4a13c
visual_recovery,data/processed/youtube_brain/external_research_priors.csv,dab3670ff35402f227afac6c71a6654f4f442d2618c07b20eb197d4f518f1ec7,recovery_project:d4343139613b49e7c8b0b16bbf85fd13648cc649735f0eec6c68519db1a59acf;local_runtime:d4343139613b49e7c8b0b16bbf85fd13648cc649735f0eec6c68519db1a59acf
visual_recovery,data/processed/youtube_brain/knowledge_nodes.csv,463d9cde23d4dd6914d9e152e875092e038e51616dbd0296d1e3a53d46d04b06,recovery_project:5886934c7617cabcff472b66b1f2f77d36a495cf2f10c5f490cfa823a87e5cee;local_runtime:5886934c7617cabcff472b66b1f2f77d36a495cf2f10c5f490cfa823a87e5cee
visual_recovery,data/processed/youtube_brain/strategy_memory.csv,f60fcc61940fb3ab931a5d675a27221e10bf1db6885adec5c1d5a37912ba3941,recovery_project:2db21204889a847d05cfda08311f22b0000280e3fc3488d45a6a529400b9d73c;local_runtime:2db21204889a847d05cfda08311f22b0000280e3fc3488d45a6a529400b9d73c
visual_recovery,data/processed/youtube_brain/warning_memory.csv,008b323fa475a3a240461940d44063dc7190f758a2d3887db0b2781e0b33f192,recovery_project:df796a901ca056f0402a6a1bdafb6b92cfc6e505ec4cbc06132133c70fc90fd4;local_runtime:df796a901ca056f0402a6a1bdafb6b92cfc6e505ec4cbc06132133c70fc90fd4
visual_recovery,docs/current_corrective_operations.md,fcb93e7a0666eabbbcf5e79f6815458c180cbb1a58ffa926e75b4c00d8230ef9,working_git:7ae6a1e426a518925eae283f9edf0d822186b5b8b7b10564efd505333195d7d2;recovery_project:38326ce0f34668492a218c6af1b02f67524e3f145ab18477167aed7097df17b2;local_runtime:38326ce0f34668492a218c6af1b02f67524e3f145ab18477167aed7097df17b2
visual_recovery,reports/active/artifact_index.csv,f49daad1ba2e764f63fe5221b3348c7711f3ceab5663b3780ff76f5cc3ee96f4,recovery_project:6bcaa898bda49f988d737e838301a07e17cf65ddf514ce6ebce5579ac5b18eb8;local_runtime:6bcaa898bda49f988d737e838301a07e17cf65ddf514ce6ebce5579ac5b18eb8
visual_recovery,reports/active/canonical_wizard_hyperliquid_contract.json,2f975e200a65ec70536e5f316e398360ce62184d64cb12b26ca923ce84148895,recovery_project:3b868b0daf019273177771da6f573fdde8df9117d36d6b55c944adc599ecf079;local_runtime:3b868b0daf019273177771da6f573fdde8df9117d36d6b55c944adc599ecf079
visual_recovery,reports/active/corrective_baseline_files.csv,a768628b57e3b27644ee02dbc3db71ed3deb22d4aa2f1b5a4bf1936f34cb680d,recovery_project:445d08a7be4bf6c3fcc77fdc13328f2e35990cb69a4c6a3ee89fed91bed18ed6;local_runtime:445d08a7be4bf6c3fcc77fdc13328f2e35990cb69a4c6a3ee89fed91bed18ed6
visual_recovery,reports/active/corrective_baseline_manifest.json,e4f4851c1e3a367bfb7a7216ee953d46b2666fc928f4ed18ee1be809eaae2017,recovery_project:18e7be9a1cbf005a91740d0910f49d2a371eb00cd505080a08416f0cf1bbf0e2;local_runtime:18e7be9a1cbf005a91740d0910f49d2a371eb00cd505080a08416f0cf1bbf0e2
visual_recovery,reports/active/current_state.csv,c7bbe1bca2f1a59a22a967ae66bea5cd64f9e910290d44422510b730a364ca58,recovery_project:0060bc6467a72d77d5ef3a7efe0238be9b290e8af29c2ded817fb06d35bb3fc9;local_runtime:0060bc6467a72d77d5ef3a7efe0238be9b290e8af29c2ded817fb06d35bb3fc9
visual_recovery,reports/active/current_state.md,2a5d85a3fdb66a83f056449ca95359643f747f1d30548776714c53e00a08ad0d,recovery_project:d2d399905babd5eee387746476a28ac231e3e11e20217c1a5143eecd8c44b9cd;local_runtime:d2d399905babd5eee387746476a28ac231e3e11e20217c1a5143eecd8c44b9cd
visual_recovery,reports/active/dydx_execution_market_attempts.csv,fbc768d8acbcc1780b619bf23612cd2f419bdaf65f3fb9680b31ed910def9830,recovery_project:0edf15233dfe362dd5456e118d73da46b90611610d78999806c481a09b5469ca;local_runtime:0edf15233dfe362dd5456e118d73da46b90611610d78999806c481a09b5469ca
visual_recovery,reports/active/dydx_execution_market_compatibility.csv,a40c58575023739253da7a21302f90ec2ac4dd54cbd673a60967954fbd38354e,recovery_project:b853430a19b687bdf6ef6bb44e2a68233ada7be51a351872d999a02c970f420e;local_runtime:b853430a19b687bdf6ef6bb44e2a68233ada7be51a351872d999a02c970f420e
visual_recovery,reports/active/evidence_registry.csv,be9b2b3c106bc685d9bb2814c98beb48f53c0ac83910c14c6c5f2e677395360f,recovery_project:99245f7f6e2d6deb1463f21ae8763e64a5a6c643d4bea3de614a2ac994f313a9;local_runtime:99245f7f6e2d6deb1463f21ae8763e64a5a6c643d4bea3de614a2ac994f313a9
visual_recovery,reports/active/evidence_registry.md,4b628c066badbc000813a7ab1a94d70340f8b16053d440b3639967d76702a19b,recovery_project:0c5c60534e62934b93e4d9a17d3140b6945dd377103f10c6964cd329a204ca87;local_runtime:0c5c60534e62934b93e4d9a17d3140b6945dd377103f10c6964cd329a204ca87
visual_recovery,reports/active/evidence_source_health.csv,d39d18138ed3c0c970c9730a0b590d3f1b3b38920ae465e68be86c31b15f7de4,recovery_project:48e8aa011abd84d1aab8b9ca0a7d6d24676087917ed8d2f7cbcbc55d2c87b2f9;local_runtime:48e8aa011abd84d1aab8b9ca0a7d6d24676087917ed8d2f7cbcbc55d2c87b2f9
visual_recovery,reports/active/orchestrator_events.jsonl,9352b403146f1a4fd6f63693045132ceacb8c236c2f1973a3007f3d5bf7a9fa6,recovery_project:5adbac1a015a9650af8e610c95f7b4d508d10a5516f20bb577750e099d7dfd82;local_runtime:5adbac1a015a9650af8e610c95f7b4d508d10a5516f20bb577750e099d7dfd82
visual_recovery,reports/active/orchestrator_run_status.csv,67f23cd573845f1881ee5a08b7801d6ee06ee50a0c94c0e0795aa106a5938c03,recovery_project:0b74b11253772a64237ba45959495185eda5561b201b02541458c16f01afcec6;local_runtime:0b74b11253772a64237ba45959495185eda5561b201b02541458c16f01afcec6
visual_recovery,reports/active/orchestrator_run_status.md,302b780fc7551134bdd5065702ebee216c43c78eb829ed4f99013b66a44630ee,recovery_project:6d2cc4e387f0d9baffc98f3c70abacbaa53b4fb792bb556d02792d9918eca560;local_runtime:6d2cc4e387f0d9baffc98f3c70abacbaa53b4fb792bb556d02792d9918eca560
visual_recovery,reports/active/project_spine_audit.md,4e7f75645d8b1b8056bc5a3875625cc595e3afaf16a5d31b987b78bafbced4ca,recovery_project:ae18b13c1c1336a88762c3fd19d49ac01a642fcc914509f656b4110de556472a;local_runtime:ae18b13c1c1336a88762c3fd19d49ac01a642fcc914509f656b4110de556472a
visual_recovery,reports/active/quant_release_index.csv,e22af0c4eaee5cba06bfba6fc337d7c9add52d95683f93c45d022a5a8ce77cd3,recovery_project:638f38c80d73d098d56a375ce73ce8951238dedacb595a318ffc9981e1088328;local_runtime:638f38c80d73d098d56a375ce73ce8951238dedacb595a318ffc9981e1088328
visual_recovery,reports/active/quant_release_index.md,7d88cc4f70c76a91d783f4223b77ed58abfa7801c433444b4eb3d2aac74270c2,recovery_project:48c51446acc44e7a9e0d552eda68cdb622ab496fc5e93c8bab21363af8885e82;local_runtime:48c51446acc44e7a9e0d552eda68cdb622ab496fc5e93c8bab21363af8885e82
visual_recovery,reports/active/system_check.csv,56a0277c2f11e53887a814d597d77b07f87f4ed1ca5d4eb30da3ee58fb5f2566,recovery_project:d86670f9a4efafe173a5a521290399ffd77ab41fc6df8f3ae0685301a7254286;local_runtime:d86670f9a4efafe173a5a521290399ffd77ab41fc6df8f3ae0685301a7254286
visual_recovery,reports/active/system_check.md,d829088d1ba74b57c4dfa12887dd0f3b7ae058840f5aea7ad1912d6aa86924df,recovery_project:662b4892609f91a202893c7c85d61a83055720963a31b98c284e9a258d0e0d8b;local_runtime:662b4892609f91a202893c7c85d61a83055720963a31b98c284e9a258d0e0d8b
visual_recovery,reports/active/workspace_recovery.md,b8c85fe55910fa3d9dc504544315c1c82ea52f62b45d639227e92f757ff050f0,recovery_project:4c36e74da5dcff37ba7c03932ef248dc5301dbcc72ab541ed77537af944dfacc;local_runtime:4c36e74da5dcff37ba7c03932ef248dc5301dbcc72ab541ed77537af944dfacc
visual_recovery,reports/active/workspace_recovery_manifest.json,ddf19ffe84fffe5a01dc4fea8720ef78355ecc449ba74e1071cf491e1e4083af,recovery_project:7cae266f4f6b866953de6098983da50c2a5eacafe513aae259eaa9477490f589;local_runtime:7cae266f4f6b866953de6098983da50c2a5eacafe513aae259eaa9477490f589
visual_recovery,reports/audits/2026-08-15_udemy_math_to_code_reconciliation.csv,872137a4b830ce931a65bb8835d761f026303fa109245c406a9dc60b14508006,recovery_project:5fb08328abf7785c26aecfb080f8fd2240b0788df75c9060aa28482f1d52fc4b;local_runtime:5fb08328abf7785c26aecfb080f8fd2240b0788df75c9060aa28482f1d52fc4b
visual_recovery,reports/audits/2026-08-15_udemy_math_to_code_reconciliation.md,e60eef5f235648970a45c3a59fc1452a6d863e1af5f714103c1ac8d4131980eb,recovery_project:1112a8669785a0e771f0a8cd6f5275ce1464eafef544491be6661e4a29432986;local_runtime:1112a8669785a0e771f0a8cd6f5275ce1464eafef544491be6661e4a29432986
visual_recovery,reports/dashboard/youtube_brain.md,16c724bcfe66efeb7204eb07d833649da1c372b193045861fcb9d31a447029c9,recovery_project:4fbdcc0c745950d11e0a5486feb266192cfb20d8be9a1119e7b294ec5c14d48a;local_runtime:4fbdcc0c745950d11e0a5486feb266192cfb20d8be9a1119e7b294ec5c14d48a
visual_recovery,reports/dashboard/youtube_brain_recommendations.csv,72c8293d48b72755353b81cd760175692bc1e3b6af31001d9b759dedc883d662,recovery_project:333daa8635d3d8fc7b069571238a2fb4e17865a921bce504015eaa8eb1409437;local_runtime:333daa8635d3d8fc7b069571238a2fb4e17865a921bce504015eaa8eb1409437
visual_recovery,reports/dashboard/youtube_brain_recommendations.md,a66ed3aa6c5791ecd3fe8a8a981a38fb4bad67babd97271bed70c23825671092,recovery_project:aa6fed52b5cb7fc0a0d91e8ab26874682a6d83e6da47ca2afa288238f5ea8981;local_runtime:aa6fed52b5cb7fc0a0d91e8ab26874682a6d83e6da47ca2afa288238f5ea8981
visual_recovery,reports/dashboard/youtube_brain_status.csv,3c21b11d71157dae5b0ae678107bd1a1c02ee04e0d0654e9303b83fd90576f17,recovery_project:a54dc50972c8b7cf1e24b3604340c39d18a69805734a103f862987829ceb56cb;local_runtime:a54dc50972c8b7cf1e24b3604340c39d18a69805734a103f862987829ceb56cb
visual_recovery,reports/orchestration/mini_agent_orchestration.md,4c21db3e7df0dbe67ce1ecf3fa219f87e452793df644e744c01c1ea33fa311e8,recovery_project:6ae1261706bfc4e148657e80e07b74732b4b6f7181fa5b6c290b62f9673832e4;local_runtime:6ae1261706bfc4e148657e80e07b74732b4b6f7181fa5b6c290b62f9673832e4
visual_recovery,reports/orchestration/mini_agent_registry.csv,b2c3b0fc2546bd198aef79b57a3734a1331f352ef9e417e8c780e4a2de319a0d,recovery_project:88171f9b8c85fc5808e020ba3f331d25757349950f926433438b64a5aaf57d96;local_runtime:88171f9b8c85fc5808e020ba3f331d25757349950f926433438b64a5aaf57d96
visual_recovery,reports/research/research_knowledge_source_summary.csv,66538791f846b897ad88b4a105558cdff2c8aa9479bcebe1237ae763b194cf43,recovery_project:03ba98c1398c272e403b059fe92e8c794418f0309b24b0baca3b284db9b6717d;local_runtime:03ba98c1398c272e403b059fe92e8c794418f0309b24b0baca3b284db9b6717d
visual_recovery,reports/research/research_knowledge_summary.csv,d0f6066ba5bbdafad2b9752fbb82a6a4963dd784d0bdadb9098836d6c5d41ba5,recovery_project:bdaaf206983e952a612f3b76d94364a7d60098b8ab04974ec3078af5340a15a0;local_runtime:bdaaf206983e952a612f3b76d94364a7d60098b8ab04974ec3078af5340a15a0
visual_recovery,reports/research/research_knowledge_summary.md,76ff1be05da108cb48f029540a7e88f74ab6c05ec7a30a8c466e98e330bbb2b9,recovery_project:fea6e7b69b3eda91851aa7ebd3271faed4acc89656d54250eef7597e416bc755;local_runtime:fea6e7b69b3eda91851aa7ebd3271faed4acc89656d54250eef7597e416bc755
visual_recovery,reports/research/udemy_transcript_vault_manifest.csv,809498fc7fa05c742ac1922c9cde9085f4e3d51ecb2d8ea71dbdb8bcb3bb0482,recovery_project:7b8b03458d54d0cb5ad573b333bc0c9c42a25fb484c9331312685ffc1f397920;local_runtime:7b8b03458d54d0cb5ad573b333bc0c9c42a25fb484c9331312685ffc1f397920
visual_recovery,reports/research/papers/paper_claim_ledger.csv,9da9e0c5e4c0dc4b9dd2146a297e9dff179269b6267a1e622e8dfbdc3a50088c,recovery_project:73fb158792f188275d9b28dbf07aaa50c177f441a4024dad26f0dc110a565c98;local_runtime:73fb158792f188275d9b28dbf07aaa50c177f441a4024dad26f0dc110a565c98
visual_recovery,reports/research/papers/paper_gap_analysis.csv,7b5abd10ff0b94d1d139b4ea249f39e9bf45f17e8a0a11d1ac8b76b2fcc37ad2,recovery_project:fe8a6d15c7a60f54335b6fcbc1fb388289c3dfd64aa53f18cfb92a7e5748b3b5;local_runtime:fe8a6d15c7a60f54335b6fcbc1fb388289c3dfd64aa53f18cfb92a7e5748b3b5
visual_recovery,reports/research/papers/paper_good_bad_do_dont_neither.csv,fc679ce957eaaeb17db02f6537e90ecf52cb668f904e47205206320b758b627a,recovery_project:1233d88c6e215cc4298feff565630e19447b8e1173e3ff5bd04436353a3bcc80;local_runtime:1233d88c6e215cc4298feff565630e19447b8e1173e3ff5bd04436353a3bcc80
visual_recovery,reports/research/papers/paper_hypothesis_queue.csv,97d03b2c59ed1f37884f9f26d6ff5ce710324bbe13cddd0ae7e4be7a7cf7349a,recovery_project:ffab6c3ed6eeb5d2970079cf623497ef1c1610d260315ac55ac6516602d42e69;local_runtime:ffab6c3ed6eeb5d2970079cf623497ef1c1610d260315ac55ac6516602d42e69
visual_recovery,reports/research/papers/paper_intake_audit.md,26d7b9245bb42ed17d1122cc2e11bd9579aa6c8eb26740ba073e6a31857e68fd,recovery_project:f2b2692fcee0815d743b9b8735191792bef162ee868e1da55ee5b29e0fd60af2;local_runtime:f2b2692fcee0815d743b9b8735191792bef162ee868e1da55ee5b29e0fd60af2
visual_recovery,reports/research/papers/paper_inventory.csv,4f57e68fac3c847af35b0ba0589d7fa870e8b3c6a7124e815c15a0eb0c02e4d8,recovery_project:4b4b0c21c53d4f27ee9ff783368cda7cf8eeebeeccd35fe653d3b43c8fd0b26e;local_runtime:4b4b0c21c53d4f27ee9ff783368cda7cf8eeebeeccd35fe653d3b43c8fd0b26e
visual_recovery,reports/research/papers/paper_library_review.md,3baeedd96bc9dae47787d1b29d139ff3afcb615d40a13d4a3bce7c5a6523d898,recovery_project:81c674b9785976683c3c7e7b7123949f5f12aa8de60b4cd0d91c29ba71659797;local_runtime:81c674b9785976683c3c7e7b7123949f5f12aa8de60b4cd0d91c29ba71659797
visual_recovery,reports/research/papers/paper_math_review.csv,4a98661cd861db6057720d94d63e1adcd93b80ff3d948b4adea20de36306a331,recovery_project:7ec3d583d9e83448f7192c04bd586ab4eefb4bc2f7db28fca28b65742cb11811;local_runtime:7ec3d583d9e83448f7192c04bd586ab4eefb4bc2f7db28fca28b65742cb11811
visual_recovery,reports/research/papers/paper_premortem.csv,3de1cb32a0fe3a1750b9777bb4c390727467653d70b02c6a74f3cc0c4867f745,recovery_project:f5131c13de5dbd7a804b91ccfea9e168de4e79d1646b6cec1824e288d30442c9;local_runtime:f5131c13de5dbd7a804b91ccfea9e168de4e79d1646b6cec1824e288d30442c9
visual_recovery,reports/research/papers/paper_red_team.csv,e426cd9cc1f75da96a9cd3ba034eb4bdb0768751c2f94cfff640d02b48b202be,recovery_project:0349828f051a2e9a3aecbd457068cb5ad694f667cbd9fa395afc89aaaf7d52fe;local_runtime:0349828f051a2e9a3aecbd457068cb5ad694f667cbd9fa395afc89aaaf7d52fe
visual_recovery,reports/research/papers/paper_review_queue.csv,41c991fe2ed43577e090feb775aed55a6b18849229ebb683435eea9d7d8d33b3,recovery_project:7b2ae4fafec41c1296020d20e2d6c7bf2e01aa5855c9b43b05bfec51effcf7b3;local_runtime:7b2ae4fafec41c1296020d20e2d6c7bf2e01aa5855c9b43b05bfec51effcf7b3
visual_recovery,reports/research/papers/paper_review_summary.csv,24286812cebc2cfc923dd6dc98c2e905ed59c33dca1088917d383dc31580501f,recovery_project:8f091b83dcfed046d031701291c6fa2d21dd4fff135507fed7843f979fa462df;local_runtime:8f091b83dcfed046d031701291c6fa2d21dd4fff135507fed7843f979fa462df
visual_recovery,reports/research/papers/reviews/paper_8ee8ed6d01c3aa01.md,2e1a0af09c64248cf15f16453ed9ab93af2a26fe9550e079e08e207347c227ff,recovery_project:6d9bd6affcd3e57ee520bc0e9112354435d1529e8c8a65b9df4987d147691b2b;local_runtime:6d9bd6affcd3e57ee520bc0e9112354435d1529e8c8a65b9df4987d147691b2b
visual_recovery,reports/research/papers/reviews/paper_a2e2cdcb8d0f2fac.md,0898954a5d9fc43f6cd83ee963a23165e98b5e080b6d3b6bad5c05b36d558b32,recovery_project:6afbc5eb48a7f8ab3602997d14317d166d222ff03f7ca0337355e22314f6d478;local_runtime:6afbc5eb48a7f8ab3602997d14317d166d222ff03f7ca0337355e22314f6d478
visual_recovery,src/quant_platform/ablations.py,c7f759625306cfd0c4b872ffd6ca52f572b68f6e13a3e8e3fed93341dcfd4456,working_git:989054287790321de109bba22ca129d3840ff767ce221988d681c81ed1adc5c4;recovery_project:989054287790321de109bba22ca129d3840ff767ce221988d681c81ed1adc5c4;local_runtime:989054287790321de109bba22ca129d3840ff767ce221988d681c81ed1adc5c4
visual_recovery,src/quant_platform/active_pipeline.py,5dc95e086dc4a531b604b0fecf4d621c80d760fd096956285c552e77175516c4,working_git:2a1abd88823ab5080b26a83eaf906036a1635ed266fff5a2c56936debb3f1685;recovery_project:ef84d959b794014badeb8a4d8099f972248eabef71c6e89f2e63e232a93d6348;local_runtime:ef84d959b794014badeb8a4d8099f972248eabef71c6e89f2e63e232a93d6348
visual_recovery,src/quant_platform/api_extraction.py,69c55df1ae16bc77249825efff92c998465d048074aa7393f9785da0bda02794,working_git:8418f28a34b02240949a6ef628da01535143f46970571a9902e414ccd6d842c1;recovery_project:8418f28a34b02240949a6ef628da01535143f46970571a9902e414ccd6d842c1;local_runtime:8418f28a34b02240949a6ef628da01535143f46970571a9902e414ccd6d842c1
visual_recovery,src/quant_platform/apify_sources.py,70a177d338b942b9b2047e1b17cd20be8a56d507182635beb3fa169297a21259,working_git:b24b3ee6b060940ab13ca7c240898a044291538168423ee3e465892b5e7ca4eb;recovery_project:0e32a405f1bd8fe2089a4559ee62b503b6b2a0f672f2f54a11417cb7faac1f3c;local_runtime:0e32a405f1bd8fe2089a4559ee62b503b6b2a0f672f2f54a11417cb7faac1f3c
visual_recovery,src/quant_platform/backtest.py,104c2ea21bd9296252486bff9fe8e8d6efd9e2276f68fae0487962a12156c6b3,working_git:0a060a6541ca24b9e5c310e3d632ed36283fd69fb9ad063dcf99a6b3059ce75d;recovery_project:a5988596d59144eac0cc8fea4a143b9cabfefbe2ee649b83e57764814cd0ee4f;local_runtime:a5988596d59144eac0cc8fea4a143b9cabfefbe2ee649b83e57764814cd0ee4f
visual_recovery,src/quant_platform/binance_spot.py,766f5a63c5f58a08a8e114b4cb7e5f42ab40264b9d01c60896951e8270db89b1,working_git:daf4efd22a1ef5151be39ea28dc3fc27166b10c95bf202a560cde279c822cbf4;recovery_project:daf4efd22a1ef5151be39ea28dc3fc27166b10c95bf202a560cde279c822cbf4;local_runtime:daf4efd22a1ef5151be39ea28dc3fc27166b10c95bf202a560cde279c822cbf4
visual_recovery,src/quant_platform/binance_testnet.py,ed0fed7a11611761a253093f8837d4a7c5c929fc88adb62af7009cf0a08e8223,working_git:6e316f082ae3fafc61fea76afffff95dd3b28c377612e9334313e07ad0982461;recovery_project:4b0520be7f616967753db20c8e255b99486c464510d1123f929213fdb34bcba2;local_runtime:4b0520be7f616967753db20c8e255b99486c464510d1123f929213fdb34bcba2
visual_recovery,src/quant_platform/cli.py,d36964b2257ee39cfce4f4eeb3eb5cfa8b7c7c26a3a8511314968ca45ec54bb6,working_git:3a02690323ac110b1707da6e6fcd9b643705a66e13c80f15e2039e1846b65e9d;recovery_project:6cd07d5ff430bfc559d509614406b97df38b156dcd1cb7fd93dcb00dc59ff3f8;local_runtime:3569bc8e33e92ad6377453f86a2b89914d7cca5b27dcea7cfcfd783a7abd5bc6
visual_recovery,src/quant_platform/crypto_wizards_catalog.py,a60692c62534cf8fd05a41477b2abaa36b22a775af5770629daad8ec173d45a4,working_git:38e540e20d2854bf9b8143fc14dd4fd1137bde8026eb725c742e98c53e96f617;recovery_project:38e540e20d2854bf9b8143fc14dd4fd1137bde8026eb725c742e98c53e96f617;local_runtime:38e540e20d2854bf9b8143fc14dd4fd1137bde8026eb725c742e98c53e96f617
visual_recovery,src/quant_platform/crypto_wizards_dashboard_capture.py,457ad94e9ae6f7181af26f9e8e31e6d9e6282dfffd7d8ee7ad748b5b51d14d2e,working_git:03441c3a6dfd5d5547b56ce13bacb9cde23c935760cb551d731ab5461e362b6c;recovery_project:03441c3a6dfd5d5547b56ce13bacb9cde23c935760cb551d731ab5461e362b6c;local_runtime:03441c3a6dfd5d5547b56ce13bacb9cde23c935760cb551d731ab5461e362b6c
visual_recovery,src/quant_platform/crypto_wizards_history.py,f9043211b7cd7c08386f8f4224115a00f4bc2c8bee32b784b982f47612503cf1,working_git:5a9d0c035d498e04769a556690f37826899445d45f9ddaf90800de3d160132bc;recovery_project:e888e6f3c12e6ef5cb3d172d02723a0e36eaa883108fbf92da3e29a1f5d2ab2b;local_runtime:e888e6f3c12e6ef5cb3d172d02723a0e36eaa883108fbf92da3e29a1f5d2ab2b
visual_recovery,src/quant_platform/crypto_wizards_scanner.py,22af4ab7385d3028070f1e1906a2ae855d566b0f379a7ab32cdbd5cd7aaea09f,working_git:cbad3408b43ded3e00d1b2b833d919cccf67e0e194da029cde964ca21d447edc;recovery_project:8fdf434d91e551b85755193a8eb7e83e80a153736af246f5786342d1fbd45fab;local_runtime:8fdf434d91e551b85755193a8eb7e83e80a153736af246f5786342d1fbd45fab
visual_recovery,src/quant_platform/crypto_wizards_sweep.py,488ac159c65945aabcdad329c99db5eeb44757aa2586d13976478451d4c4f30d,working_git:e674761bff215c432b2301ddeed65f5c0002150800028eb87f5907105935e6fa;recovery_project:06394686395343b5ca39ccf019b6d7cfb6403a70ac68db2c7d7e24c23fea8152;local_runtime:06394686395343b5ca39ccf019b6d7cfb6403a70ac68db2c7d7e24c23fea8152
visual_recovery,src/quant_platform/dydx_candles.py,9205f1d0480d139f96cfff46d6ffd68203dc87f8c03b0ca8807f37fd40f0f36a,working_git:ce2c1a58d580451f9662760b475f2aa0f32f1c3720fdd6b4100cb74d6ba5ae30;recovery_project:b113977e8894a4f6b378376e6ed94c898c8057dda6e6a0b34e844cab3bceb80d;local_runtime:b113977e8894a4f6b378376e6ed94c898c8057dda6e6a0b34e844cab3bceb80d
visual_recovery,src/quant_platform/dydx_sdk_order_adapter.py,28efdb2682cd67104ca2e6e6525afdfd706372a248b1f6e395777ac6fb5b1d71,working_git:c8e633a22f8b65dcd31284d9e21a9b4ce7e175c37642745e5a3b488cb08680c9;recovery_project:9e9dbb3e5d7b5f23492f85604b3abb29c1da2874f5ad05a0a6523a9d86c7c6e6;local_runtime:9e9dbb3e5d7b5f23492f85604b3abb29c1da2874f5ad05a0a6523a9d86c7c6e6
visual_recovery,src/quant_platform/env.py,c0cd5fc35dc5c2ee30703481546e91cfbec9bfd49e4434a45e1187c13021ee13,working_git:1b3ac1b3aacffe8fab5f32a150651a2b654b2a5ed7fb27ddbf93cdb69637db0f;recovery_project:1b3ac1b3aacffe8fab5f32a150651a2b654b2a5ed7fb27ddbf93cdb69637db0f;local_runtime:1b3ac1b3aacffe8fab5f32a150651a2b654b2a5ed7fb27ddbf93cdb69637db0f
visual_recovery,src/quant_platform/evidence_registry.py,37e83bc266f738cd22f158b7bc8d3b66d7fbad580ec72924c8dc67a51793b2f0,working_git:35a4a0b22795f28d30ac2e6010cc12ddcc1971c3ca2353ef1fea16e33d998c64;recovery_project:35a4a0b22795f28d30ac2e6010cc12ddcc1971c3ca2353ef1fea16e33d998c64;local_runtime:35a4a0b22795f28d30ac2e6010cc12ddcc1971c3ca2353ef1fea16e33d998c64
visual_recovery,src/quant_platform/execution.py,5160adff48ed36a210d421112e1de72c1d5241e248609cf607c278ec0cbbbd2c,working_git:076431ef62cdd19415637cf00d9e5aaba37b771b31940f4d5bee671d93fc2171;recovery_project:a350d7a0a39a4435bf3f4d7d6733d50047e254c3e7abbb5f0c2496c62d9fbcbe;local_runtime:a350d7a0a39a4435bf3f4d7d6733d50047e254c3e7abbb5f0c2496c62d9fbcbe
visual_recovery,src/quant_platform/experiments.py,ca78d24116a16a348e8626868757fbee3da6630d19f5b02bd4dc0b8a20ddf290,working_git:e53fbb31bb781b100899d65da3181e91197308b3d3f217c2be26d4af3325110f;recovery_project:d52144efc0bb7edf8f5ed0d54ffca610196528ff0f49904968ea8f21e8a81762;local_runtime:d52144efc0bb7edf8f5ed0d54ffca610196528ff0f49904968ea8f21e8a81762
visual_recovery,src/quant_platform/family_matrix.py,a647bc088d2625102a1b0a9c09b53117138c78e2b7146f81bf5ebb6042a20fce,working_git:5bf8c8768339ed05c026502970d1903c39f7d2c7919f30aff8a5d2f1e2de4875;recovery_project:5bf8c8768339ed05c026502970d1903c39f7d2c7919f30aff8a5d2f1e2de4875;local_runtime:5bf8c8768339ed05c026502970d1903c39f7d2c7919f30aff8a5d2f1e2de4875
visual_recovery,src/quant_platform/fixture_ingestion.py,e5828aec6d760222af6e792d62b29f491b57df56411f507254925939b420d4e4,working_git:41f96754d831260af7659bd1f6494117d62a16c62eb95c9ff490549b48a92b7d;recovery_project:41f96754d831260af7659bd1f6494117d62a16c62eb95c9ff490549b48a92b7d;local_runtime:41f96754d831260af7659bd1f6494117d62a16c62eb95c9ff490549b48a92b7d
visual_recovery,src/quant_platform/formula_registry.py,7c6300f5278e840f41aa598fe7a74cc8a1398db4d0370d5ed6219b137adc170b,working_git:20b03bf025a175c348c736b705d45445672ce37d57b2b9aad803e7f764432dca;recovery_project:95cf022ae89aff0fc96f8a2cacb45a3aed722be96f3eaf9348a13823e8f8384d;local_runtime:95cf022ae89aff0fc96f8a2cacb45a3aed722be96f3eaf9348a13823e8f8384d
visual_recovery,src/quant_platform/hyperliquid.py,6f423c1e1c5f7a17f0956fce135455c79d664f6082ffe2c9a10e44e78e4dec64,working_git:ba2c7b24291bbe78de83a5dd75ad077af04b3c5207b5a327237844ae95ac454e;recovery_project:f16aea476b2631f05a6b2ee3cfc9694e8a2d65ae8f38e25924f4263f92c80425;local_runtime:f16aea476b2631f05a6b2ee3cfc9694e8a2d65ae8f38e25924f4263f92c80425
visual_recovery,src/quant_platform/hyperliquid_testnet.py,3b292eb4694be957c1439b1ecffc7c21226dcb9f604bf4e644b98799d5231c95,working_git:4554e98b38ef870106e4b9c354b7f64766635f2933a632c399292b761572555f;recovery_project:c5c03c5ad3ccc9e539775ea4438b06f7f4cc4949dcb92d8b63afcebc7701400d;local_runtime:c5c03c5ad3ccc9e539775ea4438b06f7f4cc4949dcb92d8b63afcebc7701400d
visual_recovery,src/quant_platform/math_v2_acceptance.py,c32dfe8409c0b299f4b8a38d0dcdefb3f79e88b05a91b8c445a473e760c4d090,working_git:9e3c07290413ae40d50e8136d71901e8055704a058601f5833a530cdf8c9077a;recovery_project:a01ef2e6e2d81794ed6b37bd71b02b05378d38c983328f8a49929963c8c135f1;local_runtime:a01ef2e6e2d81794ed6b37bd71b02b05378d38c983328f8a49929963c8c135f1
visual_recovery,src/quant_platform/meta_learning.py,6076f6040e8428279d9b6404137ad6dbf16b77c37affccdb54e3259544e507ec,working_git:a6731a8f67f84487bdd3b26d4f8949e7609eaef64b1b25bb2d6b2ca64cfc53b9;recovery_project:1f29b9beb0d39901e45a7636cf499bcdd5a03de4e938d2a9c2c84dc3fecb99d9;local_runtime:1f29b9beb0d39901e45a7636cf499bcdd5a03de4e938d2a9c2c84dc3fecb99d9
visual_recovery,src/quant_platform/ml_filter.py,bb156cf2c686aa3cafcf77744f4948cd211bef967654c33b6b6aa45fdbd5d063,working_git:7df2adb5c9044d9cfaa7d0a0280ea4207272fd90f22115e3ec49833d5bda2fed;recovery_project:7df2adb5c9044d9cfaa7d0a0280ea4207272fd90f22115e3ec49833d5bda2fed;local_runtime:7df2adb5c9044d9cfaa7d0a0280ea4207272fd90f22115e3ec49833d5bda2fed
visual_recovery,src/quant_platform/pair_detail_ingestion.py,8b42dd30c5515c5f960f47abab8f5f5275176354b5f9231ff6d015fc972aad65,working_git:f2d8637851dd8b8533cb86458f85ccd78a390eca59a808f07e560a09f88c2e04;recovery_project:f2d8637851dd8b8533cb86458f85ccd78a390eca59a808f07e560a09f88c2e04;local_runtime:f2d8637851dd8b8533cb86458f85ccd78a390eca59a808f07e560a09f88c2e04
visual_recovery,src/quant_platform/performance_math.py,4a354c2ebe0c84d41a7f654823133299545ae7df9e46a3044b3d86dc9db46d38,working_git:59d7107be24495da625e92224cafc331ef88d5c8b8832ddda270d8bdffffb68f;recovery_project:85437a9e757192d7ef3284e50d90d88c79348ddac430c9b0e1880201f901fae7;local_runtime:85437a9e757192d7ef3284e50d90d88c79348ddac430c9b0e1880201f901fae7
visual_recovery,src/quant_platform/regimes.py,f0e6f59f7b1347964e5591f15f7c9b321b7c80ed22f2c20a97fe81109691092c,working_git:3932d3e3ca5482579c24b8abf342ffa7f37741a5306d09e21033ac9d6b75df98;recovery_project:3932d3e3ca5482579c24b8abf342ffa7f37741a5306d09e21033ac9d6b75df98;local_runtime:3932d3e3ca5482579c24b8abf342ffa7f37741a5306d09e21033ac9d6b75df98
visual_recovery,src/quant_platform/research_extract_ccxt.py,68bd25d8c6966f9b66d898e12cfa089b50f5beab34997b0fe77bf5f789fba7de,working_git:17b8a44a47cc621633a6ee05068559330199f93ab69afebe6cec5ff0da7075a2;recovery_project:17b8a44a47cc621633a6ee05068559330199f93ab69afebe6cec5ff0da7075a2;local_runtime:17b8a44a47cc621633a6ee05068559330199f93ab69afebe6cec5ff0da7075a2
visual_recovery,src/quant_platform/research_extract_udemy.py,9bb0650d7b09d6633883d89dea9ba27a81ee773bd599db17a88dfbd6f361193e,working_git:1f35afd9fffa5de8907bf93b1c499a25c70dbc20f90f11eee36c18d3b4c30969;recovery_project:1f35afd9fffa5de8907bf93b1c499a25c70dbc20f90f11eee36c18d3b4c30969;local_runtime:1f35afd9fffa5de8907bf93b1c499a25c70dbc20f90f11eee36c18d3b4c30969
visual_recovery,src/quant_platform/research_extract_youtube.py,e564c0edf094177d4be4431b5bbc00a228c8b3ee63411c8471d36e9b521df0a2,working_git:6017f678ee31160e314830f006a58091212227113652f85242a68f3b526624a5;recovery_project:6017f678ee31160e314830f006a58091212227113652f85242a68f3b526624a5;local_runtime:6017f678ee31160e314830f006a58091212227113652f85242a68f3b526624a5
visual_recovery,src/quant_platform/research_extraction.py,06763a4184749cba3db413b598fa534ee87ff85f420e22c452e475034a7162ce,working_git:1977916ecb059a07db776c0dfd2992a985891151634049823c937c32646873da;recovery_project:1977916ecb059a07db776c0dfd2992a985891151634049823c937c32646873da;local_runtime:1977916ecb059a07db776c0dfd2992a985891151634049823c937c32646873da
visual_recovery,src/quant_platform/research_ingestion.py,ca31ddcebf181ce19e99190453632e64fb68283381ec682fca0620c7ef7c6f08,working_git:398a9509e5655c1cc7fd81a9f55d35415545648aaaedfbf90cb7d92b19520340;recovery_project:398a9509e5655c1cc7fd81a9f55d35415545648aaaedfbf90cb7d92b19520340;local_runtime:398a9509e5655c1cc7fd81a9f55d35415545648aaaedfbf90cb7d92b19520340
visual_recovery,src/quant_platform/research_knowledge_store.py,497ac78e4005d4c7db46c7de12f3180443100eff01e2a2c17a2113f4c1ecbbd9,working_git:754087b1b5f18f21873fbbb2d062b1570bbdd76cd854e7d5356e6fd22aee9db5;recovery_project:35a16180b218d68c62f07db3f313115d873f865136badea641c746e16133416d;local_runtime:35a16180b218d68c62f07db3f313115d873f865136badea641c746e16133416d
visual_recovery,src/quant_platform/research_paper_math_audit.py,c4623c713afa59b999f760324ce2093f6a7a0e14a02a45e5c89f39a65ac7302c,working_git:d36d2849aea7cdf0a96d89c1235f9218e6179f4c2837e8ef1fee39ef2be81f49;recovery_project:d36d2849aea7cdf0a96d89c1235f9218e6179f4c2837e8ef1fee39ef2be81f49;local_runtime:d36d2849aea7cdf0a96d89c1235f9218e6179f4c2837e8ef1fee39ef2be81f49
visual_recovery,src/quant_platform/research_paper_reproduction.py,dfbaf466f946a4898d395808a78cb9bceb3fd4938c6f3b0d3cdb8baa1dbbc393,working_git:067d095e3a6f69f805a9b2e4ad0d4b7930d61d3f0b7decfa12fe3a2d087d357a;recovery_project:1f1d7bd7a6856cf8c88f63f0c1dc5fa66924dfbb55c5366e4123aed813953655;local_runtime:1f1d7bd7a6856cf8c88f63f0c1dc5fa66924dfbb55c5366e4123aed813953655
visual_recovery,src/quant_platform/research_paper_reviews.py,b066811fa9c32b5275ee289d68e272d6d84a3a99ed3343aa39ecb9d146ef6a93,working_git:a4de48be60d00b138387844a0811e9e8dc0e43b73f8bae056133bc13d0a31077;recovery_project:a4de48be60d00b138387844a0811e9e8dc0e43b73f8bae056133bc13d0a31077;local_runtime:a4de48be60d00b138387844a0811e9e8dc0e43b73f8bae056133bc13d0a31077
visual_recovery,src/quant_platform/research_papers.py,9af582cc464b0fb1d0a262301dc25fd069e574393a55e5df7d49d904ed6f379f,working_git:aa3e280256620fc32acb55ffbc1c1486c8a720a312a1d19ddf5270750fbbd9ec;recovery_project:aa3e280256620fc32acb55ffbc1c1486c8a720a312a1d19ddf5270750fbbd9ec;local_runtime:aa3e280256620fc32acb55ffbc1c1486c8a720a312a1d19ddf5270750fbbd9ec
visual_recovery,src/quant_platform/research_quantization.py,557197dffdb85bd1a4a84406a01ac8dc972af5cf812fb845fc534eed95a5add0,working_git:f28b405b984d72edc9a2a041d6587568e584a8e422c32a1db32ed61d36a13092;recovery_project:f28b405b984d72edc9a2a041d6587568e584a8e422c32a1db32ed61d36a13092;local_runtime:f28b405b984d72edc9a2a041d6587568e584a8e422c32a1db32ed61d36a13092
visual_recovery,src/quant_platform/strategies.py,fe00ba81f7da831a6166081791fcf024392431cda44f95a1e21ac2609fff558c,working_git:414575071f0562785c4be498a6ac7f491a666e52fad84a22726df79c49e1f75c;recovery_project:1888367c93c75f558d042d464868a8132cee935ab71ac290d93d559a0b39b2d7;local_runtime:1888367c93c75f558d042d464868a8132cee935ab71ac290d93d559a0b39b2d7
visual_recovery,src/quant_platform/three_brain_system.py,0169408a8cb0c2a64c779a2ddb9f5067217c3a0e17f58722b165f642716dc210,working_git:52e84d769918a230f46472a62db4b63e4ff5833b6c691c43420f6537c071bcfc;recovery_project:6fd803fa4d6e2d53a574ce68c453cdebcda48bc074ba6c0ef66e09b3172def77;local_runtime:6fd803fa4d6e2d53a574ce68c453cdebcda48bc074ba6c0ef66e09b3172def77
visual_recovery,src/quant_platform/trade_timing.py,d51a961e77c835b3c37a33ecfda2d3fb72c4a2f2eba4e630534f12b842b0ee69,working_git:c009cbd33783e2b2089e46cd061ea233dbbe75e191a55bfb6982f40b8353fee4;recovery_project:c009cbd33783e2b2089e46cd061ea233dbbe75e191a55bfb6982f40b8353fee4;local_runtime:c009cbd33783e2b2089e46cd061ea233dbbe75e191a55bfb6982f40b8353fee4
visual_recovery,src/quant_platform/udemy_math_reconciliation.py,c2244496c8154dc1ccd53291cdfb5ba38858377dfe07538660af3b17fa57a1ba,working_git:34b1c64d79f02895cecad45d2a6350298c35ce155aaa0bfdcfc23767558a2d39;recovery_project:34b1c64d79f02895cecad45d2a6350298c35ce155aaa0bfdcfc23767558a2d39;local_runtime:34b1c64d79f02895cecad45d2a6350298c35ce155aaa0bfdcfc23767558a2d39
visual_recovery,src/quant_platform/udemy_transcript_vault.py,3763996d3d057017a7dff83e484437e92f9c946b8ee598b93a6c04a20affcf5f,working_git:ff012e64d578a4205aafd200c85bac1c2ceada32ce1ec0c57151b2f666546629;recovery_project:ff012e64d578a4205aafd200c85bac1c2ceada32ce1ec0c57151b2f666546629;local_runtime:ff012e64d578a4205aafd200c85bac1c2ceada32ce1ec0c57151b2f666546629
visual_recovery,src/quant_platform/v2_run.py,ef97f638ec827648d6d75bacd0b3f41deaea566f7f72f453221e321441c7587b,working_git:0a0aac9f22db0671e25ac888162d5ae19ec03582d351eb7ed5702673c7ab9547;recovery_project:0a0aac9f22db0671e25ac888162d5ae19ec03582d351eb7ed5702673c7ab9547;local_runtime:0a0aac9f22db0671e25ac888162d5ae19ec03582d351eb7ed5702673c7ab9547
visual_recovery,src/quant_platform/wizard_control_plane.py,44b0ebdee813a79ea671b6945470257c8d5371182997a8d127b494a8d7894fcc,working_git:c6386cbc80d1356ad67d3a9c866fff3df1771042db6b8845579f92ffdf30e676;recovery_project:c6386cbc80d1356ad67d3a9c866fff3df1771042db6b8845579f92ffdf30e676;local_runtime:c6386cbc80d1356ad67d3a9c866fff3df1771042db6b8845579f92ffdf30e676
visual_recovery,src/quant_platform/wizard_credit_budget.py,5e30e9a7c130dd1d0fa9fb4f91bbebe48e29cff32ea5096cb26bc67e7dfec424,working_git:ecc54b83f761cb1f80d439ea9aa561d7d117ee2c16b235b3cfce2c2d98e792e7;recovery_project:ecc54b83f761cb1f80d439ea9aa561d7d117ee2c16b235b3cfce2c2d98e792e7;local_runtime:ecc54b83f761cb1f80d439ea9aa561d7d117ee2c16b235b3cfce2c2d98e792e7
visual_recovery,src/quant_platform/wizard_credit_ledger.py,cb11865bc44d8313806da3832d995e1785a8f75a94f6af96d21e8002e5411620,working_git:d1309095ea6f092270ad02d78429d8e1e3f063488443f963cbd551d8704e0b5b;recovery_project:88c22602a731f0d370f83dbc312db20590fdbf3c37789daf1195df62ac620256;local_runtime:88c22602a731f0d370f83dbc312db20590fdbf3c37789daf1195df62ac620256
visual_recovery,src/quant_platform/wizard_dynamic_comparator_activation.py,9b16e3e46e16ce6edfde34c07a8f2755ff0c66d4e7c5d0e6532978dcf7d3f79c,working_git:305c5fc12baee34c79b5d7862e017bae83b56d9340557f492c73d3abbb93f04e;recovery_project:305c5fc12baee34c79b5d7862e017bae83b56d9340557f492c73d3abbb93f04e;local_runtime:305c5fc12baee34c79b5d7862e017bae83b56d9340557f492c73d3abbb93f04e
visual_recovery,src/quant_platform/wizard_evidence.py,cf3dca4e04ec24bf111290136ef4859c6e668f580ed35ef0573a34d7eea5bbf4,working_git:d9118a8c11ae186cb5b608febe1bcd5f1f959ab472e11795352891d9d95c62fe;recovery_project:1f3aab9af2849bbff20988734222bc8e1811fdeef6c93812ce36ebcb7273324e;local_runtime:1f3aab9af2849bbff20988734222bc8e1811fdeef6c93812ce36ebcb7273324e
visual_recovery,src/quant_platform/wizard_hourly_database.py,02f424f424e4d1f32ef26af50d2928ab260053ead9a48b2f85f8379d6e0e85f1,working_git:1eba599cde9ab0f541ba6975ca2957ae0464792fc169c9f415f5c0f4cdbdbf40;recovery_project:1eba599cde9ab0f541ba6975ca2957ae0464792fc169c9f415f5c0f4cdbdbf40;local_runtime:1eba599cde9ab0f541ba6975ca2957ae0464792fc169c9f415f5c0f4cdbdbf40
visual_recovery,src/quant_platform/wizard_hyperliquid_bridge.py,83f464a1a8fc1ea8cac4250eab5397891cdc93a0a377a375f08d96a8de76f607,working_git:341dc88a6906b7f42fe17fa4b01cbc8540e51665eb62064609bc048ea8666778;recovery_project:341dc88a6906b7f42fe17fa4b01cbc8540e51665eb62064609bc048ea8666778;local_runtime:341dc88a6906b7f42fe17fa4b01cbc8540e51665eb62064609bc048ea8666778
visual_recovery,src/quant_platform/wizard_hyperliquid_mode_proof.py,66ab8cddcd27b7fac443c0cfa9f7fb4a2c4ce0c242de9b23c726b6094034ac23,working_git:ee80d6fab23433843c64af686998238806b3fb74772a31a8f3c8b57cc4b329c8;recovery_project:ee80d6fab23433843c64af686998238806b3fb74772a31a8f3c8b57cc4b329c8;local_runtime:ee80d6fab23433843c64af686998238806b3fb74772a31a8f3c8b57cc4b329c8
visual_recovery,src/quant_platform/wizard_local_verification.py,9c5c3d7161ad04f24bcfa77c24750a4b86e2f7ae999658cd14b33425957fc2cf,working_git:cdfa47373e90c3063e734ce3b1f32498a1db8b3cfcdea27e3566ea8ecaae6b9c;recovery_project:cdfa47373e90c3063e734ce3b1f32498a1db8b3cfcdea27e3566ea8ecaae6b9c;local_runtime:cdfa47373e90c3063e734ce3b1f32498a1db8b3cfcdea27e3566ea8ecaae6b9c
visual_recovery,src/quant_platform/wizard_mode_comparison.py,08f39f9863af4b9ff76569c566e08c7b8d09db7cc01179697d28ad8c9ed24fe4,working_git:33a3e0da134308925a42b0e6b6763a4aead6acb6a9c2bb0746a0f5803cdcd91b;recovery_project:33a3e0da134308925a42b0e6b6763a4aead6acb6a9c2bb0746a0f5803cdcd91b;local_runtime:33a3e0da134308925a42b0e6b6763a4aead6acb6a9c2bb0746a0f5803cdcd91b
visual_recovery,src/quant_platform/wizard_mode_replay.py,fa8c4a08fd8a1de226eb556d8b0c87d362cc8989d6cb80cf21dbf134fe9c1388,working_git:775e0a59735974984a9a4fecef6ca5afa97396e58ffe3e5d78fb4beb9887aec7;recovery_project:83e1501e18cc00fb87a601da7d06b6558cdf8d69e8ef7e4b787cf2e32d37e99b;local_runtime:f1947c8c61777104ca1f0531cd459dd1ac397a1c21cb58c50cb883855ac29ac7
visual_recovery,src/quant_platform/wizard_ou_comparator_activation.py,883e68bfaa23f38fff81258d8bbcef53955d0a5bce07dfaa6a0391f184b1ffd8,working_git:98a21f341332516cf67f835dcabbe828ee83a7f174f5d9107786ec16fd60e055;recovery_project:98a21f341332516cf67f835dcabbe828ee83a7f174f5d9107786ec16fd60e055;local_runtime:98a21f341332516cf67f835dcabbe828ee83a7f174f5d9107786ec16fd60e055
visual_recovery,src/quant_platform/wizard_pair_detail_ui_bundle.py,037ada6da2cc06c038f7a2b662b30cf8770b8c989677a1f8b56ce68c19c1b967,working_git:dce7181ef8f07eff0c65aafc1a07c46d73808b48e20750bf22b88102ac281899;recovery_project:dce7181ef8f07eff0c65aafc1a07c46d73808b48e20750bf22b88102ac281899;local_runtime:dce7181ef8f07eff0c65aafc1a07c46d73808b48e20750bf22b88102ac281899
visual_recovery,src/quant_platform/wizard_pair_matrix.py,7f0ccd045dfbb04de7e424899a3a047c053110ab27c28bbf1fd3224f319d6c19,working_git:8a29ff43d1578e25a39e18bf55a743a3cf7641cba6915f666ea2c0645234c26a;recovery_project:8a29ff43d1578e25a39e18bf55a743a3cf7641cba6915f666ea2c0645234c26a;local_runtime:8a29ff43d1578e25a39e18bf55a743a3cf7641cba6915f666ea2c0645234c26a
visual_recovery,src/quant_platform/wizard_research_journal.py,6f1193577a1616d84663352d09ccb28bc449d6aebd09a96c2bb3521e2670cf6a,working_git:47e2a0fd119fb0bec555ac2a66f672a16fd573448e7e4cd4337d0d0ff8d57e3f;recovery_project:58117628715a5d4ab394b830db07e3aead2e63b2ac2b717cbc88fff3c233c46f;local_runtime:58117628715a5d4ab394b830db07e3aead2e63b2ac2b717cbc88fff3c233c46f
visual_recovery,src/quant_platform/yahoo_crypto.py,50c06dc0cbe3e0a194b7033dd2ee32d74809684c37e9500bbaefb495711abf9a,working_git:99caa2f05cd9d5a15f428a1d2ff3b0dee876e52ad701eacc5ddaea830e0f6b1f;recovery_project:99caa2f05cd9d5a15f428a1d2ff3b0dee876e52ad701eacc5ddaea830e0f6b1f;local_runtime:99caa2f05cd9d5a15f428a1d2ff3b0dee876e52ad701eacc5ddaea830e0f6b1f
visual_recovery,src/quant_platform/youtube_brain.py,7ae6a7aea30ec8905d1d0e262a1c4ae4aa5c2f16cce7b651f0aaa7036700ffa9,working_git:e4fabd1ff966fcbb30a7607d659a3e007b989cc36e6879e1506b42e20228b98a;recovery_project:e4fabd1ff966fcbb30a7607d659a3e007b989cc36e6879e1506b42e20228b98a;local_runtime:e4fabd1ff966fcbb30a7607d659a3e007b989cc36e6879e1506b42e20228b98a
visual_recovery,src/quant_platform/youtube_caption_insights.py,522baf6aa070a99e8135f622fac9cd20df3d79033b7c06c1040348dfad645993,working_git:c0a96601f7f339efdf14a57d598e4d9524f8a35924b62bbce9c0d26418c75513;recovery_project:c0a96601f7f339efdf14a57d598e4d9524f8a35924b62bbce9c0d26418c75513;local_runtime:c0a96601f7f339efdf14a57d598e4d9524f8a35924b62bbce9c0d26418c75513
visual_recovery,src/quant_platform/youtube_channel_research.py,be2702cc0264e76ef670d7746a56031d9d81c8c0ad27c288811c9fc8dbf85dc2,working_git:61562db7d70d16a4ad7492839d468d71650eea15d5ca000205698677454cd0d9;recovery_project:61562db7d70d16a4ad7492839d468d71650eea15d5ca000205698677454cd0d9;local_runtime:61562db7d70d16a4ad7492839d468d71650eea15d5ca000205698677454cd0d9
visual_recovery,src/quant_platform/youtube_hypothesis_validation.py,0ff9981b868ef60442c49a3b53599b573a06e7c3dced25456055da87c4eaeada,working_git:0927593cec965fe053c55d808808d9e92ce283ce4e24d621120083bcd51c6b2a;recovery_project:0927593cec965fe053c55d808808d9e92ce283ce4e24d621120083bcd51c6b2a;local_runtime:0927593cec965fe053c55d808808d9e92ce283ce4e24d621120083bcd51c6b2a
visual_recovery,src/quant_platform/orchestration/canonical_wizard_hyperliquid_contract.py,a232430632f9b6b2ddad1210a619974a58a5e8550dacee370da8a2d57dd9df1d,working_git:df391e828306809adb3f202a68a5be25a35df82bfd79e5eac9f711afbb7eb116;recovery_project:df391e828306809adb3f202a68a5be25a35df82bfd79e5eac9f711afbb7eb116;local_runtime:df391e828306809adb3f202a68a5be25a35df82bfd79e5eac9f711afbb7eb116
visual_recovery,src/quant_platform/orchestration/copula_shadow_comparison.py,ad63349b99523a1e57fe5b08db86a8de5edd52599238cbd62c35a7cba8aed72d,working_git:7968f4b7c967c5d35d93422f722862401749ed7490eabfbb6f4af95fbdb0c006;recovery_project:7968f4b7c967c5d35d93422f722862401749ed7490eabfbb6f4af95fbdb0c006;local_runtime:7968f4b7c967c5d35d93422f722862401749ed7490eabfbb6f4af95fbdb0c006
visual_recovery,src/quant_platform/orchestration/corrective_agent_governance.py,d7e01b9e5c9bc5f69641d2c831feab5fed52c58efffec12a3cf106ea3caa12b4,working_git:6cbad4256dc9ad39355607d00a0eabff812862d8dd59ec96fe57a4f3de4d1a79;recovery_project:6cbad4256dc9ad39355607d00a0eabff812862d8dd59ec96fe57a4f3de4d1a79;local_runtime:d9671bff7c1eff0f09b48977be410907a7a5b9e9273a060611c4c5e0c50f8802
visual_recovery,src/quant_platform/orchestration/corrective_artifact_retention.py,6d2fb9e5e78fee17dc8f05f36512ae28f8d8d4a1cb9efb67684108f7534e1632,working_git:b98646b3244e8578b39b0ce13c6529ec6bdc96d57cfe38205026b0023a8e011d;recovery_project:b98646b3244e8578b39b0ce13c6529ec6bdc96d57cfe38205026b0023a8e011d;local_runtime:b98646b3244e8578b39b0ce13c6529ec6bdc96d57cfe38205026b0023a8e011d
visual_recovery,src/quant_platform/orchestration/corrective_canonical_status.py,282719ed17ae0299ae20b47420a3aa4aec551b59126a68bf2dc7cc281928b9f3,working_git:cdced91836205239a7b679e09536615b930023ac20d7badd01129dd3fc0b9d2c;recovery_project:a47f66460dec0d1a75b0aaf280982a0878c0820a1ed6d17daf80875b5e231c9e;local_runtime:a47f66460dec0d1a75b0aaf280982a0878c0820a1ed6d17daf80875b5e231c9e
visual_recovery,src/quant_platform/orchestration/corrective_daily_scheduler.py,66ad4c152e4f1b5d31118353fa564c62ea8244c62ad27ca717a57e5202df8301,working_git:0fb0350d262290289a787dc2bf708f71e2d45d70c6e12288a9ddc8ab10a8f22a;recovery_project:66ac37befdcab8c988d4d712c50f8fd0c7adc28bd44970fcef481eaaf845706c;local_runtime:66ac37befdcab8c988d4d712c50f8fd0c7adc28bd44970fcef481eaaf845706c
visual_recovery,src/quant_platform/orchestration/corrective_data_evidence.py,819289989802d402dfe339300a3c3963f16ee7225c08ba57704cbaba6ecb516a,working_git:77de431827997e15a97c074d06aacd49badc674857f34c9ff836d361e46f1610;recovery_project:1af658bd376d50f44f1440d0f991f2f02001a47715823a44bb48075e89bf928f;local_runtime:1af658bd376d50f44f1440d0f991f2f02001a47715823a44bb48075e89bf928f
visual_recovery,src/quant_platform/orchestration/corrective_governance.py,183dde2e108ca404221afb9da87e6d9308fa2241fe2119684ba0f76541710c48,working_git:6d292adf03c72518df10b0f319617babe71f25f37ed0f0358f19b2ac2281ecf3;recovery_project:6d292adf03c72518df10b0f319617babe71f25f37ed0f0358f19b2ac2281ecf3;local_runtime:6d292adf03c72518df10b0f319617babe71f25f37ed0f0358f19b2ac2281ecf3
visual_recovery,src/quant_platform/orchestration/corrective_l2_scheduler.py,a588842b5371d1fa6a0efd909b1cc7b441991fa446244a4f03ef23bdfe454b44,working_git:5e0ecbf71cd32293231b58d2fd6c60b456d820befe15919be982016731de4e86;recovery_project:5982ba3555ace1a887a6ffdf145ca64bcda54161ff34171899c47e71d9ccc5fa;local_runtime:5982ba3555ace1a887a6ffdf145ca64bcda54161ff34171899c47e71d9ccc5fa
visual_recovery,src/quant_platform/orchestration/corrective_live_canary.py,a53c3576874b90a395c153339d988368b809cca5fe34716d4b5016afee32484a,working_git:7b4f8d05f93b1e54a3c0019fb427db1c8d88aa82036e667027feb1a8337d3879;recovery_project:7b4f8d05f93b1e54a3c0019fb427db1c8d88aa82036e667027feb1a8337d3879;local_runtime:7b4f8d05f93b1e54a3c0019fb427db1c8d88aa82036e667027feb1a8337d3879
visual_recovery,src/quant_platform/orchestration/corrective_live_canary_execution.py,1a424be2738c4d0b4384acb77e62bd3556026471c2ccc364e2cf5c953f5b14cb,working_git:72334851b6a3077139f23405760629d5c2558847c0033042a4b123bc19d5165f;recovery_project:7fb8f2780f236c657f53f91fb2b1854fab9e42d3000c06e7958b08eeee732c6c;local_runtime:7fb8f2780f236c657f53f91fb2b1854fab9e42d3000c06e7958b08eeee732c6c
visual_recovery,src/quant_platform/orchestration/corrective_live_canary_executor.py,86fd640b26ec662cf3bd8156fb5ce8aa351e707871b478e0578d46139fb9f88c,working_git:16890a9d84cebcec6fc1b3fd6c3370cbac9950fbbb532f6446d8ac5d96059af6;recovery_project:00c0f1880e16dea56b19523b5112033db28ae070710f1eaad30fde1d369f840e;local_runtime:00c0f1880e16dea56b19523b5112033db28ae070710f1eaad30fde1d369f840e
visual_recovery,src/quant_platform/orchestration/corrective_live_canary_outcome.py,6f1fec979f7104dd80d89177b7fb1e5c30341ce5cd049bde628137838ab4c44e,working_git:a83e152b82381c10969f19d8c86ac25ee010d84fde67876113cf92f86e014421;recovery_project:a83e152b82381c10969f19d8c86ac25ee010d84fde67876113cf92f86e014421;local_runtime:a83e152b82381c10969f19d8c86ac25ee010d84fde67876113cf92f86e014421
visual_recovery,src/quant_platform/orchestration/corrective_live_parity_capture.py,a820640b04104379f779faaf28248bc97595245630e55aa5ad39f8f960b1d783,working_git:e58658a2d0895373c5d0b5182bb441aefdc3f86fadd81df5e7fa74a36398218c;recovery_project:3676d43db0c84c6eb2dba071951896c8e376f9a6f746a3258879d5e6de489500;local_runtime:3676d43db0c84c6eb2dba071951896c8e376f9a6f746a3258879d5e6de489500
visual_recovery,src/quant_platform/orchestration/corrective_program.py,40202d140a51b9103e083933999ed57e68d08f0b5233171d21952839b04d85c5,working_git:83557e34e13e0486aec24b7f90f47f3f6ae7d0f73e6dbd2e1ce294daaa75f105;recovery_project:9bf6f8f3f6c216f5d930cfe34d765ac97fa0077ba3ff9d1a8c33c786b0785046;local_runtime:9bf6f8f3f6c216f5d930cfe34d765ac97fa0077ba3ff9d1a8c33c786b0785046
visual_recovery,src/quant_platform/orchestration/corrective_registered_learning.py,8578378273e51e5c930cf1d6a5a57b9be8e09d1605e4742de313270791d9dede,working_git:f1b1b1c9a488eca396131ee4ec68cee59d5f7b65c516efe9c299e708c448cd35;recovery_project:f1b1b1c9a488eca396131ee4ec68cee59d5f7b65c516efe9c299e708c448cd35;local_runtime:f1b1b1c9a488eca396131ee4ec68cee59d5f7b65c516efe9c299e708c448cd35
visual_recovery,src/quant_platform/orchestration/corrective_registered_learning_protocol.py,b569e62c1e06ab50dd23a000edf88c190527d4cff87ef24be36cf7d8e19039ea,working_git:b7c94ac2176019135b7566f1baff6c9c5ece2ea62bd31140d0051e90aa852062;recovery_project:b7c94ac2176019135b7566f1baff6c9c5ece2ea62bd31140d0051e90aa852062;local_runtime:b7c94ac2176019135b7566f1baff6c9c5ece2ea62bd31140d0051e90aa852062
visual_recovery,src/quant_platform/orchestration/corrective_registered_rerun.py,f86ee3080218032934be11a523a256d9ba13ce220ff1d609d15d4e197c50dfb5,working_git:e5baaa8edfe912acae2043417d590412b1b243b19fcb08c0939335c9e08b3f69;recovery_project:e5baaa8edfe912acae2043417d590412b1b243b19fcb08c0939335c9e08b3f69;local_runtime:e5baaa8edfe912acae2043417d590412b1b243b19fcb08c0939335c9e08b3f69
visual_recovery,src/quant_platform/orchestration/corrective_registered_rerun_executor.py,68beae273ba6dc697f1780deae61e1255c79f6ba28011ac0d7c085bdb336e63e,working_git:a20b38253f6d6e4a0e3735c1e4c95b7f9a66bc66fd83bbfcc93e78301ef37885;recovery_project:bc0d01a52db7aa847bfd6e38284fe10f5c0b92f882eb41fd3e893d03e587bc47;local_runtime:bc0d01a52db7aa847bfd6e38284fe10f5c0b92f882eb41fd3e893d03e587bc47
visual_recovery,src/quant_platform/orchestration/corrective_release_gates.py,2d54020088cbdc38b8693ba957e342b42d1e6359d37d8da4120487cb78b010d1,working_git:429197618a9c5f646f8c19d1f837eedff2907e89f02aa6396dc1d850e2852219;recovery_project:7f0fa2ddc85b458e45070d8c58dfb261cf8233d10a929ccdd72da724e980c669;local_runtime:7f0fa2ddc85b458e45070d8c58dfb261cf8233d10a929ccdd72da724e980c669
visual_recovery,src/quant_platform/orchestration/corrective_runtime.py,686a06b6916207d018f34cb9d0eef5e9e487975736266653e0f66b95d98bc5ac,working_git:6b1376de31b3cdf225eaee504eaad749c4b3e999a1edfc1a9576fcca62a042b9;recovery_project:494fcdb5b12029126382b6dfcd392b711565119a80daf3d34e2d80d2294f8936;local_runtime:494fcdb5b12029126382b6dfcd392b711565119a80daf3d34e2d80d2294f8936
visual_recovery,src/quant_platform/orchestration/corrective_scheduler_lock.py,d3c2dc0d068f8a26ad08bb1eb955a971729130a7c5ebec437ff153e8e3111e6f,working_git:cbef6e90ea37170d6933b87c7f469aa1d9f7306ef7afc05934dd1cd6f597aedd;recovery_project:3ea56f7571c6b605b2ce1eacf29dd0164a768fb1063c0ef4673afdaa1c936ef5;local_runtime:3ea56f7571c6b605b2ce1eacf29dd0164a768fb1063c0ef4673afdaa1c936ef5
visual_recovery,src/quant_platform/orchestration/corrective_scheduler_runtime_readiness.py,9df1187d00958c69379e8be45d7cd7e2b9145c65825533c449e158765601a50e,working_git:328385d6443d1b5d5a2621f8681ddc25a09a62b23ebc3658505daa2a800e1e9b;recovery_project:a79b3977a828302216356e026fab41b3ea88834075a8e4b044479032f65cd2b8;local_runtime:a79b3977a828302216356e026fab41b3ea88834075a8e4b044479032f65cd2b8
visual_recovery,src/quant_platform/orchestration/corrective_stage4_handoff_readiness.py,5579fefd458e85a64fb159683dd22fdbef0aac50ff1534f353b5a6a7aaa5af0c,working_git:f022837269cc40f56da43b85b823a911142ec47e8d02a8bb813cc168e635ad85;recovery_project:f022837269cc40f56da43b85b823a911142ec47e8d02a8bb813cc168e635ad85;local_runtime:f022837269cc40f56da43b85b823a911142ec47e8d02a8bb813cc168e635ad85
visual_recovery,src/quant_platform/orchestration/corrective_statistical_remediation.py,881ed537831d427d155dad9302f8fa206e968436fd9e733dd254370b4d191889,working_git:2b711707852adccb16bd26f43fb4e622a8d2628e7a72755ecab60d9e248a9e6e;recovery_project:2b711707852adccb16bd26f43fb4e622a8d2628e7a72755ecab60d9e248a9e6e;local_runtime:2b711707852adccb16bd26f43fb4e622a8d2628e7a72755ecab60d9e248a9e6e
visual_recovery,src/quant_platform/orchestration/corrective_testnet_cohort_readiness.py,156748876c46b67920adc9363abd123e270d7ae87a70b48f723a54ffa0632485,working_git:2dacd3a9ba813d768a93385f140604e87c54593945196a9bab6c3e8bab9d12b5;recovery_project:2dacd3a9ba813d768a93385f140604e87c54593945196a9bab6c3e8bab9d12b5;local_runtime:2dacd3a9ba813d768a93385f140604e87c54593945196a9bab6c3e8bab9d12b5
visual_recovery,src/quant_platform/orchestration/corrective_testnet_collateral_transfer.py,763139a9baeb90de83655d8dedd01fe0ea925a32a2be20692cfc6198f568e5cd,working_git:75256ce7dd7e36930dd8fcc62a78eabc9436eb411e89ccfe6d8050acd510d7d9;recovery_project:75256ce7dd7e36930dd8fcc62a78eabc9436eb411e89ccfe6d8050acd510d7d9;local_runtime:75256ce7dd7e36930dd8fcc62a78eabc9436eb411e89ccfe6d8050acd510d7d9
visual_recovery,src/quant_platform/orchestration/corrective_testnet_pair_execution.py,853400fcd7c67034667e4ccd66718cf427a5ccd8e121c394fd342c721c3b98f8,working_git:13f1ab46b266d3bd7a1faff74e251712a06414f974ec5e7771fdad2fc32c760b;recovery_project:a658141366e164ae0fda2b5dec09a1e537b52eee53624b08f4dfd428fd773c6a;local_runtime:a658141366e164ae0fda2b5dec09a1e537b52eee53624b08f4dfd428fd773c6a
visual_recovery,src/quant_platform/orchestration/corrective_wizard_api_credit_receipt.py,43b74760fcb38176ceb3d72ba369ec3b7d5e5708a0b72d9fca478a3c5b455731,working_git:6113ffc1cdab7d3a7d6d023d4c36a02d65eb323f7af2293ae5ec57e85cf44172;recovery_project:6113ffc1cdab7d3a7d6d023d4c36a02d65eb323f7af2293ae5ec57e85cf44172;local_runtime:6113ffc1cdab7d3a7d6d023d4c36a02d65eb323f7af2293ae5ec57e85cf44172
visual_recovery,src/quant_platform/orchestration/corrective_wizard_browser_auth.py,bb95cfe0d129c36fec6e7313ffd969b301e931ba4f1b7f9aeab1ba55caa7d915,working_git:f1a17d291181d675ab772c0b1acb4df1419172f93f2ef6f7b1404c8bdb8117aa;recovery_project:62733fadc7b5dc90492768cd574b025373fd99bf4d035a412c5d032131b5b468;local_runtime:62733fadc7b5dc90492768cd574b025373fd99bf4d035a412c5d032131b5b468
visual_recovery,src/quant_platform/orchestration/corrective_wizard_capture_manifest.py,7d484dfe0af761b3e671bcb74afb2d17630de02b69ce758ee667d7369f35da77,working_git:ab096ff87ad3e0f170a4fc06b657cd2cff34aeb469224428d57281ece05608b5;recovery_project:ab096ff87ad3e0f170a4fc06b657cd2cff34aeb469224428d57281ece05608b5;local_runtime:ab096ff87ad3e0f170a4fc06b657cd2cff34aeb469224428d57281ece05608b5
visual_recovery,src/quant_platform/orchestration/corrective_wizard_capture_reconciliation.py,175030976a734825cf8c55a905b5e2d870aed0a0467ffd2afe4f5c8a6141850e,working_git:70947875ebc234db2c5c66dbd6243d384081328e47e58fc1685f55ec6ba55cdc;recovery_project:70947875ebc234db2c5c66dbd6243d384081328e47e58fc1685f55ec6ba55cdc;local_runtime:70947875ebc234db2c5c66dbd6243d384081328e47e58fc1685f55ec6ba55cdc
visual_recovery,src/quant_platform/orchestration/corrective_wizard_comparator_review_control.py,5946983b4ab5a9e88eaa7895468513efb4ed0094cbaa12a1db3d4db7d49ad9ec,working_git:c55f9bfba01cbfc7b0cc8f2f2c8aaa4e84bf63a57f4e9ac2d2b0b97d64934faa;recovery_project:c55f9bfba01cbfc7b0cc8f2f2c8aaa4e84bf63a57f4e9ac2d2b0b97d64934faa;local_runtime:c55f9bfba01cbfc7b0cc8f2f2c8aaa4e84bf63a57f4e9ac2d2b0b97d64934faa
visual_recovery,src/quant_platform/orchestration/corrective_wizard_copula_behavioral.py,cfe89322867090a86440d7983fe2b1ae21f1f1e0ffcad2e2e3d1899107b97140,working_git:d808f4a106b1758a6698b42063b66e000790bf84e0d5bca6f32567aa760a3063;recovery_project:d808f4a106b1758a6698b42063b66e000790bf84e0d5bca6f32567aa760a3063;local_runtime:d808f4a106b1758a6698b42063b66e000790bf84e0d5bca6f32567aa760a3063
visual_recovery,src/quant_platform/orchestration/corrective_wizard_dynamic_holdout.py,48202bc3041e2473cc228301a9cbb9a03b1e3c7e4e05aa58dd18cdf33a2df46d,working_git:fa3428e3e7b321fcdeb4bdfee6bc8f9af426ff36e1a7f3509a7c23971afeca6a;recovery_project:fa3428e3e7b321fcdeb4bdfee6bc8f9af426ff36e1a7f3509a7c23971afeca6a;local_runtime:fa3428e3e7b321fcdeb4bdfee6bc8f9af426ff36e1a7f3509a7c23971afeca6a
visual_recovery,src/quant_platform/orchestration/corrective_wizard_dynamic_supreme_review.py,dff1493c12bbc2abda3925b90cafaebbb456508efd1c67fcbb43aa80a2fd8497,working_git:1b150b79a973a85f734c4c2ee4cce73e1b86b6f258c4138a98d0ac1b0075b3bb;recovery_project:1b150b79a973a85f734c4c2ee4cce73e1b86b6f258c4138a98d0ac1b0075b3bb;local_runtime:1b150b79a973a85f734c4c2ee4cce73e1b86b6f258c4138a98d0ac1b0075b3bb
visual_recovery,src/quant_platform/orchestration/corrective_wizard_ou_holdout.py,f887fe864804128ee34e6241102022055f5f9e5420ee8fdc192a2829330a7584,working_git:56e5cde9d5f5759edce3a3a1e7fc7fd6aa6d83eea4ecc30feecba6fea13000d4;recovery_project:56e5cde9d5f5759edce3a3a1e7fc7fd6aa6d83eea4ecc30feecba6fea13000d4;local_runtime:56e5cde9d5f5759edce3a3a1e7fc7fd6aa6d83eea4ecc30feecba6fea13000d4
visual_recovery,src/quant_platform/orchestration/corrective_wizard_ou_v4_failure_attribution.py,af7b894ab1c75c3869c26e38eca67efd241ad0d429e7a84a7b6daa6bfd24b430,working_git:258292adede80682b53319a1339a02e3a38e25bd587eb59d95cd4bd48512c3cd;recovery_project:258292adede80682b53319a1339a02e3a38e25bd587eb59d95cd4bd48512c3cd;local_runtime:258292adede80682b53319a1339a02e3a38e25bd587eb59d95cd4bd48512c3cd
visual_recovery,src/quant_platform/orchestration/corrective_wizard_ou_v4_holdout.py,2079c38b2b32842dbc00cdc64a66c85a22200058d478aa53c2ee90ea5cde9b4c,working_git:b01f84623d5846cb1bea5436433d77143cb1558fd11dea4a8163e3b58b38face;recovery_project:b01f84623d5846cb1bea5436433d77143cb1558fd11dea4a8163e3b58b38face;local_runtime:b01f84623d5846cb1bea5436433d77143cb1558fd11dea4a8163e3b58b38face
visual_recovery,src/quant_platform/orchestration/corrective_wizard_ou_v4_supreme_review.py,05eb88f5dc80634e643f5a34d5a4633672fda3691b426b1f82134e1471aabe7c,working_git:740fdf902b66da9711bae0b254719d4785abc3cc054bd8d6d394b4c55b1777ca;recovery_project:740fdf902b66da9711bae0b254719d4785abc3cc054bd8d6d394b4c55b1777ca;local_runtime:740fdf902b66da9711bae0b254719d4785abc3cc054bd8d6d394b4c55b1777ca
visual_recovery,src/quant_platform/orchestration/corrective_wizard_ou_v5_failure_attribution.py,28988952519159c8d2803589831a04517b5d462deef61816f07658ea5f6efa63,working_git:111b8af419fa8e65bd9145ed38709b69cd3c8bdb77c6d113a5b0f6e3fe60864e;recovery_project:111b8af419fa8e65bd9145ed38709b69cd3c8bdb77c6d113a5b0f6e3fe60864e;local_runtime:111b8af419fa8e65bd9145ed38709b69cd3c8bdb77c6d113a5b0f6e3fe60864e
visual_recovery,src/quant_platform/orchestration/corrective_wizard_ou_v5_holdout.py,b92611ab493c8dc0e7319e0379654b621894001bb33553574e7c27d5e9d4d692,working_git:079c9ee392a4b1bf9a2704e06b8d5ee81cd9a703f4c65aecd27508138579b80c;recovery_project:079c9ee392a4b1bf9a2704e06b8d5ee81cd9a703f4c65aecd27508138579b80c;local_runtime:079c9ee392a4b1bf9a2704e06b8d5ee81cd9a703f4c65aecd27508138579b80c
visual_recovery,src/quant_platform/orchestration/corrective_wizard_ou_v5_supreme_review.py,65317e5886415f1c6a28f147159028809f2014bf6cc47b01779b19b70f151cc5,working_git:5b67e4c192b47d1e788c1ec5cb075f7fd07fa07d213fea40879d2ceb004c52bf;recovery_project:5b67e4c192b47d1e788c1ec5cb075f7fd07fa07d213fea40879d2ceb004c52bf;local_runtime:5b67e4c192b47d1e788c1ec5cb075f7fd07fa07d213fea40879d2ceb004c52bf
visual_recovery,src/quant_platform/orchestration/corrective_wizard_ou_v6_holdout.py,1a37b2175c8c0ff6a570523379f6c1dc2933389a755710f7d696bf2dac759e80,working_git:f7244745419fadb8320462e842b9420f5268e053285982e44b51c348ba4fe0f2;recovery_project:f7244745419fadb8320462e842b9420f5268e053285982e44b51c348ba4fe0f2;local_runtime:f7244745419fadb8320462e842b9420f5268e053285982e44b51c348ba4fe0f2
visual_recovery,src/quant_platform/orchestration/corrective_wizard_ou_v6_supreme_review.py,cf5a3bedd77e7d970b8e650a74ca81ef0de9d9e0a4be58f4439c948561ddc51b,working_git:7cb3d867343a686a8efad67ea10c995576ec79a9393b276225cfd1978ee30cf1;recovery_project:7cb3d867343a686a8efad67ea10c995576ec79a9393b276225cfd1978ee30cf1;local_runtime:7cb3d867343a686a8efad67ea10c995576ec79a9393b276225cfd1978ee30cf1
visual_recovery,src/quant_platform/orchestration/corrective_wizard_ou_v6_terminal_closure.py,6b2db77d8b2db77ed28c26b23510f36364ab1bd612ccf3c873bf0cc73d1c507d,working_git:ea6949799671fc28a9ab19a43e66605b54a3642a90fa852c99f911e06934bdf7;recovery_project:21f1377a0bb35862a2c691a00f4f30a5b0676af3ed4b8c9a9a7da17f9bc67269;local_runtime:21f1377a0bb35862a2c691a00f4f30a5b0676af3ed4b8c9a9a7da17f9bc67269
visual_recovery,src/quant_platform/orchestration/corrective_wizard_parity.py,08d97817cb8992c08ccc6aedcd0c897051d20db919deb55cb718132009e93d9b,working_git:30a39d62ffd1f5c9857e8eeaedcf478f749e6318a19d219bdfda773e25757b7f;recovery_project:30a39d62ffd1f5c9857e8eeaedcf478f749e6318a19d219bdfda773e25757b7f;local_runtime:30a39d62ffd1f5c9857e8eeaedcf478f749e6318a19d219bdfda773e25757b7f
visual_recovery,src/quant_platform/orchestration/corrective_wizard_proof_launcher.py,bdaaf213088e91e60d82f8dfe0491fd0c3c4358d81091b2da1fb10be8832ba4b,working_git:e9dfbf182f4561b42bf3725ef6316cf7ec09f87f8d1cb5afdd4985299ff8406a;recovery_project:e9dfbf182f4561b42bf3725ef6316cf7ec09f87f8d1cb5afdd4985299ff8406a;local_runtime:be2bdd808ad8d427dcb4681327244de76ccd14d76f70b32c896f8140389f1ce1
visual_recovery,src/quant_platform/orchestration/corrective_wizard_proof_scheduler.py,7305b90428e4d3638e6c77ff74f78b63f010962b1d375f39b2ae629dfcd054bc,working_git:8caf2e49f662c40f38252506e1b039898cf5cf8807e71d3994b71bf01dba10eb;recovery_project:c1323cc4d66f7365ec469fdef2e9689ce88c472f360b5b527d337efafb67edbb;local_runtime:b9719636635a1289af3ac6ceae7d89423fa903bbd527208f0a3aff9fdce260e0
visual_recovery,src/quant_platform/orchestration/corrective_wizard_reset_readiness.py,8980c3da7cb7655ddec7e7c8f94f92dd9a62415dfc7be78158b9d3327a6410ea,working_git:82f8c24b6a354ef2a72b49a759a7f0c53b0b4c71681e753da182d4a313309efa;recovery_project:82f8c24b6a354ef2a72b49a759a7f0c53b0b4c71681e753da182d4a313309efa;local_runtime:82f8c24b6a354ef2a72b49a759a7f0c53b0b4c71681e753da182d4a313309efa
visual_recovery,src/quant_platform/orchestration/corrective_wizard_surface_inventory.py,75cc379ec1972b76a24363a8f4dcaa3cccf4e63103f8c46c0a94eb2024fb4397,working_git:be13dbcc8eecf64a9a28ac8dafe48a4ce3cd046b5d0a18e574ed576172b39723;recovery_project:26a0b9f0bfbbb96730d60d08524e01f4ef9d8e1a77751d64651e0800c1986c58;local_runtime:26a0b9f0bfbbb96730d60d08524e01f4ef9d8e1a77751d64651e0800c1986c58
visual_recovery,src/quant_platform/orchestration/corrective_wizard_unattended_preflight.py,a1d4b4223074a53bea72be47be0885c90c9a6e5f5ef6ce4047f87aadfdddea78,working_git:922024391a19832623d86ec9107b8ba34c11aeec6856985973040cbd2f1df015;recovery_project:922024391a19832623d86ec9107b8ba34c11aeec6856985973040cbd2f1df015;local_runtime:922024391a19832623d86ec9107b8ba34c11aeec6856985973040cbd2f1df015
visual_recovery,src/quant_platform/orchestration/current_wizard_hyperliquid_archive.py,f708378abd9569ae0ccb948d8fec9617b370f4762a9d4669eda9cb201ad183d0,working_git:3a237cb5bf0d333bed82ec0afa283ada2f3e5d6882d0d404570ffe7561a0668a;recovery_project:3a237cb5bf0d333bed82ec0afa283ada2f3e5d6882d0d404570ffe7561a0668a;local_runtime:3a237cb5bf0d333bed82ec0afa283ada2f3e5d6882d0d404570ffe7561a0668a
visual_recovery,src/quant_platform/orchestration/current_wizard_hyperliquid_archive_release.py,ded1b879c2d0b81581f76af7aaf3f839a3ddc70fe9a09f08e52079b230712ce6,working_git:5c344ac7c785606e444e64cdeb8a44b43d6a99bd2b9f8498267998b0582ddb79;recovery_project:5c344ac7c785606e444e64cdeb8a44b43d6a99bd2b9f8498267998b0582ddb79;local_runtime:5c344ac7c785606e444e64cdeb8a44b43d6a99bd2b9f8498267998b0582ddb79
visual_recovery,src/quant_platform/orchestration/current_wizard_hyperliquid_cadence.py,59e50230bd43a9a42e98e09127e85b42e84a9a90290bf19da24fcac80b8e360c,working_git:0a255f48be7f9472767a5fc235ffd8ac2340cb2bc23af743e0cfe7c10cb8ff04;recovery_project:074a0c18ff528974bdeb5784b26fc4e6329fe95101acc5961b0e7620b279ac80;local_runtime:074a0c18ff528974bdeb5784b26fc4e6329fe95101acc5961b0e7620b279ac80
visual_recovery,src/quant_platform/orchestration/current_wizard_hyperliquid_completion_audit.py,7041fa0880ac1eadc695773209d71c995196cc044c83943b87cdfb6c56129c33,working_git:f88f6e52ffa887d527b033b42c126560197396daae287f42bc128e19c9b0e37d;recovery_project:f88f6e52ffa887d527b033b42c126560197396daae287f42bc128e19c9b0e37d;local_runtime:f88f6e52ffa887d527b033b42c126560197396daae287f42bc128e19c9b0e37d
visual_recovery,src/quant_platform/orchestration/current_wizard_hyperliquid_concentration.py,cca3a679bf6381ff79cbcff393fb53df10b8a5fcab5b9fec21aa3f88de469b8e,working_git:85fabe0d72826de1168fc7b1e8d0ca7e7921ccaef49aba391ed527d8ac102528;recovery_project:14e961837eac53fcbc4feddb3430274b8be50dc7718fc36081bcbeb0e58297cd;local_runtime:14e961837eac53fcbc4feddb3430274b8be50dc7718fc36081bcbeb0e58297cd
visual_recovery,src/quant_platform/orchestration/current_wizard_hyperliquid_costs.py,ccad6a4eb9c41754e478e9cd5465c9c9c559c1071eefb3df950bdd8bcaea9d40,working_git:fec643b2eedf87b31bbd72771c553a9f271196e253ab56fd62052bea4725facd;recovery_project:e81e682dd626d1edef9210405b4e746afed9eb1555376990bcefe46773c805ec;local_runtime:e81e682dd626d1edef9210405b4e746afed9eb1555376990bcefe46773c805ec
visual_recovery,src/quant_platform/orchestration/current_wizard_hyperliquid_daily_runner.py,05ff4d3a9dd971374e2c0797d614d297a441f25c849111ce6e9a5b72f8fe9013,working_git:0b7f4a4dc4539c03d17210aa048230cd701bd8b5cd90879311703102e9957bfb;recovery_project:2939e1dfc1b2fce05510c67cbaf6a653d9b39f43715a53a1526405460fed1981;local_runtime:9918cdc6345a55aed91b19d31ce194c31120b7018f49221e77d325ed1f392e96
visual_recovery,src/quant_platform/orchestration/current_wizard_hyperliquid_evidence_command_center.py,28161a404dd0bbdd61aa1c099779e3f875d7e58c19377e12f8743389c45b9381,working_git:5babf2daecb550809c9802b65b3aad13b856ff616da9ae64288a32c78e2e11c3;recovery_project:5babf2daecb550809c9802b65b3aad13b856ff616da9ae64288a32c78e2e11c3;local_runtime:5babf2daecb550809c9802b65b3aad13b856ff616da9ae64288a32c78e2e11c3
visual_recovery,src/quant_platform/orchestration/current_wizard_hyperliquid_failure_attribution.py,dbba2e4f0bff1d145776bf85e161acd44ec83c60e0633d85762d83804f1797fc,working_git:8731eab72e9489a01d0c0c1357359a53c973251d46f9dcb1ba444616309756c7;recovery_project:b2c27b1a03db035e59b22611a3240926ba700b2f66d6625742880b8b08820b21;local_runtime:b2c27b1a03db035e59b22611a3240926ba700b2f66d6625742880b8b08820b21
visual_recovery,src/quant_platform/orchestration/current_wizard_hyperliquid_handoff.py,5505896b7692cebf0022802a54633a5fe6810f7b96b4b40af69dfc688f9559ae,working_git:4211e54df3b1711c139b207bd00ba3f6e226227667dd1e0a5ac9780df0902803;recovery_project:d11435266ec5238f978d0592c7b0ae041d92a471c63ed83d2d0d176c27662a4c;local_runtime:d11435266ec5238f978d0592c7b0ae041d92a471c63ed83d2d0d176c27662a4c
visual_recovery,src/quant_platform/orchestration/current_wizard_hyperliquid_learning.py,fb789993a69945c942b1d63103dcc1eee454fc73b9b0a66b73a7e3fa3e2d35a7,working_git:c29fca8d47ed09552bfcd50ccfc611ca90336a265f0784cf3a518b451f52244e;recovery_project:f729aae1b94e29dbbc8e1a97a98a3ad955acc1e25efb89e14569a32e3b18386c;local_runtime:f729aae1b94e29dbbc8e1a97a98a3ad955acc1e25efb89e14569a32e3b18386c
visual_recovery,src/quant_platform/orchestration/current_wizard_hyperliquid_leverage.py,f75ef133e98b034e76ffa32d4d99fbed547029e98c6cd767fa0ce10c888d9041,working_git:2d249659415b58b12260175154c792e35c81a0019cdfe9a50593a892345cba21;recovery_project:9afce6017c3956568b3ae8d575024c1e8b4faa148f8a272459a356dc8563ffe6;local_runtime:9afce6017c3956568b3ae8d575024c1e8b4faa148f8a272459a356dc8563ffe6
visual_recovery,src/quant_platform/orchestration/current_wizard_hyperliquid_math_comparison.py,b63154d952f59c9f2a87b4f13fc8f97250c572213c9995ba903d9032e6c9068f,working_git:61fbf6f444d7c56018e48147e795f4a4a9c7250102ba33fd53941998ff2a2a59;recovery_project:61fbf6f444d7c56018e48147e795f4a4a9c7250102ba33fd53941998ff2a2a59;local_runtime:61fbf6f444d7c56018e48147e795f4a4a9c7250102ba33fd53941998ff2a2a59
visual_recovery,src/quant_platform/orchestration/current_wizard_hyperliquid_observed_replay.py,db1eea477d796c10197610fa0fd60bc76a5bf2e3737f66fcec63b51985dfdc64,working_git:a2b5fc4272b74d6016a13ce5cdcbe028608fee8bda3a87831a762b1c7b79f7d2;recovery_project:09bc33013a63cc83f95daf5111230a399d60302c5557cec26d70dd00221144b4;local_runtime:09bc33013a63cc83f95daf5111230a399d60302c5557cec26d70dd00221144b4
visual_recovery,src/quant_platform/orchestration/current_wizard_hyperliquid_regimes.py,1e8498dfeda760761a7a3db8134918d59a978819a348b667d147f0a674519684,working_git:d0b2573e3e49e53c75aa1dad998c84671ff1da2c6b5300bd11bf686faf14e66f;recovery_project:89f050941b8a6a4f06c31a41fa0e974ae355c9a843fc8415bafbf74a612f9a2f;local_runtime:89f050941b8a6a4f06c31a41fa0e974ae355c9a843fc8415bafbf74a612f9a2f
visual_recovery,src/quant_platform/orchestration/current_wizard_hyperliquid_replay.py,6f654eb7580b3d9ac5dcf42f5110e2b1ad61dc8745def385e7dab4a9128bc700,working_git:a90af31eceafef9a02f46b07e93e1f4142556140cbdbdf56e3d168756486efb8;recovery_project:36473978e4aeb4b46ced4959721038e3d3dacbffd0e74eaaa655d60f83d7aad3;local_runtime:36473978e4aeb4b46ced4959721038e3d3dacbffd0e74eaaa655d60f83d7aad3
visual_recovery,src/quant_platform/orchestration/current_wizard_hyperliquid_robustness.py,2e4985134b44d73d818646589f5a65e410e031969864d05648358a197d2ecf19,working_git:063aab5994aa0ff81a919c87ccf0ed3e9f395b984d977efc01decffee1f857ff;recovery_project:5f487cccae70a62b7422f33b8a04b0ef5aa5f586f46e9c6c033e18e06e050554;local_runtime:5f487cccae70a62b7422f33b8a04b0ef5aa5f586f46e9c6c033e18e06e050554
visual_recovery,src/quant_platform/orchestration/current_wizard_hyperliquid_storage.py,ea44a5db59458f4fa1460c5bba7e6828f1f874bbb9aea3c32b1b5aab020e873f,working_git:8f2746e256178e038d64f6a289cc0d524a4f579751a525eb8f58201360977028;recovery_project:8f2746e256178e038d64f6a289cc0d524a4f579751a525eb8f58201360977028;local_runtime:8f2746e256178e038d64f6a289cc0d524a4f579751a525eb8f58201360977028
visual_recovery,src/quant_platform/orchestration/current_wizard_hyperliquid_testnet_protocol.py,c56f2d7558176bf64a1ed0dad79e632bcb90f680ac3a16af7c13d9b59932a9b0,working_git:b17439819440d93cdceb150817eb0a6b1c941ae5a7c943971d8eb87cd004c2fa;recovery_project:b17439819440d93cdceb150817eb0a6b1c941ae5a7c943971d8eb87cd004c2fa;local_runtime:b17439819440d93cdceb150817eb0a6b1c941ae5a7c943971d8eb87cd004c2fa
visual_recovery,src/quant_platform/orchestration/current_wizard_hyperliquid_validation.py,4974c0aaa689d77aa08484834ab34f8b165f3392bcc2afc0e46e279eca02b603,working_git:00c04bd67c86f437fd9499bca391c13d29c99e404d5c2d7417ded3d4598bdaa8;recovery_project:593445e745c82710665181b0ab109394b915937989eea54230d8f649c5447f62;local_runtime:593445e745c82710665181b0ab109394b915937989eea54230d8f649c5447f62
visual_recovery,src/quant_platform/orchestration/current_wizard_hyperliquid_walkforward.py,a76319c5ccccaf6ce90c2aec4e66e9c8c8015aff451c73d07dbd24e26877bebd,working_git:07fe0fe5ff96a827076c076966bf504ddb9198c0b8aedb2f6b3e4542a4f5d9d4;recovery_project:8ddb2dc98bec8a5fa46b3282b35e495540fda68bcebd1d516029a851852bad2c;local_runtime:8ddb2dc98bec8a5fa46b3282b35e495540fda68bcebd1d516029a851852bad2c
visual_recovery,src/quant_platform/orchestration/current_wizard_ou_optimal_overlay.py,54d447b81d1efbc30890fa52e4c02cd8b01281aa81b8ac84aa390190c6a917db,working_git:96fd525b863e95aabbac646d5bec7154659f320071d46c72114eb99e90e2fb84;recovery_project:6692c8fd2fb78db887929aecd04a62e800250c94e8fe2ebf6506e69e079d36cd;local_runtime:6692c8fd2fb78db887929aecd04a62e800250c94e8fe2ebf6506e69e079d36cd
visual_recovery,src/quant_platform/orchestration/dynamic_ledger.py,475f66cd19f53641f05fc399765345c8019c6d5b01fc3043d8c87d31d2ebd031,working_git:adb2e1666172dddcbc0f1cf1f9884967a9181c6622d00d898d55e5cd520f54f8;recovery_project:adb2e1666172dddcbc0f1cf1f9884967a9181c6622d00d898d55e5cd520f54f8;local_runtime:adb2e1666172dddcbc0f1cf1f9884967a9181c6622d00d898d55e5cd520f54f8
visual_recovery,src/quant_platform/orchestration/dynamic_rollout.py,51412071f3eb14c658b690e46907074cf6dffb8325c73dff892bb13a36644c27,working_git:caf14e51731b45f90c4a694d556a1866e1e354433e1aff8ae54fd3b766457290;recovery_project:caf14e51731b45f90c4a694d556a1866e1e354433e1aff8ae54fd3b766457290;local_runtime:caf14e51731b45f90c4a694d556a1866e1e354433e1aff8ae54fd3b766457290
visual_recovery,src/quant_platform/orchestration/dynamic_router.py,3de589b799c026fa891b354631ccabd5ee44361537445f4c1119a6b5b6c0215e,working_git:28257715053041bcfc87a50dbc8d7599fd7f29410804efa110e5d8b0e8f57259;recovery_project:28257715053041bcfc87a50dbc8d7599fd7f29410804efa110e5d8b0e8f57259;local_runtime:28257715053041bcfc87a50dbc8d7599fd7f29410804efa110e5d8b0e8f57259
visual_recovery,src/quant_platform/orchestration/dynamic_supreme_team.py,cfc213192c64d901a455a04a6dc06b47e4fcbb3b71f8bbe83357d81c8b01a88c,working_git:ee7e4bcb31e73289771c74df1194e4bb9cd064858ce34d9ef6fb71d65434c568;recovery_project:ee7e4bcb31e73289771c74df1194e4bb9cd064858ce34d9ef6fb71d65434c568;local_runtime:ee7e4bcb31e73289771c74df1194e4bb9cd064858ce34d9ef6fb71d65434c568
visual_recovery,src/quant_platform/orchestration/events.py,3ea47c054da9202fa563bbeda176819a8c55e6d1ae4f47237680926c8516a0eb,working_git:b4a45342fc79b045148d529cf9ab289444221b972d296b104f43d4daf87ade0b;recovery_project:b4a45342fc79b045148d529cf9ab289444221b972d296b104f43d4daf87ade0b;local_runtime:b4a45342fc79b045148d529cf9ab289444221b972d296b104f43d4daf87ade0b
visual_recovery,src/quant_platform/orchestration/exhaustive_wizard_api_refresh.py,667a036421adbc780abe15aaf936a6c83bb6a169505ff7e88cea858b3b2be955,working_git:08e7db497504d27f80a0f6f0a83848021d98dea53e53640b48a761aebe2a5f1c;recovery_project:856fbfb1a1a616b43e169f9ae602d5aada2de00bb50fde5853f95f80a8e1994a;local_runtime:856fbfb1a1a616b43e169f9ae602d5aada2de00bb50fde5853f95f80a8e1994a
visual_recovery,src/quant_platform/orchestration/exhaustive_wizard_hyperliquid_canonical_replay.py,6d9c9e0ac76cafb9df083498c69d551003a3d11b61c3c88e05409a002b636b79,working_git:206dd4250504919b5249d965eeafa9b03ad832b7f53438092d87cde57527583c;recovery_project:206dd4250504919b5249d965eeafa9b03ad832b7f53438092d87cde57527583c;local_runtime:206dd4250504919b5249d965eeafa9b03ad832b7f53438092d87cde57527583c
visual_recovery,src/quant_platform/orchestration/exhaustive_wizard_hyperliquid_concentration.py,ff06000dab9edac93d2e1df55a506afaea4a09461137f09e11cdb4abf788330e,working_git:753015317df71aa3ed4d9652d858b4172e89b6e6ac1972b9d5bd0ed96f483a92;recovery_project:753015317df71aa3ed4d9652d858b4172e89b6e6ac1972b9d5bd0ed96f483a92;local_runtime:753015317df71aa3ed4d9652d858b4172e89b6e6ac1972b9d5bd0ed96f483a92
visual_recovery,src/quant_platform/orchestration/exhaustive_wizard_hyperliquid_cost_bridge.py,c2590a3a87ee45652f4fcc496d93c540f00897ecacabf8fc37d2006132398022,working_git:a119e29df04d56bcc2a1b329181632da51d3b34e9838f6c25b8c6054aee7524a;recovery_project:a119e29df04d56bcc2a1b329181632da51d3b34e9838f6c25b8c6054aee7524a;local_runtime:a119e29df04d56bcc2a1b329181632da51d3b34e9838f6c25b8c6054aee7524a
visual_recovery,src/quant_platform/orchestration/exhaustive_wizard_hyperliquid_cost_evidence.py,4724c8c2a00e341966167140e49ad00b863f7dd3f2470bbc821ee061d4902643,working_git:3a3b1efc4f5d4ed580d950f2841c348faeac5e71dde99c845b2816e738f61aa1;recovery_project:3a3b1efc4f5d4ed580d950f2841c348faeac5e71dde99c845b2816e738f61aa1;local_runtime:3a3b1efc4f5d4ed580d950f2841c348faeac5e71dde99c845b2816e738f61aa1
visual_recovery,src/quant_platform/orchestration/exhaustive_wizard_hyperliquid_learning.py,5ee616e8e5de56fd7b10169ba9d7cea105ab405a7ee0d0d1b6e0dfbc792d811e,working_git:f128a4e5e7a65e5218cbdb2739d354e8f11d1ff8fe08244803debf969abc67b3;recovery_project:f128a4e5e7a65e5218cbdb2739d354e8f11d1ff8fe08244803debf969abc67b3;local_runtime:f128a4e5e7a65e5218cbdb2739d354e8f11d1ff8fe08244803debf969abc67b3
visual_recovery,src/quant_platform/orchestration/exhaustive_wizard_hyperliquid_leverage.py,96c17b635bd0ff082f72ca38755361daba63918d784318026c7d25ddb70a8c2f,working_git:f98c6e6feda78161242ebe367bd757accc69b56013facc8c834dc031c204cc50;recovery_project:f98c6e6feda78161242ebe367bd757accc69b56013facc8c834dc031c204cc50;local_runtime:f98c6e6feda78161242ebe367bd757accc69b56013facc8c834dc031c204cc50
visual_recovery,src/quant_platform/orchestration/exhaustive_wizard_hyperliquid_observed_cost_replay.py,1478b3d664e060d4c46c228d51298c781a3fded38164ee93484708dce11c69d4,working_git:b16c38c3011096fd410b94dbd14c0974ae8a10b40f74a1f5c9b898782dbaf6ce;recovery_project:b16c38c3011096fd410b94dbd14c0974ae8a10b40f74a1f5c9b898782dbaf6ce;local_runtime:b16c38c3011096fd410b94dbd14c0974ae8a10b40f74a1f5c9b898782dbaf6ce
visual_recovery,src/quant_platform/orchestration/exhaustive_wizard_hyperliquid_regimes.py,806167c8096af3eab9e216216e88519afa9df1e81a83a33d8d1b1be364b743a1,working_git:dfb5c1036f3fd85fa8a014956c5f383ac6155b28c6c069def16e24db0e40050d;recovery_project:dfb5c1036f3fd85fa8a014956c5f383ac6155b28c6c069def16e24db0e40050d;local_runtime:dfb5c1036f3fd85fa8a014956c5f383ac6155b28c6c069def16e24db0e40050d
visual_recovery,src/quant_platform/orchestration/exhaustive_wizard_hyperliquid_replay.py,7271c8b8450a25e3e33ee15c6f5d456f736bf3d36186772e3919fbfe429a6d20,working_git:45ac2ac271388071e26bc62ea131aa7f55bdeda1f38fa578d513322953620017;recovery_project:45ac2ac271388071e26bc62ea131aa7f55bdeda1f38fa578d513322953620017;local_runtime:45ac2ac271388071e26bc62ea131aa7f55bdeda1f38fa578d513322953620017
visual_recovery,src/quant_platform/orchestration/exhaustive_wizard_hyperliquid_robustness.py,d6f2079126a1e14ad5aa1849a641972fc1911551ea5fccfcafdd7bf9c69abd30,working_git:c182995189ea1095de0da50fd6734f4852cb6c69b7a83aba24e7f32baab32e1d;recovery_project:c182995189ea1095de0da50fd6734f4852cb6c69b7a83aba24e7f32baab32e1d;local_runtime:c182995189ea1095de0da50fd6734f4852cb6c69b7a83aba24e7f32baab32e1d
visual_recovery,src/quant_platform/orchestration/exhaustive_wizard_hyperliquid_run.py,88d56b91b8aa8fe8428600a1b7907bae30330e02916dade5adee3b68082a8332,working_git:bb6c17c596b8cd42f11c6fa4d86aefde6e67722a7c3fed30d3165ef2d01a0faf;recovery_project:bb6c17c596b8cd42f11c6fa4d86aefde6e67722a7c3fed30d3165ef2d01a0faf;local_runtime:bb6c17c596b8cd42f11c6fa4d86aefde6e67722a7c3fed30d3165ef2d01a0faf
visual_recovery,src/quant_platform/orchestration/exhaustive_wizard_hyperliquid_validation.py,7fbbe428d6cc25c4253406613887e62f69760d6a8268de6117c0a44913b1d7ef,working_git:f8b3287aa0a48de3e469a8f3d2a53efcc893e20e6d8cd43879d3465bb2d80870;recovery_project:f8b3287aa0a48de3e469a8f3d2a53efcc893e20e6d8cd43879d3465bb2d80870;local_runtime:f8b3287aa0a48de3e469a8f3d2a53efcc893e20e6d8cd43879d3465bb2d80870
visual_recovery,src/quant_platform/orchestration/exhaustive_wizard_hyperliquid_walkforward.py,b1674cc62cb7cbe3a5d051cabb3203c5a3d3071300d0d8b7baa1696e3ee01187,working_git:aa061b1ef764796c16280b1dd2ad878e47ac0fe9efdc11d448d16f13669b6727;recovery_project:aa061b1ef764796c16280b1dd2ad878e47ac0fe9efdc11d448d16f13669b6727;local_runtime:aa061b1ef764796c16280b1dd2ad878e47ac0fe9efdc11d448d16f13669b6727
visual_recovery,src/quant_platform/orchestration/hyperliquid_learning_and_risk.py,bbf9a06f55c1ef4364638c1b22090debc71608f883b1ae29b04cfb7c934357e3,working_git:5c9237d3ee0d46b33169f993c062f5815b97598afef4840bef7a8ad36eb34191;recovery_project:5c9237d3ee0d46b33169f993c062f5815b97598afef4840bef7a8ad36eb34191;local_runtime:5c9237d3ee0d46b33169f993c062f5815b97598afef4840bef7a8ad36eb34191
visual_recovery,src/quant_platform/orchestration/hyperliquid_research_cycle.py,2ca7b94edb7c03d67bf9f64ed26cc39ffe588fc125800270d007d594eb3f71e8,working_git:83af240de9f36e61421cf9a4f095b20110e8b4f0a270e53f15d0dbc66ce63aab;recovery_project:83af240de9f36e61421cf9a4f095b20110e8b4f0a270e53f15d0dbc66ce63aab;local_runtime:83af240de9f36e61421cf9a4f095b20110e8b4f0a270e53f15d0dbc66ce63aab
visual_recovery,src/quant_platform/orchestration/hyperliquid_research_validation.py,09c8d1c153a6f90504dde0e11d75ee50c76ffead4d4d3bb9151bd79ac4648a94,working_git:d4192688debe2e1d85978daeba47d5e62c0fcacc6544ca5e84295d4b43c9f4d0;recovery_project:d4192688debe2e1d85978daeba47d5e62c0fcacc6544ca5e84295d4b43c9f4d0;local_runtime:d4192688debe2e1d85978daeba47d5e62c0fcacc6544ca5e84295d4b43c9f4d0
visual_recovery,src/quant_platform/orchestration/hyperliquid_run_manifest.py,c9258508ba2d64b4eb33bb6bd6f81fa61ced50569e912fd9d2117764298e6f79,working_git:b4cb3dc7d88dc9a9e50166dc71eec14170e0003a7211f456caf59c2e9588d3e4;recovery_project:b4cb3dc7d88dc9a9e50166dc71eec14170e0003a7211f456caf59c2e9588d3e4;local_runtime:b4cb3dc7d88dc9a9e50166dc71eec14170e0003a7211f456caf59c2e9588d3e4
visual_recovery,src/quant_platform/orchestration/hyperliquid_testnet_lifecycle_evidence.py,c83bb706ada322d7ece8bd4d111d05139be59566dc268dc9393992c0fef59001,working_git:ab2b604a575eeefd97012f95cefb2664fae41e72654467ecef029c757a8e7ef6;recovery_project:6c73e79122f3c06ed13cb85857344d056a069f76343c048eff6d0632640dc689;local_runtime:6c73e79122f3c06ed13cb85857344d056a069f76343c048eff6d0632640dc689
visual_recovery,src/quant_platform/orchestration/langgraph_workflow.py,0b87827dc6fe85d1bd9aa4efe8ed8c0274dc8fc403debcf9e64dd76d2e350db8,working_git:a39a92f57aeffd0edcf3dcfa7229a48a58b68dbf826227f76d5943c77ceef85c;recovery_project:a39a92f57aeffd0edcf3dcfa7229a48a58b68dbf826227f76d5943c77ceef85c;local_runtime:a39a92f57aeffd0edcf3dcfa7229a48a58b68dbf826227f76d5943c77ceef85c
visual_recovery,src/quant_platform/orchestration/mini_agents.py,d063a3180f4e9a600cc51027d82c5db0dc0a3a16a76b14674cb18322035c2fb1,working_git:94a7325f4ed842f2fcf47567f9a79f7e1526ed3d3062fb3ea85e23b53758897c;recovery_project:94a7325f4ed842f2fcf47567f9a79f7e1526ed3d3062fb3ea85e23b53758897c;local_runtime:09b05dca77d91c41f2d78cce07f1c3c676bb2afb83093be8ad615650bcad1b3d
visual_recovery,src/quant_platform/orchestration/nodes.py,8d67327bd433cd72fd99ea04f8b571b4f447ec61f0512976b9ffcd29b35d231c,working_git:ce147c8c3aad5a21d27c0f93ba70c9ceb5da10a4e36ea06525bb9521e77e0ca5;recovery_project:ce147c8c3aad5a21d27c0f93ba70c9ceb5da10a4e36ea06525bb9521e77e0ca5;local_runtime:81f25d20cff59a6ada863362cd4907f5d93e9772e2f344da43bf8477aaffd4b7
visual_recovery,src/quant_platform/orchestration/orchestrator_assistant.py,65f8de54cb0713c8fb8e625c69f796def074a14d95013156c7192cb0496f1605,working_git:61f0efabc4d2f3c625583161ef8342be20088548813d7bd1d3748c80765d737c;recovery_project:61f0efabc4d2f3c625583161ef8342be20088548813d7bd1d3748c80765d737c;local_runtime:61f0efabc4d2f3c625583161ef8342be20088548813d7bd1d3748c80765d737c
visual_recovery,src/quant_platform/orchestration/reporting.py,d55594bc83be423f0512b6843da4107e36a6224562067ea8a2c61da992396016,working_git:752c7fe8cf6d45486991a8267ea04adff468da53294cab37e40e8ed0ff4a658e;recovery_project:752c7fe8cf6d45486991a8267ea04adff468da53294cab37e40e8ed0ff4a658e;local_runtime:752c7fe8cf6d45486991a8267ea04adff468da53294cab37e40e8ed0ff4a658e
visual_recovery,src/quant_platform/orchestration/specialist_scoreboard.py,0aa15764fb9fdfd9360508194ae6c9bc135948ba7e04c0c7ea8cf0b24f4a2224,working_git:429cf657b430c7a0589cb26beaa95c4e62d75b545183970768386b85215660f2;recovery_project:429cf657b430c7a0589cb26beaa95c4e62d75b545183970768386b85215660f2;local_runtime:429cf657b430c7a0589cb26beaa95c4e62d75b545183970768386b85215660f2
visual_recovery,src/quant_platform/orchestration/student_readiness.py,0505484cbd452592ce1148c9083424d320566601a8391971206f276b72a3bd35,working_git:b33d25dab5156275c026ec59934cfc369cce023b22cf34aa8c4655e9cfa333e9;recovery_project:7544803621ca3371ec5db8f8fb766d0dfe8d84d4631d3df5b31ea0acd618f965;local_runtime:7544803621ca3371ec5db8f8fb766d0dfe8d84d4631d3df5b31ea0acd618f965
visual_recovery,src/quant_platform/orchestration/teacher_adapters.py,b891eecba0760b29744ebff4c18484889e90a684802f715889a0a57af79679e6,working_git:93a876e64ea988cb363d1cd7a176c6353083306c2515c831ae76c45bef9fe28b;recovery_project:2155c3a7e956148da1a487e406519a34dfaca47369f79f3fa25dc70a3a425a2d;local_runtime:2155c3a7e956148da1a487e406519a34dfaca47369f79f3fa25dc70a3a425a2d
visual_recovery,src/quant_platform/orchestration/teacher_contracts.py,35cf7cb5772c03c8979ff64688489146924fa438ff92b2317e8e6a8c98278a41,working_git:595cf2afea0da56d63dff3e64383b463419b0184dc9d4b7e51429177a0e781c3;recovery_project:2d492ba7480bca3d3281da3429775b7a84277e5f35b51068fddc0040b4f5b2d6;local_runtime:2d492ba7480bca3d3281da3429775b7a84277e5f35b51068fddc0040b4f5b2d6
visual_recovery,src/quant_platform/orchestration/teacher_control_plane.py,882f7a85fcf3414518f0db6733dea695e127736b7fc0e842eceb64a4e0b7e8c7,working_git:f1e2778596b2f8df64081584aad8f2aa13784bd4c2039cf0a6d5c782de25a1a1;recovery_project:ab8a5682d5cdb0290a05479d66f61e8cb46ec89112980a1cf5717e6fde59ca42;local_runtime:ab8a5682d5cdb0290a05479d66f61e8cb46ec89112980a1cf5717e6fde59ca42
visual_recovery,src/quant_platform/orchestration/teacher_evidence_materializer.py,dba45be2f62ee814617620eca96e6e2c0cb435d0eaa12a6844511d034390bc78,working_git:742c7c52a9bf450c36d950f6be98313a956013368169d1de2734a9ec990b5816;recovery_project:4ea664abe060d908d15252f42315d67b736471f5896d11d5f8ee89f6011d2771;local_runtime:4ea664abe060d908d15252f42315d67b736471f5896d11d5f8ee89f6011d2771
visual_recovery,src/quant_platform/orchestration/versioned_learning_comparison.py,6873b5e30fb7825a9a3fb3ff11bf33fee00ad7b12d0842648874764e33234f48,working_git:77e98ae9811c2f375e463ebfbf80f3ceb2f4ad7a6a9128ab735a2020bc87c11e;recovery_project:77e98ae9811c2f375e463ebfbf80f3ceb2f4ad7a6a9128ab735a2020bc87c11e;local_runtime:77e98ae9811c2f375e463ebfbf80f3ceb2f4ad7a6a9128ab735a2020bc87c11e
visual_recovery,src/quant_platform/orchestration/wizard_pair_detail_api_pilot.py,56e18f95f7abc34e7b005ad76f04fea2b850fb55340e2d00d8c9108fc7dd9efa,working_git:08278660c779c5a6c69887cd6b149870658d54827c91b006d0b59f546bbccf0e;recovery_project:08278660c779c5a6c69887cd6b149870658d54827c91b006d0b59f546bbccf0e;local_runtime:08278660c779c5a6c69887cd6b149870658d54827c91b006d0b59f546bbccf0e
visual_recovery,src/quant_platform/rl/base_rl_lane.py,069b09880d994cd4bced1c315f852cdbbe07cadc2b50ad5caaa41bb011b1c07c,working_git:dc81d34dbbf2978cce8aa63b1e0b13045ace9cf08d82cc448d3f78524bb39dbb;recovery_project:dc81d34dbbf2978cce8aa63b1e0b13045ace9cf08d82cc448d3f78524bb39dbb;local_runtime:dc81d34dbbf2978cce8aa63b1e0b13045ace9cf08d82cc448d3f78524bb39dbb
visual_recovery,src/quant_platform/rl/brain_contract.py,f22b1136cf29dee7546e28bf63221f531b13c962ef7d3b89fda597cdd5c1f700,working_git:de963b7624cea1b3557776bfdacc4e534e8b7904fdda1c20703f91cf5f13cdd2;recovery_project:de963b7624cea1b3557776bfdacc4e534e8b7904fdda1c20703f91cf5f13cdd2;local_runtime:de963b7624cea1b3557776bfdacc4e534e8b7904fdda1c20703f91cf5f13cdd2
visual_recovery,src/quant_platform/rl/brain_cycle.py,9e353e9a8c74b65bf386f4282aed303f4ff8a3dc0c0c614a1c3fcc63a6a54952,working_git:dc598b15796331cf3360e09b63a5658a128b90f0bfb3e56f19b74419498ba6d6;recovery_project:dc598b15796331cf3360e09b63a5658a128b90f0bfb3e56f19b74419498ba6d6;local_runtime:dc598b15796331cf3360e09b63a5658a128b90f0bfb3e56f19b74419498ba6d6
visual_recovery,src/quant_platform/rl/features.py,017f19a4e4ab68487b1b0af36a094ec0a3ef61e8ba33f0854574e2b18204d0f4,working_git:ef3e39f0776589546aa3d5766a726e158e7831f08803e353198212d3d11caa7f;recovery_project:ef3e39f0776589546aa3d5766a726e158e7831f08803e353198212d3d11caa7f;local_runtime:ef3e39f0776589546aa3d5766a726e158e7831f08803e353198212d3d11caa7f
visual_recovery,src/quant_platform/rl/quantization.py,86f18a43694957f9cef5b8d4fc2182322aa116777e5607869ecc949569e55cf8,working_git:5ff913c787dc2b9f4400c40250617ab799e0d5ed0ce75f2aa44a15e40f5e5f9d;recovery_project:5ff913c787dc2b9f4400c40250617ab799e0d5ed0ce75f2aa44a15e40f5e5f9d;local_runtime:5ff913c787dc2b9f4400c40250617ab799e0d5ed0ce75f2aa44a15e40f5e5f9d
visual_recovery,src/quant_platform/rl/rl_backtest.py,6530595be7593a76a18917a15971d22fef8b15cf13c6c7d976c224e8e3b1a1d1,working_git:6d9e8414df8aeb0ee639f67f12c4f0891c0038bfbef618d6270608dd05a1206f;recovery_project:b6ef1ad5303c61294817243bc8320f9428071e1f9304a8c01538b8f913b33877;local_runtime:b6ef1ad5303c61294817243bc8320f9428071e1f9304a8c01538b8f913b33877
visual_recovery,src/quant_platform/rl/rl_idea_engine.py,0113e730d620facbb9099b4b798ddf5186a10bf0adabb277ed1207383be8838f,working_git:d9a29a466560368b29cb0b5276dcf42ba470d058ca4a976b1e1d2a55a523f589;recovery_project:d9a29a466560368b29cb0b5276dcf42ba470d058ca4a976b1e1d2a55a523f589;local_runtime:d9a29a466560368b29cb0b5276dcf42ba470d058ca4a976b1e1d2a55a523f589
visual_recovery,src/quant_platform/rl/rl_learning_agent.py,20c7893a8512581de9e608a40039c1e2d04893202dfbd1478d6f0369455b2cc1,working_git:2220c6984d0eb4b3d0497733f54ddb44f86d38b310e70f5adca7bc9b36cc8c89;recovery_project:82c7939a968f28b047149ddff7ea6748a29ad00b07efda88b6d3b4580d057cf0;local_runtime:82c7939a968f28b047149ddff7ea6748a29ad00b07efda88b6d3b4580d057cf0
visual_recovery,src/quant_platform/rl/train_ppo.py,840b5325e532911ca2b91b5fa35c204e9f8e0f43445b3d232ade89d80a632050,working_git:141db3a2fb677940987e09afb19972eed65837a702ca90104203eca1bcc97cf3;recovery_project:141db3a2fb677940987e09afb19972eed65837a702ca90104203eca1bcc97cf3;local_runtime:141db3a2fb677940987e09afb19972eed65837a702ca90104203eca1bcc97cf3
visual_recovery,src/quant_platform/statistics/math_v2.py,cf9da8c24bb5b9bd431649970dc74192daecb4b359da267b96228ebcbdaf3244,working_git:140a36a04812959002b5865562d3ef44c422449a1ff5312d8a998c604930e187;recovery_project:f40fbd88078e96c9793242bb1b73cd8ce9853942707899d3c0c87e6c897257cb;local_runtime:f40fbd88078e96c9793242bb1b73cd8ce9853942707899d3c0c87e6c897257cb
visual_recovery,src/quantized_stat_arb_platform.egg-info/PKG-INFO,3e903933f82d36d9c5ea184029545da02e5a8ad9333f8f298b1d1ae99c6e9de9,working_git:d0fb982aa259782fb69ad861ad6a5a208ab0dac1b753cbb33da33f7abf6858c7;recovery_project:697b4abda800aecb2643270dd3b60446f5e6d93f63b446e334cc6b8aa2c40115;local_runtime:697b4abda800aecb2643270dd3b60446f5e6d93f63b446e334cc6b8aa2c40115
visual_recovery,src/quantized_stat_arb_platform.egg-info/SOURCES.txt,b1873f2463f7490cedd270f7447216df825d4a99f2c9832a620d1de93a910f55,working_git:2b807f538372eab0667615b4159963b474ba769f493488195a4ca42a9c499ebe;recovery_project:ed00799de2121174375d879fe1d71ea25ab27430f025af2dac7f8e0b99571e8c;local_runtime:c0d4d24cf128825a6a3087d7c667b395eacc69686b91940ddddd6d204b3ba457
visual_recovery,src/quantized_stat_arb_platform.egg-info/requires.txt,d9ac0c7d4d9758ea0459a5c913f7a0e63197d9c3d828ed794d253e289ba41cd4,working_git:0074e121ca43eba1012969b278ec3a8314eda167b63dfe0abf87bc2d19e8cf57;recovery_project:b458591e734762a4e9f0e62069accf83710309e480682a181798fef197080696;local_runtime:b458591e734762a4e9f0e62069accf83710309e480682a181798fef197080696
visual_recovery,tests/test_active_pipeline.py,019d0e00d1050c529bc7c4090bab4e750a8928ea9becb7ef9022e0f579a26e89,working_git:5ff039ce58ff7b1a08e40df3ca90f84ed42c0a0469f46bfbf23a93280c424442;recovery_project:ccc8f1705c214b0bde2dd913df20a69c09176ad4b21eef4ebb231ce843f610ba;local_runtime:ccc8f1705c214b0bde2dd913df20a69c09176ad4b21eef4ebb231ce843f610ba
visual_recovery,tests/test_api_extraction.py,30bdcdf545403b2917125528bc0ac2132f4cbb8ebcfe839c023c579118e22efb,working_git:1c09cda0e41b276f5823dca1fe022cf3100d28737f8646cca5353cc689eb67e8;recovery_project:1c09cda0e41b276f5823dca1fe022cf3100d28737f8646cca5353cc689eb67e8;local_runtime:1c09cda0e41b276f5823dca1fe022cf3100d28737f8646cca5353cc689eb67e8
visual_recovery,tests/test_apify_sources.py,fc8c01a350ae48822a88138b6c252d01eebf605385c1625b87e91461a678baac,working_git:3812994627b533ff53ebc2abf63dd13085cac1da9323c508c608b02790eff3df;recovery_project:4c801a614883662a3d1591a7b2fd8519a2399cd0fd1d1a57761aa446dcce98c9;local_runtime:4c801a614883662a3d1591a7b2fd8519a2399cd0fd1d1a57761aa446dcce98c9
visual_recovery,tests/test_backtest.py,77504a189c96d3077bb1b422b53830f9ba00ecdbbef64eebb54d29afc0fab6ac,working_git:689490c8491e8c1cc0110d0d35503d66a8ec180c9efc5614fc627eeb38a52ee0;recovery_project:91d660b2c6c6edbf100eacded3769855ed7584f1657eb45952219b8e3bbf18f8;local_runtime:91d660b2c6c6edbf100eacded3769855ed7584f1657eb45952219b8e3bbf18f8
visual_recovery,tests/test_binance_testnet.py,c6905fbf01b80c13d3a74b2d270fe7887b2f5e63a007c1e3dcc5d675ad06f7c9,working_git:e75b6eaefb206562b862999c380e79378aab82ff2f3c7daca51387137189964f;recovery_project:1c0d58827f51f086adfcd0e2e780863bf67e89a0f6a11098a47030caea523d78;local_runtime:1c0d58827f51f086adfcd0e2e780863bf67e89a0f6a11098a47030caea523d78
visual_recovery,tests/test_cli.py,bc1f9dfd2f8618b73c9a8fabf02763093a103fa95ca8aa6f0f771bd0248bdf18,working_git:9f0b80e555a896dfbfac2983417eaabe17333828eab908ae26560dbf25948eb3;recovery_project:6fe641c4ee96cf74aaed3b53683902b1e6a9c2ca865717f4d096b74b88591fb9;local_runtime:6fe641c4ee96cf74aaed3b53683902b1e6a9c2ca865717f4d096b74b88591fb9
visual_recovery,tests/test_corrective_daily_scheduler.py,df9a69b84427bb9aec810504beb6901de501c44e14dd1b8746f7418005bb0ab2,working_git:0093447a1705059b1ce420904f6c75815a75aec210f10c4b55d66e623dd4479b;recovery_project:bcc0b325e861251ed6c2f93427bbf09d7c5406a7ee38308d1232f74664ead2af;local_runtime:078bc40af3ce0a9f7889131bd4a1942f0caec97c9409bf087379effd6f5823c2
visual_recovery,tests/test_corrective_governance.py,25003da774b6c8e57fb973907ca13087dc7dfede1b214c3cbf6e0d9101782734,working_git:0ac7162ca9f4b6e771c6bce2d20f6f3af3c2a16ccfdd398fe80e8c4123277095;recovery_project:0ac7162ca9f4b6e771c6bce2d20f6f3af3c2a16ccfdd398fe80e8c4123277095;local_runtime:0ac7162ca9f4b6e771c6bce2d20f6f3af3c2a16ccfdd398fe80e8c4123277095
visual_recovery,tests/test_corrective_l2_scheduler.py,eb27f217b7261d225fc0e66f5ba503a7e126ad1938b1b666b04132e5b9981174,working_git:ed906d7bd62348371208266e26248c67af146cd6d2ad386f0ea65e6b787a1699;recovery_project:daeea9687126e0197646ef20d59a3584642f1ed43fd31b987bb66b5f63e092d3;local_runtime:daeea9687126e0197646ef20d59a3584642f1ed43fd31b987bb66b5f63e092d3
visual_recovery,tests/test_corrective_live_canary.py,128801e9837108636c25162185828fc08717dd9b237f5a915f5f829812f7f0f0,working_git:c63ee233214aadc2d36ee0f3c0eda859a5df57efda7c8a05aad8a693578f9b82;recovery_project:c63ee233214aadc2d36ee0f3c0eda859a5df57efda7c8a05aad8a693578f9b82;local_runtime:c63ee233214aadc2d36ee0f3c0eda859a5df57efda7c8a05aad8a693578f9b82
visual_recovery,tests/test_corrective_live_canary_execution.py,c494053c7bff9cfdae2eab3361d8e3813a603fbf1fb6bc0b48761cc45df36dcf,working_git:af8f157d161f57d2c560a1bfdefc121c4cc5b847089c791a848b33d93764378e;recovery_project:e94566f9fd81e57ba993c3189a8ff54aa7c62f04b0ac9e9fe70d89b732432056;local_runtime:e94566f9fd81e57ba993c3189a8ff54aa7c62f04b0ac9e9fe70d89b732432056
visual_recovery,tests/test_corrective_registered_rerun.py,e38a41d38c7f5606052d2267ec46a03f0012031e53fce4522b99c9422160b769,working_git:a26fa7646b94906cb82587aa5d454db18365d56c19e4cf58c84f848c3af0adcb;recovery_project:a26fa7646b94906cb82587aa5d454db18365d56c19e4cf58c84f848c3af0adcb;local_runtime:a26fa7646b94906cb82587aa5d454db18365d56c19e4cf58c84f848c3af0adcb
visual_recovery,tests/test_corrective_registered_rerun_executor.py,be1f22176ee466affcadb3d8b798ddf5d940a9c93393b457065c5a39f1983478,working_git:00173e210f76e622fade57678d08df456fd8621c002b448d7c91a0e68fb2a556;recovery_project:00173e210f76e622fade57678d08df456fd8621c002b448d7c91a0e68fb2a556;local_runtime:00173e210f76e622fade57678d08df456fd8621c002b448d7c91a0e68fb2a556
visual_recovery,tests/test_corrective_release_gates.py,b2f22d4015260cb7242db1f93f0f436f48bc23ba36e3d7624184b80bde59ba38,working_git:5b790d1aba812e5614bbf1f14179f0a6454a808a89aaaefcf4165662cbbec29a;recovery_project:6657cb8f175eaf33665bac4ce866e1cd00e4680e8f4652234893abfd5fda26cf;local_runtime:6657cb8f175eaf33665bac4ce866e1cd00e4680e8f4652234893abfd5fda26cf
visual_recovery,tests/test_corrective_runtime.py,6e256139900e590bcac3b7736cbaae32428e2cd113cc44760e7fe7ba47cd5733,working_git:c39341d12639f6496b345cc61db29ef12fedfc998677272e551870630884545e;recovery_project:c62b6fb1f90e1d4d702947d2d5a1ac111eef67c3dcb5d6f9f18e8373d2d649ae;local_runtime:c62b6fb1f90e1d4d702947d2d5a1ac111eef67c3dcb5d6f9f18e8373d2d649ae
visual_recovery,tests/test_corrective_scheduler_runtime_readiness.py,f8660a593e24075f5697b129ccd1e9a0e5ec712607ca711617b51a79fefa325d,working_git:9aab2fea346c140174d5974eef6f7374542cc43b2020255eec46242074b9c858;recovery_project:9aab2fea346c140174d5974eef6f7374542cc43b2020255eec46242074b9c858;local_runtime:9aab2fea346c140174d5974eef6f7374542cc43b2020255eec46242074b9c858
visual_recovery,tests/test_corrective_stage4_handoff_readiness.py,47c5d02403090921beaba37150504d0aa71c80ad89c28814fa66d8f8845aac5c,working_git:b0efae8ccf3d29a43cb7b76830be1c772da3d2c0e45876adc8f82ec6ee70a8ee;recovery_project:b0efae8ccf3d29a43cb7b76830be1c772da3d2c0e45876adc8f82ec6ee70a8ee;local_runtime:b0efae8ccf3d29a43cb7b76830be1c772da3d2c0e45876adc8f82ec6ee70a8ee
visual_recovery,tests/test_corrective_testnet_collateral_transfer.py,bda2c2106162fae8b0c50fb0bcfb075b5e5caabbf201b2e22bb163c52f6f3ecd,working_git:ff44e9ed362de38bac44f73e9e3f2841a41010378d60f5b2fdc47c9335a5395e;recovery_project:2dbd28d7905724fab5996fefb3794a6893ce7d6b458e00a4712906b635ba291d;local_runtime:2dbd28d7905724fab5996fefb3794a6893ce7d6b458e00a4712906b635ba291d
visual_recovery,tests/test_corrective_testnet_pair_execution.py,08e714c51b1bca02e1347cba78220cebde973c648bd80bcb0abd44488aabf323,working_git:f059ff6e7023ab05945e8a354ce98aef77bb05734a7e6fbd65bdecd2636ea573;recovery_project:f30044e0598fbf7bd99dec188410ed864370f81a5ae729c61cd5232c7704025c;local_runtime:f30044e0598fbf7bd99dec188410ed864370f81a5ae729c61cd5232c7704025c
visual_recovery,tests/test_corrective_wizard_capture_manifest.py,a01b249306f577d7a13bb288c645a69b6b6bfd9e9c57f3e5b7decd1be7500028,working_git:54e4e2fecedee846be81d7c3ab241bd776d9c5bcfbf0eaa68e5be5364f36e1d0;recovery_project:54e4e2fecedee846be81d7c3ab241bd776d9c5bcfbf0eaa68e5be5364f36e1d0;local_runtime:54e4e2fecedee846be81d7c3ab241bd776d9c5bcfbf0eaa68e5be5364f36e1d0
visual_recovery,tests/test_corrective_wizard_capture_reconciliation.py,803b4a448ac64304a692cafd621f0a49d34268aece62f1844cb7acc10aff7fbc,working_git:e5a4e3a2320c170d2fdc93a2e69d7f8f69b2d89c057b619a707e61c439568c6b;recovery_project:e5a4e3a2320c170d2fdc93a2e69d7f8f69b2d89c057b619a707e61c439568c6b;local_runtime:e5a4e3a2320c170d2fdc93a2e69d7f8f69b2d89c057b619a707e61c439568c6b
visual_recovery,tests/test_corrective_wizard_copula_behavioral.py,2f39391233915b3f8148fa8157a6c9643d93c880ec7bca83b650237603e448b4,working_git:6afc75a6a0c304552c8f8f04da2fb17c518c3be57658fe30a91f192394b78e2b;recovery_project:effd7cc070b2ec6710ce7b7aef422d0816f916ef40aa4b044944d2c01b9d8cd2;local_runtime:effd7cc070b2ec6710ce7b7aef422d0816f916ef40aa4b044944d2c01b9d8cd2
visual_recovery,tests/test_corrective_wizard_ou_v4_failure_attribution.py,30b4cdf3962d6901787f90ebfe762ae44817a966af35b68c6917ae3581f951d3,working_git:486ef9be67ca747395dac5c2ff5c818f92ce76973a9689bb0d10d2094ae27dbd;recovery_project:486ef9be67ca747395dac5c2ff5c818f92ce76973a9689bb0d10d2094ae27dbd;local_runtime:486ef9be67ca747395dac5c2ff5c818f92ce76973a9689bb0d10d2094ae27dbd
visual_recovery,tests/test_corrective_wizard_ou_v4_holdout.py,3f38a13cccc8b046370173a10b13332936a93190fd65097b51b9c1d620ade223,working_git:48b47be00571a143d327adb7339103be4040814dca09371e8ab1efd37f270071;recovery_project:48b47be00571a143d327adb7339103be4040814dca09371e8ab1efd37f270071;local_runtime:48b47be00571a143d327adb7339103be4040814dca09371e8ab1efd37f270071
visual_recovery,tests/test_corrective_wizard_ou_v5_holdout.py,0f3ee008f8af6701d09f2197a1fac6021d131709707d306d9311a90260808e64,working_git:5265826b5d4f1451b952461a4e252ed1e34420a11268ac14d7b2ffca654a2039;recovery_project:5265826b5d4f1451b952461a4e252ed1e34420a11268ac14d7b2ffca654a2039;local_runtime:5265826b5d4f1451b952461a4e252ed1e34420a11268ac14d7b2ffca654a2039
visual_recovery,tests/test_corrective_wizard_ou_v6_holdout.py,419792c4e41d3d687f106f3856747c5cc0f030d177641145f5c69e5982d6da73,working_git:7e6a111f326e99fbc20eb1db2fed58ee67470e7183f8828073a25fff19fcc83e;recovery_project:8260cc4b20e429b1a1165857b0cdfb88af7d4388f84e5d68936bbc53d4557cc0;local_runtime:8260cc4b20e429b1a1165857b0cdfb88af7d4388f84e5d68936bbc53d4557cc0
visual_recovery,tests/test_corrective_wizard_proof_launcher.py,0bddb086903d165ba9090b4160ab26654ac431f84d138dc0eb598f62ea75e31d,working_git:e491ec5f78c885ac1931450abcd56282d6625e0577a323a3775d37b06dcd76d0;recovery_project:7fa56e92e299c6d9f5ec1d4001dc588fcff4a7c70fae0ac304839687e07650b4;local_runtime:7fa56e92e299c6d9f5ec1d4001dc588fcff4a7c70fae0ac304839687e07650b4
visual_recovery,tests/test_corrective_wizard_proof_scheduler.py,e021ea525453a669a6b7fdf67267db09545eee64a151ebfccd4eeb09887771e1,working_git:d7174ba3d0770eacdd04dd377bc99dae4a9c9becfe21cf743b883daa835d96bf;recovery_project:2c7ebe3e048d63fc8becd05baa129d146b5e8fa100f36d416be3db1ca3882c49;local_runtime:2c7ebe3e048d63fc8becd05baa129d146b5e8fa100f36d416be3db1ca3882c49
visual_recovery,tests/test_corrective_wizard_reset_readiness.py,ccab08c626bb3d1be6e1e3ae8968879799887c72437175942224e31fd0c08e82,working_git:61e784e7aa9ce9f514d93732fa78e30ae6e83a4aaf9199252f4994ee3396883d;recovery_project:61e784e7aa9ce9f514d93732fa78e30ae6e83a4aaf9199252f4994ee3396883d;local_runtime:61e784e7aa9ce9f514d93732fa78e30ae6e83a4aaf9199252f4994ee3396883d
visual_recovery,tests/test_corrective_wizard_unattended_preflight.py,708b41f2f974580ffc3eefdde65f9321468e56267017039da8d155e278f3ba75,working_git:90a6d18938838b64616e2e4cf43fdf62261aae362f768bb6f984ea21e016067b;recovery_project:90a6d18938838b64616e2e4cf43fdf62261aae362f768bb6f984ea21e016067b;local_runtime:90a6d18938838b64616e2e4cf43fdf62261aae362f768bb6f984ea21e016067b
visual_recovery,tests/test_crypto_wizards_history.py,cd558f8258d5ad40800bd17f10e9f97d94621672f03cdf2fb7eaf75021defee7,working_git:66f35706ef9a2a865c61eb6f8d38ee1897d57c763c2c538c3838ccb4e84f110b;recovery_project:3085134bcc4d7a1a564f8683265730745e56db094afafd278f446bcbf0ca7f83;local_runtime:3085134bcc4d7a1a564f8683265730745e56db094afafd278f446bcbf0ca7f83
visual_recovery,tests/test_crypto_wizards_sweep.py,b791597cf8b00c630089cd8db157132d0dcdd0242822510db872000a8e97d7db,working_git:b50aaf478aa7d8f379bc90a54e1c173b7ea27721d689942e5a41e4230e77336d;recovery_project:0fd4784bbdebc9f6a65c793736359109c9aecc1b795f320bb1466ee7bf31b834;local_runtime:0fd4784bbdebc9f6a65c793736359109c9aecc1b795f320bb1466ee7bf31b834
visual_recovery,tests/test_current_wizard_hyperliquid_completion_audit.py,0d7754e592938258deeb119015642a3cb044378637ef68307324048a7fceff7e,working_git:ace571591f36c17ff951035ffbf1d01911dd6d850a1116c0a1fcf967b57f89bd;recovery_project:ace571591f36c17ff951035ffbf1d01911dd6d850a1116c0a1fcf967b57f89bd;local_runtime:ace571591f36c17ff951035ffbf1d01911dd6d850a1116c0a1fcf967b57f89bd
visual_recovery,tests/test_current_wizard_hyperliquid_daily_runner.py,3955e7517125849c35b4e7804048c869aaf2a985da22acab3278c73e4930ffa6,working_git:2e62201280336c042d8eb1e46901a428d19dcb3e1bce323c222902d43202e0ed;recovery_project:914b5eb6c198c6f18163c354e4fb1787ad312e3bc072f5f6d4bedc442c730ee5;local_runtime:0f5e0db7853ec1d2efb151f52322f757b9c430808036c7694b78ed3dd2d88ea1
visual_recovery,tests/test_current_wizard_hyperliquid_handoff.py,5c757bac58d4f59abc934a747478b01e1326e5ab086d5f1708180f1dfc581295,working_git:72e7598b1dd1ce8840ecdeddc8d8c8c6e55ec8aa76038081bc4052c81ba8d2b7;recovery_project:29f8bc76870555f7d4904ad41c7e0e262b366b31447bc11d33bdf9a70af75353;local_runtime:29f8bc76870555f7d4904ad41c7e0e262b366b31447bc11d33bdf9a70af75353
visual_recovery,tests/test_current_wizard_hyperliquid_math_comparison.py,d4b28a2f03d1ee1ab1ca1a6d49023f2d592a77dc8a43dd6e0edf24ffa2b652bd,working_git:6e5c3b773124226da2ca16dda83c1b4a5d723b80acd1b96c087e850e83c65349;recovery_project:6e5c3b773124226da2ca16dda83c1b4a5d723b80acd1b96c087e850e83c65349;local_runtime:6e5c3b773124226da2ca16dda83c1b4a5d723b80acd1b96c087e850e83c65349
visual_recovery,tests/test_dydx_candles.py,3f0840b1d61c2abeb2ec4e6a2446a6273317dbccb0e80237b1c5c2ff6fe0f858,working_git:20c01247f05ff559f1ed9ce26f62ff5745814d8e84c0f6fd69eb76d5d149efe7;recovery_project:2f894a1df45fb3317d7fb930cdb05af939001bbdb15f1ddd7bd1a2f642365cfc;local_runtime:2f894a1df45fb3317d7fb930cdb05af939001bbdb15f1ddd7bd1a2f642365cfc
visual_recovery,tests/test_dynamic_agent_ledger.py,b2615dbc5ca2b85a22b1582726b392513d06570bfe45343f0e88240de0a2aa03,working_git:0f4d16f7f0afc5a4f9d620025d617fa56392531d5db1c620c2e04f30db4b3cb5;recovery_project:5e546add30d0635f047da893537818ab5ccc65e2d3770cc3f3bdf01d03548457;local_runtime:5e546add30d0635f047da893537818ab5ccc65e2d3770cc3f3bdf01d03548457
visual_recovery,tests/test_env.py,909910bb58e5e20adfa8b245b40380c6d0310867754372d4ac88e90599027d85,working_git:27f38b9df1085f349fb5c87a02bf06965f0f60fd9da6421cf6ca77b2829fb6e8;recovery_project:27f38b9df1085f349fb5c87a02bf06965f0f60fd9da6421cf6ca77b2829fb6e8;local_runtime:27f38b9df1085f349fb5c87a02bf06965f0f60fd9da6421cf6ca77b2829fb6e8
visual_recovery,tests/test_execution.py,c30d30fb6f64abcf111bdd1ac4c43a2010a3d40c028434356fcec213e321a466,working_git:9471785c124f8b48ab66fd43c994c5c947acdb9264efce438f4c1f63c0fd145f;recovery_project:d0bb4fe00090ce10c4f3b8f74e35ac2914a548d15db953f8d6dc53c28f4f678a;local_runtime:d0bb4fe00090ce10c4f3b8f74e35ac2914a548d15db953f8d6dc53c28f4f678a
visual_recovery,tests/test_exhaustive_wizard_hyperliquid_learning.py,3ab3ca12a961e79cce2fbfdce272400e8cdc87e6574e9c20d207c31fecc77e0b,working_git:2d48de51b4eec2b152feeb4af192587890026381c5333cfb47372f9dd85e5a96;recovery_project:2d48de51b4eec2b152feeb4af192587890026381c5333cfb47372f9dd85e5a96;local_runtime:2d48de51b4eec2b152feeb4af192587890026381c5333cfb47372f9dd85e5a96
visual_recovery,tests/test_exhaustive_wizard_hyperliquid_replay.py,1110a792d727ba319428cd51019ddb58959774fea861b7700bbe245c28e5d082,working_git:19c2c7f983e9f37ef86200601537b902bbab305040452e83f158de75bf2d4675;recovery_project:19c2c7f983e9f37ef86200601537b902bbab305040452e83f158de75bf2d4675;local_runtime:19c2c7f983e9f37ef86200601537b902bbab305040452e83f158de75bf2d4675
visual_recovery,tests/test_experiments.py,7273a76a8100c9ac8e248ebe07da3108816cc3c89031125a8742abaf6c7b041f,working_git:db00cfeba696cb24bf1cfa3b313265dd5a3ca4ae5cfa91b9abbe80e22095ef38;recovery_project:db00cfeba696cb24bf1cfa3b313265dd5a3ca4ae5cfa91b9abbe80e22095ef38;local_runtime:db00cfeba696cb24bf1cfa3b313265dd5a3ca4ae5cfa91b9abbe80e22095ef38
visual_recovery,tests/test_fixture_ingestion.py,e316fbf229b415cc2f5a6fe7b7ec5814bf2aabcdb9eeea897e2b4c9e0474a71a,working_git:b35afd8227f4fea731bf3b5a2e87ea55734b83361d0a57c33794f199429f738b;recovery_project:b35afd8227f4fea731bf3b5a2e87ea55734b83361d0a57c33794f199429f738b;local_runtime:b35afd8227f4fea731bf3b5a2e87ea55734b83361d0a57c33794f199429f738b
visual_recovery,tests/test_hyperliquid.py,7cbcf906a7c6e19faac16630361aa14d1cfa35b78250f78981fcc8819fc7412f,working_git:20566317f90aafd44810459524a664d12a11b810096a7d258b583a9933645881;recovery_project:8cf9955b1c155f848ba3f89e885096bbca954d4c241605690a0dbeae6b8417f4;local_runtime:8cf9955b1c155f848ba3f89e885096bbca954d4c241605690a0dbeae6b8417f4
visual_recovery,tests/test_hyperliquid_testnet.py,a263be3a091115d60abdd32a65143012be9989af24922a69f7b1735a4aaca456,working_git:5d8457b67ddf1b1d7eaaae2157f17125856c901b75fa56eec0db71c2fa2daba7;recovery_project:d5a66d6d07e7e032e93d3d05f863b280280083fa301fe868245ac3fffcd3dcde;local_runtime:d5a66d6d07e7e032e93d3d05f863b280280083fa301fe868245ac3fffcd3dcde
visual_recovery,tests/test_ml_filter.py,6d9fac418448eeef73b0718f7b8232b8188a129fa0f4f5f4a6bb1fe03809cca4,working_git:018b984961fcc084ca256de41afa630555b6e26a174d44a39656a2cf16af8a74;recovery_project:018b984961fcc084ca256de41afa630555b6e26a174d44a39656a2cf16af8a74;local_runtime:018b984961fcc084ca256de41afa630555b6e26a174d44a39656a2cf16af8a74
visual_recovery,tests/test_orchestration_rl.py,a2077b4af3593c2cf73c046a2bb4fd8c5607d02b33e95f520fdf8d0969c97183,working_git:8a63d69fb5279b6a5f63aeb4e034b4906d834d4bca7146aa33291430dd78d501;recovery_project:8a63d69fb5279b6a5f63aeb4e034b4906d834d4bca7146aa33291430dd78d501;local_runtime:40ff6bf8b4c40be21b4a13e01a294eb2152ab152726f46336671c953ffe608cd
visual_recovery,tests/test_performance_math_v2.py,4f276f987dcaf7ab5a711aedc84a261330f4ea08f48990d98e5fa9c178e8343b,working_git:1e9337be0a4916c8c4d71d65bb1a8ad05b954ead1ab112abb6efda83864ca2dd;recovery_project:1e9337be0a4916c8c4d71d65bb1a8ad05b954ead1ab112abb6efda83864ca2dd;local_runtime:1e9337be0a4916c8c4d71d65bb1a8ad05b954ead1ab112abb6efda83864ca2dd
visual_recovery,tests/test_research_ingestion.py,a7706a7ae542c8b61c5b9d0b5859a83d85c6e3dfa9c53e623b22edada1a4931e,working_git:b7775733acdc2d62d5c3157e1ea82c742c7b98d2a5b84b1d7e33b6c129571358;recovery_project:b7775733acdc2d62d5c3157e1ea82c742c7b98d2a5b84b1d7e33b6c129571358;local_runtime:b7775733acdc2d62d5c3157e1ea82c742c7b98d2a5b84b1d7e33b6c129571358
visual_recovery,tests/test_research_paper_reviews.py,947da823cf84ca6ac2dd2ff29a3f4a522bec7997a58de433b84d13bb29291ad4,working_git:a89805a0fd199f586e4d5431f91de6c2ae3a81a3445d48fe3e2b848bdd1f7ab6;recovery_project:a89805a0fd199f586e4d5431f91de6c2ae3a81a3445d48fe3e2b848bdd1f7ab6;local_runtime:a89805a0fd199f586e4d5431f91de6c2ae3a81a3445d48fe3e2b848bdd1f7ab6
visual_recovery,tests/test_statistics_math_v2.py,d954acb64472eff879f04c7b66cb25f0e128b93fecd3fc7270f006867d51bb69,working_git:a1b8231d30f2f68faa82b82ca60a2821e1c94837a7227204ebc36acffd309061;recovery_project:e7ef9be795b1fc48e583eb7a74f317b6df68d26f70b1eb3ae4da3fd0f9b8a92d;local_runtime:e7ef9be795b1fc48e583eb7a74f317b6df68d26f70b1eb3ae4da3fd0f9b8a92d
visual_recovery,tests/test_student_readiness.py,419ec425ea01698ceb6306c6328800e9a12c8be4369f740089dac599b5f60afb,working_git:12a135ab20637e1d372eebdcae81efe659f7d6a3a387c2d7b0e32a6428f6f937;recovery_project:f4849fa06f8690b43c0470c1d9f3436ca0b34d4d5999aaf0ba10d42b39e6af29;local_runtime:f4849fa06f8690b43c0470c1d9f3436ca0b34d4d5999aaf0ba10d42b39e6af29
visual_recovery,tests/test_teacher_adapters.py,9b9b20e32fd01489b47d833418c275827bea1c974bbf936b5af9265e5267734f,working_git:851e5059f232e92aec94349f99b29952bd9ceaa12ec3f0e26660add49d8871d4;recovery_project:851e5059f232e92aec94349f99b29952bd9ceaa12ec3f0e26660add49d8871d4;local_runtime:8640c3d3b72db7b79a965520410f4374381538b0b37d2493f1958c8b87785c69
visual_recovery,tests/test_teacher_council.py,eb7cb20ee9a422aaa0dfd5e0339224bfed35f509dcd12bc4b63376854a957622,working_git:5f56e6556bf6a6c8c19d416a7a126bce96644f4495be4ade3f6055445d803f30;recovery_project:50e4603195ce593423ea991f1c81bfe1f52128eb1f2b76665fa616c87d222158;local_runtime:50e4603195ce593423ea991f1c81bfe1f52128eb1f2b76665fa616c87d222158
visual_recovery,tests/test_teacher_evidence_materializer.py,2c2e1d1b9c0af859b7ae3946df23c4ddf4663407f2f1e410b4292fa780f5ef3a,working_git:a37bbf14009cd3ba553c91d45cce75ae39a27fb02338eca835301f1d8f241ceb;recovery_project:cea9cae309008f8f44b92143d1664d163405fec3dcd2d89d0cc3c3a1da2bd596;local_runtime:75937bd4d7b311743f4361cb967f7ed099b4675d47e2af2b343fcb2abe922ed7
visual_recovery,tests/test_udemy_math_reconciliation.py,1ed54617df7868692f7efbb44445936d1284bd8225da2b1a37a59dd1e9dbbec3,working_git:fb68e6893021f0cb7937210510d420af0a134deb4b47660c4d50e6ceb4a0e5b9;recovery_project:fb68e6893021f0cb7937210510d420af0a134deb4b47660c4d50e6ceb4a0e5b9;local_runtime:fb68e6893021f0cb7937210510d420af0a134deb4b47660c4d50e6ceb4a0e5b9
visual_recovery,tests/test_v2_run.py,852712eac034710e088503b2b118a2494c9687e96611b399c6faaa7201f677bd,working_git:d5a02b287fc4a5814e417bfabc590e8552ef4a02a5c3bf159aec42492a137631;recovery_project:d5a02b287fc4a5814e417bfabc590e8552ef4a02a5c3bf159aec42492a137631;local_runtime:d5a02b287fc4a5814e417bfabc590e8552ef4a02a5c3bf159aec42492a137631
visual_recovery,tests/test_wizard_control_plane.py,e28594c468b03168c5b169bd85bf3b95f41fd28e7a82f86051d60694a6466073,working_git:5f13301d26385175e0a6f8b3eaf7d5905ad8c00c7ad5a8dba213fd660d3f2310;recovery_project:6476c3318f0fae7f413ae71cd8e8f8826fab5e63bb7650281074198bf1c78f59;local_runtime:6476c3318f0fae7f413ae71cd8e8f8826fab5e63bb7650281074198bf1c78f59
visual_recovery,tests/test_wizard_credit_ledger.py,94c4019f22682451e7b70f6437bb265781a255d67cee56fbf769a428e5596773,working_git:ea8d7d16b5e83fe29578d04893d2b3798463b9737388d16d319bd9e58dd1dc54;recovery_project:d3a2a164b7e0385f87bfe314b26ff53f4f015fd7aa91726bae8172da55195107;local_runtime:d3a2a164b7e0385f87bfe314b26ff53f4f015fd7aa91726bae8172da55195107
visual_recovery,tests/test_wizard_local_verification.py,4c4e92b3ad6374ca3d182c13b8f1a664214edcd1e77f8fa03763dc0b5a9f6ed5,working_git:ce93cc7426346ae3e1aa837ca81faa8f24a50e87f80383d16d19167d4dd5a54e;recovery_project:ce93cc7426346ae3e1aa837ca81faa8f24a50e87f80383d16d19167d4dd5a54e;local_runtime:ce93cc7426346ae3e1aa837ca81faa8f24a50e87f80383d16d19167d4dd5a54e
visual_recovery,tests/test_wizard_mode_comparison.py,c981b41b924adbab42c4217d38c9c174d33e463d247c7a762444af93785da22d,working_git:a2856cf65d5efdb2a120d8ceea8d7dab810cf2086ed2f712521686e3e54e7b96;recovery_project:a2856cf65d5efdb2a120d8ceea8d7dab810cf2086ed2f712521686e3e54e7b96;local_runtime:a2856cf65d5efdb2a120d8ceea8d7dab810cf2086ed2f712521686e3e54e7b96
visual_recovery,tests/test_wizard_mode_replay.py,cc80a59c4d1bb14e2ab075e4de2046d19cd7a4947658655110be4d654b9c31e5,working_git:96ee5f0bbea469cda5ba9ccd2a62efde993bd7b3af8b6d57ad0858197f13550f;recovery_project:f80759057e4bbd20baa2344f9b4f6d12bcd559edd6cf6635ed2ea82f62ae8e61;local_runtime:3dffcd85ba236e20df4ab7c334c5a7a2913f98db4525809ba9a4d134cefe0aa0
visual_recovery,tests/test_wizard_pair_detail_api_pilot.py,1719c6cc3be951bf7b20694c41c21fe11d48cff425c03f27848a4250a71ff152,working_git:76e08aeabd6d3339a42b9e8c8f68b9e8b4b6a9c902de09acd34a71b534902f6d;recovery_project:76e08aeabd6d3339a42b9e8c8f68b9e8b4b6a9c902de09acd34a71b534902f6d;local_runtime:76e08aeabd6d3339a42b9e8c8f68b9e8b4b6a9c902de09acd34a71b534902f6d
visual_recovery,tests/test_wizard_pair_detail_ui_bundle.py,1a09a8e2d7689c96a402de7f861f122ad2fe48f424b2ee8fea11f751a7f84537,working_git:a82dba9530dddbd03b191f45dca1062a66650c58f9b7b71a3c6d759864d183ee;recovery_project:a82dba9530dddbd03b191f45dca1062a66650c58f9b7b71a3c6d759864d183ee;local_runtime:a82dba9530dddbd03b191f45dca1062a66650c58f9b7b71a3c6d759864d183ee
visual_recovery,tests/test_youtube_hypothesis_validation.py,371c145ffe72e1ed1129c922e4b1636830193d257b5646e24aa2126d1cd16bb2,working_git:e0b64bc8fb41954293f018e978d7099e7bf0829dffd51b4f1baf1b8c998ffdbd;recovery_project:e0b64bc8fb41954293f018e978d7099e7bf0829dffd51b4f1baf1b8c998ffdbd;local_runtime:e0b64bc8fb41954293f018e978d7099e7bf0829dffd51b4f1baf1b8c998ffdbd
forensic_a,.gitignore,3da3b072e4fa50524936a52692b191d986d31050f2c4fe1a05dae9d18260e16b,working_git:dc5d9009ab4fdabd6f5bee10c6d876ab382a977c9e316606a0f1458623c06f0b;recovery_project:72e387cbb53032e4de7d9d4e9929c54581e02474333466898a46d2b06aee5ef8;local_runtime:72e387cbb53032e4de7d9d4e9929c54581e02474333466898a46d2b06aee5ef8
forensic_a,pyproject.toml,be967304aa53051a530bbeec7aeab41253ce160176bbdafae02c7698f709fd1d,working_git:b3eddc87483f8b31a1b3e4d68a68cda447f2d7ff1eb491f08e2d157128d67981;recovery_project:9d7c24ea6551dd54e361c983f8039d0936728818a9e8036e2d5379465f29a6f1;local_runtime:9d7c24ea6551dd54e361c983f8039d0936728818a9e8036e2d5379465f29a6f1
forensic_a,uv.lock,f203179ba6e53f36ca60ddf50287587a740a5b06e30303ed21c8152bc2d381d9,working_git:c8955d2a94ad5d7c97da861cab9db9a32d3d489d17825052632ee9b96dcad634;recovery_project:bc67c17f3873991bc3dfb7a3bf782153d81838402a9c6057de4be9a854549a9a;local_runtime:bc67c17f3873991bc3dfb7a3bf782153d81838402a9c6057de4be9a854549a9a
forensic_a,docs/current_corrective_operations.md,fcb93e7a0666eabbbcf5e79f6815458c180cbb1a58ffa926e75b4c00d8230ef9,working_git:7ae6a1e426a518925eae283f9edf0d822186b5b8b7b10564efd505333195d7d2;recovery_project:38326ce0f34668492a218c6af1b02f67524e3f145ab18477167aed7097df17b2;local_runtime:38326ce0f34668492a218c6af1b02f67524e3f145ab18477167aed7097df17b2
forensic_a,reports/workspace_alignment_status.md,ffb2f15b357298c2866dea5931d07a7e6ce15f2c3fdeb038923594e1ae9a55d7,working_git:773a4fc003623950c77028c8537d5a1e06c71c21240492322dccc99bda2de692;recovery_project:773a4fc003623950c77028c8537d5a1e06c71c21240492322dccc99bda2de692;local_runtime:773a4fc003623950c77028c8537d5a1e06c71c21240492322dccc99bda2de692
forensic_a,reports/active/artifact_index.csv,cf9cb3c435ff146d596c86ee679e069547c97096b76fa3a5906073d0dfeb5466,recovery_project:6bcaa898bda49f988d737e838301a07e17cf65ddf514ce6ebce5579ac5b18eb8;local_runtime:6bcaa898bda49f988d737e838301a07e17cf65ddf514ce6ebce5579ac5b18eb8
forensic_a,reports/active/canonical_wizard_hyperliquid_contract.json,2f975e200a65ec70536e5f316e398360ce62184d64cb12b26ca923ce84148895,recovery_project:3b868b0daf019273177771da6f573fdde8df9117d36d6b55c944adc599ecf079;local_runtime:3b868b0daf019273177771da6f573fdde8df9117d36d6b55c944adc599ecf079
forensic_a,reports/active/current_state.csv,c9c7379a246e57d3efba217a12de2274ede3b0aef697f9b380a55f8195d27452,recovery_project:0060bc6467a72d77d5ef3a7efe0238be9b290e8af29c2ded817fb06d35bb3fc9;local_runtime:0060bc6467a72d77d5ef3a7efe0238be9b290e8af29c2ded817fb06d35bb3fc9
forensic_a,reports/active/current_state.md,586023b95211c116ccbae2191877af8d6ae3c1a5c4bd496dd207f6eda4653767,recovery_project:d2d399905babd5eee387746476a28ac231e3e11e20217c1a5143eecd8c44b9cd;local_runtime:d2d399905babd5eee387746476a28ac231e3e11e20217c1a5143eecd8c44b9cd
forensic_a,reports/active/evidence_registry.csv,be9b2b3c106bc685d9bb2814c98beb48f53c0ac83910c14c6c5f2e677395360f,recovery_project:99245f7f6e2d6deb1463f21ae8763e64a5a6c643d4bea3de614a2ac994f313a9;local_runtime:99245f7f6e2d6deb1463f21ae8763e64a5a6c643d4bea3de614a2ac994f313a9
forensic_a,reports/active/evidence_registry.md,4b628c066badbc000813a7ab1a94d70340f8b16053d440b3639967d76702a19b,recovery_project:0c5c60534e62934b93e4d9a17d3140b6945dd377103f10c6964cd329a204ca87;local_runtime:0c5c60534e62934b93e4d9a17d3140b6945dd377103f10c6964cd329a204ca87
forensic_a,reports/active/evidence_source_health.csv,d39d18138ed3c0c970c9730a0b590d3f1b3b38920ae465e68be86c31b15f7de4,recovery_project:48e8aa011abd84d1aab8b9ca0a7d6d24676087917ed8d2f7cbcbc55d2c87b2f9;local_runtime:48e8aa011abd84d1aab8b9ca0a7d6d24676087917ed8d2f7cbcbc55d2c87b2f9
forensic_a,reports/active/system_check.csv,41e5d39e711adb409a8d4b55ad7ae0cf3d9b150c677358dfd53b7736e2b01fc5,recovery_project:d86670f9a4efafe173a5a521290399ffd77ab41fc6df8f3ae0685301a7254286;local_runtime:d86670f9a4efafe173a5a521290399ffd77ab41fc6df8f3ae0685301a7254286
forensic_a,reports/active/system_check.md,e9753a15f5031eae5161a5ed89c4839bcd560e43e3c29b2c5c64486d1bc2116e,recovery_project:662b4892609f91a202893c7c85d61a83055720963a31b98c284e9a258d0e0d8b;local_runtime:662b4892609f91a202893c7c85d61a83055720963a31b98c284e9a258d0e0d8b
forensic_a,reports/research/udemy_transcript_vault_manifest.csv,809498fc7fa05c742ac1922c9cde9085f4e3d51ecb2d8ea71dbdb8bcb3bb0482,recovery_project:7b8b03458d54d0cb5ad573b333bc0c9c42a25fb484c9331312685ffc1f397920;local_runtime:7b8b03458d54d0cb5ad573b333bc0c9c42a25fb484c9331312685ffc1f397920
forensic_a,scripts/build_corrective_checkpoint.py,33e1f176ef73f3fc5f4e0c28c1409146ebadb5a418cda085ad41c92f46339094,working_git:020423b83689da87245c3f9725996f3eb1048a1449d8e528909ccd3fee2d4c5e;recovery_project:346641ad47e755de7a20e8c778a2a83d55ab8e8646f397946bb84f841c8c3e8e;local_runtime:346641ad47e755de7a20e8c778a2a83d55ab8e8646f397946bb84f841c8c3e8e
forensic_a,scripts/build_current_recovery_checkpoint.py,e17c86327b82d986a8729519ba437b3e6bc2ac9b73b8095910b75d824dddd665,working_git:ddf254e87562d648eb4e51912aab6155489af880fb61628d5b9b866d986bcd9f;recovery_project:2efead7edc86b63f4e29d72c8bec8cab63ec121ae5b1eafcfab785784d45bc01;local_runtime:2efead7edc86b63f4e29d72c8bec8cab63ec121ae5b1eafcfab785784d45bc01
forensic_a,scripts/ops/validate_workspace.sh,f90f83d69e1172ba062bfb1fd6718f5d53ab8d494aac588b4a170be3a1db3408,working_git:a6ae1f0378370bbf25ef8de1a7e4e54f4c1ab3893df1d12db400cb4bee00d079;recovery_project:ee7ea641d5a4a06ea16672355da996e30610784507e3d2fa0201055ff5a31274;local_runtime:ee7ea641d5a4a06ea16672355da996e30610784507e3d2fa0201055ff5a31274
forensic_a,src/quant_platform/active_pipeline.py,5dc95e086dc4a531b604b0fecf4d621c80d760fd096956285c552e77175516c4,working_git:2a1abd88823ab5080b26a83eaf906036a1635ed266fff5a2c56936debb3f1685;recovery_project:ef84d959b794014badeb8a4d8099f972248eabef71c6e89f2e63e232a93d6348;local_runtime:ef84d959b794014badeb8a4d8099f972248eabef71c6e89f2e63e232a93d6348
forensic_a,src/quant_platform/backtest.py,104c2ea21bd9296252486bff9fe8e8d6efd9e2276f68fae0487962a12156c6b3,working_git:0a060a6541ca24b9e5c310e3d632ed36283fd69fb9ad063dcf99a6b3059ce75d;recovery_project:a5988596d59144eac0cc8fea4a143b9cabfefbe2ee649b83e57764814cd0ee4f;local_runtime:a5988596d59144eac0cc8fea4a143b9cabfefbe2ee649b83e57764814cd0ee4f
forensic_a,src/quant_platform/cli.py,d36964b2257ee39cfce4f4eeb3eb5cfa8b7c7c26a3a8511314968ca45ec54bb6,working_git:3a02690323ac110b1707da6e6fcd9b643705a66e13c80f15e2039e1846b65e9d;recovery_project:6cd07d5ff430bfc559d509614406b97df38b156dcd1cb7fd93dcb00dc59ff3f8;local_runtime:3569bc8e33e92ad6377453f86a2b89914d7cca5b27dcea7cfcfd783a7abd5bc6
forensic_a,src/quant_platform/crypto_wizards_dashboard_capture.py,457ad94e9ae6f7181af26f9e8e31e6d9e6282dfffd7d8ee7ad748b5b51d14d2e,working_git:03441c3a6dfd5d5547b56ce13bacb9cde23c935760cb551d731ab5461e362b6c;recovery_project:03441c3a6dfd5d5547b56ce13bacb9cde23c935760cb551d731ab5461e362b6c;local_runtime:03441c3a6dfd5d5547b56ce13bacb9cde23c935760cb551d731ab5461e362b6c
forensic_a,src/quant_platform/crypto_wizards_sweep.py,488ac159c65945aabcdad329c99db5eeb44757aa2586d13976478451d4c4f30d,working_git:e674761bff215c432b2301ddeed65f5c0002150800028eb87f5907105935e6fa;recovery_project:06394686395343b5ca39ccf019b6d7cfb6403a70ac68db2c7d7e24c23fea8152;local_runtime:06394686395343b5ca39ccf019b6d7cfb6403a70ac68db2c7d7e24c23fea8152
forensic_a,src/quant_platform/evidence_registry.py,37e83bc266f738cd22f158b7bc8d3b66d7fbad580ec72924c8dc67a51793b2f0,working_git:35a4a0b22795f28d30ac2e6010cc12ddcc1971c3ca2353ef1fea16e33d998c64;recovery_project:35a4a0b22795f28d30ac2e6010cc12ddcc1971c3ca2353ef1fea16e33d998c64;local_runtime:35a4a0b22795f28d30ac2e6010cc12ddcc1971c3ca2353ef1fea16e33d998c64
forensic_a,src/quant_platform/formula_registry.py,7c6300f5278e840f41aa598fe7a74cc8a1398db4d0370d5ed6219b137adc170b,working_git:20b03bf025a175c348c736b705d45445672ce37d57b2b9aad803e7f764432dca;recovery_project:95cf022ae89aff0fc96f8a2cacb45a3aed722be96f3eaf9348a13823e8f8384d;local_runtime:95cf022ae89aff0fc96f8a2cacb45a3aed722be96f3eaf9348a13823e8f8384d
forensic_a,src/quant_platform/hyperliquid.py,6f423c1e1c5f7a17f0956fce135455c79d664f6082ffe2c9a10e44e78e4dec64,working_git:ba2c7b24291bbe78de83a5dd75ad077af04b3c5207b5a327237844ae95ac454e;recovery_project:f16aea476b2631f05a6b2ee3cfc9694e8a2d65ae8f38e25924f4263f92c80425;local_runtime:f16aea476b2631f05a6b2ee3cfc9694e8a2d65ae8f38e25924f4263f92c80425
forensic_a,src/quant_platform/math_v2_acceptance.py,c32dfe8409c0b299f4b8a38d0dcdefb3f79e88b05a91b8c445a473e760c4d090,working_git:9e3c07290413ae40d50e8136d71901e8055704a058601f5833a530cdf8c9077a;recovery_project:a01ef2e6e2d81794ed6b37bd71b02b05378d38c983328f8a49929963c8c135f1;local_runtime:a01ef2e6e2d81794ed6b37bd71b02b05378d38c983328f8a49929963c8c135f1
forensic_a,src/quant_platform/ml_filter.py,bb156cf2c686aa3cafcf77744f4948cd211bef967654c33b6b6aa45fdbd5d063,working_git:7df2adb5c9044d9cfaa7d0a0280ea4207272fd90f22115e3ec49833d5bda2fed;recovery_project:7df2adb5c9044d9cfaa7d0a0280ea4207272fd90f22115e3ec49833d5bda2fed;local_runtime:7df2adb5c9044d9cfaa7d0a0280ea4207272fd90f22115e3ec49833d5bda2fed
forensic_a,src/quant_platform/performance_math.py,4a354c2ebe0c84d41a7f654823133299545ae7df9e46a3044b3d86dc9db46d38,working_git:59d7107be24495da625e92224cafc331ef88d5c8b8832ddda270d8bdffffb68f;recovery_project:85437a9e757192d7ef3284e50d90d88c79348ddac430c9b0e1880201f901fae7;local_runtime:85437a9e757192d7ef3284e50d90d88c79348ddac430c9b0e1880201f901fae7
forensic_a,src/quant_platform/regimes.py,f0e6f59f7b1347964e5591f15f7c9b321b7c80ed22f2c20a97fe81109691092c,working_git:3932d3e3ca5482579c24b8abf342ffa7f37741a5306d09e21033ac9d6b75df98;recovery_project:3932d3e3ca5482579c24b8abf342ffa7f37741a5306d09e21033ac9d6b75df98;local_runtime:3932d3e3ca5482579c24b8abf342ffa7f37741a5306d09e21033ac9d6b75df98
forensic_a,src/quant_platform/research_extract_udemy.py,9bb0650d7b09d6633883d89dea9ba27a81ee773bd599db17a88dfbd6f361193e,working_git:1f35afd9fffa5de8907bf93b1c499a25c70dbc20f90f11eee36c18d3b4c30969;recovery_project:1f35afd9fffa5de8907bf93b1c499a25c70dbc20f90f11eee36c18d3b4c30969;local_runtime:1f35afd9fffa5de8907bf93b1c499a25c70dbc20f90f11eee36c18d3b4c30969
forensic_a,src/quant_platform/research_paper_math_audit.py,c4623c713afa59b999f760324ce2093f6a7a0e14a02a45e5c89f39a65ac7302c,working_git:d36d2849aea7cdf0a96d89c1235f9218e6179f4c2837e8ef1fee39ef2be81f49;recovery_project:d36d2849aea7cdf0a96d89c1235f9218e6179f4c2837e8ef1fee39ef2be81f49;local_runtime:d36d2849aea7cdf0a96d89c1235f9218e6179f4c2837e8ef1fee39ef2be81f49
forensic_a,src/quant_platform/research_paper_reproduction.py,dfbaf466f946a4898d395808a78cb9bceb3fd4938c6f3b0d3cdb8baa1dbbc393,working_git:067d095e3a6f69f805a9b2e4ad0d4b7930d61d3f0b7decfa12fe3a2d087d357a;recovery_project:1f1d7bd7a6856cf8c88f63f0c1dc5fa66924dfbb55c5366e4123aed813953655;local_runtime:1f1d7bd7a6856cf8c88f63f0c1dc5fa66924dfbb55c5366e4123aed813953655
forensic_a,src/quant_platform/research_paper_reviews.py,b066811fa9c32b5275ee289d68e272d6d84a3a99ed3343aa39ecb9d146ef6a93,working_git:a4de48be60d00b138387844a0811e9e8dc0e43b73f8bae056133bc13d0a31077;recovery_project:a4de48be60d00b138387844a0811e9e8dc0e43b73f8bae056133bc13d0a31077;local_runtime:a4de48be60d00b138387844a0811e9e8dc0e43b73f8bae056133bc13d0a31077
forensic_a,src/quant_platform/research_papers.py,9af582cc464b0fb1d0a262301dc25fd069e574393a55e5df7d49d904ed6f379f,working_git:aa3e280256620fc32acb55ffbc1c1486c8a720a312a1d19ddf5270750fbbd9ec;recovery_project:aa3e280256620fc32acb55ffbc1c1486c8a720a312a1d19ddf5270750fbbd9ec;local_runtime:aa3e280256620fc32acb55ffbc1c1486c8a720a312a1d19ddf5270750fbbd9ec
forensic_a,src/quant_platform/three_brain_system.py,0169408a8cb0c2a64c779a2ddb9f5067217c3a0e17f58722b165f642716dc210,working_git:52e84d769918a230f46472a62db4b63e4ff5833b6c691c43420f6537c071bcfc;recovery_project:6fd803fa4d6e2d53a574ce68c453cdebcda48bc074ba6c0ef66e09b3172def77;local_runtime:6fd803fa4d6e2d53a574ce68c453cdebcda48bc074ba6c0ef66e09b3172def77
forensic_a,src/quant_platform/udemy_math_reconciliation.py,c2244496c8154dc1ccd53291cdfb5ba38858377dfe07538660af3b17fa57a1ba,working_git:34b1c64d79f02895cecad45d2a6350298c35ce155aaa0bfdcfc23767558a2d39;recovery_project:34b1c64d79f02895cecad45d2a6350298c35ce155aaa0bfdcfc23767558a2d39;local_runtime:34b1c64d79f02895cecad45d2a6350298c35ce155aaa0bfdcfc23767558a2d39
forensic_a,src/quant_platform/udemy_transcript_vault.py,3763996d3d057017a7dff83e484437e92f9c946b8ee598b93a6c04a20affcf5f,working_git:ff012e64d578a4205aafd200c85bac1c2ceada32ce1ec0c57151b2f666546629;recovery_project:ff012e64d578a4205aafd200c85bac1c2ceada32ce1ec0c57151b2f666546629;local_runtime:ff012e64d578a4205aafd200c85bac1c2ceada32ce1ec0c57151b2f666546629
forensic_a,src/quant_platform/wizard_credit_ledger.py,cb11865bc44d8313806da3832d995e1785a8f75a94f6af96d21e8002e5411620,working_git:d1309095ea6f092270ad02d78429d8e1e3f063488443f963cbd551d8704e0b5b;recovery_project:88c22602a731f0d370f83dbc312db20590fdbf3c37789daf1195df62ac620256;local_runtime:88c22602a731f0d370f83dbc312db20590fdbf3c37789daf1195df62ac620256
forensic_a,src/quant_platform/wizard_mode_replay.py,fa8c4a08fd8a1de226eb556d8b0c87d362cc8989d6cb80cf21dbf134fe9c1388,working_git:775e0a59735974984a9a4fecef6ca5afa97396e58ffe3e5d78fb4beb9887aec7;recovery_project:83e1501e18cc00fb87a601da7d06b6558cdf8d69e8ef7e4b787cf2e32d37e99b;local_runtime:f1947c8c61777104ca1f0531cd459dd1ac397a1c21cb58c50cb883855ac29ac7
forensic_a,src/quant_platform/wizard_research_journal.py,6f1193577a1616d84663352d09ccb28bc449d6aebd09a96c2bb3521e2670cf6a,working_git:47e2a0fd119fb0bec555ac2a66f672a16fd573448e7e4cd4337d0d0ff8d57e3f;recovery_project:58117628715a5d4ab394b830db07e3aead2e63b2ac2b717cbc88fff3c233c46f;local_runtime:58117628715a5d4ab394b830db07e3aead2e63b2ac2b717cbc88fff3c233c46f
forensic_a,src/quant_platform/orchestration/canonical_wizard_hyperliquid_contract.py,a232430632f9b6b2ddad1210a619974a58a5e8550dacee370da8a2d57dd9df1d,working_git:df391e828306809adb3f202a68a5be25a35df82bfd79e5eac9f711afbb7eb116;recovery_project:df391e828306809adb3f202a68a5be25a35df82bfd79e5eac9f711afbb7eb116;local_runtime:df391e828306809adb3f202a68a5be25a35df82bfd79e5eac9f711afbb7eb116
forensic_a,src/quant_platform/orchestration/corrective_data_evidence.py,819289989802d402dfe339300a3c3963f16ee7225c08ba57704cbaba6ecb516a,working_git:77de431827997e15a97c074d06aacd49badc674857f34c9ff836d361e46f1610;recovery_project:1af658bd376d50f44f1440d0f991f2f02001a47715823a44bb48075e89bf928f;local_runtime:1af658bd376d50f44f1440d0f991f2f02001a47715823a44bb48075e89bf928f
forensic_a,src/quant_platform/orchestration/corrective_l2_scheduler.py,a588842b5371d1fa6a0efd909b1cc7b441991fa446244a4f03ef23bdfe454b44,working_git:5e0ecbf71cd32293231b58d2fd6c60b456d820befe15919be982016731de4e86;recovery_project:5982ba3555ace1a887a6ffdf145ca64bcda54161ff34171899c47e71d9ccc5fa;local_runtime:5982ba3555ace1a887a6ffdf145ca64bcda54161ff34171899c47e71d9ccc5fa
forensic_a,src/quant_platform/orchestration/corrective_scheduler_lock.py,d3c2dc0d068f8a26ad08bb1eb955a971729130a7c5ebec437ff153e8e3111e6f,working_git:cbef6e90ea37170d6933b87c7f469aa1d9f7306ef7afc05934dd1cd6f597aedd;recovery_project:3ea56f7571c6b605b2ce1eacf29dd0164a768fb1063c0ef4673afdaa1c936ef5;local_runtime:3ea56f7571c6b605b2ce1eacf29dd0164a768fb1063c0ef4673afdaa1c936ef5
forensic_a,src/quant_platform/orchestration/corrective_wizard_ou_v6_terminal_closure.py,6b2db77d8b2db77ed28c26b23510f36364ab1bd612ccf3c873bf0cc73d1c507d,working_git:ea6949799671fc28a9ab19a43e66605b54a3642a90fa852c99f911e06934bdf7;recovery_project:21f1377a0bb35862a2c691a00f4f30a5b0676af3ed4b8c9a9a7da17f9bc67269;local_runtime:21f1377a0bb35862a2c691a00f4f30a5b0676af3ed4b8c9a9a7da17f9bc67269
forensic_a,src/quant_platform/orchestration/current_wizard_hyperliquid_costs.py,ccad6a4eb9c41754e478e9cd5465c9c9c559c1071eefb3df950bdd8bcaea9d40,working_git:fec643b2eedf87b31bbd72771c553a9f271196e253ab56fd62052bea4725facd;recovery_project:e81e682dd626d1edef9210405b4e746afed9eb1555376990bcefe46773c805ec;local_runtime:e81e682dd626d1edef9210405b4e746afed9eb1555376990bcefe46773c805ec
forensic_a,src/quant_platform/orchestration/current_wizard_hyperliquid_evidence_command_center.py,28161a404dd0bbdd61aa1c099779e3f875d7e58c19377e12f8743389c45b9381,working_git:5babf2daecb550809c9802b65b3aad13b856ff616da9ae64288a32c78e2e11c3;recovery_project:5babf2daecb550809c9802b65b3aad13b856ff616da9ae64288a32c78e2e11c3;local_runtime:5babf2daecb550809c9802b65b3aad13b856ff616da9ae64288a32c78e2e11c3
forensic_a,src/quant_platform/orchestration/current_wizard_hyperliquid_failure_attribution.py,dbba2e4f0bff1d145776bf85e161acd44ec83c60e0633d85762d83804f1797fc,working_git:8731eab72e9489a01d0c0c1357359a53c973251d46f9dcb1ba444616309756c7;recovery_project:b2c27b1a03db035e59b22611a3240926ba700b2f66d6625742880b8b08820b21;local_runtime:b2c27b1a03db035e59b22611a3240926ba700b2f66d6625742880b8b08820b21
forensic_a,src/quant_platform/orchestration/current_wizard_hyperliquid_math_comparison.py,b63154d952f59c9f2a87b4f13fc8f97250c572213c9995ba903d9032e6c9068f,working_git:61fbf6f444d7c56018e48147e795f4a4a9c7250102ba33fd53941998ff2a2a59;recovery_project:61fbf6f444d7c56018e48147e795f4a4a9c7250102ba33fd53941998ff2a2a59;local_runtime:61fbf6f444d7c56018e48147e795f4a4a9c7250102ba33fd53941998ff2a2a59
forensic_a,src/quant_platform/orchestration/current_wizard_hyperliquid_replay.py,6f654eb7580b3d9ac5dcf42f5110e2b1ad61dc8745def385e7dab4a9128bc700,working_git:a90af31eceafef9a02f46b07e93e1f4142556140cbdbdf56e3d168756486efb8;recovery_project:36473978e4aeb4b46ced4959721038e3d3dacbffd0e74eaaa655d60f83d7aad3;local_runtime:36473978e4aeb4b46ced4959721038e3d3dacbffd0e74eaaa655d60f83d7aad3
forensic_a,src/quant_platform/orchestration/current_wizard_hyperliquid_storage.py,ea44a5db59458f4fa1460c5bba7e6828f1f874bbb9aea3c32b1b5aab020e873f,working_git:8f2746e256178e038d64f6a289cc0d524a4f579751a525eb8f58201360977028;recovery_project:8f2746e256178e038d64f6a289cc0d524a4f579751a525eb8f58201360977028;local_runtime:8f2746e256178e038d64f6a289cc0d524a4f579751a525eb8f58201360977028
forensic_a,src/quant_platform/orchestration/current_wizard_hyperliquid_validation.py,4974c0aaa689d77aa08484834ab34f8b165f3392bcc2afc0e46e279eca02b603,working_git:00c04bd67c86f437fd9499bca391c13d29c99e404d5c2d7417ded3d4598bdaa8;recovery_project:593445e745c82710665181b0ab109394b915937989eea54230d8f649c5447f62;local_runtime:593445e745c82710665181b0ab109394b915937989eea54230d8f649c5447f62
forensic_a,src/quant_platform/orchestration/current_wizard_hyperliquid_walkforward.py,a76319c5ccccaf6ce90c2aec4e66e9c8c8015aff451c73d07dbd24e26877bebd,working_git:07fe0fe5ff96a827076c076966bf504ddb9198c0b8aedb2f6b3e4542a4f5d9d4;recovery_project:8ddb2dc98bec8a5fa46b3282b35e495540fda68bcebd1d516029a851852bad2c;local_runtime:8ddb2dc98bec8a5fa46b3282b35e495540fda68bcebd1d516029a851852bad2c
forensic_a,src/quant_platform/orchestration/exhaustive_wizard_api_refresh.py,667a036421adbc780abe15aaf936a6c83bb6a169505ff7e88cea858b3b2be955,working_git:08e7db497504d27f80a0f6f0a83848021d98dea53e53640b48a761aebe2a5f1c;recovery_project:856fbfb1a1a616b43e169f9ae602d5aada2de00bb50fde5853f95f80a8e1994a;local_runtime:856fbfb1a1a616b43e169f9ae602d5aada2de00bb50fde5853f95f80a8e1994a
forensic_a,src/quant_platform/orchestration/exhaustive_wizard_hyperliquid_canonical_replay.py,6d9c9e0ac76cafb9df083498c69d551003a3d11b61c3c88e05409a002b636b79,working_git:206dd4250504919b5249d965eeafa9b03ad832b7f53438092d87cde57527583c;recovery_project:206dd4250504919b5249d965eeafa9b03ad832b7f53438092d87cde57527583c;local_runtime:206dd4250504919b5249d965eeafa9b03ad832b7f53438092d87cde57527583c
forensic_a,src/quant_platform/orchestration/exhaustive_wizard_hyperliquid_cost_bridge.py,c2590a3a87ee45652f4fcc496d93c540f00897ecacabf8fc37d2006132398022,working_git:a119e29df04d56bcc2a1b329181632da51d3b34e9838f6c25b8c6054aee7524a;recovery_project:a119e29df04d56bcc2a1b329181632da51d3b34e9838f6c25b8c6054aee7524a;local_runtime:a119e29df04d56bcc2a1b329181632da51d3b34e9838f6c25b8c6054aee7524a
forensic_a,src/quant_platform/orchestration/exhaustive_wizard_hyperliquid_cost_evidence.py,4724c8c2a00e341966167140e49ad00b863f7dd3f2470bbc821ee061d4902643,working_git:3a3b1efc4f5d4ed580d950f2841c348faeac5e71dde99c845b2816e738f61aa1;recovery_project:3a3b1efc4f5d4ed580d950f2841c348faeac5e71dde99c845b2816e738f61aa1;local_runtime:3a3b1efc4f5d4ed580d950f2841c348faeac5e71dde99c845b2816e738f61aa1
forensic_a,src/quant_platform/orchestration/exhaustive_wizard_hyperliquid_leverage.py,96c17b635bd0ff082f72ca38755361daba63918d784318026c7d25ddb70a8c2f,working_git:f98c6e6feda78161242ebe367bd757accc69b56013facc8c834dc031c204cc50;recovery_project:f98c6e6feda78161242ebe367bd757accc69b56013facc8c834dc031c204cc50;local_runtime:f98c6e6feda78161242ebe367bd757accc69b56013facc8c834dc031c204cc50
forensic_a,src/quant_platform/orchestration/exhaustive_wizard_hyperliquid_observed_cost_replay.py,1478b3d664e060d4c46c228d51298c781a3fded38164ee93484708dce11c69d4,working_git:b16c38c3011096fd410b94dbd14c0974ae8a10b40f74a1f5c9b898782dbaf6ce;recovery_project:b16c38c3011096fd410b94dbd14c0974ae8a10b40f74a1f5c9b898782dbaf6ce;local_runtime:b16c38c3011096fd410b94dbd14c0974ae8a10b40f74a1f5c9b898782dbaf6ce
forensic_a,src/quant_platform/orchestration/exhaustive_wizard_hyperliquid_regimes.py,806167c8096af3eab9e216216e88519afa9df1e81a83a33d8d1b1be364b743a1,working_git:dfb5c1036f3fd85fa8a014956c5f383ac6155b28c6c069def16e24db0e40050d;recovery_project:dfb5c1036f3fd85fa8a014956c5f383ac6155b28c6c069def16e24db0e40050d;local_runtime:dfb5c1036f3fd85fa8a014956c5f383ac6155b28c6c069def16e24db0e40050d
forensic_a,src/quant_platform/orchestration/exhaustive_wizard_hyperliquid_replay.py,7271c8b8450a25e3e33ee15c6f5d456f736bf3d36186772e3919fbfe429a6d20,working_git:45ac2ac271388071e26bc62ea131aa7f55bdeda1f38fa578d513322953620017;recovery_project:45ac2ac271388071e26bc62ea131aa7f55bdeda1f38fa578d513322953620017;local_runtime:45ac2ac271388071e26bc62ea131aa7f55bdeda1f38fa578d513322953620017
forensic_a,src/quant_platform/orchestration/exhaustive_wizard_hyperliquid_robustness.py,d6f2079126a1e14ad5aa1849a641972fc1911551ea5fccfcafdd7bf9c69abd30,working_git:c182995189ea1095de0da50fd6734f4852cb6c69b7a83aba24e7f32baab32e1d;recovery_project:c182995189ea1095de0da50fd6734f4852cb6c69b7a83aba24e7f32baab32e1d;local_runtime:c182995189ea1095de0da50fd6734f4852cb6c69b7a83aba24e7f32baab32e1d
forensic_a,src/quant_platform/orchestration/exhaustive_wizard_hyperliquid_run.py,88d56b91b8aa8fe8428600a1b7907bae30330e02916dade5adee3b68082a8332,working_git:bb6c17c596b8cd42f11c6fa4d86aefde6e67722a7c3fed30d3165ef2d01a0faf;recovery_project:bb6c17c596b8cd42f11c6fa4d86aefde6e67722a7c3fed30d3165ef2d01a0faf;local_runtime:bb6c17c596b8cd42f11c6fa4d86aefde6e67722a7c3fed30d3165ef2d01a0faf
forensic_a,src/quant_platform/orchestration/exhaustive_wizard_hyperliquid_walkforward.py,b1674cc62cb7cbe3a5d051cabb3203c5a3d3071300d0d8b7baa1696e3ee01187,working_git:aa061b1ef764796c16280b1dd2ad878e47ac0fe9efdc11d448d16f13669b6727;recovery_project:aa061b1ef764796c16280b1dd2ad878e47ac0fe9efdc11d448d16f13669b6727;local_runtime:aa061b1ef764796c16280b1dd2ad878e47ac0fe9efdc11d448d16f13669b6727
forensic_a,src/quant_platform/orchestration/hyperliquid_research_validation.py,09c8d1c153a6f90504dde0e11d75ee50c76ffead4d4d3bb9151bd79ac4648a94,working_git:d4192688debe2e1d85978daeba47d5e62c0fcacc6544ca5e84295d4b43c9f4d0;recovery_project:d4192688debe2e1d85978daeba47d5e62c0fcacc6544ca5e84295d4b43c9f4d0;local_runtime:d4192688debe2e1d85978daeba47d5e62c0fcacc6544ca5e84295d4b43c9f4d0
forensic_a,src/quant_platform/orchestration/teacher_evidence_materializer.py,dba45be2f62ee814617620eca96e6e2c0cb435d0eaa12a6844511d034390bc78,working_git:742c7c52a9bf450c36d950f6be98313a956013368169d1de2734a9ec990b5816;recovery_project:4ea664abe060d908d15252f42315d67b736471f5896d11d5f8ee89f6011d2771;local_runtime:4ea664abe060d908d15252f42315d67b736471f5896d11d5f8ee89f6011d2771
forensic_a,src/quant_platform/orchestration/versioned_learning_comparison.py,6873b5e30fb7825a9a3fb3ff11bf33fee00ad7b12d0842648874764e33234f48,working_git:77e98ae9811c2f375e463ebfbf80f3ceb2f4ad7a6a9128ab735a2020bc87c11e;recovery_project:77e98ae9811c2f375e463ebfbf80f3ceb2f4ad7a6a9128ab735a2020bc87c11e;local_runtime:77e98ae9811c2f375e463ebfbf80f3ceb2f4ad7a6a9128ab735a2020bc87c11e
forensic_a,src/quant_platform/statistics/math_v2.py,cf9da8c24bb5b9bd431649970dc74192daecb4b359da267b96228ebcbdaf3244,working_git:140a36a04812959002b5865562d3ef44c422449a1ff5312d8a998c604930e187;recovery_project:f40fbd88078e96c9793242bb1b73cd8ce9853942707899d3c0c87e6c897257cb;local_runtime:f40fbd88078e96c9793242bb1b73cd8ce9853942707899d3c0c87e6c897257cb
forensic_a,tests/test_cli.py,bc1f9dfd2f8618b73c9a8fabf02763093a103fa95ca8aa6f0f771bd0248bdf18,working_git:9f0b80e555a896dfbfac2983417eaabe17333828eab908ae26560dbf25948eb3;recovery_project:6fe641c4ee96cf74aaed3b53683902b1e6a9c2ca865717f4d096b74b88591fb9;local_runtime:6fe641c4ee96cf74aaed3b53683902b1e6a9c2ca865717f4d096b74b88591fb9
forensic_a,tests/test_corrective_wizard_ou_v6_holdout.py,419792c4e41d3d687f106f3856747c5cc0f030d177641145f5c69e5982d6da73,working_git:7e6a111f326e99fbc20eb1db2fed58ee67470e7183f8828073a25fff19fcc83e;recovery_project:8260cc4b20e429b1a1165857b0cdfb88af7d4388f84e5d68936bbc53d4557cc0;local_runtime:8260cc4b20e429b1a1165857b0cdfb88af7d4388f84e5d68936bbc53d4557cc0
forensic_a,tests/test_current_wizard_hyperliquid_handoff.py,5c757bac58d4f59abc934a747478b01e1326e5ab086d5f1708180f1dfc581295,working_git:72e7598b1dd1ce8840ecdeddc8d8c8c6e55ec8aa76038081bc4052c81ba8d2b7;recovery_project:29f8bc76870555f7d4904ad41c7e0e262b366b31447bc11d33bdf9a70af75353;local_runtime:29f8bc76870555f7d4904ad41c7e0e262b366b31447bc11d33bdf9a70af75353
forensic_a,tests/test_current_wizard_hyperliquid_math_comparison.py,d4b28a2f03d1ee1ab1ca1a6d49023f2d592a77dc8a43dd6e0edf24ffa2b652bd,working_git:6e5c3b773124226da2ca16dda83c1b4a5d723b80acd1b96c087e850e83c65349;recovery_project:6e5c3b773124226da2ca16dda83c1b4a5d723b80acd1b96c087e850e83c65349;local_runtime:6e5c3b773124226da2ca16dda83c1b4a5d723b80acd1b96c087e850e83c65349
forensic_a,tests/test_exhaustive_wizard_hyperliquid_replay.py,1110a792d727ba319428cd51019ddb58959774fea861b7700bbe245c28e5d082,working_git:19c2c7f983e9f37ef86200601537b902bbab305040452e83f158de75bf2d4675;recovery_project:19c2c7f983e9f37ef86200601537b902bbab305040452e83f158de75bf2d4675;local_runtime:19c2c7f983e9f37ef86200601537b902bbab305040452e83f158de75bf2d4675
forensic_a,tests/test_hyperliquid.py,7cbcf906a7c6e19faac16630361aa14d1cfa35b78250f78981fcc8819fc7412f,working_git:20566317f90aafd44810459524a664d12a11b810096a7d258b583a9933645881;recovery_project:8cf9955b1c155f848ba3f89e885096bbca954d4c241605690a0dbeae6b8417f4;local_runtime:8cf9955b1c155f848ba3f89e885096bbca954d4c241605690a0dbeae6b8417f4
forensic_a,tests/test_ml_filter.py,6d9fac418448eeef73b0718f7b8232b8188a129fa0f4f5f4a6bb1fe03809cca4,working_git:018b984961fcc084ca256de41afa630555b6e26a174d44a39656a2cf16af8a74;recovery_project:018b984961fcc084ca256de41afa630555b6e26a174d44a39656a2cf16af8a74;local_runtime:018b984961fcc084ca256de41afa630555b6e26a174d44a39656a2cf16af8a74
forensic_a,tests/test_performance_math_v2.py,4f276f987dcaf7ab5a711aedc84a261330f4ea08f48990d98e5fa9c178e8343b,working_git:1e9337be0a4916c8c4d71d65bb1a8ad05b954ead1ab112abb6efda83864ca2dd;recovery_project:1e9337be0a4916c8c4d71d65bb1a8ad05b954ead1ab112abb6efda83864ca2dd;local_runtime:1e9337be0a4916c8c4d71d65bb1a8ad05b954ead1ab112abb6efda83864ca2dd
forensic_a,tests/test_research_paper_reviews.py,947da823cf84ca6ac2dd2ff29a3f4a522bec7997a58de433b84d13bb29291ad4,working_git:a89805a0fd199f586e4d5431f91de6c2ae3a81a3445d48fe3e2b848bdd1f7ab6;recovery_project:a89805a0fd199f586e4d5431f91de6c2ae3a81a3445d48fe3e2b848bdd1f7ab6;local_runtime:a89805a0fd199f586e4d5431f91de6c2ae3a81a3445d48fe3e2b848bdd1f7ab6
forensic_a,tests/test_statistics_math_v2.py,d954acb64472eff879f04c7b66cb25f0e128b93fecd3fc7270f006867d51bb69,working_git:a1b8231d30f2f68faa82b82ca60a2821e1c94837a7227204ebc36acffd309061;recovery_project:e7ef9be795b1fc48e583eb7a74f317b6df68d26f70b1eb3ae4da3fd0f9b8a92d;local_runtime:e7ef9be795b1fc48e583eb7a74f317b6df68d26f70b1eb3ae4da3fd0f9b8a92d
forensic_a,tests/test_teacher_evidence_materializer.py,2c2e1d1b9c0af859b7ae3946df23c4ddf4663407f2f1e410b4292fa780f5ef3a,working_git:a37bbf14009cd3ba553c91d45cce75ae39a27fb02338eca835301f1d8f241ceb;recovery_project:cea9cae309008f8f44b92143d1664d163405fec3dcd2d89d0cc3c3a1da2bd596;local_runtime:75937bd4d7b311743f4361cb967f7ed099b4675d47e2af2b343fcb2abe922ed7
forensic_a,tests/test_udemy_math_reconciliation.py,1ed54617df7868692f7efbb44445936d1284bd8225da2b1a37a59dd1e9dbbec3,working_git:fb68e6893021f0cb7937210510d420af0a134deb4b47660c4d50e6ceb4a0e5b9;recovery_project:fb68e6893021f0cb7937210510d420af0a134deb4b47660c4d50e6ceb4a0e5b9;local_runtime:fb68e6893021f0cb7937210510d420af0a134deb4b47660c4d50e6ceb4a0e5b9
forensic_a,tests/test_wizard_credit_ledger.py,94c4019f22682451e7b70f6437bb265781a255d67cee56fbf769a428e5596773,working_git:ea8d7d16b5e83fe29578d04893d2b3798463b9737388d16d319bd9e58dd1dc54;recovery_project:d3a2a164b7e0385f87bfe314b26ff53f4f015fd7aa91726bae8172da55195107;local_runtime:d3a2a164b7e0385f87bfe314b26ff53f4f015fd7aa91726bae8172da55195107
forensic_a,tests/test_wizard_mode_replay.py,cc80a59c4d1bb14e2ab075e4de2046d19cd7a4947658655110be4d654b9c31e5,working_git:96ee5f0bbea469cda5ba9ccd2a62efde993bd7b3af8b6d57ad0858197f13550f;recovery_project:f80759057e4bbd20baa2344f9b4f6d12bcd559edd6cf6635ed2ea82f62ae8e61;local_runtime:3dffcd85ba236e20df4ab7c334c5a7a2913f98db4525809ba9a4d134cefe0aa0
forensic_b,.gitignore,8990aa900988cd65b9ce0dac05761928fe223d8d3251b50a7252b8f8086c1ffd,working_git:dc5d9009ab4fdabd6f5bee10c6d876ab382a977c9e316606a0f1458623c06f0b;recovery_project:72e387cbb53032e4de7d9d4e9929c54581e02474333466898a46d2b06aee5ef8;local_runtime:72e387cbb53032e4de7d9d4e9929c54581e02474333466898a46d2b06aee5ef8
forensic_b,pyproject.toml,a311ff77f4662dc08089616b7ec07a0dea4a4d214fc1ff94d7340ee59f56b9af,working_git:b3eddc87483f8b31a1b3e4d68a68cda447f2d7ff1eb491f08e2d157128d67981;recovery_project:9d7c24ea6551dd54e361c983f8039d0936728818a9e8036e2d5379465f29a6f1;local_runtime:9d7c24ea6551dd54e361c983f8039d0936728818a9e8036e2d5379465f29a6f1
forensic_b,uv.lock,f203179ba6e53f36ca60ddf50287587a740a5b06e30303ed21c8152bc2d381d9,working_git:c8955d2a94ad5d7c97da861cab9db9a32d3d489d17825052632ee9b96dcad634;recovery_project:bc67c17f3873991bc3dfb7a3bf782153d81838402a9c6057de4be9a854549a9a;local_runtime:bc67c17f3873991bc3dfb7a3bf782153d81838402a9c6057de4be9a854549a9a
forensic_b,config/corrective_artifact_retention.json,45c32dfe8207e277a0e449511a994b727ab5d08c14c0df7976aee9ed5bae66db,working_git:24bfd020399006c025d48e95552ac4a2c02e6b7bf8641ca8fee6eb6e8a7f7300;recovery_project:24bfd020399006c025d48e95552ac4a2c02e6b7bf8641ca8fee6eb6e8a7f7300;local_runtime:24bfd020399006c025d48e95552ac4a2c02e6b7bf8641ca8fee6eb6e8a7f7300
forensic_b,config/research_paper_assessments.yaml,8ed4f963f5d4ae848102fbac25b32b2f56596245022485d32d2db6bec3546302,working_git:1a9c4c1d9aadcf07dff55b84d69c326b7195eaa5c2ba9460b7cd10cad48d4678;recovery_project:1a9c4c1d9aadcf07dff55b84d69c326b7195eaa5c2ba9460b7cd10cad48d4678;local_runtime:1a9c4c1d9aadcf07dff55b84d69c326b7195eaa5c2ba9460b7cd10cad48d4678
forensic_b,docs/current_corrective_operations.md,fcb93e7a0666eabbbcf5e79f6815458c180cbb1a58ffa926e75b4c00d8230ef9,working_git:7ae6a1e426a518925eae283f9edf0d822186b5b8b7b10564efd505333195d7d2;recovery_project:38326ce0f34668492a218c6af1b02f67524e3f145ab18477167aed7097df17b2;local_runtime:38326ce0f34668492a218c6af1b02f67524e3f145ab18477167aed7097df17b2
forensic_b,docs/formula_dictionary.md,694491ac6a3635f27939c34b5c8577f3e75157b887ab4623ce8a057400abb12c,working_git:e973494a9a724138930703528a1dace1adcc33f75d27c0f75be6d668b22c8b35;recovery_project:583d9329262ef0ef95455ff40c552e1902951b82e449a814f3df5f47f132c55b;local_runtime:583d9329262ef0ef95455ff40c552e1902951b82e449a814f3df5f47f132c55b
forensic_b,docs/quant_brain.md,d4232479fbef6a1faf233eca318689f398a797a2137b7d7a46da5bfb3531c041,working_git:db70affb1b56dfc4deda07b3b5781161b85c2052cd9b651ac231089f43326bbd;recovery_project:db70affb1b56dfc4deda07b3b5781161b85c2052cd9b651ac231089f43326bbd;local_runtime:db70affb1b56dfc4deda07b3b5781161b85c2052cd9b651ac231089f43326bbd
forensic_b,docs/strategy_registry.csv,7bf6bc248b39a782bef3bb77f7f53f9d0d63837adb3b7946569dd77cbf4f9297,working_git:7d371db27b21b65a6a1b2a3764aeae4fff48c344c7cec07666d5902685188f56;recovery_project:7d371db27b21b65a6a1b2a3764aeae4fff48c344c7cec07666d5902685188f56;local_runtime:7d371db27b21b65a6a1b2a3764aeae4fff48c344c7cec07666d5902685188f56
forensic_b,reports/dydx_execution_checklist.csv,3f2420e2de752bf3fe2874da37f9c23640402313edb1a5ff87ad8440ab80a948,working_git:94746d28f0c06686f279bd97887c065ad4e1d829f01888b0644187cc58959fdc;recovery_project:94746d28f0c06686f279bd97887c065ad4e1d829f01888b0644187cc58959fdc;local_runtime:94746d28f0c06686f279bd97887c065ad4e1d829f01888b0644187cc58959fdc
forensic_b,reports/learning_event_summary.csv,e1aa5b07c2f899e64b882537a0bf869ff4d636d02715e76edbb119a05058fef4,working_git:5938227a583744886dbcf875fb80664b2c96e2f084bc6d57848726c1650e8eff;recovery_project:5938227a583744886dbcf875fb80664b2c96e2f084bc6d57848726c1650e8eff;local_runtime:5938227a583744886dbcf875fb80664b2c96e2f084bc6d57848726c1650e8eff
forensic_b,reports/pair_detail_history_coverage.csv,f8ca527f461bf03cf2b7ce5327f3822ac243684afe24f43e1dab5e51a5c70011,working_git:688eba8a62519853eace7f19c27446b39636e0f9a5a1ee3dec9f053f64006e13;recovery_project:688eba8a62519853eace7f19c27446b39636e0f9a5a1ee3dec9f053f64006e13;local_runtime:688eba8a62519853eace7f19c27446b39636e0f9a5a1ee3dec9f053f64006e13
forensic_b,reports/pair_detail_quality_report.csv,1eafee85fa90cff60338255c9b84989a1505526f332d9b55ef315f50aad1b953,working_git:638a3c48f70622e5f69c9a25cd6c47ccf7ff57a591f2567f3838f1526d981893;recovery_project:638a3c48f70622e5f69c9a25cd6c47ccf7ff57a591f2567f3838f1526d981893;local_runtime:638a3c48f70622e5f69c9a25cd6c47ccf7ff57a591f2567f3838f1526d981893
forensic_b,reports/priority_action_plan.csv,ab4b43b6d92c3ac337071d86330e727a8b4383877caf2621eacb8ca3346288bf,working_git:4bde2eef42cfcfe7dc20f7b0a0768db505997dd197b13667c683fd325bffed4f;recovery_project:4bde2eef42cfcfe7dc20f7b0a0768db505997dd197b13667c683fd325bffed4f;local_runtime:4bde2eef42cfcfe7dc20f7b0a0768db505997dd197b13667c683fd325bffed4f
forensic_b,reports/priority_gap_test.csv,40924f273d7fa5c1d61ad5666f5684de8cec1f16df74f5505dc0e5fd6ef94136,working_git:186915081ca3ad912a04df7f72658470a850093b99e78178d99d88a697e72d47;recovery_project:186915081ca3ad912a04df7f72658470a850093b99e78178d99d88a697e72d47;local_runtime:186915081ca3ad912a04df7f72658470a850093b99e78178d99d88a697e72d47
forensic_b,reports/priority_readiness.csv,893ba545e928aef2c29909c0ffb8c14d4e52710ad5824efbd619b31d49e0ddc4,working_git:35e2f4f870cfb57f77ad22147d9b27994aff5e2bcb24ffae2514e4c199308231;recovery_project:35e2f4f870cfb57f77ad22147d9b27994aff5e2bcb24ffae2514e4c199308231;local_runtime:35e2f4f870cfb57f77ad22147d9b27994aff5e2bcb24ffae2514e4c199308231
forensic_b,reports/priority_spine_dashboard.csv,796067e915141d801e91fe6f142e40efcc37a10816541e4e3cd6d16827ae4e8d,working_git:a35749c39134b695eae9bb8bcd16e6b12b3349ffb1213c2541f99b8c15ea7558;recovery_project:a35749c39134b695eae9bb8bcd16e6b12b3349ffb1213c2541f99b8c15ea7558;local_runtime:a35749c39134b695eae9bb8bcd16e6b12b3349ffb1213c2541f99b8c15ea7558
forensic_b,reports/research_unblock_plan.csv,a5e443f60a837c40fbf6422d359a355873056cc82ba601534c71a124fc171f75,working_git:2e8407e367d333ec7273c738408486037cba7a6d12529194e83554dbf10b07c9;recovery_project:2e8407e367d333ec7273c738408486037cba7a6d12529194e83554dbf10b07c9;local_runtime:2e8407e367d333ec7273c738408486037cba7a6d12529194e83554dbf10b07c9
forensic_b,reports/strategy_acceptance_checklist.csv,942c110b8ae6f4e1cf0d65b4a1b3d0c30fd8e05dea39b992e442ae96f3272c8a,working_git:fa83143aba0ba1d6b9d178133ffa29b8841797df11c23c0c02c5fa75bf38e8dc;recovery_project:fa83143aba0ba1d6b9d178133ffa29b8841797df11c23c0c02c5fa75bf38e8dc;local_runtime:fa83143aba0ba1d6b9d178133ffa29b8841797df11c23c0c02c5fa75bf38e8dc
forensic_b,reports/workspace_alignment_status.md,ffb2f15b357298c2866dea5931d07a7e6ce15f2c3fdeb038923594e1ae9a55d7,working_git:773a4fc003623950c77028c8537d5a1e06c71c21240492322dccc99bda2de692;recovery_project:773a4fc003623950c77028c8537d5a1e06c71c21240492322dccc99bda2de692;local_runtime:773a4fc003623950c77028c8537d5a1e06c71c21240492322dccc99bda2de692
forensic_b,reports/active/canonical_commands.md,8dd6d2a451c5e61ceecedcd475930927ea6c5106c9bf8ee8ddc94517143977ee,working_git:c6084fb03f87577b111e63060d3da18b6c13b2be7b43161fbb4df34f26489e31;recovery_project:c6084fb03f87577b111e63060d3da18b6c13b2be7b43161fbb4df34f26489e31;local_runtime:c6084fb03f87577b111e63060d3da18b6c13b2be7b43161fbb4df34f26489e31
forensic_b,reports/agents/agent_effectiveness.csv,f54286a7d4fd95c234e832f9459b28828377e1e9acbaeea9d797229491b77c42,working_git:ab52ddc2249136ca8fab81676424400ebdf9f36de40fb15c00540c1c84319927;recovery_project:ab52ddc2249136ca8fab81676424400ebdf9f36de40fb15c00540c1c84319927;local_runtime:ab52ddc2249136ca8fab81676424400ebdf9f36de40fb15c00540c1c84319927
forensic_b,reports/agents/agent_learning_summary.csv,1041230e202374fc1d88f7663a90111ef8ba057e8a173c0aec52e38c07f6671e,working_git:327c6f0d796f55974a4fc09b1fcdb4966527ab994bffbe26c06a2d39e8b90c0f;recovery_project:327c6f0d796f55974a4fc09b1fcdb4966527ab994bffbe26c06a2d39e8b90c0f;local_runtime:327c6f0d796f55974a4fc09b1fcdb4966527ab994bffbe26c06a2d39e8b90c0f
forensic_b,reports/agents/horizontal_agent_scores.csv,f31508257be3ce16719cc20b167d3b92b0d705e62cc6072f3013a2f419cf5cda,working_git:a1f1af205d6cb348c17ecb25ac1678022c94ed9f56895b74a78ca6a83e7942d7;recovery_project:a1f1af205d6cb348c17ecb25ac1678022c94ed9f56895b74a78ca6a83e7942d7;local_runtime:a1f1af205d6cb348c17ecb25ac1678022c94ed9f56895b74a78ca6a83e7942d7
forensic_b,reports/agents/specialist_strategy_scoreboard.csv,5b4bcc3f9d9f85a166f8e4bab0213674a21bf4c448507bd1dcc5b435ff4ea9c4,working_git:5f4dc126aec04e6b83c7b08578648dd06146cc862ca070bc186c3fae518f19cb;recovery_project:5f4dc126aec04e6b83c7b08578648dd06146cc862ca070bc186c3fae518f19cb;local_runtime:5f4dc126aec04e6b83c7b08578648dd06146cc862ca070bc186c3fae518f19cb
forensic_b,reports/agents/specialist_strategy_scoreboard.md,5d093210cab19bb7fec5023e0c8c57b7c699573bf1bb8a7b37d790dd71d34f26,working_git:05570907cf979e4e4007e06a6b09d0694ce8acd97310592fa531e07f78632e02;recovery_project:05570907cf979e4e4007e06a6b09d0694ce8acd97310592fa531e07f78632e02;local_runtime:05570907cf979e4e4007e06a6b09d0694ce8acd97310592fa531e07f78632e02
forensic_b,scripts/build_corrective_checkpoint.py,33e1f176ef73f3fc5f4e0c28c1409146ebadb5a418cda085ad41c92f46339094,working_git:020423b83689da87245c3f9725996f3eb1048a1449d8e528909ccd3fee2d4c5e;recovery_project:346641ad47e755de7a20e8c778a2a83d55ab8e8646f397946bb84f841c8c3e8e;local_runtime:346641ad47e755de7a20e8c778a2a83d55ab8e8646f397946bb84f841c8c3e8e
forensic_b,scripts/build_current_recovery_checkpoint.py,e17c86327b82d986a8729519ba437b3e6bc2ac9b73b8095910b75d824dddd665,working_git:ddf254e87562d648eb4e51912aab6155489af880fb61628d5b9b866d986bcd9f;recovery_project:2efead7edc86b63f4e29d72c8bec8cab63ec121ae5b1eafcfab785784d45bc01;local_runtime:2efead7edc86b63f4e29d72c8bec8cab63ec121ae5b1eafcfab785784d45bc01
forensic_b,scripts/crawl_crypto_wizards_with_curl.sh,d6b9b7e464be0711d66413434fda342df2a35f212fbaad23e1018151a6b0de4b,working_git:dcc214cffda9d2d91c48a51cbf0368b5853859982abd7d1ad8ac2cc2586b1851;recovery_project:dcc214cffda9d2d91c48a51cbf0368b5853859982abd7d1ad8ac2cc2586b1851;local_runtime:dcc214cffda9d2d91c48a51cbf0368b5853859982abd7d1ad8ac2cc2586b1851
forensic_b,scripts/run_evidence_pipeline_phase9_final_promotion.py,62b5dd735428a2455d4cc0ca25f5941b9df6c8dad7704de7ce0c1414d835a1be,working_git:6dab32cd6990de1d53684333eedae71ea7d4b58763cd73a9bd97afdcb45d564e;recovery_project:6dab32cd6990de1d53684333eedae71ea7d4b58763cd73a9bd97afdcb45d564e;local_runtime:6dab32cd6990de1d53684333eedae71ea7d4b58763cd73a9bd97afdcb45d564e
forensic_b,scripts/ops/validate_workspace.sh,f90f83d69e1172ba062bfb1fd6718f5d53ab8d494aac588b4a170be3a1db3408,working_git:a6ae1f0378370bbf25ef8de1a7e4e54f4c1ab3893df1d12db400cb4bee00d079;recovery_project:ee7ea641d5a4a06ea16672355da996e30610784507e3d2fa0201055ff5a31274;local_runtime:ee7ea641d5a4a06ea16672355da996e30610784507e3d2fa0201055ff5a31274
forensic_b,src/quant_platform/ablations.py,7fc7e6b656a1e8ab0c9599856df2976a318a8c45b11736b564f9438dd80e0089,working_git:989054287790321de109bba22ca129d3840ff767ce221988d681c81ed1adc5c4;recovery_project:989054287790321de109bba22ca129d3840ff767ce221988d681c81ed1adc5c4;local_runtime:989054287790321de109bba22ca129d3840ff767ce221988d681c81ed1adc5c4
forensic_b,src/quant_platform/active_pipeline.py,babd75b3c7e079e121bbbeabb8d5c1cfde89dc7273b6cbbf17609b704b2ac874,working_git:2a1abd88823ab5080b26a83eaf906036a1635ed266fff5a2c56936debb3f1685;recovery_project:ef84d959b794014badeb8a4d8099f972248eabef71c6e89f2e63e232a93d6348;local_runtime:ef84d959b794014badeb8a4d8099f972248eabef71c6e89f2e63e232a93d6348
forensic_b,src/quant_platform/api_extraction.py,69c55df1ae16bc77249825efff92c998465d048074aa7393f9785da0bda02794,working_git:8418f28a34b02240949a6ef628da01535143f46970571a9902e414ccd6d842c1;recovery_project:8418f28a34b02240949a6ef628da01535143f46970571a9902e414ccd6d842c1;local_runtime:8418f28a34b02240949a6ef628da01535143f46970571a9902e414ccd6d842c1
forensic_b,src/quant_platform/apify_sources.py,70a177d338b942b9b2047e1b17cd20be8a56d507182635beb3fa169297a21259,working_git:b24b3ee6b060940ab13ca7c240898a044291538168423ee3e465892b5e7ca4eb;recovery_project:0e32a405f1bd8fe2089a4559ee62b503b6b2a0f672f2f54a11417cb7faac1f3c;local_runtime:0e32a405f1bd8fe2089a4559ee62b503b6b2a0f672f2f54a11417cb7faac1f3c
forensic_b,src/quant_platform/backtest.py,d3ae5a6d5fd6e0bf35bbc1d4c731c88e62b0672afd041d5260a69afc6bd7cdb8,working_git:0a060a6541ca24b9e5c310e3d632ed36283fd69fb9ad063dcf99a6b3059ce75d;recovery_project:a5988596d59144eac0cc8fea4a143b9cabfefbe2ee649b83e57764814cd0ee4f;local_runtime:a5988596d59144eac0cc8fea4a143b9cabfefbe2ee649b83e57764814cd0ee4f
forensic_b,src/quant_platform/binance_spot.py,766f5a63c5f58a08a8e114b4cb7e5f42ab40264b9d01c60896951e8270db89b1,working_git:daf4efd22a1ef5151be39ea28dc3fc27166b10c95bf202a560cde279c822cbf4;recovery_project:daf4efd22a1ef5151be39ea28dc3fc27166b10c95bf202a560cde279c822cbf4;local_runtime:daf4efd22a1ef5151be39ea28dc3fc27166b10c95bf202a560cde279c822cbf4
forensic_b,src/quant_platform/binance_testnet.py,ed0fed7a11611761a253093f8837d4a7c5c929fc88adb62af7009cf0a08e8223,working_git:6e316f082ae3fafc61fea76afffff95dd3b28c377612e9334313e07ad0982461;recovery_project:4b0520be7f616967753db20c8e255b99486c464510d1123f929213fdb34bcba2;local_runtime:4b0520be7f616967753db20c8e255b99486c464510d1123f929213fdb34bcba2
forensic_b,src/quant_platform/cli.py,2d879404da6297d101529dbfe9f4aa1d5585ad4462d8b84387610f59e6cfb852,working_git:3a02690323ac110b1707da6e6fcd9b643705a66e13c80f15e2039e1846b65e9d;recovery_project:6cd07d5ff430bfc559d509614406b97df38b156dcd1cb7fd93dcb00dc59ff3f8;local_runtime:3569bc8e33e92ad6377453f86a2b89914d7cca5b27dcea7cfcfd783a7abd5bc6
forensic_b,src/quant_platform/crypto_wizards_catalog.py,a60692c62534cf8fd05a41477b2abaa36b22a775af5770629daad8ec173d45a4,working_git:38e540e20d2854bf9b8143fc14dd4fd1137bde8026eb725c742e98c53e96f617;recovery_project:38e540e20d2854bf9b8143fc14dd4fd1137bde8026eb725c742e98c53e96f617;local_runtime:38e540e20d2854bf9b8143fc14dd4fd1137bde8026eb725c742e98c53e96f617
forensic_b,src/quant_platform/crypto_wizards_dashboard_capture.py,4288d7a324283b0215cdb0a2cb42d9654a5a2ac26991345ea9b71dc5f8d71ec2,working_git:03441c3a6dfd5d5547b56ce13bacb9cde23c935760cb551d731ab5461e362b6c;recovery_project:03441c3a6dfd5d5547b56ce13bacb9cde23c935760cb551d731ab5461e362b6c;local_runtime:03441c3a6dfd5d5547b56ce13bacb9cde23c935760cb551d731ab5461e362b6c
forensic_b,src/quant_platform/crypto_wizards_history.py,f9043211b7cd7c08386f8f4224115a00f4bc2c8bee32b784b982f47612503cf1,working_git:5a9d0c035d498e04769a556690f37826899445d45f9ddaf90800de3d160132bc;recovery_project:e888e6f3c12e6ef5cb3d172d02723a0e36eaa883108fbf92da3e29a1f5d2ab2b;local_runtime:e888e6f3c12e6ef5cb3d172d02723a0e36eaa883108fbf92da3e29a1f5d2ab2b
forensic_b,src/quant_platform/crypto_wizards_scanner.py,22af4ab7385d3028070f1e1906a2ae855d566b0f379a7ab32cdbd5cd7aaea09f,working_git:cbad3408b43ded3e00d1b2b833d919cccf67e0e194da029cde964ca21d447edc;recovery_project:8fdf434d91e551b85755193a8eb7e83e80a153736af246f5786342d1fbd45fab;local_runtime:8fdf434d91e551b85755193a8eb7e83e80a153736af246f5786342d1fbd45fab
forensic_b,src/quant_platform/crypto_wizards_sweep.py,3128c591d11c4621599861024407e79024e5d37762b204b4b456fa9b50dc2fee,working_git:e674761bff215c432b2301ddeed65f5c0002150800028eb87f5907105935e6fa;recovery_project:06394686395343b5ca39ccf019b6d7cfb6403a70ac68db2c7d7e24c23fea8152;local_runtime:06394686395343b5ca39ccf019b6d7cfb6403a70ac68db2c7d7e24c23fea8152
forensic_b,src/quant_platform/dydx_candles.py,78161bb66b85aa1ce860cc34030e883f6312034fc844db6b2254d9d16de47cc6,working_git:ce2c1a58d580451f9662760b475f2aa0f32f1c3720fdd6b4100cb74d6ba5ae30;recovery_project:b113977e8894a4f6b378376e6ed94c898c8057dda6e6a0b34e844cab3bceb80d;local_runtime:b113977e8894a4f6b378376e6ed94c898c8057dda6e6a0b34e844cab3bceb80d
forensic_b,src/quant_platform/dydx_sdk_order_adapter.py,28efdb2682cd67104ca2e6e6525afdfd706372a248b1f6e395777ac6fb5b1d71,working_git:c8e633a22f8b65dcd31284d9e21a9b4ce7e175c37642745e5a3b488cb08680c9;recovery_project:9e9dbb3e5d7b5f23492f85604b3abb29c1da2874f5ad05a0a6523a9d86c7c6e6;local_runtime:9e9dbb3e5d7b5f23492f85604b3abb29c1da2874f5ad05a0a6523a9d86c7c6e6
forensic_b,src/quant_platform/env.py,aa70663e8d85e687935e33e1cd33667f263c3cc3a588bac93a0410a097f888d0,working_git:1b3ac1b3aacffe8fab5f32a150651a2b654b2a5ed7fb27ddbf93cdb69637db0f;recovery_project:1b3ac1b3aacffe8fab5f32a150651a2b654b2a5ed7fb27ddbf93cdb69637db0f;local_runtime:1b3ac1b3aacffe8fab5f32a150651a2b654b2a5ed7fb27ddbf93cdb69637db0f
forensic_b,src/quant_platform/evidence_registry.py,226f765e53523124815bffd02c9c5593e5e924908e56708e3865d4e97525a7e0,working_git:35a4a0b22795f28d30ac2e6010cc12ddcc1971c3ca2353ef1fea16e33d998c64;recovery_project:35a4a0b22795f28d30ac2e6010cc12ddcc1971c3ca2353ef1fea16e33d998c64;local_runtime:35a4a0b22795f28d30ac2e6010cc12ddcc1971c3ca2353ef1fea16e33d998c64
forensic_b,src/quant_platform/execution.py,3e29897abf550865ee700b7b38e20bf5726c038cc5a7a8252adb5eb7320de15a,working_git:076431ef62cdd19415637cf00d9e5aaba37b771b31940f4d5bee671d93fc2171;recovery_project:a350d7a0a39a4435bf3f4d7d6733d50047e254c3e7abbb5f0c2496c62d9fbcbe;local_runtime:a350d7a0a39a4435bf3f4d7d6733d50047e254c3e7abbb5f0c2496c62d9fbcbe
forensic_b,src/quant_platform/experiments.py,940067ae406c9f1abfa191b23b7caebfc675b0ae1e6eb3bb437be6dd204224de,working_git:e53fbb31bb781b100899d65da3181e91197308b3d3f217c2be26d4af3325110f;recovery_project:d52144efc0bb7edf8f5ed0d54ffca610196528ff0f49904968ea8f21e8a81762;local_runtime:d52144efc0bb7edf8f5ed0d54ffca610196528ff0f49904968ea8f21e8a81762
forensic_b,src/quant_platform/family_matrix.py,b46719f90a18022fcc87e366e20d1b03d85cec5eade3904336944384c733ba8a,working_git:5bf8c8768339ed05c026502970d1903c39f7d2c7919f30aff8a5d2f1e2de4875;recovery_project:5bf8c8768339ed05c026502970d1903c39f7d2c7919f30aff8a5d2f1e2de4875;local_runtime:5bf8c8768339ed05c026502970d1903c39f7d2c7919f30aff8a5d2f1e2de4875
forensic_b,src/quant_platform/fixture_ingestion.py,e5828aec6d760222af6e792d62b29f491b57df56411f507254925939b420d4e4,working_git:41f96754d831260af7659bd1f6494117d62a16c62eb95c9ff490549b48a92b7d;recovery_project:41f96754d831260af7659bd1f6494117d62a16c62eb95c9ff490549b48a92b7d;local_runtime:41f96754d831260af7659bd1f6494117d62a16c62eb95c9ff490549b48a92b7d
forensic_b,src/quant_platform/formula_registry.py,2d12a49646164f7512c6c53f679bfa1d450a2318f502c5bf7bdade4697bb7bbf,working_git:20b03bf025a175c348c736b705d45445672ce37d57b2b9aad803e7f764432dca;recovery_project:95cf022ae89aff0fc96f8a2cacb45a3aed722be96f3eaf9348a13823e8f8384d;local_runtime:95cf022ae89aff0fc96f8a2cacb45a3aed722be96f3eaf9348a13823e8f8384d
forensic_b,src/quant_platform/funding.py,5aa15220df746f3b0ccdf0e425a0b4f433b67f5e27ec36ed2cbdbdb91b36b510,working_git:e08528a719228b55764f510ac54ef93f78e70ff65e911896ae512aa6d7f82c34;recovery_project:e08528a719228b55764f510ac54ef93f78e70ff65e911896ae512aa6d7f82c34;local_runtime:e08528a719228b55764f510ac54ef93f78e70ff65e911896ae512aa6d7f82c34
forensic_b,src/quant_platform/hyperliquid.py,0286fa39c2cb73b134956889ab9a06231a3ce003012539c97fc00336e16a92ef,working_git:ba2c7b24291bbe78de83a5dd75ad077af04b3c5207b5a327237844ae95ac454e;recovery_project:f16aea476b2631f05a6b2ee3cfc9694e8a2d65ae8f38e25924f4263f92c80425;local_runtime:f16aea476b2631f05a6b2ee3cfc9694e8a2d65ae8f38e25924f4263f92c80425
forensic_b,src/quant_platform/hyperliquid_testnet.py,7212271e09b78c212377c3cd6980924f3d181ceb2dde74fbc599855f19ae4ef0,working_git:4554e98b38ef870106e4b9c354b7f64766635f2933a632c399292b761572555f;recovery_project:c5c03c5ad3ccc9e539775ea4438b06f7f4cc4949dcb92d8b63afcebc7701400d;local_runtime:c5c03c5ad3ccc9e539775ea4438b06f7f4cc4949dcb92d8b63afcebc7701400d
forensic_b,src/quant_platform/math_v2_acceptance.py,c32dfe8409c0b299f4b8a38d0dcdefb3f79e88b05a91b8c445a473e760c4d090,working_git:9e3c07290413ae40d50e8136d71901e8055704a058601f5833a530cdf8c9077a;recovery_project:a01ef2e6e2d81794ed6b37bd71b02b05378d38c983328f8a49929963c8c135f1;local_runtime:a01ef2e6e2d81794ed6b37bd71b02b05378d38c983328f8a49929963c8c135f1
forensic_b,src/quant_platform/meta_learning.py,6076f6040e8428279d9b6404137ad6dbf16b77c37affccdb54e3259544e507ec,working_git:a6731a8f67f84487bdd3b26d4f8949e7609eaef64b1b25bb2d6b2ca64cfc53b9;recovery_project:1f29b9beb0d39901e45a7636cf499bcdd5a03de4e938d2a9c2c84dc3fecb99d9;local_runtime:1f29b9beb0d39901e45a7636cf499bcdd5a03de4e938d2a9c2c84dc3fecb99d9
forensic_b,src/quant_platform/ml_filter.py,07f3f824e77f36302808b78a34f1bbb79dfe26ccb5fd81beeda02f242e8fe123,working_git:7df2adb5c9044d9cfaa7d0a0280ea4207272fd90f22115e3ec49833d5bda2fed;recovery_project:7df2adb5c9044d9cfaa7d0a0280ea4207272fd90f22115e3ec49833d5bda2fed;local_runtime:7df2adb5c9044d9cfaa7d0a0280ea4207272fd90f22115e3ec49833d5bda2fed
forensic_b,src/quant_platform/pair_detail_ingestion.py,e1e26ff73f852586b4f69654d995fb7d87b2f4d0d94b39b0ebcdfaf6087078a1,working_git:f2d8637851dd8b8533cb86458f85ccd78a390eca59a808f07e560a09f88c2e04;recovery_project:f2d8637851dd8b8533cb86458f85ccd78a390eca59a808f07e560a09f88c2e04;local_runtime:f2d8637851dd8b8533cb86458f85ccd78a390eca59a808f07e560a09f88c2e04
forensic_b,src/quant_platform/performance_math.py,7cb4997017cfc56051c966c48062bda7c505f04d1648b41ef4046879bd3d673c,working_git:59d7107be24495da625e92224cafc331ef88d5c8b8832ddda270d8bdffffb68f;recovery_project:85437a9e757192d7ef3284e50d90d88c79348ddac430c9b0e1880201f901fae7;local_runtime:85437a9e757192d7ef3284e50d90d88c79348ddac430c9b0e1880201f901fae7
forensic_b,src/quant_platform/regimes.py,e242118b88d253b210ec8f07ec63653001af6fa31336c175889d803523dc1654,working_git:3932d3e3ca5482579c24b8abf342ffa7f37741a5306d09e21033ac9d6b75df98;recovery_project:3932d3e3ca5482579c24b8abf342ffa7f37741a5306d09e21033ac9d6b75df98;local_runtime:3932d3e3ca5482579c24b8abf342ffa7f37741a5306d09e21033ac9d6b75df98
forensic_b,src/quant_platform/research_extract_ccxt.py,68bd25d8c6966f9b66d898e12cfa089b50f5beab34997b0fe77bf5f789fba7de,working_git:17b8a44a47cc621633a6ee05068559330199f93ab69afebe6cec5ff0da7075a2;recovery_project:17b8a44a47cc621633a6ee05068559330199f93ab69afebe6cec5ff0da7075a2;local_runtime:17b8a44a47cc621633a6ee05068559330199f93ab69afebe6cec5ff0da7075a2
forensic_b,src/quant_platform/research_extract_udemy.py,ae5c659bd7b09f75c8101254c35dd4896beba5561a8f3fc845cea38112f40bc9,working_git:1f35afd9fffa5de8907bf93b1c499a25c70dbc20f90f11eee36c18d3b4c30969;recovery_project:1f35afd9fffa5de8907bf93b1c499a25c70dbc20f90f11eee36c18d3b4c30969;local_runtime:1f35afd9fffa5de8907bf93b1c499a25c70dbc20f90f11eee36c18d3b4c30969
forensic_b,src/quant_platform/research_extract_youtube.py,e564c0edf094177d4be4431b5bbc00a228c8b3ee63411c8471d36e9b521df0a2,working_git:6017f678ee31160e314830f006a58091212227113652f85242a68f3b526624a5;recovery_project:6017f678ee31160e314830f006a58091212227113652f85242a68f3b526624a5;local_runtime:6017f678ee31160e314830f006a58091212227113652f85242a68f3b526624a5
forensic_b,src/quant_platform/research_extraction.py,06763a4184749cba3db413b598fa534ee87ff85f420e22c452e475034a7162ce,working_git:1977916ecb059a07db776c0dfd2992a985891151634049823c937c32646873da;recovery_project:1977916ecb059a07db776c0dfd2992a985891151634049823c937c32646873da;local_runtime:1977916ecb059a07db776c0dfd2992a985891151634049823c937c32646873da
forensic_b,src/quant_platform/research_ingestion.py,f5dee7dfa100e6186069b43cf01bfe8c23c4d1979d4a7f7dcaae3935de84cb1a,working_git:398a9509e5655c1cc7fd81a9f55d35415545648aaaedfbf90cb7d92b19520340;recovery_project:398a9509e5655c1cc7fd81a9f55d35415545648aaaedfbf90cb7d92b19520340;local_runtime:398a9509e5655c1cc7fd81a9f55d35415545648aaaedfbf90cb7d92b19520340
forensic_b,src/quant_platform/research_knowledge_store.py,497ac78e4005d4c7db46c7de12f3180443100eff01e2a2c17a2113f4c1ecbbd9,working_git:754087b1b5f18f21873fbbb2d062b1570bbdd76cd854e7d5356e6fd22aee9db5;recovery_project:35a16180b218d68c62f07db3f313115d873f865136badea641c746e16133416d;local_runtime:35a16180b218d68c62f07db3f313115d873f865136badea641c746e16133416d
forensic_b,src/quant_platform/research_paper_math_audit.py,c4623c713afa59b999f760324ce2093f6a7a0e14a02a45e5c89f39a65ac7302c,working_git:d36d2849aea7cdf0a96d89c1235f9218e6179f4c2837e8ef1fee39ef2be81f49;recovery_project:d36d2849aea7cdf0a96d89c1235f9218e6179f4c2837e8ef1fee39ef2be81f49;local_runtime:d36d2849aea7cdf0a96d89c1235f9218e6179f4c2837e8ef1fee39ef2be81f49
forensic_b,src/quant_platform/research_paper_reproduction.py,8fbed4920cdf4715d507b9ae44479eb61a51438f74936ebc4f8c76621a96dd0a,working_git:067d095e3a6f69f805a9b2e4ad0d4b7930d61d3f0b7decfa12fe3a2d087d357a;recovery_project:1f1d7bd7a6856cf8c88f63f0c1dc5fa66924dfbb55c5366e4123aed813953655;local_runtime:1f1d7bd7a6856cf8c88f63f0c1dc5fa66924dfbb55c5366e4123aed813953655
forensic_b,src/quant_platform/research_paper_reviews.py,80ecbc6e0e2cec078fe788969d7a85e42565902343c22a8d21d30909025a4637,working_git:a4de48be60d00b138387844a0811e9e8dc0e43b73f8bae056133bc13d0a31077;recovery_project:a4de48be60d00b138387844a0811e9e8dc0e43b73f8bae056133bc13d0a31077;local_runtime:a4de48be60d00b138387844a0811e9e8dc0e43b73f8bae056133bc13d0a31077
forensic_b,src/quant_platform/research_papers.py,f7a5bcb55a577f563c84503f052f1a92551905f39aa6352346ba09a775394141,working_git:aa3e280256620fc32acb55ffbc1c1486c8a720a312a1d19ddf5270750fbbd9ec;recovery_project:aa3e280256620fc32acb55ffbc1c1486c8a720a312a1d19ddf5270750fbbd9ec;local_runtime:aa3e280256620fc32acb55ffbc1c1486c8a720a312a1d19ddf5270750fbbd9ec
forensic_b,src/quant_platform/research_quantization.py,557197dffdb85bd1a4a84406a01ac8dc972af5cf812fb845fc534eed95a5add0,working_git:f28b405b984d72edc9a2a041d6587568e584a8e422c32a1db32ed61d36a13092;recovery_project:f28b405b984d72edc9a2a041d6587568e584a8e422c32a1db32ed61d36a13092;local_runtime:f28b405b984d72edc9a2a041d6587568e584a8e422c32a1db32ed61d36a13092
forensic_b,src/quant_platform/runtime_types.py,c0599de00b22848f274b26c013f5bc8765798508be35f9ef22825f6ee0d72e54,working_git:d7010ec22958b3f1a6aea94c45b34839a1a8a9365969cc167181754b9e9fbf5d;recovery_project:d7010ec22958b3f1a6aea94c45b34839a1a8a9365969cc167181754b9e9fbf5d;local_runtime:d7010ec22958b3f1a6aea94c45b34839a1a8a9365969cc167181754b9e9fbf5d
forensic_b,src/quant_platform/strategies.py,3f184631cdcfb52c028bdc95fd49a15a99828a1b73ffc0d252cfb7dde7ab6a8e,working_git:414575071f0562785c4be498a6ac7f491a666e52fad84a22726df79c49e1f75c;recovery_project:1888367c93c75f558d042d464868a8132cee935ab71ac290d93d559a0b39b2d7;local_runtime:1888367c93c75f558d042d464868a8132cee935ab71ac290d93d559a0b39b2d7
forensic_b,src/quant_platform/three_brain_system.py,0f2c9ebe06ad5e871bdda7d0d91bc951dfbadd12d173d0bed260fc4c29510672,working_git:52e84d769918a230f46472a62db4b63e4ff5833b6c691c43420f6537c071bcfc;recovery_project:6fd803fa4d6e2d53a574ce68c453cdebcda48bc074ba6c0ef66e09b3172def77;local_runtime:6fd803fa4d6e2d53a574ce68c453cdebcda48bc074ba6c0ef66e09b3172def77
forensic_b,src/quant_platform/trade_timing.py,d51a961e77c835b3c37a33ecfda2d3fb72c4a2f2eba4e630534f12b842b0ee69,working_git:c009cbd33783e2b2089e46cd061ea233dbbe75e191a55bfb6982f40b8353fee4;recovery_project:c009cbd33783e2b2089e46cd061ea233dbbe75e191a55bfb6982f40b8353fee4;local_runtime:c009cbd33783e2b2089e46cd061ea233dbbe75e191a55bfb6982f40b8353fee4
forensic_b,src/quant_platform/udemy_math_reconciliation.py,2bb8734a9b2dccf533e7b4314c2888170277e7e35fc9acf993f69b6222919b13,working_git:34b1c64d79f02895cecad45d2a6350298c35ce155aaa0bfdcfc23767558a2d39;recovery_project:34b1c64d79f02895cecad45d2a6350298c35ce155aaa0bfdcfc23767558a2d39;local_runtime:34b1c64d79f02895cecad45d2a6350298c35ce155aaa0bfdcfc23767558a2d39
forensic_b,src/quant_platform/udemy_transcript_vault.py,c837120cc0f104c576b1bbae0582541a89da817bec9eb148281c108b2310111a,working_git:ff012e64d578a4205aafd200c85bac1c2ceada32ce1ec0c57151b2f666546629;recovery_project:ff012e64d578a4205aafd200c85bac1c2ceada32ce1ec0c57151b2f666546629;local_runtime:ff012e64d578a4205aafd200c85bac1c2ceada32ce1ec0c57151b2f666546629
forensic_b,src/quant_platform/v2_run.py,99affa8274c7f5673bfba0071f015739183cab784c96acc198ac6214b01bbb54,working_git:0a0aac9f22db0671e25ac888162d5ae19ec03582d351eb7ed5702673c7ab9547;recovery_project:0a0aac9f22db0671e25ac888162d5ae19ec03582d351eb7ed5702673c7ab9547;local_runtime:0a0aac9f22db0671e25ac888162d5ae19ec03582d351eb7ed5702673c7ab9547
forensic_b,src/quant_platform/wizard_candidate_set.py,9d16b5326591acdc033f25b28e0c745491b3cc1b1bd897297896d5ca8d5a1ea8,working_git:c2ee9df7d544e5413a309e62ba6e29f047440deb5df11f514fa5e4a6cde40d37;recovery_project:c2ee9df7d544e5413a309e62ba6e29f047440deb5df11f514fa5e4a6cde40d37;local_runtime:c2ee9df7d544e5413a309e62ba6e29f047440deb5df11f514fa5e4a6cde40d37
forensic_b,src/quant_platform/wizard_control_plane.py,00ae43f8625b4a8e06a15b6248e21982d0cd2ce49e31a9c035d67da04903dc45,working_git:c6386cbc80d1356ad67d3a9c866fff3df1771042db6b8845579f92ffdf30e676;recovery_project:c6386cbc80d1356ad67d3a9c866fff3df1771042db6b8845579f92ffdf30e676;local_runtime:c6386cbc80d1356ad67d3a9c866fff3df1771042db6b8845579f92ffdf30e676
forensic_b,src/quant_platform/wizard_credit_budget.py,5e30e9a7c130dd1d0fa9fb4f91bbebe48e29cff32ea5096cb26bc67e7dfec424,working_git:ecc54b83f761cb1f80d439ea9aa561d7d117ee2c16b235b3cfce2c2d98e792e7;recovery_project:ecc54b83f761cb1f80d439ea9aa561d7d117ee2c16b235b3cfce2c2d98e792e7;local_runtime:ecc54b83f761cb1f80d439ea9aa561d7d117ee2c16b235b3cfce2c2d98e792e7
forensic_b,src/quant_platform/wizard_credit_ledger.py,cb11865bc44d8313806da3832d995e1785a8f75a94f6af96d21e8002e5411620,working_git:d1309095ea6f092270ad02d78429d8e1e3f063488443f963cbd551d8704e0b5b;recovery_project:88c22602a731f0d370f83dbc312db20590fdbf3c37789daf1195df62ac620256;local_runtime:88c22602a731f0d370f83dbc312db20590fdbf3c37789daf1195df62ac620256
forensic_b,src/quant_platform/wizard_dynamic_comparator_activation.py,9b16e3e46e16ce6edfde34c07a8f2755ff0c66d4e7c5d0e6532978dcf7d3f79c,working_git:305c5fc12baee34c79b5d7862e017bae83b56d9340557f492c73d3abbb93f04e;recovery_project:305c5fc12baee34c79b5d7862e017bae83b56d9340557f492c73d3abbb93f04e;local_runtime:305c5fc12baee34c79b5d7862e017bae83b56d9340557f492c73d3abbb93f04e
forensic_b,src/quant_platform/wizard_evidence.py,ad4e7014f2ff32cd8abad8618e85ba7434c16a2c108e4cf82bf62710bd88f251,working_git:d9118a8c11ae186cb5b608febe1bcd5f1f959ab472e11795352891d9d95c62fe;recovery_project:1f3aab9af2849bbff20988734222bc8e1811fdeef6c93812ce36ebcb7273324e;local_runtime:1f3aab9af2849bbff20988734222bc8e1811fdeef6c93812ce36ebcb7273324e
forensic_b,src/quant_platform/wizard_hourly_database.py,02f424f424e4d1f32ef26af50d2928ab260053ead9a48b2f85f8379d6e0e85f1,working_git:1eba599cde9ab0f541ba6975ca2957ae0464792fc169c9f415f5c0f4cdbdbf40;recovery_project:1eba599cde9ab0f541ba6975ca2957ae0464792fc169c9f415f5c0f4cdbdbf40;local_runtime:1eba599cde9ab0f541ba6975ca2957ae0464792fc169c9f415f5c0f4cdbdbf40
forensic_b,src/quant_platform/wizard_hyperliquid_bridge.py,d8c4da0eebcd54c08f85366fa7399fb00ea8a5f5060cf19d79eea55fcedf847d,working_git:341dc88a6906b7f42fe17fa4b01cbc8540e51665eb62064609bc048ea8666778;recovery_project:341dc88a6906b7f42fe17fa4b01cbc8540e51665eb62064609bc048ea8666778;local_runtime:341dc88a6906b7f42fe17fa4b01cbc8540e51665eb62064609bc048ea8666778
forensic_b,src/quant_platform/wizard_hyperliquid_mode_proof.py,b388a433532c42f6eec6daa84d5fc924c8ed42755ecc18c48aad1f3c92064568,working_git:ee80d6fab23433843c64af686998238806b3fb74772a31a8f3c8b57cc4b329c8;recovery_project:ee80d6fab23433843c64af686998238806b3fb74772a31a8f3c8b57cc4b329c8;local_runtime:ee80d6fab23433843c64af686998238806b3fb74772a31a8f3c8b57cc4b329c8
forensic_b,src/quant_platform/wizard_local_verification.py,9c5c3d7161ad04f24bcfa77c24750a4b86e2f7ae999658cd14b33425957fc2cf,working_git:cdfa47373e90c3063e734ce3b1f32498a1db8b3cfcdea27e3566ea8ecaae6b9c;recovery_project:cdfa47373e90c3063e734ce3b1f32498a1db8b3cfcdea27e3566ea8ecaae6b9c;local_runtime:cdfa47373e90c3063e734ce3b1f32498a1db8b3cfcdea27e3566ea8ecaae6b9c
forensic_b,src/quant_platform/wizard_mode_comparison.py,08f39f9863af4b9ff76569c566e08c7b8d09db7cc01179697d28ad8c9ed24fe4,working_git:33a3e0da134308925a42b0e6b6763a4aead6acb6a9c2bb0746a0f5803cdcd91b;recovery_project:33a3e0da134308925a42b0e6b6763a4aead6acb6a9c2bb0746a0f5803cdcd91b;local_runtime:33a3e0da134308925a42b0e6b6763a4aead6acb6a9c2bb0746a0f5803cdcd91b
forensic_b,src/quant_platform/wizard_mode_replay.py,c7d9675753c02f9ff206116ad42746569788e16c61586d3d70210e496725b3e5,working_git:775e0a59735974984a9a4fecef6ca5afa97396e58ffe3e5d78fb4beb9887aec7;recovery_project:83e1501e18cc00fb87a601da7d06b6558cdf8d69e8ef7e4b787cf2e32d37e99b;local_runtime:f1947c8c61777104ca1f0531cd459dd1ac397a1c21cb58c50cb883855ac29ac7
forensic_b,src/quant_platform/wizard_ou_comparator_activation.py,be4a74918ae226f0e31bc4db27ff814e4136ff6b78f52dee3bd47f0542a6bc22,working_git:98a21f341332516cf67f835dcabbe828ee83a7f174f5d9107786ec16fd60e055;recovery_project:98a21f341332516cf67f835dcabbe828ee83a7f174f5d9107786ec16fd60e055;local_runtime:98a21f341332516cf67f835dcabbe828ee83a7f174f5d9107786ec16fd60e055
forensic_b,src/quant_platform/wizard_ou_v4_comparator_activation.py,47a54147aa4fd0d5f3708cf78f9f51f49c503aacc63fd9ff8a8a7a2f21a2c01d,working_git:826453af5535270e0dd970a50e6aded300fd9f30d91d952aba32ec62b58e0bb6;recovery_project:826453af5535270e0dd970a50e6aded300fd9f30d91d952aba32ec62b58e0bb6;local_runtime:826453af5535270e0dd970a50e6aded300fd9f30d91d952aba32ec62b58e0bb6
forensic_b,src/quant_platform/wizard_ou_v5_comparator_activation.py,bbffd3659d8498bb6fa1d57d36085d16fba3823d7a10a031b53ebaf3c991cca6,working_git:34596e31d19d7c72f7dbfb86b0b6ffd741958f6d18908a71a0641293c9aea091;recovery_project:34596e31d19d7c72f7dbfb86b0b6ffd741958f6d18908a71a0641293c9aea091;local_runtime:34596e31d19d7c72f7dbfb86b0b6ffd741958f6d18908a71a0641293c9aea091
forensic_b,src/quant_platform/wizard_ou_v6_comparator_activation.py,809b4cfb8b389854765f07db94239d6011e8f8d8e9599cde9f4a9a285e3c5f69,working_git:7c6377488e64babf459237a097e012171165880ce4b674865c3d622bf885f6e2;recovery_project:7c6377488e64babf459237a097e012171165880ce4b674865c3d622bf885f6e2;local_runtime:7c6377488e64babf459237a097e012171165880ce4b674865c3d622bf885f6e2
forensic_b,src/quant_platform/wizard_pair_detail_ui_bundle.py,037ada6da2cc06c038f7a2b662b30cf8770b8c989677a1f8b56ce68c19c1b967,working_git:dce7181ef8f07eff0c65aafc1a07c46d73808b48e20750bf22b88102ac281899;recovery_project:dce7181ef8f07eff0c65aafc1a07c46d73808b48e20750bf22b88102ac281899;local_runtime:dce7181ef8f07eff0c65aafc1a07c46d73808b48e20750bf22b88102ac281899
forensic_b,src/quant_platform/wizard_pair_matrix.py,7f0ccd045dfbb04de7e424899a3a047c053110ab27c28bbf1fd3224f319d6c19,working_git:8a29ff43d1578e25a39e18bf55a743a3cf7641cba6915f666ea2c0645234c26a;recovery_project:8a29ff43d1578e25a39e18bf55a743a3cf7641cba6915f666ea2c0645234c26a;local_runtime:8a29ff43d1578e25a39e18bf55a743a3cf7641cba6915f666ea2c0645234c26a
forensic_b,src/quant_platform/wizard_research_journal.py,613a99f364bf1ec08b0b727cc04916f454852792e56b244efe57115dabc2b198,working_git:47e2a0fd119fb0bec555ac2a66f672a16fd573448e7e4cd4337d0d0ff8d57e3f;recovery_project:58117628715a5d4ab394b830db07e3aead2e63b2ac2b717cbc88fff3c233c46f;local_runtime:58117628715a5d4ab394b830db07e3aead2e63b2ac2b717cbc88fff3c233c46f
forensic_b,src/quant_platform/yahoo_crypto.py,50c06dc0cbe3e0a194b7033dd2ee32d74809684c37e9500bbaefb495711abf9a,working_git:99caa2f05cd9d5a15f428a1d2ff3b0dee876e52ad701eacc5ddaea830e0f6b1f;recovery_project:99caa2f05cd9d5a15f428a1d2ff3b0dee876e52ad701eacc5ddaea830e0f6b1f;local_runtime:99caa2f05cd9d5a15f428a1d2ff3b0dee876e52ad701eacc5ddaea830e0f6b1f
forensic_b,src/quant_platform/youtube_brain.py,0501afad9d86cc33c318c2ca84083477c15609efd9b4f5641c8e4c946fa1d4a1,working_git:e4fabd1ff966fcbb30a7607d659a3e007b989cc36e6879e1506b42e20228b98a;recovery_project:e4fabd1ff966fcbb30a7607d659a3e007b989cc36e6879e1506b42e20228b98a;local_runtime:e4fabd1ff966fcbb30a7607d659a3e007b989cc36e6879e1506b42e20228b98a
forensic_b,src/quant_platform/youtube_caption_insights.py,522baf6aa070a99e8135f622fac9cd20df3d79033b7c06c1040348dfad645993,working_git:c0a96601f7f339efdf14a57d598e4d9524f8a35924b62bbce9c0d26418c75513;recovery_project:c0a96601f7f339efdf14a57d598e4d9524f8a35924b62bbce9c0d26418c75513;local_runtime:c0a96601f7f339efdf14a57d598e4d9524f8a35924b62bbce9c0d26418c75513
forensic_b,src/quant_platform/youtube_channel_research.py,be2702cc0264e76ef670d7746a56031d9d81c8c0ad27c288811c9fc8dbf85dc2,working_git:61562db7d70d16a4ad7492839d468d71650eea15d5ca000205698677454cd0d9;recovery_project:61562db7d70d16a4ad7492839d468d71650eea15d5ca000205698677454cd0d9;local_runtime:61562db7d70d16a4ad7492839d468d71650eea15d5ca000205698677454cd0d9
forensic_b,src/quant_platform/youtube_hypothesis_validation.py,0ff9981b868ef60442c49a3b53599b573a06e7c3dced25456055da87c4eaeada,working_git:0927593cec965fe053c55d808808d9e92ce283ce4e24d621120083bcd51c6b2a;recovery_project:0927593cec965fe053c55d808808d9e92ce283ce4e24d621120083bcd51c6b2a;local_runtime:0927593cec965fe053c55d808808d9e92ce283ce4e24d621120083bcd51c6b2a
forensic_b,src/quant_platform/zscore_utils.py,e0dcffdc7ad0f8b1acbeaaa6cdcc00f4858bb182aabdc0a2058898ccff629b8a,working_git:5389a17a06da83ed63620adf77b098f9d28e2080479f212cffadb506b14d443a;recovery_project:df614baae604efd056e3b3d6c12e249238e61daf9a5658bab708b22b7f2b72ab;local_runtime:df614baae604efd056e3b3d6c12e249238e61daf9a5658bab708b22b7f2b72ab
forensic_b,src/quant_platform/orchestration/canonical_wizard_hyperliquid_contract.py,22d031a35c926e864c259a9fc00bf779fb098dcb805532b8a9c78c7a6eff8d24,working_git:df391e828306809adb3f202a68a5be25a35df82bfd79e5eac9f711afbb7eb116;recovery_project:df391e828306809adb3f202a68a5be25a35df82bfd79e5eac9f711afbb7eb116;local_runtime:df391e828306809adb3f202a68a5be25a35df82bfd79e5eac9f711afbb7eb116
forensic_b,src/quant_platform/orchestration/copula_shadow_comparison.py,ad63349b99523a1e57fe5b08db86a8de5edd52599238cbd62c35a7cba8aed72d,working_git:7968f4b7c967c5d35d93422f722862401749ed7490eabfbb6f4af95fbdb0c006;recovery_project:7968f4b7c967c5d35d93422f722862401749ed7490eabfbb6f4af95fbdb0c006;local_runtime:7968f4b7c967c5d35d93422f722862401749ed7490eabfbb6f4af95fbdb0c006
forensic_b,src/quant_platform/orchestration/corrective_agent_governance.py,466b0c40452b4dfaaed93b9c84416bb472b3e60f07649033d1bef2ebd1c981f9,working_git:6cbad4256dc9ad39355607d00a0eabff812862d8dd59ec96fe57a4f3de4d1a79;recovery_project:6cbad4256dc9ad39355607d00a0eabff812862d8dd59ec96fe57a4f3de4d1a79;local_runtime:d9671bff7c1eff0f09b48977be410907a7a5b9e9273a060611c4c5e0c50f8802
forensic_b,src/quant_platform/orchestration/corrective_artifact_retention.py,6d2fb9e5e78fee17dc8f05f36512ae28f8d8d4a1cb9efb67684108f7534e1632,working_git:b98646b3244e8578b39b0ce13c6529ec6bdc96d57cfe38205026b0023a8e011d;recovery_project:b98646b3244e8578b39b0ce13c6529ec6bdc96d57cfe38205026b0023a8e011d;local_runtime:b98646b3244e8578b39b0ce13c6529ec6bdc96d57cfe38205026b0023a8e011d
forensic_b,src/quant_platform/orchestration/corrective_canonical_status.py,282719ed17ae0299ae20b47420a3aa4aec551b59126a68bf2dc7cc281928b9f3,working_git:cdced91836205239a7b679e09536615b930023ac20d7badd01129dd3fc0b9d2c;recovery_project:a47f66460dec0d1a75b0aaf280982a0878c0820a1ed6d17daf80875b5e231c9e;local_runtime:a47f66460dec0d1a75b0aaf280982a0878c0820a1ed6d17daf80875b5e231c9e
forensic_b,src/quant_platform/orchestration/corrective_daily_scheduler.py,37a838592d51d0edbd1d97a7723eeb68949a55e5af0905d00d5387167d344a0a,working_git:0fb0350d262290289a787dc2bf708f71e2d45d70c6e12288a9ddc8ab10a8f22a;recovery_project:66ac37befdcab8c988d4d712c50f8fd0c7adc28bd44970fcef481eaaf845706c;local_runtime:66ac37befdcab8c988d4d712c50f8fd0c7adc28bd44970fcef481eaaf845706c
forensic_b,src/quant_platform/orchestration/corrective_data_evidence.py,e7a2e60b63a544878ee974ca706645287207696a7d7c0c9d88d7144634e57dc6,working_git:77de431827997e15a97c074d06aacd49badc674857f34c9ff836d361e46f1610;recovery_project:1af658bd376d50f44f1440d0f991f2f02001a47715823a44bb48075e89bf928f;local_runtime:1af658bd376d50f44f1440d0f991f2f02001a47715823a44bb48075e89bf928f
forensic_b,src/quant_platform/orchestration/corrective_governance.py,9d4f0f710c16d00b92cb08343395913ebcd62d0afd753122da320f2dda0ace52,working_git:6d292adf03c72518df10b0f319617babe71f25f37ed0f0358f19b2ac2281ecf3;recovery_project:6d292adf03c72518df10b0f319617babe71f25f37ed0f0358f19b2ac2281ecf3;local_runtime:6d292adf03c72518df10b0f319617babe71f25f37ed0f0358f19b2ac2281ecf3
forensic_b,src/quant_platform/orchestration/corrective_l2_scheduler.py,a0ffceb0166e280df0bb7ed82a150d3e95d68d071a06da1b0f36f2992826515d,working_git:5e0ecbf71cd32293231b58d2fd6c60b456d820befe15919be982016731de4e86;recovery_project:5982ba3555ace1a887a6ffdf145ca64bcda54161ff34171899c47e71d9ccc5fa;local_runtime:5982ba3555ace1a887a6ffdf145ca64bcda54161ff34171899c47e71d9ccc5fa
forensic_b,src/quant_platform/orchestration/corrective_live_canary.py,a53c3576874b90a395c153339d988368b809cca5fe34716d4b5016afee32484a,working_git:7b4f8d05f93b1e54a3c0019fb427db1c8d88aa82036e667027feb1a8337d3879;recovery_project:7b4f8d05f93b1e54a3c0019fb427db1c8d88aa82036e667027feb1a8337d3879;local_runtime:7b4f8d05f93b1e54a3c0019fb427db1c8d88aa82036e667027feb1a8337d3879
forensic_b,src/quant_platform/orchestration/corrective_live_canary_execution.py,7655329cd767d1e938d21219059d42ed7408742f9d84145650f246584a987480,working_git:72334851b6a3077139f23405760629d5c2558847c0033042a4b123bc19d5165f;recovery_project:7fb8f2780f236c657f53f91fb2b1854fab9e42d3000c06e7958b08eeee732c6c;local_runtime:7fb8f2780f236c657f53f91fb2b1854fab9e42d3000c06e7958b08eeee732c6c
forensic_b,src/quant_platform/orchestration/corrective_live_canary_executor.py,86fd640b26ec662cf3bd8156fb5ce8aa351e707871b478e0578d46139fb9f88c,working_git:16890a9d84cebcec6fc1b3fd6c3370cbac9950fbbb532f6446d8ac5d96059af6;recovery_project:00c0f1880e16dea56b19523b5112033db28ae070710f1eaad30fde1d369f840e;local_runtime:00c0f1880e16dea56b19523b5112033db28ae070710f1eaad30fde1d369f840e
forensic_b,src/quant_platform/orchestration/corrective_live_canary_outcome.py,6f1fec979f7104dd80d89177b7fb1e5c30341ce5cd049bde628137838ab4c44e,working_git:a83e152b82381c10969f19d8c86ac25ee010d84fde67876113cf92f86e014421;recovery_project:a83e152b82381c10969f19d8c86ac25ee010d84fde67876113cf92f86e014421;local_runtime:a83e152b82381c10969f19d8c86ac25ee010d84fde67876113cf92f86e014421
forensic_b,src/quant_platform/orchestration/corrective_live_parity_capture.py,a820640b04104379f779faaf28248bc97595245630e55aa5ad39f8f960b1d783,working_git:e58658a2d0895373c5d0b5182bb441aefdc3f86fadd81df5e7fa74a36398218c;recovery_project:3676d43db0c84c6eb2dba071951896c8e376f9a6f746a3258879d5e6de489500;local_runtime:3676d43db0c84c6eb2dba071951896c8e376f9a6f746a3258879d5e6de489500
forensic_b,src/quant_platform/orchestration/corrective_program.py,a59a448d3dcaf5bc3c1a5aac87ec7c4351febb519b9b9271857554ffee0e3b1a,working_git:83557e34e13e0486aec24b7f90f47f3f6ae7d0f73e6dbd2e1ce294daaa75f105;recovery_project:9bf6f8f3f6c216f5d930cfe34d765ac97fa0077ba3ff9d1a8c33c786b0785046;local_runtime:9bf6f8f3f6c216f5d930cfe34d765ac97fa0077ba3ff9d1a8c33c786b0785046
forensic_b,src/quant_platform/orchestration/corrective_registered_learning.py,e8faa9e8abce28a1ce22ce553c76067f6423fa012dae008dd50db5412757aa0e,working_git:f1b1b1c9a488eca396131ee4ec68cee59d5f7b65c516efe9c299e708c448cd35;recovery_project:f1b1b1c9a488eca396131ee4ec68cee59d5f7b65c516efe9c299e708c448cd35;local_runtime:f1b1b1c9a488eca396131ee4ec68cee59d5f7b65c516efe9c299e708c448cd35
forensic_b,src/quant_platform/orchestration/corrective_registered_learning_protocol.py,b569e62c1e06ab50dd23a000edf88c190527d4cff87ef24be36cf7d8e19039ea,working_git:b7c94ac2176019135b7566f1baff6c9c5ece2ea62bd31140d0051e90aa852062;recovery_project:b7c94ac2176019135b7566f1baff6c9c5ece2ea62bd31140d0051e90aa852062;local_runtime:b7c94ac2176019135b7566f1baff6c9c5ece2ea62bd31140d0051e90aa852062
forensic_b,src/quant_platform/orchestration/corrective_registered_rerun.py,f86ee3080218032934be11a523a256d9ba13ce220ff1d609d15d4e197c50dfb5,working_git:e5baaa8edfe912acae2043417d590412b1b243b19fcb08c0939335c9e08b3f69;recovery_project:e5baaa8edfe912acae2043417d590412b1b243b19fcb08c0939335c9e08b3f69;local_runtime:e5baaa8edfe912acae2043417d590412b1b243b19fcb08c0939335c9e08b3f69
forensic_b,src/quant_platform/orchestration/corrective_registered_rerun_executor.py,263e059b0dc6897dde037688afae87285a8c0b0d19d474e997ae8883a839382b,working_git:a20b38253f6d6e4a0e3735c1e4c95b7f9a66bc66fd83bbfcc93e78301ef37885;recovery_project:bc0d01a52db7aa847bfd6e38284fe10f5c0b92f882eb41fd3e893d03e587bc47;local_runtime:bc0d01a52db7aa847bfd6e38284fe10f5c0b92f882eb41fd3e893d03e587bc47
forensic_b,src/quant_platform/orchestration/corrective_release_gates.py,63461d7fa93d182bf5cd5c338fb92e943ac112df1e58163fa90404f853020231,working_git:429197618a9c5f646f8c19d1f837eedff2907e89f02aa6396dc1d850e2852219;recovery_project:7f0fa2ddc85b458e45070d8c58dfb261cf8233d10a929ccdd72da724e980c669;local_runtime:7f0fa2ddc85b458e45070d8c58dfb261cf8233d10a929ccdd72da724e980c669
forensic_b,src/quant_platform/orchestration/corrective_runtime.py,686a06b6916207d018f34cb9d0eef5e9e487975736266653e0f66b95d98bc5ac,working_git:6b1376de31b3cdf225eaee504eaad749c4b3e999a1edfc1a9576fcca62a042b9;recovery_project:494fcdb5b12029126382b6dfcd392b711565119a80daf3d34e2d80d2294f8936;local_runtime:494fcdb5b12029126382b6dfcd392b711565119a80daf3d34e2d80d2294f8936
forensic_b,src/quant_platform/orchestration/corrective_scheduler_lock.py,d3c2dc0d068f8a26ad08bb1eb955a971729130a7c5ebec437ff153e8e3111e6f,working_git:cbef6e90ea37170d6933b87c7f469aa1d9f7306ef7afc05934dd1cd6f597aedd;recovery_project:3ea56f7571c6b605b2ce1eacf29dd0164a768fb1063c0ef4673afdaa1c936ef5;local_runtime:3ea56f7571c6b605b2ce1eacf29dd0164a768fb1063c0ef4673afdaa1c936ef5
forensic_b,src/quant_platform/orchestration/corrective_scheduler_runtime_readiness.py,9df1187d00958c69379e8be45d7cd7e2b9145c65825533c449e158765601a50e,working_git:328385d6443d1b5d5a2621f8681ddc25a09a62b23ebc3658505daa2a800e1e9b;recovery_project:a79b3977a828302216356e026fab41b3ea88834075a8e4b044479032f65cd2b8;local_runtime:a79b3977a828302216356e026fab41b3ea88834075a8e4b044479032f65cd2b8
forensic_b,src/quant_platform/orchestration/corrective_stage4_handoff_readiness.py,5579fefd458e85a64fb159683dd22fdbef0aac50ff1534f353b5a6a7aaa5af0c,working_git:f022837269cc40f56da43b85b823a911142ec47e8d02a8bb813cc168e635ad85;recovery_project:f022837269cc40f56da43b85b823a911142ec47e8d02a8bb813cc168e635ad85;local_runtime:f022837269cc40f56da43b85b823a911142ec47e8d02a8bb813cc168e635ad85
forensic_b,src/quant_platform/orchestration/corrective_statistical_remediation.py,881ed537831d427d155dad9302f8fa206e968436fd9e733dd254370b4d191889,working_git:2b711707852adccb16bd26f43fb4e622a8d2628e7a72755ecab60d9e248a9e6e;recovery_project:2b711707852adccb16bd26f43fb4e622a8d2628e7a72755ecab60d9e248a9e6e;local_runtime:2b711707852adccb16bd26f43fb4e622a8d2628e7a72755ecab60d9e248a9e6e
forensic_b,src/quant_platform/orchestration/corrective_testnet_cohort_readiness.py,156748876c46b67920adc9363abd123e270d7ae87a70b48f723a54ffa0632485,working_git:2dacd3a9ba813d768a93385f140604e87c54593945196a9bab6c3e8bab9d12b5;recovery_project:2dacd3a9ba813d768a93385f140604e87c54593945196a9bab6c3e8bab9d12b5;local_runtime:2dacd3a9ba813d768a93385f140604e87c54593945196a9bab6c3e8bab9d12b5
forensic_b,src/quant_platform/orchestration/corrective_testnet_collateral_transfer.py,763139a9baeb90de83655d8dedd01fe0ea925a32a2be20692cfc6198f568e5cd,working_git:75256ce7dd7e36930dd8fcc62a78eabc9436eb411e89ccfe6d8050acd510d7d9;recovery_project:75256ce7dd7e36930dd8fcc62a78eabc9436eb411e89ccfe6d8050acd510d7d9;local_runtime:75256ce7dd7e36930dd8fcc62a78eabc9436eb411e89ccfe6d8050acd510d7d9
forensic_b,src/quant_platform/orchestration/corrective_testnet_pair_execution.py,400ed29936fee0724c31aa44bd43557ed90fb3a6985e41a2792c47282b89f91b,working_git:13f1ab46b266d3bd7a1faff74e251712a06414f974ec5e7771fdad2fc32c760b;recovery_project:a658141366e164ae0fda2b5dec09a1e537b52eee53624b08f4dfd428fd773c6a;local_runtime:a658141366e164ae0fda2b5dec09a1e537b52eee53624b08f4dfd428fd773c6a
forensic_b,src/quant_platform/orchestration/corrective_wizard_api_credit_receipt.py,43b74760fcb38176ceb3d72ba369ec3b7d5e5708a0b72d9fca478a3c5b455731,working_git:6113ffc1cdab7d3a7d6d023d4c36a02d65eb323f7af2293ae5ec57e85cf44172;recovery_project:6113ffc1cdab7d3a7d6d023d4c36a02d65eb323f7af2293ae5ec57e85cf44172;local_runtime:6113ffc1cdab7d3a7d6d023d4c36a02d65eb323f7af2293ae5ec57e85cf44172
forensic_b,src/quant_platform/orchestration/corrective_wizard_browser_auth.py,bb95cfe0d129c36fec6e7313ffd969b301e931ba4f1b7f9aeab1ba55caa7d915,working_git:f1a17d291181d675ab772c0b1acb4df1419172f93f2ef6f7b1404c8bdb8117aa;recovery_project:62733fadc7b5dc90492768cd574b025373fd99bf4d035a412c5d032131b5b468;local_runtime:62733fadc7b5dc90492768cd574b025373fd99bf4d035a412c5d032131b5b468
forensic_b,src/quant_platform/orchestration/corrective_wizard_capture_manifest.py,7d484dfe0af761b3e671bcb74afb2d17630de02b69ce758ee667d7369f35da77,working_git:ab096ff87ad3e0f170a4fc06b657cd2cff34aeb469224428d57281ece05608b5;recovery_project:ab096ff87ad3e0f170a4fc06b657cd2cff34aeb469224428d57281ece05608b5;local_runtime:ab096ff87ad3e0f170a4fc06b657cd2cff34aeb469224428d57281ece05608b5
forensic_b,src/quant_platform/orchestration/corrective_wizard_capture_reconciliation.py,175030976a734825cf8c55a905b5e2d870aed0a0467ffd2afe4f5c8a6141850e,working_git:70947875ebc234db2c5c66dbd6243d384081328e47e58fc1685f55ec6ba55cdc;recovery_project:70947875ebc234db2c5c66dbd6243d384081328e47e58fc1685f55ec6ba55cdc;local_runtime:70947875ebc234db2c5c66dbd6243d384081328e47e58fc1685f55ec6ba55cdc
forensic_b,src/quant_platform/orchestration/corrective_wizard_comparator_review_control.py,0f75e57f5f6e00278d64bb6f10f51811f4c71c855c67ec24cf79ab6f7de40a71,working_git:c55f9bfba01cbfc7b0cc8f2f2c8aaa4e84bf63a57f4e9ac2d2b0b97d64934faa;recovery_project:c55f9bfba01cbfc7b0cc8f2f2c8aaa4e84bf63a57f4e9ac2d2b0b97d64934faa;local_runtime:c55f9bfba01cbfc7b0cc8f2f2c8aaa4e84bf63a57f4e9ac2d2b0b97d64934faa
forensic_b,src/quant_platform/orchestration/corrective_wizard_copula_behavioral.py,cfe89322867090a86440d7983fe2b1ae21f1f1e0ffcad2e2e3d1899107b97140,working_git:d808f4a106b1758a6698b42063b66e000790bf84e0d5bca6f32567aa760a3063;recovery_project:d808f4a106b1758a6698b42063b66e000790bf84e0d5bca6f32567aa760a3063;local_runtime:d808f4a106b1758a6698b42063b66e000790bf84e0d5bca6f32567aa760a3063
forensic_b,src/quant_platform/orchestration/corrective_wizard_dynamic_holdout.py,6395b2f5204e7d471a4dfb0aef584c49b7c1723fd6c63cf59324c29cb5ed3031,working_git:fa3428e3e7b321fcdeb4bdfee6bc8f9af426ff36e1a7f3509a7c23971afeca6a;recovery_project:fa3428e3e7b321fcdeb4bdfee6bc8f9af426ff36e1a7f3509a7c23971afeca6a;local_runtime:fa3428e3e7b321fcdeb4bdfee6bc8f9af426ff36e1a7f3509a7c23971afeca6a
forensic_b,src/quant_platform/orchestration/corrective_wizard_dynamic_supreme_review.py,dff1493c12bbc2abda3925b90cafaebbb456508efd1c67fcbb43aa80a2fd8497,working_git:1b150b79a973a85f734c4c2ee4cce73e1b86b6f258c4138a98d0ac1b0075b3bb;recovery_project:1b150b79a973a85f734c4c2ee4cce73e1b86b6f258c4138a98d0ac1b0075b3bb;local_runtime:1b150b79a973a85f734c4c2ee4cce73e1b86b6f258c4138a98d0ac1b0075b3bb
forensic_b,src/quant_platform/orchestration/corrective_wizard_ou_holdout.py,1492cb24e049db15447d66db1a89739a22ccb9af304b15fb070b3398c1a4b7c8,working_git:56e5cde9d5f5759edce3a3a1e7fc7fd6aa6d83eea4ecc30feecba6fea13000d4;recovery_project:56e5cde9d5f5759edce3a3a1e7fc7fd6aa6d83eea4ecc30feecba6fea13000d4;local_runtime:56e5cde9d5f5759edce3a3a1e7fc7fd6aa6d83eea4ecc30feecba6fea13000d4
forensic_b,src/quant_platform/orchestration/corrective_wizard_ou_v4_failure_attribution.py,af7b894ab1c75c3869c26e38eca67efd241ad0d429e7a84a7b6daa6bfd24b430,working_git:258292adede80682b53319a1339a02e3a38e25bd587eb59d95cd4bd48512c3cd;recovery_project:258292adede80682b53319a1339a02e3a38e25bd587eb59d95cd4bd48512c3cd;local_runtime:258292adede80682b53319a1339a02e3a38e25bd587eb59d95cd4bd48512c3cd
forensic_b,src/quant_platform/orchestration/corrective_wizard_ou_v4_holdout.py,8b9e64b2720b31dbaab1a2bcbf80ef5f9bda64aad75aa5cb0255c82270b52ffc,working_git:b01f84623d5846cb1bea5436433d77143cb1558fd11dea4a8163e3b58b38face;recovery_project:b01f84623d5846cb1bea5436433d77143cb1558fd11dea4a8163e3b58b38face;local_runtime:b01f84623d5846cb1bea5436433d77143cb1558fd11dea4a8163e3b58b38face
forensic_b,src/quant_platform/orchestration/corrective_wizard_ou_v4_supreme_review.py,05eb88f5dc80634e643f5a34d5a4633672fda3691b426b1f82134e1471aabe7c,working_git:740fdf902b66da9711bae0b254719d4785abc3cc054bd8d6d394b4c55b1777ca;recovery_project:740fdf902b66da9711bae0b254719d4785abc3cc054bd8d6d394b4c55b1777ca;local_runtime:740fdf902b66da9711bae0b254719d4785abc3cc054bd8d6d394b4c55b1777ca
forensic_b,src/quant_platform/orchestration/corrective_wizard_ou_v5_failure_attribution.py,28988952519159c8d2803589831a04517b5d462deef61816f07658ea5f6efa63,working_git:111b8af419fa8e65bd9145ed38709b69cd3c8bdb77c6d113a5b0f6e3fe60864e;recovery_project:111b8af419fa8e65bd9145ed38709b69cd3c8bdb77c6d113a5b0f6e3fe60864e;local_runtime:111b8af419fa8e65bd9145ed38709b69cd3c8bdb77c6d113a5b0f6e3fe60864e
forensic_b,src/quant_platform/orchestration/corrective_wizard_ou_v5_holdout.py,f7e197fd4daa889635ea71822e50287e899a61eb50223ea08802a0dc04e77799,working_git:079c9ee392a4b1bf9a2704e06b8d5ee81cd9a703f4c65aecd27508138579b80c;recovery_project:079c9ee392a4b1bf9a2704e06b8d5ee81cd9a703f4c65aecd27508138579b80c;local_runtime:079c9ee392a4b1bf9a2704e06b8d5ee81cd9a703f4c65aecd27508138579b80c
forensic_b,src/quant_platform/orchestration/corrective_wizard_ou_v5_supreme_review.py,65317e5886415f1c6a28f147159028809f2014bf6cc47b01779b19b70f151cc5,working_git:5b67e4c192b47d1e788c1ec5cb075f7fd07fa07d213fea40879d2ceb004c52bf;recovery_project:5b67e4c192b47d1e788c1ec5cb075f7fd07fa07d213fea40879d2ceb004c52bf;local_runtime:5b67e4c192b47d1e788c1ec5cb075f7fd07fa07d213fea40879d2ceb004c52bf
forensic_b,src/quant_platform/orchestration/corrective_wizard_ou_v6_holdout.py,8026c5a0b77a9fd6e67426d027f7ab7745665cae675795d39cc2bc1d736d4662,working_git:f7244745419fadb8320462e842b9420f5268e053285982e44b51c348ba4fe0f2;recovery_project:f7244745419fadb8320462e842b9420f5268e053285982e44b51c348ba4fe0f2;local_runtime:f7244745419fadb8320462e842b9420f5268e053285982e44b51c348ba4fe0f2
forensic_b,src/quant_platform/orchestration/corrective_wizard_ou_v6_supreme_review.py,cf5a3bedd77e7d970b8e650a74ca81ef0de9d9e0a4be58f4439c948561ddc51b,working_git:7cb3d867343a686a8efad67ea10c995576ec79a9393b276225cfd1978ee30cf1;recovery_project:7cb3d867343a686a8efad67ea10c995576ec79a9393b276225cfd1978ee30cf1;local_runtime:7cb3d867343a686a8efad67ea10c995576ec79a9393b276225cfd1978ee30cf1
forensic_b,src/quant_platform/orchestration/corrective_wizard_ou_v6_terminal_closure.py,6b2db77d8b2db77ed28c26b23510f36364ab1bd612ccf3c873bf0cc73d1c507d,working_git:ea6949799671fc28a9ab19a43e66605b54a3642a90fa852c99f911e06934bdf7;recovery_project:21f1377a0bb35862a2c691a00f4f30a5b0676af3ed4b8c9a9a7da17f9bc67269;local_runtime:21f1377a0bb35862a2c691a00f4f30a5b0676af3ed4b8c9a9a7da17f9bc67269
forensic_b,src/quant_platform/orchestration/corrective_wizard_parity.py,a2c27e44a6ec14307ed1d0d386455ff09c42bf63e2814f805183ee32b23a1288,working_git:30a39d62ffd1f5c9857e8eeaedcf478f749e6318a19d219bdfda773e25757b7f;recovery_project:30a39d62ffd1f5c9857e8eeaedcf478f749e6318a19d219bdfda773e25757b7f;local_runtime:30a39d62ffd1f5c9857e8eeaedcf478f749e6318a19d219bdfda773e25757b7f
forensic_b,src/quant_platform/orchestration/corrective_wizard_proof_launcher.py,6cca2c433996773f9c4034abc68d9b6d32d8e440edf04781a9bef25eb44857bb,working_git:e9dfbf182f4561b42bf3725ef6316cf7ec09f87f8d1cb5afdd4985299ff8406a;recovery_project:e9dfbf182f4561b42bf3725ef6316cf7ec09f87f8d1cb5afdd4985299ff8406a;local_runtime:be2bdd808ad8d427dcb4681327244de76ccd14d76f70b32c896f8140389f1ce1
forensic_b,src/quant_platform/orchestration/corrective_wizard_proof_scheduler.py,3f78c0c156baa883b2f29edac0e4100c108eed757dd46848c9442245fadb0e51,working_git:8caf2e49f662c40f38252506e1b039898cf5cf8807e71d3994b71bf01dba10eb;recovery_project:c1323cc4d66f7365ec469fdef2e9689ce88c472f360b5b527d337efafb67edbb;local_runtime:b9719636635a1289af3ac6ceae7d89423fa903bbd527208f0a3aff9fdce260e0
forensic_b,src/quant_platform/orchestration/corrective_wizard_reset_readiness.py,3b7c71b3f1a4da5377137dd855dbdcc46d622024635024098d4e71acff45a234,working_git:82f8c24b6a354ef2a72b49a759a7f0c53b0b4c71681e753da182d4a313309efa;recovery_project:82f8c24b6a354ef2a72b49a759a7f0c53b0b4c71681e753da182d4a313309efa;local_runtime:82f8c24b6a354ef2a72b49a759a7f0c53b0b4c71681e753da182d4a313309efa
forensic_b,src/quant_platform/orchestration/corrective_wizard_surface_inventory.py,75cc379ec1972b76a24363a8f4dcaa3cccf4e63103f8c46c0a94eb2024fb4397,working_git:be13dbcc8eecf64a9a28ac8dafe48a4ce3cd046b5d0a18e574ed576172b39723;recovery_project:26a0b9f0bfbbb96730d60d08524e01f4ef9d8e1a77751d64651e0800c1986c58;local_runtime:26a0b9f0bfbbb96730d60d08524e01f4ef9d8e1a77751d64651e0800c1986c58
forensic_b,src/quant_platform/orchestration/corrective_wizard_unattended_preflight.py,a1d4b4223074a53bea72be47be0885c90c9a6e5f5ef6ce4047f87aadfdddea78,working_git:922024391a19832623d86ec9107b8ba34c11aeec6856985973040cbd2f1df015;recovery_project:922024391a19832623d86ec9107b8ba34c11aeec6856985973040cbd2f1df015;local_runtime:922024391a19832623d86ec9107b8ba34c11aeec6856985973040cbd2f1df015
forensic_b,src/quant_platform/orchestration/current_wizard_hyperliquid_archive.py,d82565e326aa2a2fca6c01f1d62d3bd74b6df0ea434149109a71137a26bbc663,working_git:3a237cb5bf0d333bed82ec0afa283ada2f3e5d6882d0d404570ffe7561a0668a;recovery_project:3a237cb5bf0d333bed82ec0afa283ada2f3e5d6882d0d404570ffe7561a0668a;local_runtime:3a237cb5bf0d333bed82ec0afa283ada2f3e5d6882d0d404570ffe7561a0668a
forensic_b,src/quant_platform/orchestration/current_wizard_hyperliquid_archive_release.py,ded1b879c2d0b81581f76af7aaf3f839a3ddc70fe9a09f08e52079b230712ce6,working_git:5c344ac7c785606e444e64cdeb8a44b43d6a99bd2b9f8498267998b0582ddb79;recovery_project:5c344ac7c785606e444e64cdeb8a44b43d6a99bd2b9f8498267998b0582ddb79;local_runtime:5c344ac7c785606e444e64cdeb8a44b43d6a99bd2b9f8498267998b0582ddb79
forensic_b,src/quant_platform/orchestration/current_wizard_hyperliquid_cadence.py,f694eac80a6167e4e555446ad75873fa438d448fa3e689d0520890c95bce9977,working_git:0a255f48be7f9472767a5fc235ffd8ac2340cb2bc23af743e0cfe7c10cb8ff04;recovery_project:074a0c18ff528974bdeb5784b26fc4e6329fe95101acc5961b0e7620b279ac80;local_runtime:074a0c18ff528974bdeb5784b26fc4e6329fe95101acc5961b0e7620b279ac80
forensic_b,src/quant_platform/orchestration/current_wizard_hyperliquid_completion_audit.py,db8d5cd842667d75b2c730b11ac1ed0597dc38c6d3ed51933b25f2b0e98442ee,working_git:f88f6e52ffa887d527b033b42c126560197396daae287f42bc128e19c9b0e37d;recovery_project:f88f6e52ffa887d527b033b42c126560197396daae287f42bc128e19c9b0e37d;local_runtime:f88f6e52ffa887d527b033b42c126560197396daae287f42bc128e19c9b0e37d
forensic_b,src/quant_platform/orchestration/current_wizard_hyperliquid_concentration.py,cca3a679bf6381ff79cbcff393fb53df10b8a5fcab5b9fec21aa3f88de469b8e,working_git:85fabe0d72826de1168fc7b1e8d0ca7e7921ccaef49aba391ed527d8ac102528;recovery_project:14e961837eac53fcbc4feddb3430274b8be50dc7718fc36081bcbeb0e58297cd;local_runtime:14e961837eac53fcbc4feddb3430274b8be50dc7718fc36081bcbeb0e58297cd
forensic_b,src/quant_platform/orchestration/current_wizard_hyperliquid_costs.py,017e4b900234d70d07845ac89236039fbd16a96b3ed1b3553caa5cda668f38a7,working_git:fec643b2eedf87b31bbd72771c553a9f271196e253ab56fd62052bea4725facd;recovery_project:e81e682dd626d1edef9210405b4e746afed9eb1555376990bcefe46773c805ec;local_runtime:e81e682dd626d1edef9210405b4e746afed9eb1555376990bcefe46773c805ec
forensic_b,src/quant_platform/orchestration/current_wizard_hyperliquid_daily_runner.py,3c8135bf64ac05eb95bc65e43b77ca10c5f7c9fec01a58e36f30f29fe563c4c7,working_git:0b7f4a4dc4539c03d17210aa048230cd701bd8b5cd90879311703102e9957bfb;recovery_project:2939e1dfc1b2fce05510c67cbaf6a653d9b39f43715a53a1526405460fed1981;local_runtime:9918cdc6345a55aed91b19d31ce194c31120b7018f49221e77d325ed1f392e96
forensic_b,src/quant_platform/orchestration/current_wizard_hyperliquid_evidence_command_center.py,28161a404dd0bbdd61aa1c099779e3f875d7e58c19377e12f8743389c45b9381,working_git:5babf2daecb550809c9802b65b3aad13b856ff616da9ae64288a32c78e2e11c3;recovery_project:5babf2daecb550809c9802b65b3aad13b856ff616da9ae64288a32c78e2e11c3;local_runtime:5babf2daecb550809c9802b65b3aad13b856ff616da9ae64288a32c78e2e11c3
forensic_b,src/quant_platform/orchestration/current_wizard_hyperliquid_failure_attribution.py,d8a8a4ae4e2d4a5cdef40905922dab31e91e37d6613ca4d95297cf6d4fe1ec8c,working_git:8731eab72e9489a01d0c0c1357359a53c973251d46f9dcb1ba444616309756c7;recovery_project:b2c27b1a03db035e59b22611a3240926ba700b2f66d6625742880b8b08820b21;local_runtime:b2c27b1a03db035e59b22611a3240926ba700b2f66d6625742880b8b08820b21
forensic_b,src/quant_platform/orchestration/current_wizard_hyperliquid_handoff.py,f65945b9543b0f0dc10537f4f14e5be83730957d56077ed2ba6e649c72a72b16,working_git:4211e54df3b1711c139b207bd00ba3f6e226227667dd1e0a5ac9780df0902803;recovery_project:d11435266ec5238f978d0592c7b0ae041d92a471c63ed83d2d0d176c27662a4c;local_runtime:d11435266ec5238f978d0592c7b0ae041d92a471c63ed83d2d0d176c27662a4c
forensic_b,src/quant_platform/orchestration/current_wizard_hyperliquid_learning.py,fb789993a69945c942b1d63103dcc1eee454fc73b9b0a66b73a7e3fa3e2d35a7,working_git:c29fca8d47ed09552bfcd50ccfc611ca90336a265f0784cf3a518b451f52244e;recovery_project:f729aae1b94e29dbbc8e1a97a98a3ad955acc1e25efb89e14569a32e3b18386c;local_runtime:f729aae1b94e29dbbc8e1a97a98a3ad955acc1e25efb89e14569a32e3b18386c
forensic_b,src/quant_platform/orchestration/current_wizard_hyperliquid_leverage.py,6d8d9df871bd6413edec428269beffe9fbd16fd6dad4be10060a86fe73feaaae,working_git:2d249659415b58b12260175154c792e35c81a0019cdfe9a50593a892345cba21;recovery_project:9afce6017c3956568b3ae8d575024c1e8b4faa148f8a272459a356dc8563ffe6;local_runtime:9afce6017c3956568b3ae8d575024c1e8b4faa148f8a272459a356dc8563ffe6
forensic_b,src/quant_platform/orchestration/current_wizard_hyperliquid_math_comparison.py,b63154d952f59c9f2a87b4f13fc8f97250c572213c9995ba903d9032e6c9068f,working_git:61fbf6f444d7c56018e48147e795f4a4a9c7250102ba33fd53941998ff2a2a59;recovery_project:61fbf6f444d7c56018e48147e795f4a4a9c7250102ba33fd53941998ff2a2a59;local_runtime:61fbf6f444d7c56018e48147e795f4a4a9c7250102ba33fd53941998ff2a2a59
forensic_b,src/quant_platform/orchestration/current_wizard_hyperliquid_observed_replay.py,22a2a757d4e08d100ba4bc58028e0ed0fb7f32ed2a7ac910b6ed0860cfb5906f,working_git:a2b5fc4272b74d6016a13ce5cdcbe028608fee8bda3a87831a762b1c7b79f7d2;recovery_project:09bc33013a63cc83f95daf5111230a399d60302c5557cec26d70dd00221144b4;local_runtime:09bc33013a63cc83f95daf5111230a399d60302c5557cec26d70dd00221144b4
forensic_b,src/quant_platform/orchestration/current_wizard_hyperliquid_regimes.py,97862ce6e79983d0abb26455c15510656fdb4793fe6e4477b765869a4fa5abd2,working_git:d0b2573e3e49e53c75aa1dad998c84671ff1da2c6b5300bd11bf686faf14e66f;recovery_project:89f050941b8a6a4f06c31a41fa0e974ae355c9a843fc8415bafbf74a612f9a2f;local_runtime:89f050941b8a6a4f06c31a41fa0e974ae355c9a843fc8415bafbf74a612f9a2f
forensic_b,src/quant_platform/orchestration/current_wizard_hyperliquid_replay.py,e8c15e314ed1032669616c1983d750ceae8bd94b3ce1e6cae9639aa6eda8266f,working_git:a90af31eceafef9a02f46b07e93e1f4142556140cbdbdf56e3d168756486efb8;recovery_project:36473978e4aeb4b46ced4959721038e3d3dacbffd0e74eaaa655d60f83d7aad3;local_runtime:36473978e4aeb4b46ced4959721038e3d3dacbffd0e74eaaa655d60f83d7aad3
forensic_b,src/quant_platform/orchestration/current_wizard_hyperliquid_robustness.py,b770346dc8ea81247de5b9b0857d9678a604f905d9cf05912d55a07b143d9a81,working_git:063aab5994aa0ff81a919c87ccf0ed3e9f395b984d977efc01decffee1f857ff;recovery_project:5f487cccae70a62b7422f33b8a04b0ef5aa5f586f46e9c6c033e18e06e050554;local_runtime:5f487cccae70a62b7422f33b8a04b0ef5aa5f586f46e9c6c033e18e06e050554
forensic_b,src/quant_platform/orchestration/current_wizard_hyperliquid_storage.py,7280665d61c1314e55b8a06dd1f210a89d6ca3d759f64a53a59a32ef73ed270e,working_git:8f2746e256178e038d64f6a289cc0d524a4f579751a525eb8f58201360977028;recovery_project:8f2746e256178e038d64f6a289cc0d524a4f579751a525eb8f58201360977028;local_runtime:8f2746e256178e038d64f6a289cc0d524a4f579751a525eb8f58201360977028
forensic_b,src/quant_platform/orchestration/current_wizard_hyperliquid_testnet_protocol.py,c56f2d7558176bf64a1ed0dad79e632bcb90f680ac3a16af7c13d9b59932a9b0,working_git:b17439819440d93cdceb150817eb0a6b1c941ae5a7c943971d8eb87cd004c2fa;recovery_project:b17439819440d93cdceb150817eb0a6b1c941ae5a7c943971d8eb87cd004c2fa;local_runtime:b17439819440d93cdceb150817eb0a6b1c941ae5a7c943971d8eb87cd004c2fa
forensic_b,src/quant_platform/orchestration/current_wizard_hyperliquid_validation.py,4974c0aaa689d77aa08484834ab34f8b165f3392bcc2afc0e46e279eca02b603,working_git:00c04bd67c86f437fd9499bca391c13d29c99e404d5c2d7417ded3d4598bdaa8;recovery_project:593445e745c82710665181b0ab109394b915937989eea54230d8f649c5447f62;local_runtime:593445e745c82710665181b0ab109394b915937989eea54230d8f649c5447f62
forensic_b,src/quant_platform/orchestration/current_wizard_hyperliquid_walkforward.py,25abf440318e9eb9860bc8b308d177d5dfc43f799e6fe1891fec89d09b69c8b6,working_git:07fe0fe5ff96a827076c076966bf504ddb9198c0b8aedb2f6b3e4542a4f5d9d4;recovery_project:8ddb2dc98bec8a5fa46b3282b35e495540fda68bcebd1d516029a851852bad2c;local_runtime:8ddb2dc98bec8a5fa46b3282b35e495540fda68bcebd1d516029a851852bad2c
forensic_b,src/quant_platform/orchestration/current_wizard_ou_optimal_overlay.py,78d16d582c669dd5bcbddc42d580ac3e6765dadc5266488bd7929c35dfa067b8,working_git:96fd525b863e95aabbac646d5bec7154659f320071d46c72114eb99e90e2fb84;recovery_project:6692c8fd2fb78db887929aecd04a62e800250c94e8fe2ebf6506e69e079d36cd;local_runtime:6692c8fd2fb78db887929aecd04a62e800250c94e8fe2ebf6506e69e079d36cd
forensic_b,src/quant_platform/orchestration/dynamic_ledger.py,475f66cd19f53641f05fc399765345c8019c6d5b01fc3043d8c87d31d2ebd031,working_git:adb2e1666172dddcbc0f1cf1f9884967a9181c6622d00d898d55e5cd520f54f8;recovery_project:adb2e1666172dddcbc0f1cf1f9884967a9181c6622d00d898d55e5cd520f54f8;local_runtime:adb2e1666172dddcbc0f1cf1f9884967a9181c6622d00d898d55e5cd520f54f8
forensic_b,src/quant_platform/orchestration/dynamic_rollout.py,51412071f3eb14c658b690e46907074cf6dffb8325c73dff892bb13a36644c27,working_git:caf14e51731b45f90c4a694d556a1866e1e354433e1aff8ae54fd3b766457290;recovery_project:caf14e51731b45f90c4a694d556a1866e1e354433e1aff8ae54fd3b766457290;local_runtime:caf14e51731b45f90c4a694d556a1866e1e354433e1aff8ae54fd3b766457290
forensic_b,src/quant_platform/orchestration/dynamic_router.py,3de589b799c026fa891b354631ccabd5ee44361537445f4c1119a6b5b6c0215e,working_git:28257715053041bcfc87a50dbc8d7599fd7f29410804efa110e5d8b0e8f57259;recovery_project:28257715053041bcfc87a50dbc8d7599fd7f29410804efa110e5d8b0e8f57259;local_runtime:28257715053041bcfc87a50dbc8d7599fd7f29410804efa110e5d8b0e8f57259
forensic_b,src/quant_platform/orchestration/dynamic_stage_runner.py,f4f178e4649cf5aa1827a09ede6ba1905c70e889f84ce2e428815fe30d4635ea,working_git:10a9001274875a108089db0cb90d406d0cb3c3058cc6615df1ac1fcb9798df8f;recovery_project:10a9001274875a108089db0cb90d406d0cb3c3058cc6615df1ac1fcb9798df8f;local_runtime:10a9001274875a108089db0cb90d406d0cb3c3058cc6615df1ac1fcb9798df8f
forensic_b,src/quant_platform/orchestration/dynamic_supreme_team.py,cfc213192c64d901a455a04a6dc06b47e4fcbb3b71f8bbe83357d81c8b01a88c,working_git:ee7e4bcb31e73289771c74df1194e4bb9cd064858ce34d9ef6fb71d65434c568;recovery_project:ee7e4bcb31e73289771c74df1194e4bb9cd064858ce34d9ef6fb71d65434c568;local_runtime:ee7e4bcb31e73289771c74df1194e4bb9cd064858ce34d9ef6fb71d65434c568
forensic_b,src/quant_platform/orchestration/events.py,3ea47c054da9202fa563bbeda176819a8c55e6d1ae4f47237680926c8516a0eb,working_git:b4a45342fc79b045148d529cf9ab289444221b972d296b104f43d4daf87ade0b;recovery_project:b4a45342fc79b045148d529cf9ab289444221b972d296b104f43d4daf87ade0b;local_runtime:b4a45342fc79b045148d529cf9ab289444221b972d296b104f43d4daf87ade0b
forensic_b,src/quant_platform/orchestration/exhaustive_wizard_api_refresh.py,7b723159b94e189552ac87cdb80fd4acc58f8003698931ed81c122d41b031f6a,working_git:08e7db497504d27f80a0f6f0a83848021d98dea53e53640b48a761aebe2a5f1c;recovery_project:856fbfb1a1a616b43e169f9ae602d5aada2de00bb50fde5853f95f80a8e1994a;local_runtime:856fbfb1a1a616b43e169f9ae602d5aada2de00bb50fde5853f95f80a8e1994a
forensic_b,src/quant_platform/orchestration/exhaustive_wizard_hyperliquid_canonical_replay.py,41c2450b7fe1118501f5928d4bc56e0a9bf8cf9e328775d81e2463f698de9d3f,working_git:206dd4250504919b5249d965eeafa9b03ad832b7f53438092d87cde57527583c;recovery_project:206dd4250504919b5249d965eeafa9b03ad832b7f53438092d87cde57527583c;local_runtime:206dd4250504919b5249d965eeafa9b03ad832b7f53438092d87cde57527583c
forensic_b,src/quant_platform/orchestration/exhaustive_wizard_hyperliquid_concentration.py,ff06000dab9edac93d2e1df55a506afaea4a09461137f09e11cdb4abf788330e,working_git:753015317df71aa3ed4d9652d858b4172e89b6e6ac1972b9d5bd0ed96f483a92;recovery_project:753015317df71aa3ed4d9652d858b4172e89b6e6ac1972b9d5bd0ed96f483a92;local_runtime:753015317df71aa3ed4d9652d858b4172e89b6e6ac1972b9d5bd0ed96f483a92
forensic_b,src/quant_platform/orchestration/exhaustive_wizard_hyperliquid_cost_bridge.py,c2590a3a87ee45652f4fcc496d93c540f00897ecacabf8fc37d2006132398022,working_git:a119e29df04d56bcc2a1b329181632da51d3b34e9838f6c25b8c6054aee7524a;recovery_project:a119e29df04d56bcc2a1b329181632da51d3b34e9838f6c25b8c6054aee7524a;local_runtime:a119e29df04d56bcc2a1b329181632da51d3b34e9838f6c25b8c6054aee7524a
forensic_b,src/quant_platform/orchestration/exhaustive_wizard_hyperliquid_cost_evidence.py,6cbda81d9dd277749e5917009c2f1bfbee68450f949bd78c2c9c5777cd0a50e6,working_git:3a3b1efc4f5d4ed580d950f2841c348faeac5e71dde99c845b2816e738f61aa1;recovery_project:3a3b1efc4f5d4ed580d950f2841c348faeac5e71dde99c845b2816e738f61aa1;local_runtime:3a3b1efc4f5d4ed580d950f2841c348faeac5e71dde99c845b2816e738f61aa1
forensic_b,src/quant_platform/orchestration/exhaustive_wizard_hyperliquid_learning.py,5ee616e8e5de56fd7b10169ba9d7cea105ab405a7ee0d0d1b6e0dfbc792d811e,working_git:f128a4e5e7a65e5218cbdb2739d354e8f11d1ff8fe08244803debf969abc67b3;recovery_project:f128a4e5e7a65e5218cbdb2739d354e8f11d1ff8fe08244803debf969abc67b3;local_runtime:f128a4e5e7a65e5218cbdb2739d354e8f11d1ff8fe08244803debf969abc67b3
forensic_b,src/quant_platform/orchestration/exhaustive_wizard_hyperliquid_leverage.py,96c17b635bd0ff082f72ca38755361daba63918d784318026c7d25ddb70a8c2f,working_git:f98c6e6feda78161242ebe367bd757accc69b56013facc8c834dc031c204cc50;recovery_project:f98c6e6feda78161242ebe367bd757accc69b56013facc8c834dc031c204cc50;local_runtime:f98c6e6feda78161242ebe367bd757accc69b56013facc8c834dc031c204cc50
forensic_b,src/quant_platform/orchestration/exhaustive_wizard_hyperliquid_observed_cost_replay.py,1478b3d664e060d4c46c228d51298c781a3fded38164ee93484708dce11c69d4,working_git:b16c38c3011096fd410b94dbd14c0974ae8a10b40f74a1f5c9b898782dbaf6ce;recovery_project:b16c38c3011096fd410b94dbd14c0974ae8a10b40f74a1f5c9b898782dbaf6ce;local_runtime:b16c38c3011096fd410b94dbd14c0974ae8a10b40f74a1f5c9b898782dbaf6ce
forensic_b,src/quant_platform/orchestration/exhaustive_wizard_hyperliquid_regimes.py,806167c8096af3eab9e216216e88519afa9df1e81a83a33d8d1b1be364b743a1,working_git:dfb5c1036f3fd85fa8a014956c5f383ac6155b28c6c069def16e24db0e40050d;recovery_project:dfb5c1036f3fd85fa8a014956c5f383ac6155b28c6c069def16e24db0e40050d;local_runtime:dfb5c1036f3fd85fa8a014956c5f383ac6155b28c6c069def16e24db0e40050d
forensic_b,src/quant_platform/orchestration/exhaustive_wizard_hyperliquid_replay.py,046801082cdc75f327ed053fc0d21a943c0352a5a6acf58b87d0ff8b9f374d9e,working_git:45ac2ac271388071e26bc62ea131aa7f55bdeda1f38fa578d513322953620017;recovery_project:45ac2ac271388071e26bc62ea131aa7f55bdeda1f38fa578d513322953620017;local_runtime:45ac2ac271388071e26bc62ea131aa7f55bdeda1f38fa578d513322953620017
forensic_b,src/quant_platform/orchestration/exhaustive_wizard_hyperliquid_robustness.py,d6f2079126a1e14ad5aa1849a641972fc1911551ea5fccfcafdd7bf9c69abd30,working_git:c182995189ea1095de0da50fd6734f4852cb6c69b7a83aba24e7f32baab32e1d;recovery_project:c182995189ea1095de0da50fd6734f4852cb6c69b7a83aba24e7f32baab32e1d;local_runtime:c182995189ea1095de0da50fd6734f4852cb6c69b7a83aba24e7f32baab32e1d
forensic_b,src/quant_platform/orchestration/exhaustive_wizard_hyperliquid_run.py,554e93991d402394b496a13146415bdd491cb0b07a5fb7aeeda38a11567c6eff,working_git:bb6c17c596b8cd42f11c6fa4d86aefde6e67722a7c3fed30d3165ef2d01a0faf;recovery_project:bb6c17c596b8cd42f11c6fa4d86aefde6e67722a7c3fed30d3165ef2d01a0faf;local_runtime:bb6c17c596b8cd42f11c6fa4d86aefde6e67722a7c3fed30d3165ef2d01a0faf
forensic_b,src/quant_platform/orchestration/exhaustive_wizard_hyperliquid_validation.py,d7a4bfdbbddc720c11b3d216cdcded64bbb380afd52d4b82d5efbad51c5778e5,working_git:f8b3287aa0a48de3e469a8f3d2a53efcc893e20e6d8cd43879d3465bb2d80870;recovery_project:f8b3287aa0a48de3e469a8f3d2a53efcc893e20e6d8cd43879d3465bb2d80870;local_runtime:f8b3287aa0a48de3e469a8f3d2a53efcc893e20e6d8cd43879d3465bb2d80870
forensic_b,src/quant_platform/orchestration/exhaustive_wizard_hyperliquid_walkforward.py,3abe0a2191045c6846f6d8d0c693612aa013b8956e3ff5714ecd34e71b7f5b4c,working_git:aa061b1ef764796c16280b1dd2ad878e47ac0fe9efdc11d448d16f13669b6727;recovery_project:aa061b1ef764796c16280b1dd2ad878e47ac0fe9efdc11d448d16f13669b6727;local_runtime:aa061b1ef764796c16280b1dd2ad878e47ac0fe9efdc11d448d16f13669b6727
forensic_b,src/quant_platform/orchestration/hyperliquid_learning_and_risk.py,bbf9a06f55c1ef4364638c1b22090debc71608f883b1ae29b04cfb7c934357e3,working_git:5c9237d3ee0d46b33169f993c062f5815b97598afef4840bef7a8ad36eb34191;recovery_project:5c9237d3ee0d46b33169f993c062f5815b97598afef4840bef7a8ad36eb34191;local_runtime:5c9237d3ee0d46b33169f993c062f5815b97598afef4840bef7a8ad36eb34191
forensic_b,src/quant_platform/orchestration/hyperliquid_research_cycle.py,f75b18f03f14ec732f8814cce7094e7685f807e638044d91ae6f263ac4875b7d,working_git:83af240de9f36e61421cf9a4f095b20110e8b4f0a270e53f15d0dbc66ce63aab;recovery_project:83af240de9f36e61421cf9a4f095b20110e8b4f0a270e53f15d0dbc66ce63aab;local_runtime:83af240de9f36e61421cf9a4f095b20110e8b4f0a270e53f15d0dbc66ce63aab
forensic_b,src/quant_platform/orchestration/hyperliquid_research_validation.py,2611a3cf2574220985b685b7fb0bc02600a50edf5efbe499b3a2bc7347f35232,working_git:d4192688debe2e1d85978daeba47d5e62c0fcacc6544ca5e84295d4b43c9f4d0;recovery_project:d4192688debe2e1d85978daeba47d5e62c0fcacc6544ca5e84295d4b43c9f4d0;local_runtime:d4192688debe2e1d85978daeba47d5e62c0fcacc6544ca5e84295d4b43c9f4d0
forensic_b,src/quant_platform/orchestration/hyperliquid_run_manifest.py,8c86176880e644a9368d17ed3f9c90aceb72a2737dbb8e33e7cd99eeb84ade27,working_git:b4cb3dc7d88dc9a9e50166dc71eec14170e0003a7211f456caf59c2e9588d3e4;recovery_project:b4cb3dc7d88dc9a9e50166dc71eec14170e0003a7211f456caf59c2e9588d3e4;local_runtime:b4cb3dc7d88dc9a9e50166dc71eec14170e0003a7211f456caf59c2e9588d3e4
forensic_b,src/quant_platform/orchestration/hyperliquid_testnet_lifecycle_evidence.py,c83bb706ada322d7ece8bd4d111d05139be59566dc268dc9393992c0fef59001,working_git:ab2b604a575eeefd97012f95cefb2664fae41e72654467ecef029c757a8e7ef6;recovery_project:6c73e79122f3c06ed13cb85857344d056a069f76343c048eff6d0632640dc689;local_runtime:6c73e79122f3c06ed13cb85857344d056a069f76343c048eff6d0632640dc689
forensic_b,src/quant_platform/orchestration/langgraph_workflow.py,ea43d042cf6cec5238d241c885db9f813db9e287167ce5080ddfd5a9e08bde78,working_git:a39a92f57aeffd0edcf3dcfa7229a48a58b68dbf826227f76d5943c77ceef85c;recovery_project:a39a92f57aeffd0edcf3dcfa7229a48a58b68dbf826227f76d5943c77ceef85c;local_runtime:a39a92f57aeffd0edcf3dcfa7229a48a58b68dbf826227f76d5943c77ceef85c
forensic_b,src/quant_platform/orchestration/mini_agents.py,7f9c01ec44ba3e1f005241e7cddecd296373deb30b8ffbf25873f3d52ae8cda4,working_git:94a7325f4ed842f2fcf47567f9a79f7e1526ed3d3062fb3ea85e23b53758897c;recovery_project:94a7325f4ed842f2fcf47567f9a79f7e1526ed3d3062fb3ea85e23b53758897c;local_runtime:09b05dca77d91c41f2d78cce07f1c3c676bb2afb83093be8ad615650bcad1b3d
forensic_b,src/quant_platform/orchestration/nodes.py,4eb064001bf1c011bdf6666f4d74153bdcf990f60bc4f61c02e869270e35f1ff,working_git:ce147c8c3aad5a21d27c0f93ba70c9ceb5da10a4e36ea06525bb9521e77e0ca5;recovery_project:ce147c8c3aad5a21d27c0f93ba70c9ceb5da10a4e36ea06525bb9521e77e0ca5;local_runtime:81f25d20cff59a6ada863362cd4907f5d93e9772e2f344da43bf8477aaffd4b7
forensic_b,src/quant_platform/orchestration/orchestrator_assistant.py,673f8f1bd8cd72beabdab753bf2cefb2e07da36422e69f1d7a4c014a99971e30,working_git:61f0efabc4d2f3c625583161ef8342be20088548813d7bd1d3748c80765d737c;recovery_project:61f0efabc4d2f3c625583161ef8342be20088548813d7bd1d3748c80765d737c;local_runtime:61f0efabc4d2f3c625583161ef8342be20088548813d7bd1d3748c80765d737c
forensic_b,src/quant_platform/orchestration/reporting.py,d55594bc83be423f0512b6843da4107e36a6224562067ea8a2c61da992396016,working_git:752c7fe8cf6d45486991a8267ea04adff468da53294cab37e40e8ed0ff4a658e;recovery_project:752c7fe8cf6d45486991a8267ea04adff468da53294cab37e40e8ed0ff4a658e;local_runtime:752c7fe8cf6d45486991a8267ea04adff468da53294cab37e40e8ed0ff4a658e
forensic_b,src/quant_platform/orchestration/specialist_scoreboard.py,527041a5c7a55e2cd9c976f3e9d58a9709b8bc1ced3c967e1106601b3517544e,working_git:429cf657b430c7a0589cb26beaa95c4e62d75b545183970768386b85215660f2;recovery_project:429cf657b430c7a0589cb26beaa95c4e62d75b545183970768386b85215660f2;local_runtime:429cf657b430c7a0589cb26beaa95c4e62d75b545183970768386b85215660f2
forensic_b,src/quant_platform/orchestration/student_readiness.py,0505484cbd452592ce1148c9083424d320566601a8391971206f276b72a3bd35,working_git:b33d25dab5156275c026ec59934cfc369cce023b22cf34aa8c4655e9cfa333e9;recovery_project:7544803621ca3371ec5db8f8fb766d0dfe8d84d4631d3df5b31ea0acd618f965;local_runtime:7544803621ca3371ec5db8f8fb766d0dfe8d84d4631d3df5b31ea0acd618f965
forensic_b,src/quant_platform/orchestration/teacher_adapters.py,b891eecba0760b29744ebff4c18484889e90a684802f715889a0a57af79679e6,working_git:93a876e64ea988cb363d1cd7a176c6353083306c2515c831ae76c45bef9fe28b;recovery_project:2155c3a7e956148da1a487e406519a34dfaca47369f79f3fa25dc70a3a425a2d;local_runtime:2155c3a7e956148da1a487e406519a34dfaca47369f79f3fa25dc70a3a425a2d
forensic_b,src/quant_platform/orchestration/teacher_contracts.py,35cf7cb5772c03c8979ff64688489146924fa438ff92b2317e8e6a8c98278a41,working_git:595cf2afea0da56d63dff3e64383b463419b0184dc9d4b7e51429177a0e781c3;recovery_project:2d492ba7480bca3d3281da3429775b7a84277e5f35b51068fddc0040b4f5b2d6;local_runtime:2d492ba7480bca3d3281da3429775b7a84277e5f35b51068fddc0040b4f5b2d6
forensic_b,src/quant_platform/orchestration/teacher_control_plane.py,b99eba103e1746522e69e707707a39cb35e5e10a7e5fb155d7de22ac58ac0ecc,working_git:f1e2778596b2f8df64081584aad8f2aa13784bd4c2039cf0a6d5c782de25a1a1;recovery_project:ab8a5682d5cdb0290a05479d66f61e8cb46ec89112980a1cf5717e6fde59ca42;local_runtime:ab8a5682d5cdb0290a05479d66f61e8cb46ec89112980a1cf5717e6fde59ca42
forensic_b,src/quant_platform/orchestration/teacher_evidence_materializer.py,b6fb274cba5b4556960018b547b3f22878fe3ce0862b2d4ebd1ddbcd79d40188,working_git:742c7c52a9bf450c36d950f6be98313a956013368169d1de2734a9ec990b5816;recovery_project:4ea664abe060d908d15252f42315d67b736471f5896d11d5f8ee89f6011d2771;local_runtime:4ea664abe060d908d15252f42315d67b736471f5896d11d5f8ee89f6011d2771
forensic_b,src/quant_platform/orchestration/venue_gate.py,49e1de717fb9091cd9e49535eb4de0a491a40dbfa28b2119c617d360a08e19c2,working_git:3f477a30f2b428354a231eb73babbc0761512c7cc9fd764e0b0f9d2d15090ae8;recovery_project:3f477a30f2b428354a231eb73babbc0761512c7cc9fd764e0b0f9d2d15090ae8;local_runtime:3f477a30f2b428354a231eb73babbc0761512c7cc9fd764e0b0f9d2d15090ae8
forensic_b,src/quant_platform/orchestration/versioned_learning_comparison.py,fc136d36a3a9dff8bea0cea27455af9ead1aff9c0b4adf5f31a9c23c6e2e86a3,working_git:77e98ae9811c2f375e463ebfbf80f3ceb2f4ad7a6a9128ab735a2020bc87c11e;recovery_project:77e98ae9811c2f375e463ebfbf80f3ceb2f4ad7a6a9128ab735a2020bc87c11e;local_runtime:77e98ae9811c2f375e463ebfbf80f3ceb2f4ad7a6a9128ab735a2020bc87c11e
forensic_b,src/quant_platform/orchestration/wizard_pair_detail_api_pilot.py,56e18f95f7abc34e7b005ad76f04fea2b850fb55340e2d00d8c9108fc7dd9efa,working_git:08278660c779c5a6c69887cd6b149870658d54827c91b006d0b59f546bbccf0e;recovery_project:08278660c779c5a6c69887cd6b149870658d54827c91b006d0b59f546bbccf0e;local_runtime:08278660c779c5a6c69887cd6b149870658d54827c91b006d0b59f546bbccf0e
forensic_b,src/quant_platform/rl/base_rl_lane.py,d441889749b201b44c2ad9f546275239eab8755c6013783c6aeb320f7cee3acc,working_git:dc81d34dbbf2978cce8aa63b1e0b13045ace9cf08d82cc448d3f78524bb39dbb;recovery_project:dc81d34dbbf2978cce8aa63b1e0b13045ace9cf08d82cc448d3f78524bb39dbb;local_runtime:dc81d34dbbf2978cce8aa63b1e0b13045ace9cf08d82cc448d3f78524bb39dbb
forensic_b,src/quant_platform/rl/brain_contract.py,5717ae0abcd7bb584d8417f6f6b8be7576bb96711a08bd1556042a9d65f4c45e,working_git:de963b7624cea1b3557776bfdacc4e534e8b7904fdda1c20703f91cf5f13cdd2;recovery_project:de963b7624cea1b3557776bfdacc4e534e8b7904fdda1c20703f91cf5f13cdd2;local_runtime:de963b7624cea1b3557776bfdacc4e534e8b7904fdda1c20703f91cf5f13cdd2
forensic_b,src/quant_platform/rl/brain_cycle.py,9e353e9a8c74b65bf386f4282aed303f4ff8a3dc0c0c614a1c3fcc63a6a54952,working_git:dc598b15796331cf3360e09b63a5658a128b90f0bfb3e56f19b74419498ba6d6;recovery_project:dc598b15796331cf3360e09b63a5658a128b90f0bfb3e56f19b74419498ba6d6;local_runtime:dc598b15796331cf3360e09b63a5658a128b90f0bfb3e56f19b74419498ba6d6
forensic_b,src/quant_platform/rl/features.py,017f19a4e4ab68487b1b0af36a094ec0a3ef61e8ba33f0854574e2b18204d0f4,working_git:ef3e39f0776589546aa3d5766a726e158e7831f08803e353198212d3d11caa7f;recovery_project:ef3e39f0776589546aa3d5766a726e158e7831f08803e353198212d3d11caa7f;local_runtime:ef3e39f0776589546aa3d5766a726e158e7831f08803e353198212d3d11caa7f
forensic_b,src/quant_platform/rl/quantization.py,02f633736bc8181023a0940b705b9df14bee76f422d6327ca8d418d21633c379,working_git:5ff913c787dc2b9f4400c40250617ab799e0d5ed0ce75f2aa44a15e40f5e5f9d;recovery_project:5ff913c787dc2b9f4400c40250617ab799e0d5ed0ce75f2aa44a15e40f5e5f9d;local_runtime:5ff913c787dc2b9f4400c40250617ab799e0d5ed0ce75f2aa44a15e40f5e5f9d
forensic_b,src/quant_platform/rl/rl_acceptance.py,12be6924963b5a5934f33425f955436839a248fcf0e42a72f5b33fc743eff21a,working_git:3fdd1b8f26486d6cc38f7a0b4fd96ba9f99c35dad1da6dd8341874dbe4dc17b1;recovery_project:27eeb01e320429ca47c3dac63e535a33b4f628e1d3febc54723b1d01aa420131;local_runtime:27eeb01e320429ca47c3dac63e535a33b4f628e1d3febc54723b1d01aa420131
forensic_b,src/quant_platform/rl/rl_backtest.py,ead88db6ee183d07807b9f24dc25fb3740cf25f966f638cb25b3c61a76759d52,working_git:6d9e8414df8aeb0ee639f67f12c4f0891c0038bfbef618d6270608dd05a1206f;recovery_project:b6ef1ad5303c61294817243bc8320f9428071e1f9304a8c01538b8f913b33877;local_runtime:b6ef1ad5303c61294817243bc8320f9428071e1f9304a8c01538b8f913b33877
forensic_b,src/quant_platform/rl/rl_idea_engine.py,6c19d2bf17be4299ae96dd1f5f47497a12dc574e3b2a64154cf5e508ca914bf9,working_git:d9a29a466560368b29cb0b5276dcf42ba470d058ca4a976b1e1d2a55a523f589;recovery_project:d9a29a466560368b29cb0b5276dcf42ba470d058ca4a976b1e1d2a55a523f589;local_runtime:d9a29a466560368b29cb0b5276dcf42ba470d058ca4a976b1e1d2a55a523f589
forensic_b,src/quant_platform/rl/rl_learning_agent.py,7fc8760edce6b8930d4132dccd8e44bd4c6d6ee1e84e8dbd13a0ad3b894375ea,working_git:2220c6984d0eb4b3d0497733f54ddb44f86d38b310e70f5adca7bc9b36cc8c89;recovery_project:82c7939a968f28b047149ddff7ea6748a29ad00b07efda88b6d3b4580d057cf0;local_runtime:82c7939a968f28b047149ddff7ea6748a29ad00b07efda88b6d3b4580d057cf0
forensic_b,src/quant_platform/rl/rl_strategy_selector.py,83e259440a0514b8d741b516d62598762ab1f0d03e56e0588264ec6382514d9d,working_git:849778666ac4ecaaccd8801e3e37718590aef971bc9e7b58642a1cd9386f1a68;recovery_project:849778666ac4ecaaccd8801e3e37718590aef971bc9e7b58642a1cd9386f1a68;local_runtime:849778666ac4ecaaccd8801e3e37718590aef971bc9e7b58642a1cd9386f1a68
forensic_b,src/quant_platform/rl/train_ppo.py,840b5325e532911ca2b91b5fa35c204e9f8e0f43445b3d232ade89d80a632050,working_git:141db3a2fb677940987e09afb19972eed65837a702ca90104203eca1bcc97cf3;recovery_project:141db3a2fb677940987e09afb19972eed65837a702ca90104203eca1bcc97cf3;local_runtime:141db3a2fb677940987e09afb19972eed65837a702ca90104203eca1bcc97cf3
forensic_b,src/quant_platform/statistics/math_v2.py,df1f8543ec21c4fcab60c56ab8bdd1851ef7f49255a82db13112c2f315f00d1d,working_git:140a36a04812959002b5865562d3ef44c422449a1ff5312d8a998c604930e187;recovery_project:f40fbd88078e96c9793242bb1b73cd8ce9853942707899d3c0c87e6c897257cb;local_runtime:f40fbd88078e96c9793242bb1b73cd8ce9853942707899d3c0c87e6c897257cb
forensic_b,src/quantized_stat_arb_platform.egg-info/PKG-INFO,3e903933f82d36d9c5ea184029545da02e5a8ad9333f8f298b1d1ae99c6e9de9,working_git:d0fb982aa259782fb69ad861ad6a5a208ab0dac1b753cbb33da33f7abf6858c7;recovery_project:697b4abda800aecb2643270dd3b60446f5e6d93f63b446e334cc6b8aa2c40115;local_runtime:697b4abda800aecb2643270dd3b60446f5e6d93f63b446e334cc6b8aa2c40115
forensic_b,src/quantized_stat_arb_platform.egg-info/SOURCES.txt,7309988921af155a9df3b44cd7b4dc1a7daafe8e61f597f941e55d5e8522e893,working_git:2b807f538372eab0667615b4159963b474ba769f493488195a4ca42a9c499ebe;recovery_project:ed00799de2121174375d879fe1d71ea25ab27430f025af2dac7f8e0b99571e8c;local_runtime:c0d4d24cf128825a6a3087d7c667b395eacc69686b91940ddddd6d204b3ba457
forensic_b,src/quantized_stat_arb_platform.egg-info/requires.txt,d9ac0c7d4d9758ea0459a5c913f7a0e63197d9c3d828ed794d253e289ba41cd4,working_git:0074e121ca43eba1012969b278ec3a8314eda167b63dfe0abf87bc2d19e8cf57;recovery_project:b458591e734762a4e9f0e62069accf83710309e480682a181798fef197080696;local_runtime:b458591e734762a4e9f0e62069accf83710309e480682a181798fef197080696
forensic_b,tests/test_active_pipeline.py,cfd6b930864fbc4f487665547d965977cc59db4334ea315ea3b5b46f1a4a7a69,working_git:5ff039ce58ff7b1a08e40df3ca90f84ed42c0a0469f46bfbf23a93280c424442;recovery_project:ccc8f1705c214b0bde2dd913df20a69c09176ad4b21eef4ebb231ce843f610ba;local_runtime:ccc8f1705c214b0bde2dd913df20a69c09176ad4b21eef4ebb231ce843f610ba
forensic_b,tests/test_api_extraction.py,30bdcdf545403b2917125528bc0ac2132f4cbb8ebcfe839c023c579118e22efb,working_git:1c09cda0e41b276f5823dca1fe022cf3100d28737f8646cca5353cc689eb67e8;recovery_project:1c09cda0e41b276f5823dca1fe022cf3100d28737f8646cca5353cc689eb67e8;local_runtime:1c09cda0e41b276f5823dca1fe022cf3100d28737f8646cca5353cc689eb67e8
forensic_b,tests/test_apify_sources.py,fc8c01a350ae48822a88138b6c252d01eebf605385c1625b87e91461a678baac,working_git:3812994627b533ff53ebc2abf63dd13085cac1da9323c508c608b02790eff3df;recovery_project:4c801a614883662a3d1591a7b2fd8519a2399cd0fd1d1a57761aa446dcce98c9;local_runtime:4c801a614883662a3d1591a7b2fd8519a2399cd0fd1d1a57761aa446dcce98c9
forensic_b,tests/test_backtest.py,16848e74c234e4b47291134deb7a46853360564de8bf1182f2c882e639d7f417,working_git:689490c8491e8c1cc0110d0d35503d66a8ec180c9efc5614fc627eeb38a52ee0;recovery_project:91d660b2c6c6edbf100eacded3769855ed7584f1657eb45952219b8e3bbf18f8;local_runtime:91d660b2c6c6edbf100eacded3769855ed7584f1657eb45952219b8e3bbf18f8
forensic_b,tests/test_binance_testnet.py,c6905fbf01b80c13d3a74b2d270fe7887b2f5e63a007c1e3dcc5d675ad06f7c9,working_git:e75b6eaefb206562b862999c380e79378aab82ff2f3c7daca51387137189964f;recovery_project:1c0d58827f51f086adfcd0e2e780863bf67e89a0f6a11098a47030caea523d78;local_runtime:1c0d58827f51f086adfcd0e2e780863bf67e89a0f6a11098a47030caea523d78
forensic_b,tests/test_canonical_wizard_hyperliquid_contract.py,1224532fdf002ffb2bb241e66220496ef24d1bd172aef0d853d12105dd245700,working_git:462dd94a9515d452aeebddd48ed4a5d6b296563c4e83d87eeedcd816a9144492;recovery_project:462dd94a9515d452aeebddd48ed4a5d6b296563c4e83d87eeedcd816a9144492;local_runtime:462dd94a9515d452aeebddd48ed4a5d6b296563c4e83d87eeedcd816a9144492
forensic_b,tests/test_cli.py,bc1f9dfd2f8618b73c9a8fabf02763093a103fa95ca8aa6f0f771bd0248bdf18,working_git:9f0b80e555a896dfbfac2983417eaabe17333828eab908ae26560dbf25948eb3;recovery_project:6fe641c4ee96cf74aaed3b53683902b1e6a9c2ca865717f4d096b74b88591fb9;local_runtime:6fe641c4ee96cf74aaed3b53683902b1e6a9c2ca865717f4d096b74b88591fb9
forensic_b,tests/test_corrective_daily_scheduler.py,df9a69b84427bb9aec810504beb6901de501c44e14dd1b8746f7418005bb0ab2,working_git:0093447a1705059b1ce420904f6c75815a75aec210f10c4b55d66e623dd4479b;recovery_project:bcc0b325e861251ed6c2f93427bbf09d7c5406a7ee38308d1232f74664ead2af;local_runtime:078bc40af3ce0a9f7889131bd4a1942f0caec97c9409bf087379effd6f5823c2
forensic_b,tests/test_corrective_governance.py,25003da774b6c8e57fb973907ca13087dc7dfede1b214c3cbf6e0d9101782734,working_git:0ac7162ca9f4b6e771c6bce2d20f6f3af3c2a16ccfdd398fe80e8c4123277095;recovery_project:0ac7162ca9f4b6e771c6bce2d20f6f3af3c2a16ccfdd398fe80e8c4123277095;local_runtime:0ac7162ca9f4b6e771c6bce2d20f6f3af3c2a16ccfdd398fe80e8c4123277095
forensic_b,tests/test_corrective_l2_scheduler.py,eb27f217b7261d225fc0e66f5ba503a7e126ad1938b1b666b04132e5b9981174,working_git:ed906d7bd62348371208266e26248c67af146cd6d2ad386f0ea65e6b787a1699;recovery_project:daeea9687126e0197646ef20d59a3584642f1ed43fd31b987bb66b5f63e092d3;local_runtime:daeea9687126e0197646ef20d59a3584642f1ed43fd31b987bb66b5f63e092d3
forensic_b,tests/test_corrective_live_canary.py,128801e9837108636c25162185828fc08717dd9b237f5a915f5f829812f7f0f0,working_git:c63ee233214aadc2d36ee0f3c0eda859a5df57efda7c8a05aad8a693578f9b82;recovery_project:c63ee233214aadc2d36ee0f3c0eda859a5df57efda7c8a05aad8a693578f9b82;local_runtime:c63ee233214aadc2d36ee0f3c0eda859a5df57efda7c8a05aad8a693578f9b82
forensic_b,tests/test_corrective_live_canary_execution.py,c494053c7bff9cfdae2eab3361d8e3813a603fbf1fb6bc0b48761cc45df36dcf,working_git:af8f157d161f57d2c560a1bfdefc121c4cc5b847089c791a848b33d93764378e;recovery_project:e94566f9fd81e57ba993c3189a8ff54aa7c62f04b0ac9e9fe70d89b732432056;local_runtime:e94566f9fd81e57ba993c3189a8ff54aa7c62f04b0ac9e9fe70d89b732432056
forensic_b,tests/test_corrective_registered_rerun.py,e38a41d38c7f5606052d2267ec46a03f0012031e53fce4522b99c9422160b769,working_git:a26fa7646b94906cb82587aa5d454db18365d56c19e4cf58c84f848c3af0adcb;recovery_project:a26fa7646b94906cb82587aa5d454db18365d56c19e4cf58c84f848c3af0adcb;local_runtime:a26fa7646b94906cb82587aa5d454db18365d56c19e4cf58c84f848c3af0adcb
forensic_b,tests/test_corrective_registered_rerun_executor.py,be1f22176ee466affcadb3d8b798ddf5d940a9c93393b457065c5a39f1983478,working_git:00173e210f76e622fade57678d08df456fd8621c002b448d7c91a0e68fb2a556;recovery_project:00173e210f76e622fade57678d08df456fd8621c002b448d7c91a0e68fb2a556;local_runtime:00173e210f76e622fade57678d08df456fd8621c002b448d7c91a0e68fb2a556
forensic_b,tests/test_corrective_release_gates.py,b2f22d4015260cb7242db1f93f0f436f48bc23ba36e3d7624184b80bde59ba38,working_git:5b790d1aba812e5614bbf1f14179f0a6454a808a89aaaefcf4165662cbbec29a;recovery_project:6657cb8f175eaf33665bac4ce866e1cd00e4680e8f4652234893abfd5fda26cf;local_runtime:6657cb8f175eaf33665bac4ce866e1cd00e4680e8f4652234893abfd5fda26cf
forensic_b,tests/test_corrective_runtime.py,6e256139900e590bcac3b7736cbaae32428e2cd113cc44760e7fe7ba47cd5733,working_git:c39341d12639f6496b345cc61db29ef12fedfc998677272e551870630884545e;recovery_project:c62b6fb1f90e1d4d702947d2d5a1ac111eef67c3dcb5d6f9f18e8373d2d649ae;local_runtime:c62b6fb1f90e1d4d702947d2d5a1ac111eef67c3dcb5d6f9f18e8373d2d649ae
forensic_b,tests/test_corrective_scheduler_runtime_readiness.py,f8660a593e24075f5697b129ccd1e9a0e5ec712607ca711617b51a79fefa325d,working_git:9aab2fea346c140174d5974eef6f7374542cc43b2020255eec46242074b9c858;recovery_project:9aab2fea346c140174d5974eef6f7374542cc43b2020255eec46242074b9c858;local_runtime:9aab2fea346c140174d5974eef6f7374542cc43b2020255eec46242074b9c858
forensic_b,tests/test_corrective_stage4_handoff_readiness.py,47c5d02403090921beaba37150504d0aa71c80ad89c28814fa66d8f8845aac5c,working_git:b0efae8ccf3d29a43cb7b76830be1c772da3d2c0e45876adc8f82ec6ee70a8ee;recovery_project:b0efae8ccf3d29a43cb7b76830be1c772da3d2c0e45876adc8f82ec6ee70a8ee;local_runtime:b0efae8ccf3d29a43cb7b76830be1c772da3d2c0e45876adc8f82ec6ee70a8ee
forensic_b,tests/test_corrective_testnet_collateral_transfer.py,bda2c2106162fae8b0c50fb0bcfb075b5e5caabbf201b2e22bb163c52f6f3ecd,working_git:ff44e9ed362de38bac44f73e9e3f2841a41010378d60f5b2fdc47c9335a5395e;recovery_project:2dbd28d7905724fab5996fefb3794a6893ce7d6b458e00a4712906b635ba291d;local_runtime:2dbd28d7905724fab5996fefb3794a6893ce7d6b458e00a4712906b635ba291d
forensic_b,tests/test_corrective_testnet_pair_execution.py,08e714c51b1bca02e1347cba78220cebde973c648bd80bcb0abd44488aabf323,working_git:f059ff6e7023ab05945e8a354ce98aef77bb05734a7e6fbd65bdecd2636ea573;recovery_project:f30044e0598fbf7bd99dec188410ed864370f81a5ae729c61cd5232c7704025c;local_runtime:f30044e0598fbf7bd99dec188410ed864370f81a5ae729c61cd5232c7704025c
forensic_b,tests/test_corrective_wizard_capture_manifest.py,a01b249306f577d7a13bb288c645a69b6b6bfd9e9c57f3e5b7decd1be7500028,working_git:54e4e2fecedee846be81d7c3ab241bd776d9c5bcfbf0eaa68e5be5364f36e1d0;recovery_project:54e4e2fecedee846be81d7c3ab241bd776d9c5bcfbf0eaa68e5be5364f36e1d0;local_runtime:54e4e2fecedee846be81d7c3ab241bd776d9c5bcfbf0eaa68e5be5364f36e1d0
forensic_b,tests/test_corrective_wizard_capture_reconciliation.py,803b4a448ac64304a692cafd621f0a49d34268aece62f1844cb7acc10aff7fbc,working_git:e5a4e3a2320c170d2fdc93a2e69d7f8f69b2d89c057b619a707e61c439568c6b;recovery_project:e5a4e3a2320c170d2fdc93a2e69d7f8f69b2d89c057b619a707e61c439568c6b;local_runtime:e5a4e3a2320c170d2fdc93a2e69d7f8f69b2d89c057b619a707e61c439568c6b
forensic_b,tests/test_corrective_wizard_copula_behavioral.py,2f39391233915b3f8148fa8157a6c9643d93c880ec7bca83b650237603e448b4,working_git:6afc75a6a0c304552c8f8f04da2fb17c518c3be57658fe30a91f192394b78e2b;recovery_project:effd7cc070b2ec6710ce7b7aef422d0816f916ef40aa4b044944d2c01b9d8cd2;local_runtime:effd7cc070b2ec6710ce7b7aef422d0816f916ef40aa4b044944d2c01b9d8cd2
forensic_b,tests/test_corrective_wizard_ou_v4_failure_attribution.py,30b4cdf3962d6901787f90ebfe762ae44817a966af35b68c6917ae3581f951d3,working_git:486ef9be67ca747395dac5c2ff5c818f92ce76973a9689bb0d10d2094ae27dbd;recovery_project:486ef9be67ca747395dac5c2ff5c818f92ce76973a9689bb0d10d2094ae27dbd;local_runtime:486ef9be67ca747395dac5c2ff5c818f92ce76973a9689bb0d10d2094ae27dbd
forensic_b,tests/test_corrective_wizard_ou_v4_holdout.py,3f38a13cccc8b046370173a10b13332936a93190fd65097b51b9c1d620ade223,working_git:48b47be00571a143d327adb7339103be4040814dca09371e8ab1efd37f270071;recovery_project:48b47be00571a143d327adb7339103be4040814dca09371e8ab1efd37f270071;local_runtime:48b47be00571a143d327adb7339103be4040814dca09371e8ab1efd37f270071
forensic_b,tests/test_corrective_wizard_ou_v5_holdout.py,0f3ee008f8af6701d09f2197a1fac6021d131709707d306d9311a90260808e64,working_git:5265826b5d4f1451b952461a4e252ed1e34420a11268ac14d7b2ffca654a2039;recovery_project:5265826b5d4f1451b952461a4e252ed1e34420a11268ac14d7b2ffca654a2039;local_runtime:5265826b5d4f1451b952461a4e252ed1e34420a11268ac14d7b2ffca654a2039
forensic_b,tests/test_corrective_wizard_ou_v6_holdout.py,419792c4e41d3d687f106f3856747c5cc0f030d177641145f5c69e5982d6da73,working_git:7e6a111f326e99fbc20eb1db2fed58ee67470e7183f8828073a25fff19fcc83e;recovery_project:8260cc4b20e429b1a1165857b0cdfb88af7d4388f84e5d68936bbc53d4557cc0;local_runtime:8260cc4b20e429b1a1165857b0cdfb88af7d4388f84e5d68936bbc53d4557cc0
forensic_b,tests/test_corrective_wizard_proof_launcher.py,0bddb086903d165ba9090b4160ab26654ac431f84d138dc0eb598f62ea75e31d,working_git:e491ec5f78c885ac1931450abcd56282d6625e0577a323a3775d37b06dcd76d0;recovery_project:7fa56e92e299c6d9f5ec1d4001dc588fcff4a7c70fae0ac304839687e07650b4;local_runtime:7fa56e92e299c6d9f5ec1d4001dc588fcff4a7c70fae0ac304839687e07650b4
forensic_b,tests/test_corrective_wizard_proof_scheduler.py,e021ea525453a669a6b7fdf67267db09545eee64a151ebfccd4eeb09887771e1,working_git:d7174ba3d0770eacdd04dd377bc99dae4a9c9becfe21cf743b883daa835d96bf;recovery_project:2c7ebe3e048d63fc8becd05baa129d146b5e8fa100f36d416be3db1ca3882c49;local_runtime:2c7ebe3e048d63fc8becd05baa129d146b5e8fa100f36d416be3db1ca3882c49
forensic_b,tests/test_corrective_wizard_reset_readiness.py,ccab08c626bb3d1be6e1e3ae8968879799887c72437175942224e31fd0c08e82,working_git:61e784e7aa9ce9f514d93732fa78e30ae6e83a4aaf9199252f4994ee3396883d;recovery_project:61e784e7aa9ce9f514d93732fa78e30ae6e83a4aaf9199252f4994ee3396883d;local_runtime:61e784e7aa9ce9f514d93732fa78e30ae6e83a4aaf9199252f4994ee3396883d
forensic_b,tests/test_corrective_wizard_unattended_preflight.py,708b41f2f974580ffc3eefdde65f9321468e56267017039da8d155e278f3ba75,working_git:90a6d18938838b64616e2e4cf43fdf62261aae362f768bb6f984ea21e016067b;recovery_project:90a6d18938838b64616e2e4cf43fdf62261aae362f768bb6f984ea21e016067b;local_runtime:90a6d18938838b64616e2e4cf43fdf62261aae362f768bb6f984ea21e016067b
forensic_b,tests/test_crypto_wizards_history.py,cd558f8258d5ad40800bd17f10e9f97d94621672f03cdf2fb7eaf75021defee7,working_git:66f35706ef9a2a865c61eb6f8d38ee1897d57c763c2c538c3838ccb4e84f110b;recovery_project:3085134bcc4d7a1a564f8683265730745e56db094afafd278f446bcbf0ca7f83;local_runtime:3085134bcc4d7a1a564f8683265730745e56db094afafd278f446bcbf0ca7f83
forensic_b,tests/test_crypto_wizards_sweep.py,b791597cf8b00c630089cd8db157132d0dcdd0242822510db872000a8e97d7db,working_git:b50aaf478aa7d8f379bc90a54e1c173b7ea27721d689942e5a41e4230e77336d;recovery_project:0fd4784bbdebc9f6a65c793736359109c9aecc1b795f320bb1466ee7bf31b834;local_runtime:0fd4784bbdebc9f6a65c793736359109c9aecc1b795f320bb1466ee7bf31b834
forensic_b,tests/test_current_wizard_hyperliquid_completion_audit.py,0d7754e592938258deeb119015642a3cb044378637ef68307324048a7fceff7e,working_git:ace571591f36c17ff951035ffbf1d01911dd6d850a1116c0a1fcf967b57f89bd;recovery_project:ace571591f36c17ff951035ffbf1d01911dd6d850a1116c0a1fcf967b57f89bd;local_runtime:ace571591f36c17ff951035ffbf1d01911dd6d850a1116c0a1fcf967b57f89bd
forensic_b,tests/test_current_wizard_hyperliquid_daily_runner.py,3955e7517125849c35b4e7804048c869aaf2a985da22acab3278c73e4930ffa6,working_git:2e62201280336c042d8eb1e46901a428d19dcb3e1bce323c222902d43202e0ed;recovery_project:914b5eb6c198c6f18163c354e4fb1787ad312e3bc072f5f6d4bedc442c730ee5;local_runtime:0f5e0db7853ec1d2efb151f52322f757b9c430808036c7694b78ed3dd2d88ea1
forensic_b,tests/test_current_wizard_hyperliquid_handoff.py,4540a665f8e4a233a9a41b837cd39593af0aa543ce134adcc7d6e6761b272044,working_git:72e7598b1dd1ce8840ecdeddc8d8c8c6e55ec8aa76038081bc4052c81ba8d2b7;recovery_project:29f8bc76870555f7d4904ad41c7e0e262b366b31447bc11d33bdf9a70af75353;local_runtime:29f8bc76870555f7d4904ad41c7e0e262b366b31447bc11d33bdf9a70af75353
forensic_b,tests/test_current_wizard_hyperliquid_math_comparison.py,d4b28a2f03d1ee1ab1ca1a6d49023f2d592a77dc8a43dd6e0edf24ffa2b652bd,working_git:6e5c3b773124226da2ca16dda83c1b4a5d723b80acd1b96c087e850e83c65349;recovery_project:6e5c3b773124226da2ca16dda83c1b4a5d723b80acd1b96c087e850e83c65349;local_runtime:6e5c3b773124226da2ca16dda83c1b4a5d723b80acd1b96c087e850e83c65349
forensic_b,tests/test_dydx_candles.py,2447c8aabc0953cb802e22a7c106548db4f4149b15b129b84b3a124bd72d9f8b,working_git:20c01247f05ff559f1ed9ce26f62ff5745814d8e84c0f6fd69eb76d5d149efe7;recovery_project:2f894a1df45fb3317d7fb930cdb05af939001bbdb15f1ddd7bd1a2f642365cfc;local_runtime:2f894a1df45fb3317d7fb930cdb05af939001bbdb15f1ddd7bd1a2f642365cfc
forensic_b,tests/test_dynamic_agent_ledger.py,b2615dbc5ca2b85a22b1582726b392513d06570bfe45343f0e88240de0a2aa03,working_git:0f4d16f7f0afc5a4f9d620025d617fa56392531d5db1c620c2e04f30db4b3cb5;recovery_project:5e546add30d0635f047da893537818ab5ccc65e2d3770cc3f3bdf01d03548457;local_runtime:5e546add30d0635f047da893537818ab5ccc65e2d3770cc3f3bdf01d03548457
forensic_b,tests/test_dynamic_agent_venue_gate.py,fec7d8368d6d689cd387b275836d2790ef15c9b0256afcc669a0ec5f2cb853f1,working_git:4e45dc051db86ae0c722c7d5ea3d794431bdd0c9a2e26eacfdf6edcddc33060b;recovery_project:4e45dc051db86ae0c722c7d5ea3d794431bdd0c9a2e26eacfdf6edcddc33060b;local_runtime:4e45dc051db86ae0c722c7d5ea3d794431bdd0c9a2e26eacfdf6edcddc33060b
forensic_b,tests/test_env.py,751f46c6bb7f26dcd6d78384a752af17a278b88c4df6088b22f8e8c99ffdffe8,working_git:27f38b9df1085f349fb5c87a02bf06965f0f60fd9da6421cf6ca77b2829fb6e8;recovery_project:27f38b9df1085f349fb5c87a02bf06965f0f60fd9da6421cf6ca77b2829fb6e8;local_runtime:27f38b9df1085f349fb5c87a02bf06965f0f60fd9da6421cf6ca77b2829fb6e8
forensic_b,tests/test_execution.py,52626de96f132a153526d9b47e862018cd3213d9f27c859b9df1bc1cc06440b6,working_git:9471785c124f8b48ab66fd43c994c5c947acdb9264efce438f4c1f63c0fd145f;recovery_project:d0bb4fe00090ce10c4f3b8f74e35ac2914a548d15db953f8d6dc53c28f4f678a;local_runtime:d0bb4fe00090ce10c4f3b8f74e35ac2914a548d15db953f8d6dc53c28f4f678a
forensic_b,tests/test_exhaustive_wizard_hyperliquid_learning.py,3ab3ca12a961e79cce2fbfdce272400e8cdc87e6574e9c20d207c31fecc77e0b,working_git:2d48de51b4eec2b152feeb4af192587890026381c5333cfb47372f9dd85e5a96;recovery_project:2d48de51b4eec2b152feeb4af192587890026381c5333cfb47372f9dd85e5a96;local_runtime:2d48de51b4eec2b152feeb4af192587890026381c5333cfb47372f9dd85e5a96
forensic_b,tests/test_exhaustive_wizard_hyperliquid_replay.py,f6cde9d8ffa4ff2007cf467226acae0d66513a4329ecd630a9e3ee93d3d32f9b,working_git:19c2c7f983e9f37ef86200601537b902bbab305040452e83f158de75bf2d4675;recovery_project:19c2c7f983e9f37ef86200601537b902bbab305040452e83f158de75bf2d4675;local_runtime:19c2c7f983e9f37ef86200601537b902bbab305040452e83f158de75bf2d4675
forensic_b,tests/test_experiments.py,0dbd0816630de56cc6e4fb414bc9007a4b9528026fc321929b8a7bc22637ffed,working_git:db00cfeba696cb24bf1cfa3b313265dd5a3ca4ae5cfa91b9abbe80e22095ef38;recovery_project:db00cfeba696cb24bf1cfa3b313265dd5a3ca4ae5cfa91b9abbe80e22095ef38;local_runtime:db00cfeba696cb24bf1cfa3b313265dd5a3ca4ae5cfa91b9abbe80e22095ef38
forensic_b,tests/test_fixture_ingestion.py,e316fbf229b415cc2f5a6fe7b7ec5814bf2aabcdb9eeea897e2b4c9e0474a71a,working_git:b35afd8227f4fea731bf3b5a2e87ea55734b83361d0a57c33794f199429f738b;recovery_project:b35afd8227f4fea731bf3b5a2e87ea55734b83361d0a57c33794f199429f738b;local_runtime:b35afd8227f4fea731bf3b5a2e87ea55734b83361d0a57c33794f199429f738b
forensic_b,tests/test_funding.py,bff6b5464c1371bf3fbadff891cf2ff78ff3004e116d4b5a0c3b624c8887ad88,working_git:d935393378173152e5f1baef656536a60dfe6e5f97e6b3df3c82cf870475cc4e;recovery_project:d935393378173152e5f1baef656536a60dfe6e5f97e6b3df3c82cf870475cc4e;local_runtime:d935393378173152e5f1baef656536a60dfe6e5f97e6b3df3c82cf870475cc4e
forensic_b,tests/test_hyperliquid.py,4a57f163f44b1b12f0c3ada9bbef7096cb7e4b2e0e4360f4ee54900b4f0e03d4,working_git:20566317f90aafd44810459524a664d12a11b810096a7d258b583a9933645881;recovery_project:8cf9955b1c155f848ba3f89e885096bbca954d4c241605690a0dbeae6b8417f4;local_runtime:8cf9955b1c155f848ba3f89e885096bbca954d4c241605690a0dbeae6b8417f4
forensic_b,tests/test_hyperliquid_testnet.py,a263be3a091115d60abdd32a65143012be9989af24922a69f7b1735a4aaca456,working_git:5d8457b67ddf1b1d7eaaae2157f17125856c901b75fa56eec0db71c2fa2daba7;recovery_project:d5a66d6d07e7e032e93d3d05f863b280280083fa301fe868245ac3fffcd3dcde;local_runtime:d5a66d6d07e7e032e93d3d05f863b280280083fa301fe868245ac3fffcd3dcde
forensic_b,tests/test_ml_filter.py,79b14fff82db187e296c2f9b50bbe49556362bc13e94c1176dfdb40f9ec50af3,working_git:018b984961fcc084ca256de41afa630555b6e26a174d44a39656a2cf16af8a74;recovery_project:018b984961fcc084ca256de41afa630555b6e26a174d44a39656a2cf16af8a74;local_runtime:018b984961fcc084ca256de41afa630555b6e26a174d44a39656a2cf16af8a74
forensic_b,tests/test_orchestration_rl.py,24c60e72ab21ce0e4d7267f0274087ed4b169cf3c461b295139402193683e9be,working_git:8a63d69fb5279b6a5f63aeb4e034b4906d834d4bca7146aa33291430dd78d501;recovery_project:8a63d69fb5279b6a5f63aeb4e034b4906d834d4bca7146aa33291430dd78d501;local_runtime:40ff6bf8b4c40be21b4a13e01a294eb2152ab152726f46336671c953ffe608cd
forensic_b,tests/test_performance_math_v2.py,1dab8d3cd80ae70c3311bdb522d115c0be4eb3ce29bcec4ca3d1afe584cab40e,working_git:1e9337be0a4916c8c4d71d65bb1a8ad05b954ead1ab112abb6efda83864ca2dd;recovery_project:1e9337be0a4916c8c4d71d65bb1a8ad05b954ead1ab112abb6efda83864ca2dd;local_runtime:1e9337be0a4916c8c4d71d65bb1a8ad05b954ead1ab112abb6efda83864ca2dd
forensic_b,tests/test_regimes.py,f57cd62ff4de735d6d60f9d6613685198740abd9c81fb0aa6be9e0940ba113b6,working_git:57b50152676bb4c3e3aa962e966471bf636f72023458215c91a35e6654909cef;recovery_project:57b50152676bb4c3e3aa962e966471bf636f72023458215c91a35e6654909cef;local_runtime:57b50152676bb4c3e3aa962e966471bf636f72023458215c91a35e6654909cef
forensic_b,tests/test_research_ingestion.py,fe41362f9a5181712d9ecf2bab72fe420cded34c660a39c7a49012b3633f4b19,working_git:b7775733acdc2d62d5c3157e1ea82c742c7b98d2a5b84b1d7e33b6c129571358;recovery_project:b7775733acdc2d62d5c3157e1ea82c742c7b98d2a5b84b1d7e33b6c129571358;local_runtime:b7775733acdc2d62d5c3157e1ea82c742c7b98d2a5b84b1d7e33b6c129571358
forensic_b,tests/test_research_paper_reproduction.py,27dbac489aee2d2620648c975f5806b3e3f47539e0b425d3e9406436015f77e4,working_git:778b7ca3e81ec8bc026e7aa2f3a481b33da8ba862943def4a300036b6c1c690c;recovery_project:1adc864f9b4488447fdd3aadc1ab02032a46c3621e5364c84289f033488e408c;local_runtime:1adc864f9b4488447fdd3aadc1ab02032a46c3621e5364c84289f033488e408c
forensic_b,tests/test_research_paper_reviews.py,d39164effe27eef3c2e3529ecdda3d129660459ff319a1ffe657e327191ff041,working_git:a89805a0fd199f586e4d5431f91de6c2ae3a81a3445d48fe3e2b848bdd1f7ab6;recovery_project:a89805a0fd199f586e4d5431f91de6c2ae3a81a3445d48fe3e2b848bdd1f7ab6;local_runtime:a89805a0fd199f586e4d5431f91de6c2ae3a81a3445d48fe3e2b848bdd1f7ab6
forensic_b,tests/test_rl_brain_contract.py,7a5f4c0120779f28ac1ee9d4d62ad4388370ba93926b44b04b3ca8567eea7f23,working_git:ae0b733e652aa56fdc4cad808e89c4fae52aed62239a14fcffc5f36124227bdd;recovery_project:ae0b733e652aa56fdc4cad808e89c4fae52aed62239a14fcffc5f36124227bdd;local_runtime:ae0b733e652aa56fdc4cad808e89c4fae52aed62239a14fcffc5f36124227bdd
forensic_b,tests/test_statistics_math_v2.py,ad575307c3b2736747829b76b46dbc834585dcd6762679a51c51accfb6c2459e,working_git:a1b8231d30f2f68faa82b82ca60a2821e1c94837a7227204ebc36acffd309061;recovery_project:e7ef9be795b1fc48e583eb7a74f317b6df68d26f70b1eb3ae4da3fd0f9b8a92d;local_runtime:e7ef9be795b1fc48e583eb7a74f317b6df68d26f70b1eb3ae4da3fd0f9b8a92d
forensic_b,tests/test_strategy_registry.py,5a4b9406f3dcbc46ef174991d200ab61dbe875ce12b7f02fc6a06a158ce08df2,working_git:cbedd98c035062c213056955063cf24afa1b50c7a75053a9b7bddcea7801d781;recovery_project:d0e9adb29e8f22dadf013e9ab91d27117f3dc742a05bbd012dfc239e7e133c0f;local_runtime:d0e9adb29e8f22dadf013e9ab91d27117f3dc742a05bbd012dfc239e7e133c0f
forensic_b,tests/test_student_readiness.py,419ec425ea01698ceb6306c6328800e9a12c8be4369f740089dac599b5f60afb,working_git:12a135ab20637e1d372eebdcae81efe659f7d6a3a387c2d7b0e32a6428f6f937;recovery_project:f4849fa06f8690b43c0470c1d9f3436ca0b34d4d5999aaf0ba10d42b39e6af29;local_runtime:f4849fa06f8690b43c0470c1d9f3436ca0b34d4d5999aaf0ba10d42b39e6af29
forensic_b,tests/test_teacher_adapters.py,9b9b20e32fd01489b47d833418c275827bea1c974bbf936b5af9265e5267734f,working_git:851e5059f232e92aec94349f99b29952bd9ceaa12ec3f0e26660add49d8871d4;recovery_project:851e5059f232e92aec94349f99b29952bd9ceaa12ec3f0e26660add49d8871d4;local_runtime:8640c3d3b72db7b79a965520410f4374381538b0b37d2493f1958c8b87785c69
forensic_b,tests/test_teacher_council.py,eb7cb20ee9a422aaa0dfd5e0339224bfed35f509dcd12bc4b63376854a957622,working_git:5f56e6556bf6a6c8c19d416a7a126bce96644f4495be4ade3f6055445d803f30;recovery_project:50e4603195ce593423ea991f1c81bfe1f52128eb1f2b76665fa616c87d222158;local_runtime:50e4603195ce593423ea991f1c81bfe1f52128eb1f2b76665fa616c87d222158
forensic_b,tests/test_teacher_evidence_materializer.py,60196f5f0557ffaae905bb262fa6d93028ab3cdb2ab6af18024d4d2912f2ea85,working_git:a37bbf14009cd3ba553c91d45cce75ae39a27fb02338eca835301f1d8f241ceb;recovery_project:cea9cae309008f8f44b92143d1664d163405fec3dcd2d89d0cc3c3a1da2bd596;local_runtime:75937bd4d7b311743f4361cb967f7ed099b4675d47e2af2b343fcb2abe922ed7
forensic_b,tests/test_udemy_math_reconciliation.py,34135cc5e2effc719a765423a657e2f46033c9207fc31394be608d64b2d07af3,working_git:fb68e6893021f0cb7937210510d420af0a134deb4b47660c4d50e6ceb4a0e5b9;recovery_project:fb68e6893021f0cb7937210510d420af0a134deb4b47660c4d50e6ceb4a0e5b9;local_runtime:fb68e6893021f0cb7937210510d420af0a134deb4b47660c4d50e6ceb4a0e5b9
forensic_b,tests/test_udemy_transcript_vault.py,2d1496387abbf42504ad5ad78e3c1e0060b4d2ffe9cdd9837f7926393db82250,working_git:132ee802f972083810222607a7d4ca30671c562cc6c93269449108475b2e181d;recovery_project:132ee802f972083810222607a7d4ca30671c562cc6c93269449108475b2e181d;local_runtime:132ee802f972083810222607a7d4ca30671c562cc6c93269449108475b2e181d
forensic_b,tests/test_v2_run.py,852712eac034710e088503b2b118a2494c9687e96611b399c6faaa7201f677bd,working_git:d5a02b287fc4a5814e417bfabc590e8552ef4a02a5c3bf159aec42492a137631;recovery_project:d5a02b287fc4a5814e417bfabc590e8552ef4a02a5c3bf159aec42492a137631;local_runtime:d5a02b287fc4a5814e417bfabc590e8552ef4a02a5c3bf159aec42492a137631
forensic_b,tests/test_wizard_candidate_set.py,3a5cd54038693f28185131a526dfabe19672cc4578982d0e2ff681b42611d4ab,working_git:ef510cbfb7428f48316a2b21275156daaa9c3f6ae3032ca4412d2bd063b02d88;recovery_project:ef510cbfb7428f48316a2b21275156daaa9c3f6ae3032ca4412d2bd063b02d88;local_runtime:ef510cbfb7428f48316a2b21275156daaa9c3f6ae3032ca4412d2bd063b02d88
forensic_b,tests/test_wizard_control_plane.py,e28594c468b03168c5b169bd85bf3b95f41fd28e7a82f86051d60694a6466073,working_git:5f13301d26385175e0a6f8b3eaf7d5905ad8c00c7ad5a8dba213fd660d3f2310;recovery_project:6476c3318f0fae7f413ae71cd8e8f8826fab5e63bb7650281074198bf1c78f59;local_runtime:6476c3318f0fae7f413ae71cd8e8f8826fab5e63bb7650281074198bf1c78f59
forensic_b,tests/test_wizard_credit_ledger.py,94c4019f22682451e7b70f6437bb265781a255d67cee56fbf769a428e5596773,working_git:ea8d7d16b5e83fe29578d04893d2b3798463b9737388d16d319bd9e58dd1dc54;recovery_project:d3a2a164b7e0385f87bfe314b26ff53f4f015fd7aa91726bae8172da55195107;local_runtime:d3a2a164b7e0385f87bfe314b26ff53f4f015fd7aa91726bae8172da55195107
forensic_b,tests/test_wizard_evidence.py,3ea4e2037f07f97bc08efe91d705c3909a5a1777356ceffdbeb339314f3af31d,working_git:7d9238a18f594afcb1deec410e0995d686c0d3d664d4f1241f45bbc4648c9937;recovery_project:b66733d86a2dafeb4c7a6a204f48bcb69fa3ce6eeffdeb4cbfa6376a2474e604;local_runtime:b66733d86a2dafeb4c7a6a204f48bcb69fa3ce6eeffdeb4cbfa6376a2474e604
forensic_b,tests/test_wizard_local_verification.py,4c4e92b3ad6374ca3d182c13b8f1a664214edcd1e77f8fa03763dc0b5a9f6ed5,working_git:ce93cc7426346ae3e1aa837ca81faa8f24a50e87f80383d16d19167d4dd5a54e;recovery_project:ce93cc7426346ae3e1aa837ca81faa8f24a50e87f80383d16d19167d4dd5a54e;local_runtime:ce93cc7426346ae3e1aa837ca81faa8f24a50e87f80383d16d19167d4dd5a54e
forensic_b,tests/test_wizard_mode_comparison.py,c981b41b924adbab42c4217d38c9c174d33e463d247c7a762444af93785da22d,working_git:a2856cf65d5efdb2a120d8ceea8d7dab810cf2086ed2f712521686e3e54e7b96;recovery_project:a2856cf65d5efdb2a120d8ceea8d7dab810cf2086ed2f712521686e3e54e7b96;local_runtime:a2856cf65d5efdb2a120d8ceea8d7dab810cf2086ed2f712521686e3e54e7b96
forensic_b,tests/test_wizard_mode_replay.py,61c9d34310ed7b904e43151d04bc9a55bf0bad9a93d8fcb314a3c66bc4895aef,working_git:96ee5f0bbea469cda5ba9ccd2a62efde993bd7b3af8b6d57ad0858197f13550f;recovery_project:f80759057e4bbd20baa2344f9b4f6d12bcd559edd6cf6635ed2ea82f62ae8e61;local_runtime:3dffcd85ba236e20df4ab7c334c5a7a2913f98db4525809ba9a4d134cefe0aa0
forensic_b,tests/test_wizard_pair_detail_api_pilot.py,1719c6cc3be951bf7b20694c41c21fe11d48cff425c03f27848a4250a71ff152,working_git:76e08aeabd6d3339a42b9e8c8f68b9e8b4b6a9c902de09acd34a71b534902f6d;recovery_project:76e08aeabd6d3339a42b9e8c8f68b9e8b4b6a9c902de09acd34a71b534902f6d;local_runtime:76e08aeabd6d3339a42b9e8c8f68b9e8b4b6a9c902de09acd34a71b534902f6d
forensic_b,tests/test_wizard_pair_detail_ui_bundle.py,1a09a8e2d7689c96a402de7f861f122ad2fe48f424b2ee8fea11f751a7f84537,working_git:a82dba9530dddbd03b191f45dca1062a66650c58f9b7b71a3c6d759864d183ee;recovery_project:a82dba9530dddbd03b191f45dca1062a66650c58f9b7b71a3c6d759864d183ee;local_runtime:a82dba9530dddbd03b191f45dca1062a66650c58f9b7b71a3c6d759864d183ee
forensic_b,tests/test_youtube_brain.py,749547cad516fcd0d6615a94c8fd7661c6553de295e25f78763b47b20dde098f,working_git:eec5e2e28400246f877e629a90945eb772812a8a28588d6c535541af57150e04;recovery_project:eec5e2e28400246f877e629a90945eb772812a8a28588d6c535541af57150e04;local_runtime:eec5e2e28400246f877e629a90945eb772812a8a28588d6c535541af57150e04
forensic_b,tests/test_youtube_hypothesis_validation.py,371c145ffe72e1ed1129c922e4b1636830193d257b5646e24aa2126d1cd16bb2,working_git:e0b64bc8fb41954293f018e978d7099e7bf0829dffd51b4f1baf1b8c998ffdbd;recovery_project:e0b64bc8fb41954293f018e978d7099e7bf0829dffd51b4f1baf1b8c998ffdbd;local_runtime:e0b64bc8fb41954293f018e978d7099e7bf0829dffd51b4f1baf1b8c998ffdbd
source_candidate,scripts/build_full_video_diagnostic.py,ed08e8f60fef6dd0ab746aaf495cbe6a34a0155188e3f665a02632ec1f3538b2,recovery_project:9c433454f5f53570ede8bc63658e292db03cfe9ee0bf3100c9db3ee536dd1e21;local_runtime:9c433454f5f53570ede8bc63658e292db03cfe9ee0bf3100c9db3ee536dd1e21
source_candidate,scripts/collection_startup_verify.py,9c10a125858c28856f67143863ce13fea135f0f9bf2cf12e7188c394a86c5b7e,recovery_project:777b5e3e698cbcc8acdb26dee9a848f41d6fac100c604e9ab69bf2d13561a4d6;local_runtime:777b5e3e698cbcc8acdb26dee9a848f41d6fac100c604e9ab69bf2d13561a4d6
source_candidate,src/quant_platform/orchestration/corrective_scheduler_supervisor.py,b3eac1412bbad0cb2d9f74549eeda71eb335e13e2904cbe602c4f58e8ed1fac7,working_git:f3bd9f22bf4a1858b7a2d737fd6d537a22ca0e1338bdfef4dceb343773a31cd4;recovery_project:625201d4c8b69d54b1c2e83351792bb21fb5dd757be5e57f879ef80cb866fa58;local_runtime:625201d4c8b69d54b1c2e83351792bb21fb5dd757be5e57f879ef80cb866fa58
source_candidate,src/quant_platform/orchestration/precollection_poll_launcher.py,8bdbdf578104650d5a9395ef35f5371d1b136d1d84caf99404fa3f2e21914ad3,recovery_project:fd98e50fda61bbcf310c828b7840d9b4db7b1f41a7bfc1551ec65e2042717b14;local_runtime:fd98e50fda61bbcf310c828b7840d9b4db7b1f41a7bfc1551ec65e2042717b14
source_candidate,src/quantized_stat_arb_platform.egg-info/SOURCES.txt,0c7e96dd59bd879e359b442606b45142ec0679c8a46a614ac2ff0f399be09ab1,working_git:2b807f538372eab0667615b4159963b474ba769f493488195a4ca42a9c499ebe;recovery_project:ed00799de2121174375d879fe1d71ea25ab27430f025af2dac7f8e0b99571e8c;local_runtime:c0d4d24cf128825a6a3087d7c667b395eacc69686b91940ddddd6d204b3ba457
source_candidate,tests/test_collection_runtime_route.py,4ca36d09311306ae0b023fb496e15a2341e0103cb014097203fba14d5a59cc90,recovery_project:a9d79637cd5be399b9e3939051c837b4d15203446d3e594b5cdb75aa6e72aa8d;local_runtime:a9d79637cd5be399b9e3939051c837b4d15203446d3e594b5cdb75aa6e72aa8d
source_candidate,tests/test_collection_startup_verify.py,9347352e679eb02f527b37d46df6544314ff4aa35a3d0d25b5da9666ea317fe4,recovery_project:33023519ff01c83148038dfeeb2f4851e05ab779cabeb09fac248fbf8d77f511;local_runtime:33023519ff01c83148038dfeeb2f4851e05ab779cabeb09fac248fbf8d77f511
workspace_outer,.gitignore,3da3b072e4fa50524936a52692b191d986d31050f2c4fe1a05dae9d18260e16b,working_git:dc5d9009ab4fdabd6f5bee10c6d876ab382a977c9e316606a0f1458623c06f0b;recovery_project:72e387cbb53032e4de7d9d4e9929c54581e02474333466898a46d2b06aee5ef8;local_runtime:72e387cbb53032e4de7d9d4e9929c54581e02474333466898a46d2b06aee5ef8
workspace_outer,pyproject.toml,be967304aa53051a530bbeec7aeab41253ce160176bbdafae02c7698f709fd1d,working_git:b3eddc87483f8b31a1b3e4d68a68cda447f2d7ff1eb491f08e2d157128d67981;recovery_project:9d7c24ea6551dd54e361c983f8039d0936728818a9e8036e2d5379465f29a6f1;local_runtime:9d7c24ea6551dd54e361c983f8039d0936728818a9e8036e2d5379465f29a6f1
workspace_outer,uv.lock,f203179ba6e53f36ca60ddf50287587a740a5b06e30303ed21c8152bc2d381d9,working_git:c8955d2a94ad5d7c97da861cab9db9a32d3d489d17825052632ee9b96dcad634;recovery_project:bc67c17f3873991bc3dfb7a3bf782153d81838402a9c6057de4be9a854549a9a;local_runtime:bc67c17f3873991bc3dfb7a3bf782153d81838402a9c6057de4be9a854549a9a
workspace_outer,docs/current_corrective_operations.md,fcb93e7a0666eabbbcf5e79f6815458c180cbb1a58ffa926e75b4c00d8230ef9,working_git:7ae6a1e426a518925eae283f9edf0d822186b5b8b7b10564efd505333195d7d2;recovery_project:38326ce0f34668492a218c6af1b02f67524e3f145ab18477167aed7097df17b2;local_runtime:38326ce0f34668492a218c6af1b02f67524e3f145ab18477167aed7097df17b2
workspace_outer,reports/workspace_alignment_status.md,ffb2f15b357298c2866dea5931d07a7e6ce15f2c3fdeb038923594e1ae9a55d7,working_git:773a4fc003623950c77028c8537d5a1e06c71c21240492322dccc99bda2de692;recovery_project:773a4fc003623950c77028c8537d5a1e06c71c21240492322dccc99bda2de692;local_runtime:773a4fc003623950c77028c8537d5a1e06c71c21240492322dccc99bda2de692
workspace_outer,reports/active/artifact_index.csv,cf9cb3c435ff146d596c86ee679e069547c97096b76fa3a5906073d0dfeb5466,recovery_project:6bcaa898bda49f988d737e838301a07e17cf65ddf514ce6ebce5579ac5b18eb8;local_runtime:6bcaa898bda49f988d737e838301a07e17cf65ddf514ce6ebce5579ac5b18eb8
workspace_outer,reports/active/canonical_wizard_hyperliquid_contract.json,2f975e200a65ec70536e5f316e398360ce62184d64cb12b26ca923ce84148895,recovery_project:3b868b0daf019273177771da6f573fdde8df9117d36d6b55c944adc599ecf079;local_runtime:3b868b0daf019273177771da6f573fdde8df9117d36d6b55c944adc599ecf079
workspace_outer,reports/active/current_state.csv,c9c7379a246e57d3efba217a12de2274ede3b0aef697f9b380a55f8195d27452,recovery_project:0060bc6467a72d77d5ef3a7efe0238be9b290e8af29c2ded817fb06d35bb3fc9;local_runtime:0060bc6467a72d77d5ef3a7efe0238be9b290e8af29c2ded817fb06d35bb3fc9
workspace_outer,reports/active/current_state.md,586023b95211c116ccbae2191877af8d6ae3c1a5c4bd496dd207f6eda4653767,recovery_project:d2d399905babd5eee387746476a28ac231e3e11e20217c1a5143eecd8c44b9cd;local_runtime:d2d399905babd5eee387746476a28ac231e3e11e20217c1a5143eecd8c44b9cd
workspace_outer,reports/active/evidence_registry.csv,be9b2b3c106bc685d9bb2814c98beb48f53c0ac83910c14c6c5f2e677395360f,recovery_project:99245f7f6e2d6deb1463f21ae8763e64a5a6c643d4bea3de614a2ac994f313a9;local_runtime:99245f7f6e2d6deb1463f21ae8763e64a5a6c643d4bea3de614a2ac994f313a9
workspace_outer,reports/active/evidence_registry.md,4b628c066badbc000813a7ab1a94d70340f8b16053d440b3639967d76702a19b,recovery_project:0c5c60534e62934b93e4d9a17d3140b6945dd377103f10c6964cd329a204ca87;local_runtime:0c5c60534e62934b93e4d9a17d3140b6945dd377103f10c6964cd329a204ca87
workspace_outer,reports/active/evidence_source_health.csv,d39d18138ed3c0c970c9730a0b590d3f1b3b38920ae465e68be86c31b15f7de4,recovery_project:48e8aa011abd84d1aab8b9ca0a7d6d24676087917ed8d2f7cbcbc55d2c87b2f9;local_runtime:48e8aa011abd84d1aab8b9ca0a7d6d24676087917ed8d2f7cbcbc55d2c87b2f9
workspace_outer,reports/active/system_check.csv,41e5d39e711adb409a8d4b55ad7ae0cf3d9b150c677358dfd53b7736e2b01fc5,recovery_project:d86670f9a4efafe173a5a521290399ffd77ab41fc6df8f3ae0685301a7254286;local_runtime:d86670f9a4efafe173a5a521290399ffd77ab41fc6df8f3ae0685301a7254286
workspace_outer,reports/active/system_check.md,e9753a15f5031eae5161a5ed89c4839bcd560e43e3c29b2c5c64486d1bc2116e,recovery_project:662b4892609f91a202893c7c85d61a83055720963a31b98c284e9a258d0e0d8b;local_runtime:662b4892609f91a202893c7c85d61a83055720963a31b98c284e9a258d0e0d8b
workspace_outer,reports/research/udemy_transcript_vault_manifest.csv,809498fc7fa05c742ac1922c9cde9085f4e3d51ecb2d8ea71dbdb8bcb3bb0482,recovery_project:7b8b03458d54d0cb5ad573b333bc0c9c42a25fb484c9331312685ffc1f397920;local_runtime:7b8b03458d54d0cb5ad573b333bc0c9c42a25fb484c9331312685ffc1f397920
workspace_outer,scripts/build_corrective_checkpoint.py,33e1f176ef73f3fc5f4e0c28c1409146ebadb5a418cda085ad41c92f46339094,working_git:020423b83689da87245c3f9725996f3eb1048a1449d8e528909ccd3fee2d4c5e;recovery_project:346641ad47e755de7a20e8c778a2a83d55ab8e8646f397946bb84f841c8c3e8e;local_runtime:346641ad47e755de7a20e8c778a2a83d55ab8e8646f397946bb84f841c8c3e8e
workspace_outer,scripts/build_current_recovery_checkpoint.py,e17c86327b82d986a8729519ba437b3e6bc2ac9b73b8095910b75d824dddd665,working_git:ddf254e87562d648eb4e51912aab6155489af880fb61628d5b9b866d986bcd9f;recovery_project:2efead7edc86b63f4e29d72c8bec8cab63ec121ae5b1eafcfab785784d45bc01;local_runtime:2efead7edc86b63f4e29d72c8bec8cab63ec121ae5b1eafcfab785784d45bc01
workspace_outer,scripts/ops/validate_workspace.sh,f90f83d69e1172ba062bfb1fd6718f5d53ab8d494aac588b4a170be3a1db3408,working_git:a6ae1f0378370bbf25ef8de1a7e4e54f4c1ab3893df1d12db400cb4bee00d079;recovery_project:ee7ea641d5a4a06ea16672355da996e30610784507e3d2fa0201055ff5a31274;local_runtime:ee7ea641d5a4a06ea16672355da996e30610784507e3d2fa0201055ff5a31274
workspace_outer,src/quant_platform/active_pipeline.py,5dc95e086dc4a531b604b0fecf4d621c80d760fd096956285c552e77175516c4,working_git:2a1abd88823ab5080b26a83eaf906036a1635ed266fff5a2c56936debb3f1685;recovery_project:ef84d959b794014badeb8a4d8099f972248eabef71c6e89f2e63e232a93d6348;local_runtime:ef84d959b794014badeb8a4d8099f972248eabef71c6e89f2e63e232a93d6348
workspace_outer,src/quant_platform/backtest.py,104c2ea21bd9296252486bff9fe8e8d6efd9e2276f68fae0487962a12156c6b3,working_git:0a060a6541ca24b9e5c310e3d632ed36283fd69fb9ad063dcf99a6b3059ce75d;recovery_project:a5988596d59144eac0cc8fea4a143b9cabfefbe2ee649b83e57764814cd0ee4f;local_runtime:a5988596d59144eac0cc8fea4a143b9cabfefbe2ee649b83e57764814cd0ee4f
workspace_outer,src/quant_platform/cli.py,d36964b2257ee39cfce4f4eeb3eb5cfa8b7c7c26a3a8511314968ca45ec54bb6,working_git:3a02690323ac110b1707da6e6fcd9b643705a66e13c80f15e2039e1846b65e9d;recovery_project:6cd07d5ff430bfc559d509614406b97df38b156dcd1cb7fd93dcb00dc59ff3f8;local_runtime:3569bc8e33e92ad6377453f86a2b89914d7cca5b27dcea7cfcfd783a7abd5bc6
workspace_outer,src/quant_platform/crypto_wizards_dashboard_capture.py,457ad94e9ae6f7181af26f9e8e31e6d9e6282dfffd7d8ee7ad748b5b51d14d2e,working_git:03441c3a6dfd5d5547b56ce13bacb9cde23c935760cb551d731ab5461e362b6c;recovery_project:03441c3a6dfd5d5547b56ce13bacb9cde23c935760cb551d731ab5461e362b6c;local_runtime:03441c3a6dfd5d5547b56ce13bacb9cde23c935760cb551d731ab5461e362b6c
workspace_outer,src/quant_platform/crypto_wizards_sweep.py,488ac159c65945aabcdad329c99db5eeb44757aa2586d13976478451d4c4f30d,working_git:e674761bff215c432b2301ddeed65f5c0002150800028eb87f5907105935e6fa;recovery_project:06394686395343b5ca39ccf019b6d7cfb6403a70ac68db2c7d7e24c23fea8152;local_runtime:06394686395343b5ca39ccf019b6d7cfb6403a70ac68db2c7d7e24c23fea8152
workspace_outer,src/quant_platform/evidence_registry.py,37e83bc266f738cd22f158b7bc8d3b66d7fbad580ec72924c8dc67a51793b2f0,working_git:35a4a0b22795f28d30ac2e6010cc12ddcc1971c3ca2353ef1fea16e33d998c64;recovery_project:35a4a0b22795f28d30ac2e6010cc12ddcc1971c3ca2353ef1fea16e33d998c64;local_runtime:35a4a0b22795f28d30ac2e6010cc12ddcc1971c3ca2353ef1fea16e33d998c64
workspace_outer,src/quant_platform/formula_registry.py,7c6300f5278e840f41aa598fe7a74cc8a1398db4d0370d5ed6219b137adc170b,working_git:20b03bf025a175c348c736b705d45445672ce37d57b2b9aad803e7f764432dca;recovery_project:95cf022ae89aff0fc96f8a2cacb45a3aed722be96f3eaf9348a13823e8f8384d;local_runtime:95cf022ae89aff0fc96f8a2cacb45a3aed722be96f3eaf9348a13823e8f8384d
workspace_outer,src/quant_platform/hyperliquid.py,6f423c1e1c5f7a17f0956fce135455c79d664f6082ffe2c9a10e44e78e4dec64,working_git:ba2c7b24291bbe78de83a5dd75ad077af04b3c5207b5a327237844ae95ac454e;recovery_project:f16aea476b2631f05a6b2ee3cfc9694e8a2d65ae8f38e25924f4263f92c80425;local_runtime:f16aea476b2631f05a6b2ee3cfc9694e8a2d65ae8f38e25924f4263f92c80425
workspace_outer,src/quant_platform/math_v2_acceptance.py,c32dfe8409c0b299f4b8a38d0dcdefb3f79e88b05a91b8c445a473e760c4d090,working_git:9e3c07290413ae40d50e8136d71901e8055704a058601f5833a530cdf8c9077a;recovery_project:a01ef2e6e2d81794ed6b37bd71b02b05378d38c983328f8a49929963c8c135f1;local_runtime:a01ef2e6e2d81794ed6b37bd71b02b05378d38c983328f8a49929963c8c135f1
workspace_outer,src/quant_platform/ml_filter.py,bb156cf2c686aa3cafcf77744f4948cd211bef967654c33b6b6aa45fdbd5d063,working_git:7df2adb5c9044d9cfaa7d0a0280ea4207272fd90f22115e3ec49833d5bda2fed;recovery_project:7df2adb5c9044d9cfaa7d0a0280ea4207272fd90f22115e3ec49833d5bda2fed;local_runtime:7df2adb5c9044d9cfaa7d0a0280ea4207272fd90f22115e3ec49833d5bda2fed
workspace_outer,src/quant_platform/performance_math.py,4a354c2ebe0c84d41a7f654823133299545ae7df9e46a3044b3d86dc9db46d38,working_git:59d7107be24495da625e92224cafc331ef88d5c8b8832ddda270d8bdffffb68f;recovery_project:85437a9e757192d7ef3284e50d90d88c79348ddac430c9b0e1880201f901fae7;local_runtime:85437a9e757192d7ef3284e50d90d88c79348ddac430c9b0e1880201f901fae7
workspace_outer,src/quant_platform/regimes.py,f0e6f59f7b1347964e5591f15f7c9b321b7c80ed22f2c20a97fe81109691092c,working_git:3932d3e3ca5482579c24b8abf342ffa7f37741a5306d09e21033ac9d6b75df98;recovery_project:3932d3e3ca5482579c24b8abf342ffa7f37741a5306d09e21033ac9d6b75df98;local_runtime:3932d3e3ca5482579c24b8abf342ffa7f37741a5306d09e21033ac9d6b75df98
workspace_outer,src/quant_platform/research_extract_udemy.py,9bb0650d7b09d6633883d89dea9ba27a81ee773bd599db17a88dfbd6f361193e,working_git:1f35afd9fffa5de8907bf93b1c499a25c70dbc20f90f11eee36c18d3b4c30969;recovery_project:1f35afd9fffa5de8907bf93b1c499a25c70dbc20f90f11eee36c18d3b4c30969;local_runtime:1f35afd9fffa5de8907bf93b1c499a25c70dbc20f90f11eee36c18d3b4c30969
workspace_outer,src/quant_platform/research_paper_math_audit.py,c4623c713afa59b999f760324ce2093f6a7a0e14a02a45e5c89f39a65ac7302c,working_git:d36d2849aea7cdf0a96d89c1235f9218e6179f4c2837e8ef1fee39ef2be81f49;recovery_project:d36d2849aea7cdf0a96d89c1235f9218e6179f4c2837e8ef1fee39ef2be81f49;local_runtime:d36d2849aea7cdf0a96d89c1235f9218e6179f4c2837e8ef1fee39ef2be81f49
workspace_outer,src/quant_platform/research_paper_reproduction.py,dfbaf466f946a4898d395808a78cb9bceb3fd4938c6f3b0d3cdb8baa1dbbc393,working_git:067d095e3a6f69f805a9b2e4ad0d4b7930d61d3f0b7decfa12fe3a2d087d357a;recovery_project:1f1d7bd7a6856cf8c88f63f0c1dc5fa66924dfbb55c5366e4123aed813953655;local_runtime:1f1d7bd7a6856cf8c88f63f0c1dc5fa66924dfbb55c5366e4123aed813953655
workspace_outer,src/quant_platform/research_paper_reviews.py,b066811fa9c32b5275ee289d68e272d6d84a3a99ed3343aa39ecb9d146ef6a93,working_git:a4de48be60d00b138387844a0811e9e8dc0e43b73f8bae056133bc13d0a31077;recovery_project:a4de48be60d00b138387844a0811e9e8dc0e43b73f8bae056133bc13d0a31077;local_runtime:a4de48be60d00b138387844a0811e9e8dc0e43b73f8bae056133bc13d0a31077
workspace_outer,src/quant_platform/research_papers.py,9af582cc464b0fb1d0a262301dc25fd069e574393a55e5df7d49d904ed6f379f,working_git:aa3e280256620fc32acb55ffbc1c1486c8a720a312a1d19ddf5270750fbbd9ec;recovery_project:aa3e280256620fc32acb55ffbc1c1486c8a720a312a1d19ddf5270750fbbd9ec;local_runtime:aa3e280256620fc32acb55ffbc1c1486c8a720a312a1d19ddf5270750fbbd9ec
workspace_outer,src/quant_platform/three_brain_system.py,0169408a8cb0c2a64c779a2ddb9f5067217c3a0e17f58722b165f642716dc210,working_git:52e84d769918a230f46472a62db4b63e4ff5833b6c691c43420f6537c071bcfc;recovery_project:6fd803fa4d6e2d53a574ce68c453cdebcda48bc074ba6c0ef66e09b3172def77;local_runtime:6fd803fa4d6e2d53a574ce68c453cdebcda48bc074ba6c0ef66e09b3172def77
workspace_outer,src/quant_platform/udemy_math_reconciliation.py,c2244496c8154dc1ccd53291cdfb5ba38858377dfe07538660af3b17fa57a1ba,working_git:34b1c64d79f02895cecad45d2a6350298c35ce155aaa0bfdcfc23767558a2d39;recovery_project:34b1c64d79f02895cecad45d2a6350298c35ce155aaa0bfdcfc23767558a2d39;local_runtime:34b1c64d79f02895cecad45d2a6350298c35ce155aaa0bfdcfc23767558a2d39
workspace_outer,src/quant_platform/udemy_transcript_vault.py,3763996d3d057017a7dff83e484437e92f9c946b8ee598b93a6c04a20affcf5f,working_git:ff012e64d578a4205aafd200c85bac1c2ceada32ce1ec0c57151b2f666546629;recovery_project:ff012e64d578a4205aafd200c85bac1c2ceada32ce1ec0c57151b2f666546629;local_runtime:ff012e64d578a4205aafd200c85bac1c2ceada32ce1ec0c57151b2f666546629
workspace_outer,src/quant_platform/wizard_credit_ledger.py,cb11865bc44d8313806da3832d995e1785a8f75a94f6af96d21e8002e5411620,working_git:d1309095ea6f092270ad02d78429d8e1e3f063488443f963cbd551d8704e0b5b;recovery_project:88c22602a731f0d370f83dbc312db20590fdbf3c37789daf1195df62ac620256;local_runtime:88c22602a731f0d370f83dbc312db20590fdbf3c37789daf1195df62ac620256
workspace_outer,src/quant_platform/wizard_mode_replay.py,fa8c4a08fd8a1de226eb556d8b0c87d362cc8989d6cb80cf21dbf134fe9c1388,working_git:775e0a59735974984a9a4fecef6ca5afa97396e58ffe3e5d78fb4beb9887aec7;recovery_project:83e1501e18cc00fb87a601da7d06b6558cdf8d69e8ef7e4b787cf2e32d37e99b;local_runtime:f1947c8c61777104ca1f0531cd459dd1ac397a1c21cb58c50cb883855ac29ac7
workspace_outer,src/quant_platform/wizard_research_journal.py,6f1193577a1616d84663352d09ccb28bc449d6aebd09a96c2bb3521e2670cf6a,working_git:47e2a0fd119fb0bec555ac2a66f672a16fd573448e7e4cd4337d0d0ff8d57e3f;recovery_project:58117628715a5d4ab394b830db07e3aead2e63b2ac2b717cbc88fff3c233c46f;local_runtime:58117628715a5d4ab394b830db07e3aead2e63b2ac2b717cbc88fff3c233c46f
workspace_outer,src/quant_platform/orchestration/canonical_wizard_hyperliquid_contract.py,a232430632f9b6b2ddad1210a619974a58a5e8550dacee370da8a2d57dd9df1d,working_git:df391e828306809adb3f202a68a5be25a35df82bfd79e5eac9f711afbb7eb116;recovery_project:df391e828306809adb3f202a68a5be25a35df82bfd79e5eac9f711afbb7eb116;local_runtime:df391e828306809adb3f202a68a5be25a35df82bfd79e5eac9f711afbb7eb116
workspace_outer,src/quant_platform/orchestration/corrective_data_evidence.py,819289989802d402dfe339300a3c3963f16ee7225c08ba57704cbaba6ecb516a,working_git:77de431827997e15a97c074d06aacd49badc674857f34c9ff836d361e46f1610;recovery_project:1af658bd376d50f44f1440d0f991f2f02001a47715823a44bb48075e89bf928f;local_runtime:1af658bd376d50f44f1440d0f991f2f02001a47715823a44bb48075e89bf928f
workspace_outer,src/quant_platform/orchestration/corrective_l2_scheduler.py,a588842b5371d1fa6a0efd909b1cc7b441991fa446244a4f03ef23bdfe454b44,working_git:5e0ecbf71cd32293231b58d2fd6c60b456d820befe15919be982016731de4e86;recovery_project:5982ba3555ace1a887a6ffdf145ca64bcda54161ff34171899c47e71d9ccc5fa;local_runtime:5982ba3555ace1a887a6ffdf145ca64bcda54161ff34171899c47e71d9ccc5fa
workspace_outer,src/quant_platform/orchestration/corrective_scheduler_lock.py,d3c2dc0d068f8a26ad08bb1eb955a971729130a7c5ebec437ff153e8e3111e6f,working_git:cbef6e90ea37170d6933b87c7f469aa1d9f7306ef7afc05934dd1cd6f597aedd;recovery_project:3ea56f7571c6b605b2ce1eacf29dd0164a768fb1063c0ef4673afdaa1c936ef5;local_runtime:3ea56f7571c6b605b2ce1eacf29dd0164a768fb1063c0ef4673afdaa1c936ef5
workspace_outer,src/quant_platform/orchestration/corrective_wizard_ou_v6_terminal_closure.py,6b2db77d8b2db77ed28c26b23510f36364ab1bd612ccf3c873bf0cc73d1c507d,working_git:ea6949799671fc28a9ab19a43e66605b54a3642a90fa852c99f911e06934bdf7;recovery_project:21f1377a0bb35862a2c691a00f4f30a5b0676af3ed4b8c9a9a7da17f9bc67269;local_runtime:21f1377a0bb35862a2c691a00f4f30a5b0676af3ed4b8c9a9a7da17f9bc67269
workspace_outer,src/quant_platform/orchestration/current_wizard_hyperliquid_costs.py,ccad6a4eb9c41754e478e9cd5465c9c9c559c1071eefb3df950bdd8bcaea9d40,working_git:fec643b2eedf87b31bbd72771c553a9f271196e253ab56fd62052bea4725facd;recovery_project:e81e682dd626d1edef9210405b4e746afed9eb1555376990bcefe46773c805ec;local_runtime:e81e682dd626d1edef9210405b4e746afed9eb1555376990bcefe46773c805ec
workspace_outer,src/quant_platform/orchestration/current_wizard_hyperliquid_evidence_command_center.py,28161a404dd0bbdd61aa1c099779e3f875d7e58c19377e12f8743389c45b9381,working_git:5babf2daecb550809c9802b65b3aad13b856ff616da9ae64288a32c78e2e11c3;recovery_project:5babf2daecb550809c9802b65b3aad13b856ff616da9ae64288a32c78e2e11c3;local_runtime:5babf2daecb550809c9802b65b3aad13b856ff616da9ae64288a32c78e2e11c3
workspace_outer,src/quant_platform/orchestration/current_wizard_hyperliquid_failure_attribution.py,dbba2e4f0bff1d145776bf85e161acd44ec83c60e0633d85762d83804f1797fc,working_git:8731eab72e9489a01d0c0c1357359a53c973251d46f9dcb1ba444616309756c7;recovery_project:b2c27b1a03db035e59b22611a3240926ba700b2f66d6625742880b8b08820b21;local_runtime:b2c27b1a03db035e59b22611a3240926ba700b2f66d6625742880b8b08820b21
workspace_outer,src/quant_platform/orchestration/current_wizard_hyperliquid_math_comparison.py,b63154d952f59c9f2a87b4f13fc8f97250c572213c9995ba903d9032e6c9068f,working_git:61fbf6f444d7c56018e48147e795f4a4a9c7250102ba33fd53941998ff2a2a59;recovery_project:61fbf6f444d7c56018e48147e795f4a4a9c7250102ba33fd53941998ff2a2a59;local_runtime:61fbf6f444d7c56018e48147e795f4a4a9c7250102ba33fd53941998ff2a2a59
workspace_outer,src/quant_platform/orchestration/current_wizard_hyperliquid_replay.py,6f654eb7580b3d9ac5dcf42f5110e2b1ad61dc8745def385e7dab4a9128bc700,working_git:a90af31eceafef9a02f46b07e93e1f4142556140cbdbdf56e3d168756486efb8;recovery_project:36473978e4aeb4b46ced4959721038e3d3dacbffd0e74eaaa655d60f83d7aad3;local_runtime:36473978e4aeb4b46ced4959721038e3d3dacbffd0e74eaaa655d60f83d7aad3
workspace_outer,src/quant_platform/orchestration/current_wizard_hyperliquid_storage.py,ea44a5db59458f4fa1460c5bba7e6828f1f874bbb9aea3c32b1b5aab020e873f,working_git:8f2746e256178e038d64f6a289cc0d524a4f579751a525eb8f58201360977028;recovery_project:8f2746e256178e038d64f6a289cc0d524a4f579751a525eb8f58201360977028;local_runtime:8f2746e256178e038d64f6a289cc0d524a4f579751a525eb8f58201360977028
workspace_outer,src/quant_platform/orchestration/current_wizard_hyperliquid_validation.py,4974c0aaa689d77aa08484834ab34f8b165f3392bcc2afc0e46e279eca02b603,working_git:00c04bd67c86f437fd9499bca391c13d29c99e404d5c2d7417ded3d4598bdaa8;recovery_project:593445e745c82710665181b0ab109394b915937989eea54230d8f649c5447f62;local_runtime:593445e745c82710665181b0ab109394b915937989eea54230d8f649c5447f62
workspace_outer,src/quant_platform/orchestration/current_wizard_hyperliquid_walkforward.py,a76319c5ccccaf6ce90c2aec4e66e9c8c8015aff451c73d07dbd24e26877bebd,working_git:07fe0fe5ff96a827076c076966bf504ddb9198c0b8aedb2f6b3e4542a4f5d9d4;recovery_project:8ddb2dc98bec8a5fa46b3282b35e495540fda68bcebd1d516029a851852bad2c;local_runtime:8ddb2dc98bec8a5fa46b3282b35e495540fda68bcebd1d516029a851852bad2c
workspace_outer,src/quant_platform/orchestration/exhaustive_wizard_api_refresh.py,667a036421adbc780abe15aaf936a6c83bb6a169505ff7e88cea858b3b2be955,working_git:08e7db497504d27f80a0f6f0a83848021d98dea53e53640b48a761aebe2a5f1c;recovery_project:856fbfb1a1a616b43e169f9ae602d5aada2de00bb50fde5853f95f80a8e1994a;local_runtime:856fbfb1a1a616b43e169f9ae602d5aada2de00bb50fde5853f95f80a8e1994a
workspace_outer,src/quant_platform/orchestration/exhaustive_wizard_hyperliquid_canonical_replay.py,6d9c9e0ac76cafb9df083498c69d551003a3d11b61c3c88e05409a002b636b79,working_git:206dd4250504919b5249d965eeafa9b03ad832b7f53438092d87cde57527583c;recovery_project:206dd4250504919b5249d965eeafa9b03ad832b7f53438092d87cde57527583c;local_runtime:206dd4250504919b5249d965eeafa9b03ad832b7f53438092d87cde57527583c
workspace_outer,src/quant_platform/orchestration/exhaustive_wizard_hyperliquid_cost_bridge.py,c2590a3a87ee45652f4fcc496d93c540f00897ecacabf8fc37d2006132398022,working_git:a119e29df04d56bcc2a1b329181632da51d3b34e9838f6c25b8c6054aee7524a;recovery_project:a119e29df04d56bcc2a1b329181632da51d3b34e9838f6c25b8c6054aee7524a;local_runtime:a119e29df04d56bcc2a1b329181632da51d3b34e9838f6c25b8c6054aee7524a
workspace_outer,src/quant_platform/orchestration/exhaustive_wizard_hyperliquid_cost_evidence.py,4724c8c2a00e341966167140e49ad00b863f7dd3f2470bbc821ee061d4902643,working_git:3a3b1efc4f5d4ed580d950f2841c348faeac5e71dde99c845b2816e738f61aa1;recovery_project:3a3b1efc4f5d4ed580d950f2841c348faeac5e71dde99c845b2816e738f61aa1;local_runtime:3a3b1efc4f5d4ed580d950f2841c348faeac5e71dde99c845b2816e738f61aa1
workspace_outer,src/quant_platform/orchestration/exhaustive_wizard_hyperliquid_leverage.py,96c17b635bd0ff082f72ca38755361daba63918d784318026c7d25ddb70a8c2f,working_git:f98c6e6feda78161242ebe367bd757accc69b56013facc8c834dc031c204cc50;recovery_project:f98c6e6feda78161242ebe367bd757accc69b56013facc8c834dc031c204cc50;local_runtime:f98c6e6feda78161242ebe367bd757accc69b56013facc8c834dc031c204cc50
workspace_outer,src/quant_platform/orchestration/exhaustive_wizard_hyperliquid_observed_cost_replay.py,1478b3d664e060d4c46c228d51298c781a3fded38164ee93484708dce11c69d4,working_git:b16c38c3011096fd410b94dbd14c0974ae8a10b40f74a1f5c9b898782dbaf6ce;recovery_project:b16c38c3011096fd410b94dbd14c0974ae8a10b40f74a1f5c9b898782dbaf6ce;local_runtime:b16c38c3011096fd410b94dbd14c0974ae8a10b40f74a1f5c9b898782dbaf6ce
workspace_outer,src/quant_platform/orchestration/exhaustive_wizard_hyperliquid_regimes.py,806167c8096af3eab9e216216e88519afa9df1e81a83a33d8d1b1be364b743a1,working_git:dfb5c1036f3fd85fa8a014956c5f383ac6155b28c6c069def16e24db0e40050d;recovery_project:dfb5c1036f3fd85fa8a014956c5f383ac6155b28c6c069def16e24db0e40050d;local_runtime:dfb5c1036f3fd85fa8a014956c5f383ac6155b28c6c069def16e24db0e40050d
workspace_outer,src/quant_platform/orchestration/exhaustive_wizard_hyperliquid_replay.py,7271c8b8450a25e3e33ee15c6f5d456f736bf3d36186772e3919fbfe429a6d20,working_git:45ac2ac271388071e26bc62ea131aa7f55bdeda1f38fa578d513322953620017;recovery_project:45ac2ac271388071e26bc62ea131aa7f55bdeda1f38fa578d513322953620017;local_runtime:45ac2ac271388071e26bc62ea131aa7f55bdeda1f38fa578d513322953620017
workspace_outer,src/quant_platform/orchestration/exhaustive_wizard_hyperliquid_robustness.py,d6f2079126a1e14ad5aa1849a641972fc1911551ea5fccfcafdd7bf9c69abd30,working_git:c182995189ea1095de0da50fd6734f4852cb6c69b7a83aba24e7f32baab32e1d;recovery_project:c182995189ea1095de0da50fd6734f4852cb6c69b7a83aba24e7f32baab32e1d;local_runtime:c182995189ea1095de0da50fd6734f4852cb6c69b7a83aba24e7f32baab32e1d
workspace_outer,src/quant_platform/orchestration/exhaustive_wizard_hyperliquid_run.py,88d56b91b8aa8fe8428600a1b7907bae30330e02916dade5adee3b68082a8332,working_git:bb6c17c596b8cd42f11c6fa4d86aefde6e67722a7c3fed30d3165ef2d01a0faf;recovery_project:bb6c17c596b8cd42f11c6fa4d86aefde6e67722a7c3fed30d3165ef2d01a0faf;local_runtime:bb6c17c596b8cd42f11c6fa4d86aefde6e67722a7c3fed30d3165ef2d01a0faf
workspace_outer,src/quant_platform/orchestration/exhaustive_wizard_hyperliquid_walkforward.py,b1674cc62cb7cbe3a5d051cabb3203c5a3d3071300d0d8b7baa1696e3ee01187,working_git:aa061b1ef764796c16280b1dd2ad878e47ac0fe9efdc11d448d16f13669b6727;recovery_project:aa061b1ef764796c16280b1dd2ad878e47ac0fe9efdc11d448d16f13669b6727;local_runtime:aa061b1ef764796c16280b1dd2ad878e47ac0fe9efdc11d448d16f13669b6727
workspace_outer,src/quant_platform/orchestration/hyperliquid_research_validation.py,09c8d1c153a6f90504dde0e11d75ee50c76ffead4d4d3bb9151bd79ac4648a94,working_git:d4192688debe2e1d85978daeba47d5e62c0fcacc6544ca5e84295d4b43c9f4d0;recovery_project:d4192688debe2e1d85978daeba47d5e62c0fcacc6544ca5e84295d4b43c9f4d0;local_runtime:d4192688debe2e1d85978daeba47d5e62c0fcacc6544ca5e84295d4b43c9f4d0
workspace_outer,src/quant_platform/orchestration/teacher_evidence_materializer.py,dba45be2f62ee814617620eca96e6e2c0cb435d0eaa12a6844511d034390bc78,working_git:742c7c52a9bf450c36d950f6be98313a956013368169d1de2734a9ec990b5816;recovery_project:4ea664abe060d908d15252f42315d67b736471f5896d11d5f8ee89f6011d2771;local_runtime:4ea664abe060d908d15252f42315d67b736471f5896d11d5f8ee89f6011d2771
workspace_outer,src/quant_platform/orchestration/versioned_learning_comparison.py,6873b5e30fb7825a9a3fb3ff11bf33fee00ad7b12d0842648874764e33234f48,working_git:77e98ae9811c2f375e463ebfbf80f3ceb2f4ad7a6a9128ab735a2020bc87c11e;recovery_project:77e98ae9811c2f375e463ebfbf80f3ceb2f4ad7a6a9128ab735a2020bc87c11e;local_runtime:77e98ae9811c2f375e463ebfbf80f3ceb2f4ad7a6a9128ab735a2020bc87c11e
workspace_outer,src/quant_platform/statistics/math_v2.py,cf9da8c24bb5b9bd431649970dc74192daecb4b359da267b96228ebcbdaf3244,working_git:140a36a04812959002b5865562d3ef44c422449a1ff5312d8a998c604930e187;recovery_project:f40fbd88078e96c9793242bb1b73cd8ce9853942707899d3c0c87e6c897257cb;local_runtime:f40fbd88078e96c9793242bb1b73cd8ce9853942707899d3c0c87e6c897257cb
workspace_outer,tests/test_cli.py,bc1f9dfd2f8618b73c9a8fabf02763093a103fa95ca8aa6f0f771bd0248bdf18,working_git:9f0b80e555a896dfbfac2983417eaabe17333828eab908ae26560dbf25948eb3;recovery_project:6fe641c4ee96cf74aaed3b53683902b1e6a9c2ca865717f4d096b74b88591fb9;local_runtime:6fe641c4ee96cf74aaed3b53683902b1e6a9c2ca865717f4d096b74b88591fb9
workspace_outer,tests/test_corrective_wizard_ou_v6_holdout.py,419792c4e41d3d687f106f3856747c5cc0f030d177641145f5c69e5982d6da73,working_git:7e6a111f326e99fbc20eb1db2fed58ee67470e7183f8828073a25fff19fcc83e;recovery_project:8260cc4b20e429b1a1165857b0cdfb88af7d4388f84e5d68936bbc53d4557cc0;local_runtime:8260cc4b20e429b1a1165857b0cdfb88af7d4388f84e5d68936bbc53d4557cc0
workspace_outer,tests/test_current_wizard_hyperliquid_handoff.py,5c757bac58d4f59abc934a747478b01e1326e5ab086d5f1708180f1dfc581295,working_git:72e7598b1dd1ce8840ecdeddc8d8c8c6e55ec8aa76038081bc4052c81ba8d2b7;recovery_project:29f8bc76870555f7d4904ad41c7e0e262b366b31447bc11d33bdf9a70af75353;local_runtime:29f8bc76870555f7d4904ad41c7e0e262b366b31447bc11d33bdf9a70af75353
workspace_outer,tests/test_current_wizard_hyperliquid_math_comparison.py,d4b28a2f03d1ee1ab1ca1a6d49023f2d592a77dc8a43dd6e0edf24ffa2b652bd,working_git:6e5c3b773124226da2ca16dda83c1b4a5d723b80acd1b96c087e850e83c65349;recovery_project:6e5c3b773124226da2ca16dda83c1b4a5d723b80acd1b96c087e850e83c65349;local_runtime:6e5c3b773124226da2ca16dda83c1b4a5d723b80acd1b96c087e850e83c65349
workspace_outer,tests/test_exhaustive_wizard_hyperliquid_replay.py,1110a792d727ba319428cd51019ddb58959774fea861b7700bbe245c28e5d082,working_git:19c2c7f983e9f37ef86200601537b902bbab305040452e83f158de75bf2d4675;recovery_project:19c2c7f983e9f37ef86200601537b902bbab305040452e83f158de75bf2d4675;local_runtime:19c2c7f983e9f37ef86200601537b902bbab305040452e83f158de75bf2d4675
workspace_outer,tests/test_hyperliquid.py,7cbcf906a7c6e19faac16630361aa14d1cfa35b78250f78981fcc8819fc7412f,working_git:20566317f90aafd44810459524a664d12a11b810096a7d258b583a9933645881;recovery_project:8cf9955b1c155f848ba3f89e885096bbca954d4c241605690a0dbeae6b8417f4;local_runtime:8cf9955b1c155f848ba3f89e885096bbca954d4c241605690a0dbeae6b8417f4
workspace_outer,tests/test_ml_filter.py,6d9fac418448eeef73b0718f7b8232b8188a129fa0f4f5f4a6bb1fe03809cca4,working_git:018b984961fcc084ca256de41afa630555b6e26a174d44a39656a2cf16af8a74;recovery_project:018b984961fcc084ca256de41afa630555b6e26a174d44a39656a2cf16af8a74;local_runtime:018b984961fcc084ca256de41afa630555b6e26a174d44a39656a2cf16af8a74
workspace_outer,tests/test_performance_math_v2.py,4f276f987dcaf7ab5a711aedc84a261330f4ea08f48990d98e5fa9c178e8343b,working_git:1e9337be0a4916c8c4d71d65bb1a8ad05b954ead1ab112abb6efda83864ca2dd;recovery_project:1e9337be0a4916c8c4d71d65bb1a8ad05b954ead1ab112abb6efda83864ca2dd;local_runtime:1e9337be0a4916c8c4d71d65bb1a8ad05b954ead1ab112abb6efda83864ca2dd
workspace_outer,tests/test_research_paper_reviews.py,947da823cf84ca6ac2dd2ff29a3f4a522bec7997a58de433b84d13bb29291ad4,working_git:a89805a0fd199f586e4d5431f91de6c2ae3a81a3445d48fe3e2b848bdd1f7ab6;recovery_project:a89805a0fd199f586e4d5431f91de6c2ae3a81a3445d48fe3e2b848bdd1f7ab6;local_runtime:a89805a0fd199f586e4d5431f91de6c2ae3a81a3445d48fe3e2b848bdd1f7ab6
workspace_outer,tests/test_statistics_math_v2.py,d954acb64472eff879f04c7b66cb25f0e128b93fecd3fc7270f006867d51bb69,working_git:a1b8231d30f2f68faa82b82ca60a2821e1c94837a7227204ebc36acffd309061;recovery_project:e7ef9be795b1fc48e583eb7a74f317b6df68d26f70b1eb3ae4da3fd0f9b8a92d;local_runtime:e7ef9be795b1fc48e583eb7a74f317b6df68d26f70b1eb3ae4da3fd0f9b8a92d
workspace_outer,tests/test_teacher_evidence_materializer.py,2c2e1d1b9c0af859b7ae3946df23c4ddf4663407f2f1e410b4292fa780f5ef3a,working_git:a37bbf14009cd3ba553c91d45cce75ae39a27fb02338eca835301f1d8f241ceb;recovery_project:cea9cae309008f8f44b92143d1664d163405fec3dcd2d89d0cc3c3a1da2bd596;local_runtime:75937bd4d7b311743f4361cb967f7ed099b4675d47e2af2b343fcb2abe922ed7
workspace_outer,tests/test_udemy_math_reconciliation.py,1ed54617df7868692f7efbb44445936d1284bd8225da2b1a37a59dd1e9dbbec3,working_git:fb68e6893021f0cb7937210510d420af0a134deb4b47660c4d50e6ceb4a0e5b9;recovery_project:fb68e6893021f0cb7937210510d420af0a134deb4b47660c4d50e6ceb4a0e5b9;local_runtime:fb68e6893021f0cb7937210510d420af0a134deb4b47660c4d50e6ceb4a0e5b9
workspace_outer,tests/test_wizard_credit_ledger.py,94c4019f22682451e7b70f6437bb265781a255d67cee56fbf769a428e5596773,working_git:ea8d7d16b5e83fe29578d04893d2b3798463b9737388d16d319bd9e58dd1dc54;recovery_project:d3a2a164b7e0385f87bfe314b26ff53f4f015fd7aa91726bae8172da55195107;local_runtime:d3a2a164b7e0385f87bfe314b26ff53f4f015fd7aa91726bae8172da55195107
workspace_outer,tests/test_wizard_mode_replay.py,cc80a59c4d1bb14e2ab075e4de2046d19cd7a4947658655110be4d654b9c31e5,working_git:96ee5f0bbea469cda5ba9ccd2a62efde993bd7b3af8b6d57ad0858197f13550f;recovery_project:f80759057e4bbd20baa2344f9b4f6d12bcd559edd6cf6635ed2ea82f62ae8e61;local_runtime:3dffcd85ba236e20df4ab7c334c5a7a2913f98db4525809ba9a4d134cefe0aa0
