strategy_id,strategy_name,family,runs,eligible_runs,median_profit_factor,median_sharpe,median_max_drawdown,median_gross_return,median_total_return,median_cost_drag,total_fees,total_slippage,total_funding,total_execution_risk,total_partial_fill_cost,median_avg_gross_exposure,total_trades,two_leg_runs,spread_runs
31,Feature Importance Model,ml,14,0,inf,0.0,0.0,0.0,0.0,0.0,0.0,0.0,0.0,0.0,0.0,0.0,0,14,0
32,Trade Outcome Predictor,ml,14,0,inf,0.0,0.0,0.0,0.0,0.0,0.0,0.0,0.0,0.0,0.0,0.0,0,14,0
15,ML Confidence,ml,14,0,0.32253854908899937,-2.1123466823572796,0.07833278017082636,-0.02096512360448677,-0.03317237376661175,0.017544242712411395,0.19125,0.1836,0.4032669349984467,0.0918,0.0030600000000000002,0.9897959183673469,160,14,0
30,Meta Model,ml,14,0,0.22904056282462007,-2.0465876517632386,0.07423147091367836,-0.01660667382932912,-0.03129435299886729,0.01752600192867293,0.19625,0.1884,0.403266351345431,0.0942,0.00314,0.9795918367346939,164,14,0
16,Profile Match,ml,14,0,0.2108293442158601,-1.4021681097118988,0.05179969462356277,-0.011065645211515429,-0.03363763287479593,0.011547546515660367,0.11125,0.1068,0.39774535434993824,0.0534,0.0017800000000000001,0.971,96,14,0
