strategy_id,strategy_name,family,runs,eligible_runs,median_profit_factor,median_sharpe,median_max_drawdown,median_gross_return,median_total_return,median_cost_drag,total_fees,total_slippage,total_funding,total_execution_risk,total_partial_fill_cost,median_avg_gross_exposure,total_trades,two_leg_runs,spread_runs
24,Regime Filtered Stat-Arb,regime,14,0,0.2828292943104147,-1.4719255012774606,0.049141770512717786,-0.01672718178689414,-0.02440218309252956,0.0074512525981656474,0.14625000000000002,0.14040000000000002,0.37454202893864597,0.07020000000000001,0.00234,0.96484375,122,14,0
22,GMM Regime Model,regime,14,0,0.25845840364161554,-1.3969418399629356,0.04600638901172249,-0.014222647690137813,-0.019494227624783422,0.005271579934645609,0.11125,0.1068,0.3977151612704276,0.0534,0.0017800000000000001,0.9758745476477684,96,14,0
21,HMM Regime Model,regime,14,0,0.23456812114873787,-1.9674045803742932,0.04734033783949669,-0.032945506150126036,-0.041324893491904824,0.00635834951778147,0.11875000000000001,0.114,0.4010181446593903,0.057,0.0019000000000000002,0.9758745476477684,102,14,0
23,KMeans Regime Model,regime,14,0,0.22558291393197125,-1.7032854840174643,0.046006389011722104,-0.017342175072674437,-0.019491219948708005,0.005443893588198578,0.11125000000000002,0.1068,0.40161699775683546,0.0534,0.0017800000000000001,0.9758745476477684,96,14,0
