pair,regime,strategy_id,strategy_name,family,runs,eligible_runs,median_profit_factor,median_sharpe,median_max_drawdown,total_trades
BTC-USD-SOL-USD,ALL,20,Dynamic Threshold Model,adaptive,2,0,0.22513999053960948,-1.8319078170620098,0.2142190244231672,52
BTC-USD-SOL-USD,crisis,20,Dynamic Threshold Model,adaptive,2,0,0.1733576419675878,-2.777193085540361,0.12432732102778371,10
BTC-USD-SOL-USD,range,20,Dynamic Threshold Model,adaptive,2,0,0.14567901625391885,-2.496381943031074,0.2180586426107579,52
SOL-USD-LINK-USD,ALL,20,Dynamic Threshold Model,adaptive,2,0,0.35792792488980474,-1.3397127883703164,0.0662690305147573,8
SOL-USD-LINK-USD,bear,20,Dynamic Threshold Model,adaptive,2,0,0.0,-11.352570639610844,0.05206777602531516,4
SOL-USD-LINK-USD,bull,20,Dynamic Threshold Model,adaptive,2,0,0.3118337550513014,-7.173250809961527,0.049141770512717786,6
SOL-USD-LINK-USD,range,20,Dynamic Threshold Model,adaptive,2,0,0.302575435233413,-0.13772465345487442,0.026210788212443423,4
