relative_path,working_sha256,recovery_sha256,runtime_sha256,working_vs_runtime,recovery_matches_working,recovery_matches_runtime,decision
apps/the-ave/README.md,e0cb7e936385d2177074a4b12216e98f60f6e5fcbbba93ca79e8beef151027bd,e0cb7e936385d2177074a4b12216e98f60f6e5fcbbba93ca79e8beef151027bd,e0cb7e936385d2177074a4b12216e98f60f6e5fcbbba93ca79e8beef151027bd,SAME,True,True,NO_PORT_NEEDED
apps/the-ave/V1_READY_CHECKLIST.md,5351988e89007776f6f3a6b79043da1c00e5ea9f6f5ebb521109798a460fc5e2,5351988e89007776f6f3a6b79043da1c00e5ea9f6f5ebb521109798a460fc5e2,5351988e89007776f6f3a6b79043da1c00e5ea9f6f5ebb521109798a460fc5e2,SAME,True,True,NO_PORT_NEEDED
apps/the-ave/data.js,16a298a2d0761ae354eaa36f71fbe9383cb52385a3cba17906b2b0e5c3e8c801,16a298a2d0761ae354eaa36f71fbe9383cb52385a3cba17906b2b0e5c3e8c801,16a298a2d0761ae354eaa36f71fbe9383cb52385a3cba17906b2b0e5c3e8c801,SAME,True,True,NO_PORT_NEEDED
apps/the-ave/index.html,69c1fd85158a27e83a1444822931c22544ee10b723432cdb3b6b3669647ae3fd,69c1fd85158a27e83a1444822931c22544ee10b723432cdb3b6b3669647ae3fd,69c1fd85158a27e83a1444822931c22544ee10b723432cdb3b6b3669647ae3fd,SAME,True,True,NO_PORT_NEEDED
apps/the-ave/script.js,a36cfc84d5a410339517563aceb8c2f71e1a8efdc0d9ce49707d890dd100a65a,a36cfc84d5a410339517563aceb8c2f71e1a8efdc0d9ce49707d890dd100a65a,a36cfc84d5a410339517563aceb8c2f71e1a8efdc0d9ce49707d890dd100a65a,SAME,True,True,NO_PORT_NEEDED
apps/the-ave/styles.css,0bf83410fa0fcff6eb15f99209b0bb21ffdb478469abafb0affcd9c2c65a953b,0bf83410fa0fcff6eb15f99209b0bb21ffdb478469abafb0affcd9c2c65a953b,0bf83410fa0fcff6eb15f99209b0bb21ffdb478469abafb0affcd9c2c65a953b,SAME,True,True,NO_PORT_NEEDED
config/acceptance_policy_manifest.json,08b028ae4ce3188868a3009d3d556c3df61b6dcd47370c10d83a4d3102e6fb31,65d88e28ee4f1201cea95a0777afd5aebcd26b2dd638764a2393f5ab17e4d923,65d88e28ee4f1201cea95a0777afd5aebcd26b2dd638764a2393f5ab17e4d923,CHANGED,False,True,REVIEW_REQUIRED
config/btc_doge_multi_timeframe.yaml,d2fba72c9f552682358ac0d3319d47d89533d69832f1e850f9630093877cbb04,d2fba72c9f552682358ac0d3319d47d89533d69832f1e850f9630093877cbb04,d2fba72c9f552682358ac0d3319d47d89533d69832f1e850f9630093877cbb04,SAME,True,True,NO_PORT_NEEDED
config/candidate_pairs_multi_timeframe.yaml,d3e8caff0dae9490b6608663fd4591a20618aaae3fb4f2010b8255c8b3fac122,d3e8caff0dae9490b6608663fd4591a20618aaae3fb4f2010b8255c8b3fac122,d3e8caff0dae9490b6608663fd4591a20618aaae3fb4f2010b8255c8b3fac122,SAME,True,True,NO_PORT_NEEDED
config/ccxt_evidence_contract.json,f914a2025cd4f4f23476968397c275d100e2122e8247dac5068cc362d3811a22,f914a2025cd4f4f23476968397c275d100e2122e8247dac5068cc362d3811a22,f914a2025cd4f4f23476968397c275d100e2122e8247dac5068cc362d3811a22,SAME,True,True,NO_PORT_NEEDED
config/collection_launch_runtime.json,,,b5abb8736eda54c79155febe3f0246a331833a29990bf26e4f6722d1f945ba84,RUNTIME_ONLY,False,False,REVIEW_REQUIRED
config/collection_prestart_runtime_candidate.json,,,48dc1134a1489b9cb066ea55481490693077e25a049d4b06288bd796e3c0c715,RUNTIME_ONLY,False,False,REVIEW_REQUIRED
config/collection_verification_batches.json,,3f9f44b2572e26504e74bcb23fcf8a28281ee76916da72b3394e485844d69b8d,3f9f44b2572e26504e74bcb23fcf8a28281ee76916da72b3394e485844d69b8d,RUNTIME_ONLY,False,True,REVIEW_REQUIRED
config/collection_verification_scope.json,,3cd182480eba6f926f3b48dd03c2856db28fadefc3ebfe7bbe9abdd4e23749e8,3cd182480eba6f926f3b48dd03c2856db28fadefc3ebfe7bbe9abdd4e23749e8,RUNTIME_ONLY,False,True,REVIEW_REQUIRED
config/corrective_artifact_retention.json,24bfd020399006c025d48e95552ac4a2c02e6b7bf8641ca8fee6eb6e8a7f7300,24bfd020399006c025d48e95552ac4a2c02e6b7bf8641ca8fee6eb6e8a7f7300,24bfd020399006c025d48e95552ac4a2c02e6b7bf8641ca8fee6eb6e8a7f7300,SAME,True,True,NO_PORT_NEEDED
config/crypto_wizards_dashboard_research_specialist.json,,,477130c9b237b6dbf296d4370e037aabc9bd5e9a8456b85d1b8f1a890eb48608,RUNTIME_ONLY,False,False,REVIEW_REQUIRED
config/crypto_wizards_keychain_reference.json,,,ba2cf25796ef3941669b6abfa89d1b642d7ba85542cb749fd34d8b1dd7a3ced3,RUNTIME_ONLY,False,False,REVIEW_REQUIRED
config/entry_exit_style_options.json,e7062d0c928550f561681a0a2941befa5cc920c1e6866a9c2fabf0ee138efbf1,e7062d0c928550f561681a0a2941befa5cc920c1e6866a9c2fabf0ee138efbf1,e7062d0c928550f561681a0a2941befa5cc920c1e6866a9c2fabf0ee138efbf1,SAME,True,True,NO_PORT_NEEDED
config/exploratory_cost_sensitivity_profiles.json,be804242dd0a849acba7f294924e7e4f9f000f47572f9af6cd20aeafea31f2be,be804242dd0a849acba7f294924e7e4f9f000f47572f9af6cd20aeafea31f2be,be804242dd0a849acba7f294924e7e4f9f000f47572f9af6cd20aeafea31f2be,SAME,True,True,NO_PORT_NEEDED
config/human_evidence_research_sources.json,,028cc87ce64cee7e433b260f8a43e6fb8ae1c62122fa6ade8a797fc9b5671164,028cc87ce64cee7e433b260f8a43e6fb8ae1c62122fa6ade8a797fc9b5671164,RUNTIME_ONLY,False,True,REVIEW_REQUIRED
config/hyperliquid_perp_cost_profile.json,ba197519b985373738d204eeb79b8b6a624738843f8d3a53d88916b166595cea,ba197519b985373738d204eeb79b8b6a624738843f8d3a53d88916b166595cea,ba197519b985373738d204eeb79b8b6a624738843f8d3a53d88916b166595cea,SAME,True,True,NO_PORT_NEEDED
config/live_canary_policy.json,c18217234f76382b2f2a1bac74a96c50627489435567a1023d38c46f78778ba6,c18217234f76382b2f2a1bac74a96c50627489435567a1023d38c46f78778ba6,c18217234f76382b2f2a1bac74a96c50627489435567a1023d38c46f78778ba6,SAME,True,True,NO_PORT_NEEDED
config/math_desk_source_exclusions.csv,,5000787676c6441f8118fb65698163d3873a01fb7c225b78355ca8452b0137e5,5000787676c6441f8118fb65698163d3873a01fb7c225b78355ca8452b0137e5,RUNTIME_ONLY,False,True,REVIEW_REQUIRED
config/math_desk_visual_equation_reviews.csv,,dac0a64ccda046c3d441f1c8239f6fed308b08dc83cbbf257a738b2c1811121c,dac0a64ccda046c3d441f1c8239f6fed308b08dc83cbbf257a738b2c1811121c,RUNTIME_ONLY,False,True,REVIEW_REQUIRED
config/personal_self_directed_declaration.example.json,,2377db99128cc2f4ab53d9cabc8dbd3f9400a54322b875e75895bdfbc51ac331,2377db99128cc2f4ab53d9cabc8dbd3f9400a54322b875e75895bdfbc51ac331,RUNTIME_ONLY,False,True,REVIEW_REQUIRED
config/phase00_control_evidence_map.json,140b6cb2d0c88f3a547a92aa64f668183724fbfa966abd2685fb66bb73ff35ae,140b6cb2d0c88f3a547a92aa64f668183724fbfa966abd2685fb66bb73ff35ae,140b6cb2d0c88f3a547a92aa64f668183724fbfa966abd2685fb66bb73ff35ae,SAME,True,True,NO_PORT_NEEDED
config/phase00_expansion_interfaces.json,41c3acc77acdc84b5df74bfe48f42ed8b228a90522e91d34392368a0938e723c,41c3acc77acdc84b5df74bfe48f42ed8b228a90522e91d34392368a0938e723c,41c3acc77acdc84b5df74bfe48f42ed8b228a90522e91d34392368a0938e723c,SAME,True,True,NO_PORT_NEEDED
config/phase00_external_effect_policy.json,b312dd2ce4cd08a8bc85130dc1fb41d4595e5527c42cb52d89dcf85bed635b5a,b312dd2ce4cd08a8bc85130dc1fb41d4595e5527c42cb52d89dcf85bed635b5a,b312dd2ce4cd08a8bc85130dc1fb41d4595e5527c42cb52d89dcf85bed635b5a,SAME,True,True,NO_PORT_NEEDED
config/registered_stage5_protocol.json,3f851ce3ed2a496b9a8d3d21167b8b71490994dff180c42f64f35ea493ac55c9,3f851ce3ed2a496b9a8d3d21167b8b71490994dff180c42f64f35ea493ac55c9,3f851ce3ed2a496b9a8d3d21167b8b71490994dff180c42f64f35ea493ac55c9,SAME,True,True,NO_PORT_NEEDED
config/registered_survivor_oos_support_policy.json,3fb938adaf48cc323ca43abbb0488748181421d38ca36ed5adeabd2786ef604d,3fb938adaf48cc323ca43abbb0488748181421d38ca36ed5adeabd2786ef604d,3fb938adaf48cc323ca43abbb0488748181421d38ca36ed5adeabd2786ef604d,SAME,True,True,NO_PORT_NEEDED
config/research.yaml,d4878f44e5415344eaa2f3dd6c98d39572733f0dc8c2596631e3ef1ba62d6f21,d4878f44e5415344eaa2f3dd6c98d39572733f0dc8c2596631e3ef1ba62d6f21,d4878f44e5415344eaa2f3dd6c98d39572733f0dc8c2596631e3ef1ba62d6f21,SAME,True,True,NO_PORT_NEEDED
config/research_assertion_attack_manifest.csv,,998ad96981e2bdb7c72ee59f6e6d032123966fc40038ef80ca303ad738629cac,998ad96981e2bdb7c72ee59f6e6d032123966fc40038ef80ca303ad738629cac,RUNTIME_ONLY,False,True,REVIEW_REQUIRED
config/research_holdout_policy.json,b52c5bd1509ddfe47c4abc0710fe315e9f22c54ad48e9d555faa29f41f2646bc,b52c5bd1509ddfe47c4abc0710fe315e9f22c54ad48e9d555faa29f41f2646bc,b52c5bd1509ddfe47c4abc0710fe315e9f22c54ad48e9d555faa29f41f2646bc,SAME,True,True,NO_PORT_NEEDED
config/research_paper_assessments.yaml,1a9c4c1d9aadcf07dff55b84d69c326b7195eaa5c2ba9460b7cd10cad48d4678,1a9c4c1d9aadcf07dff55b84d69c326b7195eaa5c2ba9460b7cd10cad48d4678,1a9c4c1d9aadcf07dff55b84d69c326b7195eaa5c2ba9460b7cd10cad48d4678,SAME,True,True,NO_PORT_NEEDED
config/research_rag.json,,a656e47d895e5514b2be0d625181d38db43f4e706c599f936ffeaa199e7f0854,a656e47d895e5514b2be0d625181d38db43f4e706c599f936ffeaa199e7f0854,RUNTIME_ONLY,False,True,REVIEW_REQUIRED
config/research_rag_sources.json,,15c55ccdcc428aa5674a371cc6742796431a876001bc949a393e69b347df5346,15c55ccdcc428aa5674a371cc6742796431a876001bc949a393e69b347df5346,RUNTIME_ONLY,False,True,REVIEW_REQUIRED
config/research_tool_runtime.json,,1a7ab5896a3b1691d64c7cc3bd91a072c9b76aa01160d0263f5decebb3deddb4,1a7ab5896a3b1691d64c7cc3bd91a072c9b76aa01160d0263f5decebb3deddb4,RUNTIME_ONLY,False,True,REVIEW_REQUIRED
config/research_validation_surface_registry.json,,e8776363e05c0c3e23210561341c10458b7677e07a102ac1df3b141041241c66,e8776363e05c0c3e23210561341c10458b7677e07a102ac1df3b141041241c66,RUNTIME_ONLY,False,True,REVIEW_REQUIRED
config/research_version_contracts.yaml,f55f6c779ea1482deac311c0df6ece8df7a5bd04332924748109c205466cc193,f55f6c779ea1482deac311c0df6ece8df7a5bd04332924748109c205466cc193,f55f6c779ea1482deac311c0df6ece8df7a5bd04332924748109c205466cc193,SAME,True,True,NO_PORT_NEEDED
config/risk_desk_visual_reviews.csv,,548e39bd37a34939a81cd06aa7d77d3ebdc23a384601ce21cac27532a0d3450c,548e39bd37a34939a81cd06aa7d77d3ebdc23a384601ce21cac27532a0d3450c,RUNTIME_ONLY,False,True,REVIEW_REQUIRED
config/scheduler_desired_state.json,4f1876bbfa99f31c2c0149ae88f7ee32c5b6899d88bcbcb7daf93277b5e0760b,4f1876bbfa99f31c2c0149ae88f7ee32c5b6899d88bcbcb7daf93277b5e0760b,4f1876bbfa99f31c2c0149ae88f7ee32c5b6899d88bcbcb7daf93277b5e0760b,SAME,True,True,NO_PORT_NEEDED
config/seven_day_wizard_credit_budget.json,,,68982fdd8e48cc7ad6fe3d700b6c97ea7e34cf4eab6e3580fc75f58f9af9ac56,RUNTIME_ONLY,False,False,REVIEW_REQUIRED
config/strategy_desk_index.json,,7d439f05902f19c500f701f5ca9675bc5269d72e6b31493e880f88b3510f17ad,7d439f05902f19c500f701f5ca9675bc5269d72e6b31493e880f88b3510f17ad,RUNTIME_ONLY,False,True,REVIEW_REQUIRED
config/strategy_desk_reviews/ou_spread_retired_20260909.json,,754f7e837a923be10b9b7c6d305d7e928371f8a9825a03696f30d94cdab21a38,754f7e837a923be10b9b7c6d305d7e928371f8a9825a03696f30d94cdab21a38,RUNTIME_ONLY,False,True,REVIEW_REQUIRED
config/strategy_desk_reviews/ou_zscore_retired_20260909.json,,62cc78fa22d66ead5d6255be5d66d006514cfcd98d3dee7c19c8cc4b2a62f7a7,62cc78fa22d66ead5d6255be5d66d006514cfcd98d3dee7c19c8cc4b2a62f7a7,RUNTIME_ONLY,False,True,REVIEW_REQUIRED
config/strategy_desks/copula_research_20260909.json,,08330e8e464370d015dc1e5cf16a9b64530a30369f66568408992172fc2aecc4,08330e8e464370d015dc1e5cf16a9b64530a30369f66568408992172fc2aecc4,RUNTIME_ONLY,False,True,REVIEW_REQUIRED
config/strategy_desks/copula_research_20260909.manifest.json,,562e79728911fb40aa74b4052526930afe38be87f7db3b3fd3008b4e80468319,562e79728911fb40aa74b4052526930afe38be87f7db3b3fd3008b4e80468319,RUNTIME_ONLY,False,True,REVIEW_REQUIRED
config/strategy_desks/dynamic_spread_research_20260909.json,,6629eaeca248c7aaf7172d7c1f32b78b3518f7d3bad752d8b964dc2acd5c3e52,6629eaeca248c7aaf7172d7c1f32b78b3518f7d3bad752d8b964dc2acd5c3e52,RUNTIME_ONLY,False,True,REVIEW_REQUIRED
config/strategy_desks/dynamic_spread_research_20260909.manifest.json,,0348219f641cd0606b0b6b98c1c94092aba63a6e9a29f3aa96b1438d29a82b90,0348219f641cd0606b0b6b98c1c94092aba63a6e9a29f3aa96b1438d29a82b90,RUNTIME_ONLY,False,True,REVIEW_REQUIRED
config/strategy_desks/dynamic_zscore_research_20260909.json,,f4e144d3848b9ed1634f02df4c6b15067da8cfcb8964492768e45b0b138122b9,f4e144d3848b9ed1634f02df4c6b15067da8cfcb8964492768e45b0b138122b9,RUNTIME_ONLY,False,True,REVIEW_REQUIRED
config/strategy_desks/dynamic_zscore_research_20260909.manifest.json,,cfb12b665b769f0947c10e5406e223e192cd6ca4a53219e83a360b6cce9f62eb,cfb12b665b769f0947c10e5406e223e192cd6ca4a53219e83a360b6cce9f62eb,RUNTIME_ONLY,False,True,REVIEW_REQUIRED
config/strategy_desks/static_spread_research_20260909.json,,812d1520eb326b433f9866d908abde8e7474f57f65351d06a171a7d24138a200,812d1520eb326b433f9866d908abde8e7474f57f65351d06a171a7d24138a200,RUNTIME_ONLY,False,True,REVIEW_REQUIRED
config/strategy_desks/static_spread_research_20260909.manifest.json,,5463b2f80f0a1f29dbcedee95721eefe3f4b5ca54b33cf056c230c9425a43fd6,5463b2f80f0a1f29dbcedee95721eefe3f4b5ca54b33cf056c230c9425a43fd6,RUNTIME_ONLY,False,True,REVIEW_REQUIRED
config/strategy_desks/static_zscore_research_20260909.json,,8fba23446679afd625e887c4bd7f778ab89ff746fa24fa3cf3d8ed85e4560d4d,8fba23446679afd625e887c4bd7f778ab89ff746fa24fa3cf3d8ed85e4560d4d,RUNTIME_ONLY,False,True,REVIEW_REQUIRED
config/strategy_desks/static_zscore_research_20260909.manifest.json,,9fb875da16f63b6fe4ca39db427ac9643b7f7caf00e8e8afe7795aa7d7641bcf,9fb875da16f63b6fe4ca39db427ac9643b7f7caf00e8e8afe7795aa7d7641bcf,RUNTIME_ONLY,False,True,REVIEW_REQUIRED
config/testnet_sample_sufficiency_policy.json,bc64d8f0a25b064e0bebac6c9cfce095390906280b8eb607fcda521194095f91,bc64d8f0a25b064e0bebac6c9cfce095390906280b8eb607fcda521194095f91,bc64d8f0a25b064e0bebac6c9cfce095390906280b8eb607fcda521194095f91,SAME,True,True,NO_PORT_NEEDED
config/wizard_browser_auth_contract.json,b306c0ea8196d0ab9543f25a9fa298e7872291409a25fd00b2ba2e66bfc42497,b306c0ea8196d0ab9543f25a9fa298e7872291409a25fd00b2ba2e66bfc42497,b306c0ea8196d0ab9543f25a9fa298e7872291409a25fd00b2ba2e66bfc42497,SAME,True,True,NO_PORT_NEEDED
config/wizard_copula_behavioral_parity.json,5cda8d52ed4981dd38e58e02f5d9f7fc5b936f75158b10f4fb52282914f5c2f9,5cda8d52ed4981dd38e58e02f5d9f7fc5b936f75158b10f4fb52282914f5c2f9,5cda8d52ed4981dd38e58e02f5d9f7fc5b936f75158b10f4fb52282914f5c2f9,SAME,True,True,NO_PORT_NEEDED
config/wizard_copula_behavioral_parity_v2.json,6fea0413cdf75ab8d07103086eb055c44f160d71f33f47a67061877b92f06644,6fea0413cdf75ab8d07103086eb055c44f160d71f33f47a67061877b92f06644,6fea0413cdf75ab8d07103086eb055c44f160d71f33f47a67061877b92f06644,SAME,True,True,NO_PORT_NEEDED
config/wizard_discovery_policy.json,a586d1a4f36143042fbf26194611f07dc7672fff8ffe72a5c8411c3f5ebaec5f,a586d1a4f36143042fbf26194611f07dc7672fff8ffe72a5c8411c3f5ebaec5f,a586d1a4f36143042fbf26194611f07dc7672fff8ffe72a5c8411c3f5ebaec5f,SAME,True,True,NO_PORT_NEEDED
config/wizard_dynamic_comparator_v2_holdout.json,a8d18411c7c3015cff748ba26db462d4802331641628375fd3392f4ae393d5f6,a8d18411c7c3015cff748ba26db462d4802331641628375fd3392f4ae393d5f6,a8d18411c7c3015cff748ba26db462d4802331641628375fd3392f4ae393d5f6,SAME,True,True,NO_PORT_NEEDED
config/wizard_ou_comparator_v2_holdout.json,a65c83f731ab8c8aa0efdc4b608d9dcedd05b5d7d9bbbd9f7a97faab09b1cebf,a65c83f731ab8c8aa0efdc4b608d9dcedd05b5d7d9bbbd9f7a97faab09b1cebf,a65c83f731ab8c8aa0efdc4b608d9dcedd05b5d7d9bbbd9f7a97faab09b1cebf,SAME,True,True,NO_PORT_NEEDED
config/wizard_ou_comparator_v3_holdout.json,9054a0d1641ff8496895f5b51ba5e60f603c44db693e6103d3dbd445dae0b941,9054a0d1641ff8496895f5b51ba5e60f603c44db693e6103d3dbd445dae0b941,9054a0d1641ff8496895f5b51ba5e60f603c44db693e6103d3dbd445dae0b941,SAME,True,True,NO_PORT_NEEDED
config/wizard_ou_comparator_v4_holdout.json,3e51a4469f0a38a5ac3ee4144e1791723e1738858b51df309982b097ed29786f,3e51a4469f0a38a5ac3ee4144e1791723e1738858b51df309982b097ed29786f,3e51a4469f0a38a5ac3ee4144e1791723e1738858b51df309982b097ed29786f,SAME,True,True,NO_PORT_NEEDED
config/wizard_ou_comparator_v5_holdout.json,76d786dcac3966b71d1b661229d8a5d149a6808a2cfa866fd4a4463e9801c52e,76d786dcac3966b71d1b661229d8a5d149a6808a2cfa866fd4a4463e9801c52e,76d786dcac3966b71d1b661229d8a5d149a6808a2cfa866fd4a4463e9801c52e,SAME,True,True,NO_PORT_NEEDED
config/wizard_ou_comparator_v6_holdout.json,7d2fee27e7baf7fa25952e2e16cc4dec2cd7c11da18c3681b41e045b551ffbe8,7d2fee27e7baf7fa25952e2e16cc4dec2cd7c11da18c3681b41e045b551ffbe8,7d2fee27e7baf7fa25952e2e16cc4dec2cd7c11da18c3681b41e045b551ffbe8,SAME,True,True,NO_PORT_NEEDED
config/wizard_ou_trend_selector_v1_holdout.json,4b37eec2870be8c9f3c071c4a4e8f9179b363c1f7dc50d629245a6f5b9eddc8d,4b37eec2870be8c9f3c071c4a4e8f9179b363c1f7dc50d629245a6f5b9eddc8d,4b37eec2870be8c9f3c071c4a4e8f9179b363c1f7dc50d629245a6f5b9eddc8d,SAME,True,True,NO_PORT_NEEDED
config/wizard_source_route_adapter.example.json,,,c99d5459d604481547025a83a230460fd5c3686a584ba632316b18b8cb9020fb,RUNTIME_ONLY,False,False,REVIEW_REQUIRED
config/wizard_source_route_adapter.schema.json,,,680092159d4ec510a89ff88857712ae1d1722a854caca4326395551f2ea66934,RUNTIME_ONLY,False,False,REVIEW_REQUIRED
config/wizard_surface_inventory_contract.json,ca8efed2b1a27df963fbe01e0b6305f942f2171b9ba9420c9b7b9be957012698,317f7e825d7376dabc61fa0e54df5cc3055d224055759b631d4ccbfef3870bf0,317f7e825d7376dabc61fa0e54df5cc3055d224055759b631d4ccbfef3870bf0,CHANGED,False,True,REVIEW_REQUIRED
config/youtube_brain.yaml,6fcd56dc722efc38024eb61111eb85a7d3d64cddde3b5a73183a8ddea7ccb094,6fcd56dc722efc38024eb61111eb85a7d3d64cddde3b5a73183a8ddea7ccb094,6fcd56dc722efc38024eb61111eb85a7d3d64cddde3b5a73183a8ddea7ccb094,SAME,True,True,NO_PORT_NEEDED
docs/api_first_research_flow.md,0c6bf84b3f61211e2470f6f1dcd975096ce316d1bbb28e5c4bd2f84ce1b58aef,0c6bf84b3f61211e2470f6f1dcd975096ce316d1bbb28e5c4bd2f84ce1b58aef,0c6bf84b3f61211e2470f6f1dcd975096ce316d1bbb28e5c4bd2f84ce1b58aef,SAME,True,True,NO_PORT_NEEDED
docs/apify_integration.md,a974b774a6f6531042c5225125295f11d203c0b45605363fd3dafe7f7af9613f,a974b774a6f6531042c5225125295f11d203c0b45605363fd3dafe7f7af9613f,a974b774a6f6531042c5225125295f11d203c0b45605363fd3dafe7f7af9613f,SAME,True,True,NO_PORT_NEEDED
docs/architecture.md,11aed41dd4473b3528bc8e788776a87d9fdb75cdbedf703f3cac04bf82f5e66c,fa9429ca7b73d0ed6d2ebfc86d833350694a196d3ca90b2a17fc15ab51ab2d2f,fa9429ca7b73d0ed6d2ebfc86d833350694a196d3ca90b2a17fc15ab51ab2d2f,CHANGED,False,True,REVIEW_REQUIRED
docs/base_rl_input_contract.md,d1535d5bac4784f3df362059d664c70751abf463803fc061db600d0127230c09,d1535d5bac4784f3df362059d664c70751abf463803fc061db600d0127230c09,d1535d5bac4784f3df362059d664c70751abf463803fc061db600d0127230c09,SAME,True,True,NO_PORT_NEEDED
docs/corrective_execution_plan.md,dd9bb80cca0a8bb1e4ae539cb3e602de1810dab0b39fd8c19ba48d538aa4005b,dd9bb80cca0a8bb1e4ae539cb3e602de1810dab0b39fd8c19ba48d538aa4005b,dd9bb80cca0a8bb1e4ae539cb3e602de1810dab0b39fd8c19ba48d538aa4005b,SAME,True,True,NO_PORT_NEEDED
docs/crypto_wizards_api_reference.md,1b083ca814ba7d5636f3158f38283c510325ca035942521b49f13f47bf09b29d,1b083ca814ba7d5636f3158f38283c510325ca035942521b49f13f47bf09b29d,1b083ca814ba7d5636f3158f38283c510325ca035942521b49f13f47bf09b29d,SAME,True,True,NO_PORT_NEEDED
docs/crypto_wizards_dashboard_operator_playbook.md,e42fdbb0d367df5d1cf2ae334ccef44421354a7e12f83fdcfdc35f92a1dd7fdf,e42fdbb0d367df5d1cf2ae334ccef44421354a7e12f83fdcfdc35f92a1dd7fdf,e42fdbb0d367df5d1cf2ae334ccef44421354a7e12f83fdcfdc35f92a1dd7fdf,SAME,True,True,NO_PORT_NEEDED
docs/crypto_wizards_endpoint_catalog.csv,f30379d1b600273fa21ade88117c2bf7d33714965f99177c8d37d2af9257a3d2,f30379d1b600273fa21ade88117c2bf7d33714965f99177c8d37d2af9257a3d2,f30379d1b600273fa21ade88117c2bf7d33714965f99177c8d37d2af9257a3d2,SAME,True,True,NO_PORT_NEEDED
docs/crypto_wizards_fixture_field_dictionary.csv,5654e70f2e19cb9e6b9e02af4e2b4b6d0e7a6420cce29383a6f853fc749c08b5,5654e70f2e19cb9e6b9e02af4e2b4b6d0e7a6420cce29383a6f853fc749c08b5,5654e70f2e19cb9e6b9e02af4e2b4b6d0e7a6420cce29383a6f853fc749c08b5,SAME,True,True,NO_PORT_NEEDED
docs/crypto_wizards_live_field_dictionary.csv,e83b42a3d2b370d8f7e665ae9ef1f84302de74b361a983dbec3df502450d0297,e83b42a3d2b370d8f7e665ae9ef1f84302de74b361a983dbec3df502450d0297,e83b42a3d2b370d8f7e665ae9ef1f84302de74b361a983dbec3df502450d0297,SAME,True,True,NO_PORT_NEEDED
docs/crypto_wizards_pair_detail_extraction.md,19c9a8d0f2cccbf44e688ba1662d7f9480f4266b7c699a8c9b7536740e7bfe3a,19c9a8d0f2cccbf44e688ba1662d7f9480f4266b7c699a8c9b7536740e7bfe3a,19c9a8d0f2cccbf44e688ba1662d7f9480f4266b7c699a8c9b7536740e7bfe3a,SAME,True,True,NO_PORT_NEEDED
docs/current_corrective_operations.md,7ae6a1e426a518925eae283f9edf0d822186b5b8b7b10564efd505333195d7d2,38326ce0f34668492a218c6af1b02f67524e3f145ab18477167aed7097df17b2,38326ce0f34668492a218c6af1b02f67524e3f145ab18477167aed7097df17b2,CHANGED,False,True,REVIEW_REQUIRED
docs/current_stage4_candidate_cohort.md,1c419eb3b393c8b6347bb072dd81bf0737e7a09f348017eb0883a502ce32dd34,1c419eb3b393c8b6347bb072dd81bf0737e7a09f348017eb0883a502ce32dd34,1c419eb3b393c8b6347bb072dd81bf0737e7a09f348017eb0883a502ce32dd34,SAME,True,True,NO_PORT_NEEDED
docs/dashboard_field_dictionary.md,a88cd421347c682c625b56fed8185ac19588dc8cbf06f177fb713b3bfc36d657,a88cd421347c682c625b56fed8185ac19588dc8cbf06f177fb713b3bfc36d657,a88cd421347c682c625b56fed8185ac19588dc8cbf06f177fb713b3bfc36d657,SAME,True,True,NO_PORT_NEEDED
docs/dydx_v4_reference.md,8d72712beb84bf9ad4e46bfccd78a9439c91c01a7c1aa461bfbcc7e1f9c17535,8d72712beb84bf9ad4e46bfccd78a9439c91c01a7c1aa461bfbcc7e1f9c17535,8d72712beb84bf9ad4e46bfccd78a9439c91c01a7c1aa461bfbcc7e1f9c17535,SAME,True,True,NO_PORT_NEEDED
docs/dynamic_multi_agent_architecture.md,c2cc01e42f60df5b9ff30fec1b478d6701c9396282ef6f84fa965c0e31f08fa8,c2cc01e42f60df5b9ff30fec1b478d6701c9396282ef6f84fa965c0e31f08fa8,c2cc01e42f60df5b9ff30fec1b478d6701c9396282ef6f84fa965c0e31f08fa8,SAME,True,True,NO_PORT_NEEDED
docs/exhaustive_wizard_hyperliquid_goal_plan.md,44733c38dc54b56a158ffc9a713c25df0f67f9b7d06e9e1e403a7a93a0230055,44733c38dc54b56a158ffc9a713c25df0f67f9b7d06e9e1e403a7a93a0230055,44733c38dc54b56a158ffc9a713c25df0f67f9b7d06e9e1e403a7a93a0230055,SAME,True,True,NO_PORT_NEEDED
docs/field_dictionary.csv,6f1e1fc381afff633e45ddb25099c2115b97f3258461617a21a466f93650e629,6f1e1fc381afff633e45ddb25099c2115b97f3258461617a21a466f93650e629,6f1e1fc381afff633e45ddb25099c2115b97f3258461617a21a466f93650e629,SAME,True,True,NO_PORT_NEEDED
docs/formula_dictionary.md,e973494a9a724138930703528a1dace1adcc33f75d27c0f75be6d668b22c8b35,583d9329262ef0ef95455ff40c552e1902951b82e449a814f3df5f47f132c55b,583d9329262ef0ef95455ff40c552e1902951b82e449a814f3df5f47f132c55b,CHANGED,False,True,REVIEW_REQUIRED
docs/langgraph_agent_workflow.md,186a480223e84fdc952b8f8f3fd767c6fce3fa0e0a8116a89fa79c074e657c1e,8c9dacd3aabc896bfc3882c52599adf80e65ae7bca24e7c763f6dbacfe7f8c58,8c9dacd3aabc896bfc3882c52599adf80e65ae7bca24e7c763f6dbacfe7f8c58,CHANGED,False,True,REVIEW_REQUIRED
docs/live_canary_parity_contract.md,cfd3dcfb6b55c72f0f88b84010a6afb36139399cd05f409303335cfa4dbfab44,cfd3dcfb6b55c72f0f88b84010a6afb36139399cd05f409303335cfa4dbfab44,cfd3dcfb6b55c72f0f88b84010a6afb36139399cd05f409303335cfa4dbfab44,SAME,True,True,NO_PORT_NEEDED
docs/live_two_hour_dashboard_run.md,af75b99d57f3abd2d2957ffe23d7225057ed7ceed9c033bb12136e83daa1e932,af75b99d57f3abd2d2957ffe23d7225057ed7ceed9c033bb12136e83daa1e932,af75b99d57f3abd2d2957ffe23d7225057ed7ceed9c033bb12136e83daa1e932,SAME,True,True,NO_PORT_NEEDED
docs/math_v2_teacher_adapter.md,7a6604cf7989094e7503a4824e01f6fb542e58e29d5f4f75c3910806c2a1cf9c,a96d78cdcd8bbe87a1236a7a984b88f40477925b9a49e0ea3ea826902771bb1a,a96d78cdcd8bbe87a1236a7a984b88f40477925b9a49e0ea3ea826902771bb1a,CHANGED,False,True,REVIEW_REQUIRED
docs/pre_goal_resumption_corrective_plan.md,9b253f0e02fa6675471fab38404b530dba0201ee44ff3b397d460a70ac68692e,9b253f0e02fa6675471fab38404b530dba0201ee44ff3b397d460a70ac68692e,9b253f0e02fa6675471fab38404b530dba0201ee44ff3b397d460a70ac68692e,SAME,True,True,NO_PORT_NEEDED
docs/project_full_handoff_summary.md,ff75d2da6458d34349f282fd05ee00d6a8319d432bf908bb88b0434059920751,ff75d2da6458d34349f282fd05ee00d6a8319d432bf908bb88b0434059920751,ff75d2da6458d34349f282fd05ee00d6a8319d432bf908bb88b0434059920751,SAME,True,True,NO_PORT_NEEDED
docs/quant_brain.md,db70affb1b56dfc4deda07b3b5781161b85c2052cd9b651ac231089f43326bbd,db70affb1b56dfc4deda07b3b5781161b85c2052cd9b651ac231089f43326bbd,db70affb1b56dfc4deda07b3b5781161b85c2052cd9b651ac231089f43326bbd,SAME,True,True,NO_PORT_NEEDED
docs/registered_evidence_continuity.md,5952f0d379a3878f7cdb87555fdeab8d05f8e99db8c0634c78cca2c20d16da44,b60c9da44e3d78e85b9a298a5f39ae4ed09c9894966cd321b2021e57cac9a1fd,b60c9da44e3d78e85b9a298a5f39ae4ed09c9894966cd321b2021e57cac9a1fd,CHANGED,False,True,REVIEW_REQUIRED
docs/registered_stage5_survivor_lineage.md,06c5952a24ddd4db8fc6c1af1fec32567f971ab9f0865b0cf154f26428453472,06c5952a24ddd4db8fc6c1af1fec32567f971ab9f0865b0cf154f26428453472,06c5952a24ddd4db8fc6c1af1fec32567f971ab9f0865b0cf154f26428453472,SAME,True,True,NO_PORT_NEEDED
docs/rl_copula_dashboard_contract.md,7f8a0828e0099fafd529c85b0c47666a3be6bd83706902e5ddba150639bfd722,7f8a0828e0099fafd529c85b0c47666a3be6bd83706902e5ddba150639bfd722,7f8a0828e0099fafd529c85b0c47666a3be6bd83706902e5ddba150639bfd722,SAME,True,True,NO_PORT_NEEDED
docs/seven_day_release_handoff.md,,38d78817527969e6e93821eb8b3bedbda36885fae0359642d9b482f4b544051c,38d78817527969e6e93821eb8b3bedbda36885fae0359642d9b482f4b544051c,RUNTIME_ONLY,False,True,REVIEW_REQUIRED
docs/single_owner_research_mode.md,,a295634fc389a39d239259be4de6322380a1a432704ab016bbc440ef6877c9f0,ac52acb017a4f8758f3c8b2a48bb3bc631064356ff5baa89ce17a08b7156179a,RUNTIME_ONLY,False,False,REVIEW_REQUIRED
docs/strategy_registry.csv,7d371db27b21b65a6a1b2a3764aeae4fff48c344c7cec07666d5902685188f56,7d371db27b21b65a6a1b2a3764aeae4fff48c344c7cec07666d5902685188f56,7d371db27b21b65a6a1b2a3764aeae4fff48c344c7cec07666d5902685188f56,SAME,True,True,NO_PORT_NEEDED
docs/teacher_council_student_stack.md,655defe148076276ead992728abad972e70d3b6694cbf43b975238e96c80ad78,655defe148076276ead992728abad972e70d3b6694cbf43b975238e96c80ad78,db336c9854ea7d705a86428178d043751e13e2e98d0347a92a1d325ff8741389,CHANGED,True,False,REVIEW_REQUIRED
docs/testnet_candidate_queue_contract.md,79f6ea225dd48181f886ba383b97ae61d35d36a186099bc815a8d858846b6d89,79f6ea225dd48181f886ba383b97ae61d35d36a186099bc815a8d858846b6d89,79f6ea225dd48181f886ba383b97ae61d35d36a186099bc815a8d858846b6d89,SAME,True,True,NO_PORT_NEEDED
docs/tradestaq_mcp_setup.md,776ce5ab276a13f3cdf36be264e424ecf676147e902e586812cf888707ea1d41,776ce5ab276a13f3cdf36be264e424ecf676147e902e586812cf888707ea1d41,776ce5ab276a13f3cdf36be264e424ecf676147e902e586812cf888707ea1d41,SAME,True,True,NO_PORT_NEEDED
docs/v2_math_validation_contract.md,ba6ab741c84a232564a6e818f02025981db6805114dd8fa659c609f4e6b20096,,,WORKING_ONLY,False,False,REVIEW_REQUIRED
docs/venue_account_capabilities.md,fed3d6ca91b8a7bcb4eb2e29c9035a9f374a125c59101204ef9f65db8b733fb1,fed3d6ca91b8a7bcb4eb2e29c9035a9f374a125c59101204ef9f65db8b733fb1,fed3d6ca91b8a7bcb4eb2e29c9035a9f374a125c59101204ef9f65db8b733fb1,SAME,True,True,NO_PORT_NEEDED
docs/wizard_control_plane.md,c1e848288ac298bf6f013cfc379d73d2ea362f462c34539d4909cde0a393e848,c1e848288ac298bf6f013cfc379d73d2ea362f462c34539d4909cde0a393e848,c1e848288ac298bf6f013cfc379d73d2ea362f462c34539d4909cde0a393e848,SAME,True,True,NO_PORT_NEEDED
docs/wizard_frozen_source_qualification.md,,,a4de7d9f48fa19187de514b40260c7e79a0d957a4b3c4c7223dae303105292f2,RUNTIME_ONLY,False,False,REVIEW_REQUIRED
docs/wizard_hyperliquid_frozen_adapter.md,,,0b4e0dffce7863d81a01e7bacf22bba71d1ca83a4de624a5a4e45a82092aa80c,RUNTIME_ONLY,False,False,REVIEW_REQUIRED
docs/wizard_hyperliquid_l2_calibration_runner.md,,,a34e7055f0d7466b7e150e1d9959083e4335400684879ef8fa8e711ce759cf92,RUNTIME_ONLY,False,False,REVIEW_REQUIRED
docs/wizard_hyperliquid_mode_fidelity.md,1c6a9c07f0963f62fe78ecd9077c9f3c7be0732ef8512f89e92687c78d03aebe,8b8e08342f2effc4bfcdb4beb7f73ca0ee0776cee8383c1fbd45c35067aea937,8b8e08342f2effc4bfcdb4beb7f73ca0ee0776cee8383c1fbd45c35067aea937,CHANGED,False,True,REVIEW_REQUIRED
docs/wizard_research_validation_spine.md,,,3672533c0800cadaf23d4af0095209df8b959e296300040dfe21139782e61409,RUNTIME_ONLY,False,False,REVIEW_REQUIRED
docs/wizard_v2_run_pipeline.md,9c80e6961a3a54e8094d0b2d37b3589a34c0fe587b00a921f6f0ad6b90fab4b5,9c80e6961a3a54e8094d0b2d37b3589a34c0fe587b00a921f6f0ad6b90fab4b5,9c80e6961a3a54e8094d0b2d37b3589a34c0fe587b00a921f6f0ad6b90fab4b5,SAME,True,True,NO_PORT_NEEDED
docs/workspace_alignment_plan.md,08c8019531c789be9418af4c7f2f3ca5a1da47a5fc4bf86ace3457988d9c58e3,08c8019531c789be9418af4c7f2f3ca5a1da47a5fc4bf86ace3457988d9c58e3,08c8019531c789be9418af4c7f2f3ca5a1da47a5fc4bf86ace3457988d9c58e3,SAME,True,True,NO_PORT_NEEDED
docs/youtube_research_brain.md,e40b0510514c682164b791911070cefaf5d90026a36d2a4149e94e54252514da,e40b0510514c682164b791911070cefaf5d90026a36d2a4149e94e54252514da,e40b0510514c682164b791911070cefaf5d90026a36d2a4149e94e54252514da,SAME,True,True,NO_PORT_NEEDED
scripts/attest_full_video_gap_rescrub_postseal.py,,1468b4029ad8ffb864c6ad2196c7a27c63e9a84a07393f7a848c725fa6f9af82,1468b4029ad8ffb864c6ad2196c7a27c63e9a84a07393f7a848c725fa6f9af82,RUNTIME_ONLY,False,True,REVIEW_REQUIRED
scripts/audit_udemy_transcript_vault.py,2839634affa0dc91fb02adf65baf65c05e00ad05203be3f7d230b8b4da9aeffe,2839634affa0dc91fb02adf65baf65c05e00ad05203be3f7d230b8b4da9aeffe,2839634affa0dc91fb02adf65baf65c05e00ad05203be3f7d230b8b4da9aeffe,SAME,True,True,NO_PORT_NEEDED
scripts/build_authoritative_lineage_closure.py,,df580f16c0703e50966b029282eecdfc6e32730fddde6560e047e3ae90548f34,df580f16c0703e50966b029282eecdfc6e32730fddde6560e047e3ae90548f34,RUNTIME_ONLY,False,True,REVIEW_REQUIRED
scripts/build_canonical_wizard_hyperliquid_contract.py,a5868c1b42bdff015d456349fb8c5b2f1caa9ccdf49f5f38fedbad6b3aba3a08,a5868c1b42bdff015d456349fb8c5b2f1caa9ccdf49f5f38fedbad6b3aba3a08,a5868c1b42bdff015d456349fb8c5b2f1caa9ccdf49f5f38fedbad6b3aba3a08,SAME,True,True,NO_PORT_NEEDED
scripts/build_clean_wheel.py,,95ec4114690d4b5e98ec073251aea3e6f2b18536bcb758be11e63c0a37f5a1a2,95ec4114690d4b5e98ec073251aea3e6f2b18536bcb758be11e63c0a37f5a1a2,RUNTIME_ONLY,False,True,REVIEW_REQUIRED
scripts/build_corrective_checkpoint.py,020423b83689da87245c3f9725996f3eb1048a1449d8e528909ccd3fee2d4c5e,346641ad47e755de7a20e8c778a2a83d55ab8e8646f397946bb84f841c8c3e8e,346641ad47e755de7a20e8c778a2a83d55ab8e8646f397946bb84f841c8c3e8e,CHANGED,False,True,REVIEW_REQUIRED
scripts/build_crypto_wizards_inspector_audit.py,bc7cbfa1d4d139125ff62881888f3d2f2178437e7d8470f324506acf20ba0577,bc7cbfa1d4d139125ff62881888f3d2f2178437e7d8470f324506acf20ba0577,bc7cbfa1d4d139125ff62881888f3d2f2178437e7d8470f324506acf20ba0577,SAME,True,True,NO_PORT_NEEDED
scripts/build_current_lineage_action_census.py,,5184620c5bd2c4a2a292137f67b404cf15239d74a5d4e2c985d6a13e21260b7d,5184620c5bd2c4a2a292137f67b404cf15239d74a5d4e2c985d6a13e21260b7d,RUNTIME_ONLY,False,True,REVIEW_REQUIRED
scripts/build_current_recovery_checkpoint.py,ddf254e87562d648eb4e51912aab6155489af880fb61628d5b9b866d986bcd9f,2efead7edc86b63f4e29d72c8bec8cab63ec121ae5b1eafcfab785784d45bc01,2efead7edc86b63f4e29d72c8bec8cab63ec121ae5b1eafcfab785784d45bc01,CHANGED,False,True,REVIEW_REQUIRED
scripts/build_dashboard_full_inventory.py,95a52ad1b04339ef49339da7f64acec827ac04234d095c8c19a03093ce68c839,22bd9898d54b2881e26a001242e0472776f4674d2b8c37b41757b86e2f2eddaa,22bd9898d54b2881e26a001242e0472776f4674d2b8c37b41757b86e2f2eddaa,CHANGED,False,True,REVIEW_REQUIRED
scripts/build_evidence_registry.py,8b1aed8d35f534934710ca0edc584262aeb1bad2e13bb26123c31dbd17413c49,8b1aed8d35f534934710ca0edc584262aeb1bad2e13bb26123c31dbd17413c49,8b1aed8d35f534934710ca0edc584262aeb1bad2e13bb26123c31dbd17413c49,SAME,True,True,NO_PORT_NEEDED
scripts/build_forensic_project_audit.py,,a262faae9bbbe1e6d79cac42baeadae9092ea80b5215e4e833e4dd680d27b90a,a262faae9bbbe1e6d79cac42baeadae9092ea80b5215e4e833e4dd680d27b90a,RUNTIME_ONLY,False,True,REVIEW_REQUIRED
scripts/build_full_video_diagnostic.py,,9c433454f5f53570ede8bc63658e292db03cfe9ee0bf3100c9db3ee536dd1e21,9c433454f5f53570ede8bc63658e292db03cfe9ee0bf3100c9db3ee536dd1e21,RUNTIME_ONLY,False,True,REVIEW_REQUIRED
scripts/build_full_video_gap_rescrub.py,,d9a378c6874cd8b495d80c995d6de99488cf1d318eb1483849be5f3c97cb497d,d9a378c6874cd8b495d80c995d6de99488cf1d318eb1483849be5f3c97cb497d,RUNTIME_ONLY,False,True,REVIEW_REQUIRED
scripts/build_human_evidence_preview.py,,40b1f208e5e3b3b89b7ac4364513ad8c8a7ef20b769a1e024a5d02ef076be84e,40b1f208e5e3b3b89b7ac4364513ad8c8a7ef20b769a1e024a5d02ef076be84e,RUNTIME_ONLY,False,True,REVIEW_REQUIRED
scripts/build_lineage_video_routing.py,,9daaa334fcb677fb481e4f069d70f4867efe6db657eb2f02dc01bd37e74c7b51,9daaa334fcb677fb481e4f069d70f4867efe6db657eb2f02dc01bd37e74c7b51,RUNTIME_ONLY,False,True,REVIEW_REQUIRED
scripts/build_node_coverage_crosswalk.py,,9b34fd419649496440b53109f4cba272388750bde555ae1763b0b9c39ba88b70,9b34fd419649496440b53109f4cba272388750bde555ae1763b0b9c39ba88b70,RUNTIME_ONLY,False,True,REVIEW_REQUIRED
scripts/build_self_inspection_scorecard.py,,88df40440f2c2ad07a914fcfbf385b0aaa136848e56370abba04158c30120bc1,88df40440f2c2ad07a914fcfbf385b0aaa136848e56370abba04158c30120bc1,RUNTIME_ONLY,False,True,REVIEW_REQUIRED
scripts/build_surface_log_test_registry.py,,4e207fd098e23b484d5d18939adee4d18ffb88a3cf2498f6b2a9dcdd82b41fad,4e207fd098e23b484d5d18939adee4d18ffb88a3cf2498f6b2a9dcdd82b41fad,RUNTIME_ONLY,False,True,REVIEW_REQUIRED
scripts/build_unified_gap_index.py,,0e07a4dc24ec91c18b3b83479298e584faa73db170c2d964456a11ce388e9c37,0e07a4dc24ec91c18b3b83479298e584faa73db170c2d964456a11ce388e9c37,RUNTIME_ONLY,False,True,REVIEW_REQUIRED
scripts/build_video_review_sidecars.py,,b920b0afbfae615b352f976c2438a802c940086e3cf6108f01021a83e69e6d03,b920b0afbfae615b352f976c2438a802c940086e3cf6108f01021a83e69e6d03,RUNTIME_ONLY,False,True,REVIEW_REQUIRED
scripts/build_wizard_browser_auth_readiness.py,5c7c2678bab1859be7b959fece60c81ffcb4778dcdfeb094e0670d15a3d0b4fc,5c7c2678bab1859be7b959fece60c81ffcb4778dcdfeb094e0670d15a3d0b4fc,5c7c2678bab1859be7b959fece60c81ffcb4778dcdfeb094e0670d15a3d0b4fc,SAME,True,True,NO_PORT_NEEDED
scripts/build_wizard_research_journal_schema.py,,8e2744cd4f4e5f544d159c8eea8d4e2e6b733718ef73b07ef439b998a0247413,8e2744cd4f4e5f544d159c8eea8d4e2e6b733718ef73b07ef439b998a0247413,RUNTIME_ONLY,False,True,REVIEW_REQUIRED
scripts/capture_crypto_wizards_5min_pair_bundle.js,fc5ac9720f53421d1027629859b895e274986c206d508607db889d2621bb9467,fc5ac9720f53421d1027629859b895e274986c206d508607db889d2621bb9467,fc5ac9720f53421d1027629859b895e274986c206d508607db889d2621bb9467,SAME,True,True,NO_PORT_NEEDED
scripts/capture_crypto_wizards_pair_detail.js,6216543ae1f4da341f4d7e730915b3cef089247011f3460dfc23f058cdbd3c78,6216543ae1f4da341f4d7e730915b3cef089247011f3460dfc23f058cdbd3c78,6216543ae1f4da341f4d7e730915b3cef089247011f3460dfc23f058cdbd3c78,SAME,True,True,NO_PORT_NEEDED
scripts/capture_crypto_wizards_pair_detail_ui_bundle.js,2bfc3b65d6a763afbe181a8eabf34011a433ed7835cae7100001212259cb7c9e,328a0675f9e7483100962d5d4bf3eb0d54c1b96f5e3e03af71c4e5cdd00c45a8,328a0675f9e7483100962d5d4bf3eb0d54c1b96f5e3e03af71c4e5cdd00c45a8,CHANGED,False,True,REVIEW_REQUIRED
scripts/capture_crypto_wizards_scanner_rows.js,d27111e0e9b180dacb4c5e53eac671dd30da156dd0afec5e1a5e98fa35b06737,d27111e0e9b180dacb4c5e53eac671dd30da156dd0afec5e1a5e98fa35b06737,d27111e0e9b180dacb4c5e53eac671dd30da156dd0afec5e1a5e98fa35b06737,SAME,True,True,NO_PORT_NEEDED
scripts/check_crypto_wizards_network.sh,05084712fc007004cd5747be441aa252e8698c9838e0dd153da90ca16acd6b71,05084712fc007004cd5747be441aa252e8698c9838e0dd153da90ca16acd6b71,05084712fc007004cd5747be441aa252e8698c9838e0dd153da90ca16acd6b71,SAME,True,True,NO_PORT_NEEDED
scripts/collection_startup_verify.py,,777b5e3e698cbcc8acdb26dee9a848f41d6fac100c604e9ab69bf2d13561a4d6,777b5e3e698cbcc8acdb26dee9a848f41d6fac100c604e9ab69bf2d13561a4d6,RUNTIME_ONLY,False,True,REVIEW_REQUIRED
scripts/copy_crypto_wizards_capture_helper.sh,eb904def81df2358ecbf844718f36fabb879db460bc960cab2422b0df127e164,eb904def81df2358ecbf844718f36fabb879db460bc960cab2422b0df127e164,eb904def81df2358ecbf844718f36fabb879db460bc960cab2422b0df127e164,SAME,True,True,NO_PORT_NEEDED
scripts/crawl_crypto_wizards_with_curl.sh,dcc214cffda9d2d91c48a51cbf0368b5853859982abd7d1ad8ac2cc2586b1851,dcc214cffda9d2d91c48a51cbf0368b5853859982abd7d1ad8ac2cc2586b1851,dcc214cffda9d2d91c48a51cbf0368b5853859982abd7d1ad8ac2cc2586b1851,SAME,True,True,NO_PORT_NEEDED
scripts/current_test_bundle_consumer.py,,6ef7061c1e2f0ce1c04fd812e9c8aef86955c5e7816032e91427dd560e43636e,6ef7061c1e2f0ce1c04fd812e9c8aef86955c5e7816032e91427dd560e43636e,RUNTIME_ONLY,False,True,REVIEW_REQUIRED
scripts/fetch_dydx_two_leg_shell.sh,62fe50fd5487924fb14b5283acdc513259c4f4c1f1b24341bd8367ce272995ef,62fe50fd5487924fb14b5283acdc513259c4f4c1f1b24341bd8367ce272995ef,62fe50fd5487924fb14b5283acdc513259c4f4c1f1b24341bd8367ce272995ef,SAME,True,True,NO_PORT_NEEDED
scripts/finalize_full_project_test_receipt.py,,f499a5fc3fa3aaae7612c0f6947534d0a4ff81229fb200b9f55f97716d1541cb,f499a5fc3fa3aaae7612c0f6947534d0a4ff81229fb200b9f55f97716d1541cb,RUNTIME_ONLY,False,True,REVIEW_REQUIRED
scripts/finalize_relevant_test_receipt.py,,e0bb049e047a949931d9c58d8e2fe2c603f6a6626f30ae5d5f10bd80caae62ed,e0bb049e047a949931d9c58d8e2fe2c603f6a6626f30ae5d5f10bd80caae62ed,RUNTIME_ONLY,False,True,REVIEW_REQUIRED
scripts/install_dydx_client.sh,52b6a6927507082df8e423725cf3f6c349e24f78603b2a25f3973082674c0369,52b6a6927507082df8e423725cf3f6c349e24f78603b2a25f3973082674c0369,52b6a6927507082df8e423725cf3f6c349e24f78603b2a25f3973082674c0369,SAME,True,True,NO_PORT_NEEDED
scripts/lineage_state_contract.py,,3aa29735cf48f50c53f8f91a64dd519953a3e19747a0ba00ded6436817fc8606,3aa29735cf48f50c53f8f91a64dd519953a3e19747a0ba00ded6436817fc8606,RUNTIME_ONLY,False,True,REVIEW_REQUIRED
scripts/migrate_phase00_publication_promotions.py,480ddcee432f171d5343a17eea27683ffdab64cae973ea1b1021803b6dd96110,480ddcee432f171d5343a17eea27683ffdab64cae973ea1b1021803b6dd96110,480ddcee432f171d5343a17eea27683ffdab64cae973ea1b1021803b6dd96110,SAME,True,True,NO_PORT_NEEDED
scripts/migrate_phase00_publication_writes.py,c58a6bf9e0b0f0e26352312928c12d3339b7e840ed6921a6e771753bb840fafd,c58a6bf9e0b0f0e26352312928c12d3339b7e840ed6921a6e771753bb840fafd,c58a6bf9e0b0f0e26352312928c12d3339b7e840ed6921a6e771753bb840fafd,SAME,True,True,NO_PORT_NEEDED
scripts/ops/mount_workspace.sh,,7f94c5fd3a17d1390afe553f608bd4f9705cd7c62a0ca59bb72859b010fa4221,7f94c5fd3a17d1390afe553f608bd4f9705cd7c62a0ca59bb72859b010fa4221,RUNTIME_ONLY,False,True,REVIEW_REQUIRED
scripts/ops/validate_workspace.sh,a6ae1f0378370bbf25ef8de1a7e4e54f4c1ab3893df1d12db400cb4bee00d079,ee7ea641d5a4a06ea16672355da996e30610784507e3d2fa0201055ff5a31274,ee7ea641d5a4a06ea16672355da996e30610784507e3d2fa0201055ff5a31274,CHANGED,False,True,REVIEW_REQUIRED
scripts/phase00_closure_verify.py,,fcf85820dda5ecf2e14c0ca633dd1c475cec18cb0ec420a648c0ebee5c6ac9ff,fcf85820dda5ecf2e14c0ca633dd1c475cec18cb0ec420a648c0ebee5c6ac9ff,RUNTIME_ONLY,False,True,REVIEW_REQUIRED
scripts/planned_control_source_contract.py,,20d5dbdeb120aad8a9f24c343dda8ed88251ef067f6fd6359c2b58e13a82b47c,20d5dbdeb120aad8a9f24c343dda8ed88251ef067f6fd6359c2b58e13a82b47c,RUNTIME_ONLY,False,True,REVIEW_REQUIRED
scripts/pytest_execution_contract.py,,46be55d3ce7e33a4e919533bf7a04d6d31d1bb382373e05c021452ecd4e18ecd,46be55d3ce7e33a4e919533bf7a04d6d31d1bb382373e05c021452ecd4e18ecd,RUNTIME_ONLY,False,True,REVIEW_REQUIRED
scripts/pytest_import_path_probe.py,,9ab0835fc7e53047c33e641d445e0127ea0fe56a0c0d437b24770e2cce0f01dc,9ab0835fc7e53047c33e641d445e0127ea0fe56a0c0d437b24770e2cce0f01dc,RUNTIME_ONLY,False,True,REVIEW_REQUIRED
scripts/pytest_outcome_plugin.py,,88e2265d22e842784299d04d610a170f6f28e77d09c376052d6d27cd8492c4ce,88e2265d22e842784299d04d610a170f6f28e77d09c376052d6d27cd8492c4ce,RUNTIME_ONLY,False,True,REVIEW_REQUIRED
scripts/rebase_gate_authority_chain.py,,085d497a7f75736f7163a7a9c2cbf04057bb6b6ba56a12559291fe47c7b3b01f,085d497a7f75736f7163a7a9c2cbf04057bb6b6ba56a12559291fe47c7b3b01f,RUNTIME_ONLY,False,True,REVIEW_REQUIRED
scripts/research_rag.py,,cc30828a169265caec86142da4432c9294aa0d59f24ea880b07748067fb0779f,cc30828a169265caec86142da4432c9294aa0d59f24ea880b07748067fb0779f,RUNTIME_ONLY,False,True,REVIEW_REQUIRED
scripts/run_btc_doge_multi_timeframe.sh,b49f6dbf97ff845a66f32ace2f9e18506ce92f900eae2c8ee2dc821aae805255,b49f6dbf97ff845a66f32ace2f9e18506ce92f900eae2c8ee2dc821aae805255,b49f6dbf97ff845a66f32ace2f9e18506ce92f900eae2c8ee2dc821aae805255,SAME,True,True,NO_PORT_NEEDED
scripts/run_candidate_pairs_multi_timeframe.sh,1e18f705499077da83fd47c2b5817c209b2ea1bb15a84136c04ca578a18ca6e0,1e18f705499077da83fd47c2b5817c209b2ea1bb15a84136c04ca578a18ca6e0,1e18f705499077da83fd47c2b5817c209b2ea1bb15a84136c04ca578a18ca6e0,SAME,True,True,NO_PORT_NEEDED
scripts/run_crypto_wizards_post_contract_probe.py,fadcb3f7336123f342f63e8fa5a97ff9d79f74686c29f515132597c36e25e5d3,fadcb3f7336123f342f63e8fa5a97ff9d79f74686c29f515132597c36e25e5d3,fadcb3f7336123f342f63e8fa5a97ff9d79f74686c29f515132597c36e25e5d3,SAME,True,True,NO_PORT_NEEDED
scripts/run_dydx_long_history.sh,6e6d74a19f5c587c915275f4ae1faea0dd378f399460e6758591259f044db9aa,6e6d74a19f5c587c915275f4ae1faea0dd378f399460e6758591259f044db9aa,6e6d74a19f5c587c915275f4ae1faea0dd378f399460e6758591259f044db9aa,SAME,True,True,NO_PORT_NEEDED
scripts/run_evidence_pipeline_phase1.py,b4abd47c8c8a63b899acb57191b7bd56a2826c6249d37cd5ef4c0d098146ba73,b4abd47c8c8a63b899acb57191b7bd56a2826c6249d37cd5ef4c0d098146ba73,b4abd47c8c8a63b899acb57191b7bd56a2826c6249d37cd5ef4c0d098146ba73,SAME,True,True,NO_PORT_NEEDED
scripts/run_evidence_pipeline_phase2_coverage.py,6f01e6ea4c566866194c4ba24592cc49fb49dbe82c126097e8ffb809952e3450,6f01e6ea4c566866194c4ba24592cc49fb49dbe82c126097e8ffb809952e3450,6f01e6ea4c566866194c4ba24592cc49fb49dbe82c126097e8ffb809952e3450,SAME,True,True,NO_PORT_NEEDED
scripts/run_evidence_pipeline_phase3_quality.py,57aaf23b0784bce3c0eb312776f3135011b36eaa71ffbb0eab7b7836145c7de9,57aaf23b0784bce3c0eb312776f3135011b36eaa71ffbb0eab7b7836145c7de9,57aaf23b0784bce3c0eb312776f3135011b36eaa71ffbb0eab7b7836145c7de9,SAME,True,True,NO_PORT_NEEDED
scripts/run_evidence_pipeline_phase4_exits.py,6b95cd192283323f9551181ebb374530d90a5eeee714cd9e87d8a74d6a70b983,6b95cd192283323f9551181ebb374530d90a5eeee714cd9e87d8a74d6a70b983,6b95cd192283323f9551181ebb374530d90a5eeee714cd9e87d8a74d6a70b983,SAME,True,True,NO_PORT_NEEDED
scripts/run_evidence_pipeline_phase5_regimes.py,f6dc83e2fc0b8eff5297fee858f0ebcd77673edc9f27acd427a08689b6d86aab,f6dc83e2fc0b8eff5297fee858f0ebcd77673edc9f27acd427a08689b6d86aab,f6dc83e2fc0b8eff5297fee858f0ebcd77673edc9f27acd427a08689b6d86aab,SAME,True,True,NO_PORT_NEEDED
scripts/run_evidence_pipeline_phase6_walk_forward.py,e09527b3a77ebbf6f8d4be9bf98cdf6c60d3b6e7300cf03a858a96242aadfe03,e09527b3a77ebbf6f8d4be9bf98cdf6c60d3b6e7300cf03a858a96242aadfe03,e09527b3a77ebbf6f8d4be9bf98cdf6c60d3b6e7300cf03a858a96242aadfe03,SAME,True,True,NO_PORT_NEEDED
scripts/run_evidence_pipeline_phase7_cost_stress.py,024182aeb0b11dc08162b5e5e34c10e7bb0f3610dc55a5cf82b661b8b5006d5f,024182aeb0b11dc08162b5e5e34c10e7bb0f3610dc55a5cf82b661b8b5006d5f,024182aeb0b11dc08162b5e5e34c10e7bb0f3610dc55a5cf82b661b8b5006d5f,SAME,True,True,NO_PORT_NEEDED
scripts/run_evidence_pipeline_phase8_pair_specific.py,698ae28fd1e01c8bb0d440229914a054b5398020335c63dc7fde34d630198cbe,698ae28fd1e01c8bb0d440229914a054b5398020335c63dc7fde34d630198cbe,698ae28fd1e01c8bb0d440229914a054b5398020335c63dc7fde34d630198cbe,SAME,True,True,NO_PORT_NEEDED
scripts/run_evidence_pipeline_phase9_final_promotion.py,6dab32cd6990de1d53684333eedae71ea7d4b58763cd73a9bd97afdcb45d564e,6dab32cd6990de1d53684333eedae71ea7d4b58763cd73a9bd97afdcb45d564e,6dab32cd6990de1d53684333eedae71ea7d4b58763cd73a9bd97afdcb45d564e,SAME,True,True,NO_PORT_NEEDED
scripts/run_one_shot_hyperliquid_l2_calibration.py,,,14c564d901a85ec31d0c412873774e07e0a8391aed90348f3a015eb628a016fd,RUNTIME_ONLY,False,False,REVIEW_REQUIRED
scripts/run_three_hour_bh_loop.sh,27dd3688439ecef6c5543b743e820d7b1c47a848cc2aaa8bdcd54653d4b3d9cb,27dd3688439ecef6c5543b743e820d7b1c47a848cc2aaa8bdcd54653d4b3d9cb,27dd3688439ecef6c5543b743e820d7b1c47a848cc2aaa8bdcd54653d4b3d9cb,SAME,True,True,NO_PORT_NEEDED
scripts/schedule_logs/three_hour_schedule_20260630_004728.log,,5e02d7abd69128c55485b59006222432603d8463bc022285636f36232856217c,5e02d7abd69128c55485b59006222432603d8463bc022285636f36232856217c,RUNTIME_ONLY,False,True,REVIEW_REQUIRED
scripts/schedule_logs/three_hour_schedule_20260630_004740.log,,40879bf0711ad73f3448fcfabcd97a187cc03612331b8b7c12f6ed3ccc2ee6f9,40879bf0711ad73f3448fcfabcd97a187cc03612331b8b7c12f6ed3ccc2ee6f9,RUNTIME_ONLY,False,True,REVIEW_REQUIRED
scripts/schedule_logs/three_hour_schedule_20260630_010218.log,,d51d548bbf31e495351522db62d667f3dddd29c70595123e8d05991fda61debc,d51d548bbf31e495351522db62d667f3dddd29c70595123e8d05991fda61debc,RUNTIME_ONLY,False,True,REVIEW_REQUIRED
scripts/schedule_logs/three_hour_schedule_20260630_010235.log,,4d03fb4ae54607a223fa4322243d66412a4b56893d70d4cc6ffb9a6048b8818c,4d03fb4ae54607a223fa4322243d66412a4b56893d70d4cc6ffb9a6048b8818c,RUNTIME_ONLY,False,True,REVIEW_REQUIRED
scripts/schedule_logs/three_hour_schedule_20260630_010248.log,,5599da5c46bfaa55ae2b758896e01dc6ae43051734510b0f47f1b5130d317173,5599da5c46bfaa55ae2b758896e01dc6ae43051734510b0f47f1b5130d317173,RUNTIME_ONLY,False,True,REVIEW_REQUIRED
scripts/schedule_logs/three_hour_schedule_20260630_010351.log,,8feddf6920b7d56707345e968ca22ab43e624b32a6714a3e4da5a59b8e017f98,8feddf6920b7d56707345e968ca22ab43e624b32a6714a3e4da5a59b8e017f98,RUNTIME_ONLY,False,True,REVIEW_REQUIRED
scripts/schedule_logs/three_hour_schedule_20260630_010412.log,,0128364b8edcbab44552fc31f37d9e368f435d37c6f91abb14b9bb520994d173,0128364b8edcbab44552fc31f37d9e368f435d37c6f91abb14b9bb520994d173,RUNTIME_ONLY,False,True,REVIEW_REQUIRED
scripts/schedule_logs/three_hour_schedule_20260630_010448.log,,ae8ba5545678f197a3affe9cf206d508ddd1f30b52fdb4e79c474fe60bcb5e80,ae8ba5545678f197a3affe9cf206d508ddd1f30b52fdb4e79c474fe60bcb5e80,RUNTIME_ONLY,False,True,REVIEW_REQUIRED
scripts/schedule_logs/three_hour_schedule_20260630_012443.log,,c50c981347671c3fb127230729de87498995a6ddb49f8f9e188cb4ff27e9962e,c50c981347671c3fb127230729de87498995a6ddb49f8f9e188cb4ff27e9962e,RUNTIME_ONLY,False,True,REVIEW_REQUIRED
scripts/schedule_logs/three_hour_schedule_20260630_012446.log,,8b32fb1f1a2f8824c1c75511979d0487a14f43368230cbdde7321775b1913c2e,8b32fb1f1a2f8824c1c75511979d0487a14f43368230cbdde7321775b1913c2e,RUNTIME_ONLY,False,True,REVIEW_REQUIRED
scripts/schedule_logs/three_hour_schedule_20260630_012504.log,,077fe95211536570932f89d31331823492de8ddc34eb9d4ad834a86707c846f9,077fe95211536570932f89d31331823492de8ddc34eb9d4ad834a86707c846f9,RUNTIME_ONLY,False,True,REVIEW_REQUIRED
scripts/schedule_logs/three_hour_schedule_20260630_012553.log,,3bc0833da0eab04c2958469f74034e89f3f247d47dc546deb83c36595750f15c,3bc0833da0eab04c2958469f74034e89f3f247d47dc546deb83c36595750f15c,RUNTIME_ONLY,False,True,REVIEW_REQUIRED
scripts/schedule_logs/three_hour_schedule_20260630_012558.log,,0d79a4160b9f47af978964407258186c0a33e455beada435012d3eb95fa69886,0d79a4160b9f47af978964407258186c0a33e455beada435012d3eb95fa69886,RUNTIME_ONLY,False,True,REVIEW_REQUIRED
scripts/schedule_logs/three_hour_schedule_20260630_012605.log,,4ef6139d0b33e4f2ce99006ba664c16e5dbf049f517173075b72f7898f778b68,4ef6139d0b33e4f2ce99006ba664c16e5dbf049f517173075b72f7898f778b68,RUNTIME_ONLY,False,True,REVIEW_REQUIRED
scripts/schedule_logs/three_hour_schedule_20260630_185717.log,,89d25fbdb4d69e2d2b44773a4c8e94c01784850be2912b6f303da94283027dc1,89d25fbdb4d69e2d2b44773a4c8e94c01784850be2912b6f303da94283027dc1,RUNTIME_ONLY,False,True,REVIEW_REQUIRED
scripts/seal_full_video_gap_rescrub_package.py,,6bd2f0bd0b9dfb10cac10fd51591979a10585a534257089ce4b1ba64a828f035,6bd2f0bd0b9dfb10cac10fd51591979a10585a534257089ce4b1ba64a828f035,RUNTIME_ONLY,False,True,REVIEW_REQUIRED
scripts/serve_human_evidence_preview.cjs,,7c7d43eb934472cce6ce834e0658820eda4bab96316a4df826b60799bc8254b6,7c7d43eb934472cce6ce834e0658820eda4bab96316a4df826b60799bc8254b6,RUNTIME_ONLY,False,True,REVIEW_REQUIRED
scripts/setup_local_env.py,e1bc0740ae16fed193c3e49d61309edf10e50ab20bf9ef27157a33fed799aef5,e1bc0740ae16fed193c3e49d61309edf10e50ab20bf9ef27157a33fed799aef5,e1bc0740ae16fed193c3e49d61309edf10e50ab20bf9ef27157a33fed799aef5,SAME,True,True,NO_PORT_NEEDED
scripts/stable_project_snapshot.py,,796eb8d27a00d8a02425a285e235561dc7217e9fb2e74793ca54f16c30f6b88b,796eb8d27a00d8a02425a285e235561dc7217e9fb2e74793ca54f16c30f6b88b,RUNTIME_ONLY,False,True,REVIEW_REQUIRED
scripts/thewiz_tools.py,,be2ac17d565a5971a07840c498ce2abeebad4a2326afed60b4c541b4be51a2a8,be2ac17d565a5971a07840c498ce2abeebad4a2326afed60b4c541b4be51a2a8,RUNTIME_ONLY,False,True,REVIEW_REQUIRED
scripts/udemy_browser_capture_helper.mjs,69d96d99f6f4e191f6cfc05a4de3c0ab97cb6ba763f1532eeb1c38280a484f07,69d96d99f6f4e191f6cfc05a4de3c0ab97cb6ba763f1532eeb1c38280a484f07,69d96d99f6f4e191f6cfc05a4de3c0ab97cb6ba763f1532eeb1c38280a484f07,SAME,True,True,NO_PORT_NEEDED
scripts/validate_full_video_gap_rescrub.py,,4916d21d5fff360e458d6694fb815684ed809b9076c9eb2d49cb5d8b0dd2da00,4916d21d5fff360e458d6694fb815684ed809b9076c9eb2d49cb5d8b0dd2da00,RUNTIME_ONLY,False,True,REVIEW_REQUIRED
scripts/validator_check_contract.py,,09889e66707d7da255707c26c8d512523a27525ba44772dff6aa7606661785d5,09889e66707d7da255707c26c8d512523a27525ba44772dff6aa7606661785d5,RUNTIME_ONLY,False,True,REVIEW_REQUIRED
scripts/verify_one_shot_hyperliquid_l2_calibration.py,,,470d5faf4f1283b6879dde35c127086ae5c9c06cd6980bf623ad147f3dba41fc,RUNTIME_ONLY,False,False,REVIEW_REQUIRED
scripts/wizard_live_journal_pass.py,7ab9f9d5ee4369203feb32381f2dd182e8819b16378b261a0de8abee38441a30,7ab9f9d5ee4369203feb32381f2dd182e8819b16378b261a0de8abee38441a30,7ab9f9d5ee4369203feb32381f2dd182e8819b16378b261a0de8abee38441a30,SAME,True,True,NO_PORT_NEEDED
src/quant_platform/__init__.py,cfba2602b6bf804b3e568fd3279037d78535b8bc829079bf231b726547d34f12,cfba2602b6bf804b3e568fd3279037d78535b8bc829079bf231b726547d34f12,cfba2602b6bf804b3e568fd3279037d78535b8bc829079bf231b726547d34f12,SAME,True,True,NO_PORT_NEEDED
src/quant_platform/ablations.py,989054287790321de109bba22ca129d3840ff767ce221988d681c81ed1adc5c4,989054287790321de109bba22ca129d3840ff767ce221988d681c81ed1adc5c4,989054287790321de109bba22ca129d3840ff767ce221988d681c81ed1adc5c4,SAME,True,True,NO_PORT_NEEDED
src/quant_platform/active_pipeline.py,2a1abd88823ab5080b26a83eaf906036a1635ed266fff5a2c56936debb3f1685,ef84d959b794014badeb8a4d8099f972248eabef71c6e89f2e63e232a93d6348,ef84d959b794014badeb8a4d8099f972248eabef71c6e89f2e63e232a93d6348,CHANGED,False,True,REVIEW_REQUIRED
src/quant_platform/api_extraction.py,8418f28a34b02240949a6ef628da01535143f46970571a9902e414ccd6d842c1,8418f28a34b02240949a6ef628da01535143f46970571a9902e414ccd6d842c1,8418f28a34b02240949a6ef628da01535143f46970571a9902e414ccd6d842c1,SAME,True,True,NO_PORT_NEEDED
src/quant_platform/apify_sources.py,b24b3ee6b060940ab13ca7c240898a044291538168423ee3e465892b5e7ca4eb,0e32a405f1bd8fe2089a4559ee62b503b6b2a0f672f2f54a11417cb7faac1f3c,0e32a405f1bd8fe2089a4559ee62b503b6b2a0f672f2f54a11417cb7faac1f3c,CHANGED,False,True,REVIEW_REQUIRED
src/quant_platform/backtest.py,0a060a6541ca24b9e5c310e3d632ed36283fd69fb9ad063dcf99a6b3059ce75d,a5988596d59144eac0cc8fea4a143b9cabfefbe2ee649b83e57764814cd0ee4f,a5988596d59144eac0cc8fea4a143b9cabfefbe2ee649b83e57764814cd0ee4f,CHANGED,False,True,REVIEW_REQUIRED
src/quant_platform/binance_spot.py,daf4efd22a1ef5151be39ea28dc3fc27166b10c95bf202a560cde279c822cbf4,daf4efd22a1ef5151be39ea28dc3fc27166b10c95bf202a560cde279c822cbf4,daf4efd22a1ef5151be39ea28dc3fc27166b10c95bf202a560cde279c822cbf4,SAME,True,True,NO_PORT_NEEDED
src/quant_platform/binance_testnet.py,6e316f082ae3fafc61fea76afffff95dd3b28c377612e9334313e07ad0982461,4b0520be7f616967753db20c8e255b99486c464510d1123f929213fdb34bcba2,4b0520be7f616967753db20c8e255b99486c464510d1123f929213fdb34bcba2,CHANGED,False,True,REVIEW_REQUIRED
src/quant_platform/cli.py,3a02690323ac110b1707da6e6fcd9b643705a66e13c80f15e2039e1846b65e9d,6cd07d5ff430bfc559d509614406b97df38b156dcd1cb7fd93dcb00dc59ff3f8,3569bc8e33e92ad6377453f86a2b89914d7cca5b27dcea7cfcfd783a7abd5bc6,CHANGED,False,False,REVIEW_REQUIRED
src/quant_platform/copula_desk/__init__.py,,b34bb2250a7f8d573524f7d1754745774b535b43e097b2e54ffff7d80152001a,b34bb2250a7f8d573524f7d1754745774b535b43e097b2e54ffff7d80152001a,RUNTIME_ONLY,False,True,REVIEW_REQUIRED
src/quant_platform/copula_desk/signal_path.py,,5a72e617de7f9eabbdfdc9f46cc51f3036185494c4bc2879b5a0bd6f4299f72c,5a72e617de7f9eabbdfdc9f46cc51f3036185494c4bc2879b5a0bd6f4299f72c,RUNTIME_ONLY,False,True,REVIEW_REQUIRED
src/quant_platform/crypto_wizards_catalog.py,38e540e20d2854bf9b8143fc14dd4fd1137bde8026eb725c742e98c53e96f617,38e540e20d2854bf9b8143fc14dd4fd1137bde8026eb725c742e98c53e96f617,38e540e20d2854bf9b8143fc14dd4fd1137bde8026eb725c742e98c53e96f617,SAME,True,True,NO_PORT_NEEDED
src/quant_platform/crypto_wizards_dashboard_capture.py,03441c3a6dfd5d5547b56ce13bacb9cde23c935760cb551d731ab5461e362b6c,03441c3a6dfd5d5547b56ce13bacb9cde23c935760cb551d731ab5461e362b6c,03441c3a6dfd5d5547b56ce13bacb9cde23c935760cb551d731ab5461e362b6c,SAME,True,True,NO_PORT_NEEDED
src/quant_platform/crypto_wizards_history.py,5a9d0c035d498e04769a556690f37826899445d45f9ddaf90800de3d160132bc,e888e6f3c12e6ef5cb3d172d02723a0e36eaa883108fbf92da3e29a1f5d2ab2b,e888e6f3c12e6ef5cb3d172d02723a0e36eaa883108fbf92da3e29a1f5d2ab2b,CHANGED,False,True,REVIEW_REQUIRED
src/quant_platform/crypto_wizards_scanner.py,cbad3408b43ded3e00d1b2b833d919cccf67e0e194da029cde964ca21d447edc,8fdf434d91e551b85755193a8eb7e83e80a153736af246f5786342d1fbd45fab,8fdf434d91e551b85755193a8eb7e83e80a153736af246f5786342d1fbd45fab,CHANGED,False,True,REVIEW_REQUIRED
src/quant_platform/crypto_wizards_sweep.py,e674761bff215c432b2301ddeed65f5c0002150800028eb87f5907105935e6fa,06394686395343b5ca39ccf019b6d7cfb6403a70ac68db2c7d7e24c23fea8152,06394686395343b5ca39ccf019b6d7cfb6403a70ac68db2c7d7e24c23fea8152,CHANGED,False,True,REVIEW_REQUIRED
src/quant_platform/decide/__init__.py,,39995ae14d2870c87c5ea1e3e68587d75565a4d760e456712227b6d4553b04d9,39995ae14d2870c87c5ea1e3e68587d75565a4d760e456712227b6d4553b04d9,RUNTIME_ONLY,False,True,REVIEW_REQUIRED
src/quant_platform/decide/__main__.py,,6575b39e0cea2b2d6d991eee726e44981a761f697a8184d59a0cd550bf1f3daa,6575b39e0cea2b2d6d991eee726e44981a761f697a8184d59a0cd550bf1f3daa,RUNTIME_ONLY,False,True,REVIEW_REQUIRED
src/quant_platform/decide/admission.py,,fc2e946655019ce296fdfed18f125c6b2c1d53dad2b6b41e7aa33cacb55e3b52,fc2e946655019ce296fdfed18f125c6b2c1d53dad2b6b41e7aa33cacb55e3b52,RUNTIME_ONLY,False,True,REVIEW_REQUIRED
src/quant_platform/decide/contracts.py,,a4fdaeb18f6c20567080d6c775cbd2995008c52b71742b6f72cc1b9fbbd6219a,a4fdaeb18f6c20567080d6c775cbd2995008c52b71742b6f72cc1b9fbbd6219a,RUNTIME_ONLY,False,True,REVIEW_REQUIRED
src/quant_platform/decide/deep_challenge.py,,52af46264a1901795b3cac91ba2f96e151a7b0911d142a37f84c245c6a29f7be,52af46264a1901795b3cac91ba2f96e151a7b0911d142a37f84c245c6a29f7be,RUNTIME_ONLY,False,True,REVIEW_REQUIRED
src/quant_platform/decide/deep_contracts.py,,93e8d89279bd038b0f4c0fdb8063fb5937aa7d6fc01d86aeb22003d6d1cdacee,93e8d89279bd038b0f4c0fdb8063fb5937aa7d6fc01d86aeb22003d6d1cdacee,RUNTIME_ONLY,False,True,REVIEW_REQUIRED
src/quant_platform/decide/evidence_io.py,,5190c417389171ae4794ca452063b50748aff576f518f5fbfef0badf34da78ff,5190c417389171ae4794ca452063b50748aff576f518f5fbfef0badf34da78ff,RUNTIME_ONLY,False,True,REVIEW_REQUIRED
src/quant_platform/decide/evidence_payloads.py,,de0149f24401e5b6468ff42e35b1d6f4c9b9fa4832a7a1daa32daee7afb77e55,de0149f24401e5b6468ff42e35b1d6f4c9b9fa4832a7a1daa32daee7afb77e55,RUNTIME_ONLY,False,True,REVIEW_REQUIRED
src/quant_platform/decide/fast_challenge.py,,97cda45be03f7b4ff2c49870b1b9de6a759654544f542d05dcea98e1517fbbfa,97cda45be03f7b4ff2c49870b1b9de6a759654544f542d05dcea98e1517fbbfa,RUNTIME_ONLY,False,True,REVIEW_REQUIRED
src/quant_platform/decide/handoff.py,,b7e1608c61ebf981ba50aceec316e96e02e07935ae6654bc9f3d692e80d3ed82,b7e1608c61ebf981ba50aceec316e96e02e07935ae6654bc9f3d692e80d3ed82,RUNTIME_ONLY,False,True,REVIEW_REQUIRED
src/quant_platform/decide/pipeline.py,,7d5fe3114365152b69b25919258b8840b935c7f8a9213eac97b1f1c9bda0b377,7d5fe3114365152b69b25919258b8840b935c7f8a9213eac97b1f1c9bda0b377,RUNTIME_ONLY,False,True,REVIEW_REQUIRED
src/quant_platform/decide/proof_contracts.py,,cda686bc5a9b9bd8ba3c19937c98dcf12543400dd48e2476aa72c1fad2d757ca,cda686bc5a9b9bd8ba3c19937c98dcf12543400dd48e2476aa72c1fad2d757ca,RUNTIME_ONLY,False,True,REVIEW_REQUIRED
src/quant_platform/decide/reporting.py,,88de246e8ef605d4bb0a35cd96e53c24e02ffe97f6872eceab13b275529fa7cc,88de246e8ef605d4bb0a35cd96e53c24e02ffe97f6872eceab13b275529fa7cc,RUNTIME_ONLY,False,True,REVIEW_REQUIRED
src/quant_platform/decide/shadow.py,,a8d4c97b06c84630f882c9523aadf40450ebb5984acc5de46598225b9981e832,a8d4c97b06c84630f882c9523aadf40450ebb5984acc5de46598225b9981e832,RUNTIME_ONLY,False,True,REVIEW_REQUIRED
src/quant_platform/derived_features.py,bae7cbbfac41fb388db5deaab934432dc8b641d6b39a6f4dfe236816b91a073f,bae7cbbfac41fb388db5deaab934432dc8b641d6b39a6f4dfe236816b91a073f,bae7cbbfac41fb388db5deaab934432dc8b641d6b39a6f4dfe236816b91a073f,SAME,True,True,NO_PORT_NEEDED
src/quant_platform/desk_connections/__init__.py,,c219f3927128daeaf41fdb71c8828514973bfb9eb5822e5b64d0fb7bb47c8f4c,c219f3927128daeaf41fdb71c8828514973bfb9eb5822e5b64d0fb7bb47c8f4c,RUNTIME_ONLY,False,True,REVIEW_REQUIRED
src/quant_platform/desk_connections/__main__.py,,94e26f61854718820c501822441f3a45f9e6b0ca37263f50fdfe369a90bcc2d0,94e26f61854718820c501822441f3a45f9e6b0ca37263f50fdfe369a90bcc2d0,RUNTIME_ONLY,False,True,REVIEW_REQUIRED
src/quant_platform/desk_connections/codec.py,,0ec3fbdf25671fa152f564023297eed82132cc857bcb62e8ba8816c2b5ae4d1d,0ec3fbdf25671fa152f564023297eed82132cc857bcb62e8ba8816c2b5ae4d1d,RUNTIME_ONLY,False,True,REVIEW_REQUIRED
src/quant_platform/desk_connections/driver.py,,17fdcc182718f2e6b7fbac49eaec584c3efb43a35eab751eacf1877dcfe3f821,17fdcc182718f2e6b7fbac49eaec584c3efb43a35eab751eacf1877dcfe3f821,RUNTIME_ONLY,False,True,REVIEW_REQUIRED
src/quant_platform/desk_connections/journal.py,,d358337bf470f2bb17e46b004ac25509ef41c001da646bddc2570ea9af2384f2,d358337bf470f2bb17e46b004ac25509ef41c001da646bddc2570ea9af2384f2,RUNTIME_ONLY,False,True,REVIEW_REQUIRED
src/quant_platform/desk_connections/performance.py,,17b204ec2db95e626f4004442cfc00613f4674065c669e21162d312d99cd19e3,17b204ec2db95e626f4004442cfc00613f4674065c669e21162d312d99cd19e3,RUNTIME_ONLY,False,True,REVIEW_REQUIRED
src/quant_platform/desk_connections/portfolio.py,,a9f05d0c594c894afd888dde10ba903bd746bb3833f5fc777611d76d067fdca7,a9f05d0c594c894afd888dde10ba903bd746bb3833f5fc777611d76d067fdca7,RUNTIME_ONLY,False,True,REVIEW_REQUIRED
src/quant_platform/desk_connections/presentation.py,,7353b63ac3c4b538cb37fe41d91d6534f73d9ac7967a434cb3fef6e07336b25e,7353b63ac3c4b538cb37fe41d91d6534f73d9ac7967a434cb3fef6e07336b25e,RUNTIME_ONLY,False,True,REVIEW_REQUIRED
src/quant_platform/desk_connections/research.py,,28f99a60b6659c273964bb0b9831a90a7ba9e6d776d403541b97707134515be7,28f99a60b6659c273964bb0b9831a90a7ba9e6d776d403541b97707134515be7,RUNTIME_ONLY,False,True,REVIEW_REQUIRED
src/quant_platform/desk_connections/reservation.py,,b5c5487b1473ffea5ae86b7ca5f3cb55a21e88b0fc1de5d496f7f16312348f5e,b5c5487b1473ffea5ae86b7ca5f3cb55a21e88b0fc1de5d496f7f16312348f5e,RUNTIME_ONLY,False,True,REVIEW_REQUIRED
src/quant_platform/desk_connections/workflow.py,,b4acd8dbec15bce89246f8ea1787904e36547afe4bdd3081d89e9563557f5653,b4acd8dbec15bce89246f8ea1787904e36547afe4bdd3081d89e9563557f5653,RUNTIME_ONLY,False,True,REVIEW_REQUIRED
src/quant_platform/desk_review.py,,1bd67211c99bb0f6628fe00486409c501dd443de63ff3c4f6eaa6d16252de7e5,1bd67211c99bb0f6628fe00486409c501dd443de63ff3c4f6eaa6d16252de7e5,RUNTIME_ONLY,False,True,REVIEW_REQUIRED
src/quant_platform/dydx_candles.py,ce2c1a58d580451f9662760b475f2aa0f32f1c3720fdd6b4100cb74d6ba5ae30,b113977e8894a4f6b378376e6ed94c898c8057dda6e6a0b34e844cab3bceb80d,b113977e8894a4f6b378376e6ed94c898c8057dda6e6a0b34e844cab3bceb80d,CHANGED,False,True,REVIEW_REQUIRED
src/quant_platform/dydx_immediate_submission_adapter.py,34a490c698b56617bd19439e0959b97b94cdfbebe9c00ce37eed0e64f9b611f3,34a490c698b56617bd19439e0959b97b94cdfbebe9c00ce37eed0e64f9b611f3,34a490c698b56617bd19439e0959b97b94cdfbebe9c00ce37eed0e64f9b611f3,SAME,True,True,NO_PORT_NEEDED
src/quant_platform/dydx_public_endpoints.py,,86463f0b7882de7a228b50770ab9defad66a1048066bb3fb0e9af40ed487953e,86463f0b7882de7a228b50770ab9defad66a1048066bb3fb0e9af40ed487953e,RUNTIME_ONLY,False,True,REVIEW_REQUIRED
src/quant_platform/dydx_record_only_adapter.py,f887cfc4bc10a24d921a1bd7159824532881cb831f9c8b747ca8908c1f8e2f45,e9d8240c943b91614fcbe4885ec2b2076eaa0b850f8b12ca880eff4f5c2f71d4,e9d8240c943b91614fcbe4885ec2b2076eaa0b850f8b12ca880eff4f5c2f71d4,CHANGED,False,True,REVIEW_REQUIRED
src/quant_platform/dydx_sdk_order_adapter.py,c8e633a22f8b65dcd31284d9e21a9b4ce7e175c37642745e5a3b488cb08680c9,9e9dbb3e5d7b5f23492f85604b3abb29c1da2874f5ad05a0a6523a9d86c7c6e6,9e9dbb3e5d7b5f23492f85604b3abb29c1da2874f5ad05a0a6523a9d86c7c6e6,CHANGED,False,True,REVIEW_REQUIRED
src/quant_platform/dynamic_desk/__init__.py,,8e40bee7dba39f99023a715682a2fb3558f532f1de845bc921ce3a1662e7f0ac,8e40bee7dba39f99023a715682a2fb3558f532f1de845bc921ce3a1662e7f0ac,RUNTIME_ONLY,False,True,REVIEW_REQUIRED
src/quant_platform/dynamic_desk/signal_path.py,,0c07a027e8c882f863213d0753cafd1b618a29130fcc2bcee864dec0c9e62ed1,0c07a027e8c882f863213d0753cafd1b618a29130fcc2bcee864dec0c9e62ed1,RUNTIME_ONLY,False,True,REVIEW_REQUIRED
src/quant_platform/economic_contract.py,68c056da893f75b35890b65896f5b24ab4366344da081b937401d415f524d8c8,e58ed28342dfac66dcc290669282ebe046feb5cf624b3100c285cf14e20802ce,e58ed28342dfac66dcc290669282ebe046feb5cf624b3100c285cf14e20802ce,CHANGED,False,True,REVIEW_REQUIRED
src/quant_platform/entry_exit_contracts.py,,a83bbeba145fddeba0864c33f3f5ccc0dbfac4816f701de44873a494c6ffe978,a83bbeba145fddeba0864c33f3f5ccc0dbfac4816f701de44873a494c6ffe978,RUNTIME_ONLY,False,True,REVIEW_REQUIRED
src/quant_platform/env.py,1b3ac1b3aacffe8fab5f32a150651a2b654b2a5ed7fb27ddbf93cdb69637db0f,1b3ac1b3aacffe8fab5f32a150651a2b654b2a5ed7fb27ddbf93cdb69637db0f,1b3ac1b3aacffe8fab5f32a150651a2b654b2a5ed7fb27ddbf93cdb69637db0f,SAME,True,True,NO_PORT_NEEDED
src/quant_platform/evidence_registry.py,35a4a0b22795f28d30ac2e6010cc12ddcc1971c3ca2353ef1fea16e33d998c64,35a4a0b22795f28d30ac2e6010cc12ddcc1971c3ca2353ef1fea16e33d998c64,35a4a0b22795f28d30ac2e6010cc12ddcc1971c3ca2353ef1fea16e33d998c64,SAME,True,True,NO_PORT_NEEDED
src/quant_platform/execution.py,076431ef62cdd19415637cf00d9e5aaba37b771b31940f4d5bee671d93fc2171,a350d7a0a39a4435bf3f4d7d6733d50047e254c3e7abbb5f0c2496c62d9fbcbe,a350d7a0a39a4435bf3f4d7d6733d50047e254c3e7abbb5f0c2496c62d9fbcbe,CHANGED,False,True,REVIEW_REQUIRED
src/quant_platform/experiments.py,e53fbb31bb781b100899d65da3181e91197308b3d3f217c2be26d4af3325110f,d52144efc0bb7edf8f5ed0d54ffca610196528ff0f49904968ea8f21e8a81762,d52144efc0bb7edf8f5ed0d54ffca610196528ff0f49904968ea8f21e8a81762,CHANGED,False,True,REVIEW_REQUIRED
src/quant_platform/family_matrix.py,5bf8c8768339ed05c026502970d1903c39f7d2c7919f30aff8a5d2f1e2de4875,5bf8c8768339ed05c026502970d1903c39f7d2c7919f30aff8a5d2f1e2de4875,5bf8c8768339ed05c026502970d1903c39f7d2c7919f30aff8a5d2f1e2de4875,SAME,True,True,NO_PORT_NEEDED
src/quant_platform/feature_engine.py,9ae34d2cb9b8aea8d37eb61f564e98f441c712c39f173b5d2c4c5d0a7c78050f,8c080965868d1c3dc222ba5bbce790e6adacb25bf3252fb65c91dcaf614ff62d,8c080965868d1c3dc222ba5bbce790e6adacb25bf3252fb65c91dcaf614ff62d,CHANGED,False,True,REVIEW_REQUIRED
src/quant_platform/field_registry.py,a00a7935cb1e025f6497e4a9f486affc6179b0194dd10a7b2f6fd2c511097cc6,a00a7935cb1e025f6497e4a9f486affc6179b0194dd10a7b2f6fd2c511097cc6,a00a7935cb1e025f6497e4a9f486affc6179b0194dd10a7b2f6fd2c511097cc6,SAME,True,True,NO_PORT_NEEDED
src/quant_platform/fixture_ingestion.py,41f96754d831260af7659bd1f6494117d62a16c62eb95c9ff490549b48a92b7d,41f96754d831260af7659bd1f6494117d62a16c62eb95c9ff490549b48a92b7d,41f96754d831260af7659bd1f6494117d62a16c62eb95c9ff490549b48a92b7d,SAME,True,True,NO_PORT_NEEDED
src/quant_platform/forensic_project_audit.py,,c7c8e0991316953107a5358bc6a7ef2f0fe4e1bdbc66195725abbda6e27aae47,c7c8e0991316953107a5358bc6a7ef2f0fe4e1bdbc66195725abbda6e27aae47,RUNTIME_ONLY,False,True,REVIEW_REQUIRED
src/quant_platform/formula_registry.py,20b03bf025a175c348c736b705d45445672ce37d57b2b9aad803e7f764432dca,95cf022ae89aff0fc96f8a2cacb45a3aed722be96f3eaf9348a13823e8f8384d,95cf022ae89aff0fc96f8a2cacb45a3aed722be96f3eaf9348a13823e8f8384d,CHANGED,False,True,REVIEW_REQUIRED
src/quant_platform/funding.py,e08528a719228b55764f510ac54ef93f78e70ff65e911896ae512aa6d7f82c34,e08528a719228b55764f510ac54ef93f78e70ff65e911896ae512aa6d7f82c34,e08528a719228b55764f510ac54ef93f78e70ff65e911896ae512aa6d7f82c34,SAME,True,True,NO_PORT_NEEDED
src/quant_platform/hyperliquid.py,ba2c7b24291bbe78de83a5dd75ad077af04b3c5207b5a327237844ae95ac454e,f16aea476b2631f05a6b2ee3cfc9694e8a2d65ae8f38e25924f4263f92c80425,f16aea476b2631f05a6b2ee3cfc9694e8a2d65ae8f38e25924f4263f92c80425,CHANGED,False,True,REVIEW_REQUIRED
src/quant_platform/hyperliquid_testnet.py,4554e98b38ef870106e4b9c354b7f64766635f2933a632c399292b761572555f,c5c03c5ad3ccc9e539775ea4438b06f7f4cc4949dcb92d8b63afcebc7701400d,c5c03c5ad3ccc9e539775ea4438b06f7f4cc4949dcb92d8b63afcebc7701400d,CHANGED,False,True,REVIEW_REQUIRED
src/quant_platform/institutional_portfolio.py,,c50f52b557727a600c435dc01cfa4c2f78925064e06e9153966772f605fa727c,c50f52b557727a600c435dc01cfa4c2f78925064e06e9153966772f605fa727c,RUNTIME_ONLY,False,True,REVIEW_REQUIRED
src/quant_platform/institutional_risk.py,,9699bbcd3b2cd8a07442a82102dbe360a42eff10b3eb83f4bedcd3e1b6e5cbc4,9699bbcd3b2cd8a07442a82102dbe360a42eff10b3eb83f4bedcd3e1b6e5cbc4,RUNTIME_ONLY,False,True,REVIEW_REQUIRED
src/quant_platform/math_desk/__init__.py,,7a6d30a2d020581f65d8d43a6fabecdb7b13482b6d62c17131a8af725588d364,7a6d30a2d020581f65d8d43a6fabecdb7b13482b6d62c17131a8af725588d364,RUNTIME_ONLY,False,True,REVIEW_REQUIRED
src/quant_platform/math_desk/__main__.py,,a8aac60ced200a25bd7078d99fd0f764af831357243708310be3815f0f281fb0,a8aac60ced200a25bd7078d99fd0f764af831357243708310be3815f0f281fb0,RUNTIME_ONLY,False,True,REVIEW_REQUIRED
src/quant_platform/math_desk/census.py,,b66e2ba49cd13d9063a4888d9f43d08bbb32fc58e7be12eab9e5d31f2057703e,b66e2ba49cd13d9063a4888d9f43d08bbb32fc58e7be12eab9e5d31f2057703e,RUNTIME_ONLY,False,True,REVIEW_REQUIRED
src/quant_platform/math_desk/certification_attacks.py,,35bffa852cb26a24e1c43900ab5aea27aaef8bb0a8846f67fd90ff5d01e08cfc,35bffa852cb26a24e1c43900ab5aea27aaef8bb0a8846f67fd90ff5d01e08cfc,RUNTIME_ONLY,False,True,REVIEW_REQUIRED
src/quant_platform/math_desk/certification_contracts.py,,a0e5cda6ce9f973efa2fd234c8922c45132ef55ffd9e4285892c34669f14d4ad,a0e5cda6ce9f973efa2fd234c8922c45132ef55ffd9e4285892c34669f14d4ad,RUNTIME_ONLY,False,True,REVIEW_REQUIRED
src/quant_platform/math_desk/contracts.py,,88ffcf82c0455437cebaadb0bab89b0b90060c4f402eb7a222d474fc44e0c653,88ffcf82c0455437cebaadb0bab89b0b90060c4f402eb7a222d474fc44e0c653,RUNTIME_ONLY,False,True,REVIEW_REQUIRED
src/quant_platform/math_desk/core_attacks.py,,fc0174ecafeb712d9b944ce8fc4c1bf9ce3feab8c8a567b413e3111d2c7ee63a,fc0174ecafeb712d9b944ce8fc4c1bf9ce3feab8c8a567b413e3111d2c7ee63a,RUNTIME_ONLY,False,True,REVIEW_REQUIRED
src/quant_platform/math_desk/core_oracles.py,,472b18a7628888a4f40c5b33902fc309e63ebc998785a723ccf2637dcafb658d,472b18a7628888a4f40c5b33902fc309e63ebc998785a723ccf2637dcafb658d,RUNTIME_ONLY,False,True,REVIEW_REQUIRED
src/quant_platform/math_desk/core_pack.py,,4227c21ab0531d8f6da893df25d19f1885dd007d5f5214ddb61f17e9dc341b69,4227c21ab0531d8f6da893df25d19f1885dd007d5f5214ddb61f17e9dc341b69,RUNTIME_ONLY,False,True,REVIEW_REQUIRED
src/quant_platform/math_desk/governance.py,,5ad3b303fc723cc53ba5b464ff73a784dc69ee4c99d1ce7801a09eb4b4ceb0ab,5ad3b303fc723cc53ba5b464ff73a784dc69ee4c99d1ce7801a09eb4b4ceb0ab,RUNTIME_ONLY,False,True,REVIEW_REQUIRED
src/quant_platform/math_desk/m3.py,,1afc83a862e71bcee4709dbbc9dd6001fa0cb6cf505b68d67c75f30d8cc2b71c,1afc83a862e71bcee4709dbbc9dd6001fa0cb6cf505b68d67c75f30d8cc2b71c,RUNTIME_ONLY,False,True,REVIEW_REQUIRED
src/quant_platform/math_desk/m4.py,,9e18410856fd95fbb84d71c4de7bb89642d9cddbbd589019f73f8959e028ff71,9e18410856fd95fbb84d71c4de7bb89642d9cddbbd589019f73f8959e028ff71,RUNTIME_ONLY,False,True,REVIEW_REQUIRED
src/quant_platform/math_desk/m4_attacks.py,,d0f88c62e853af3c51c4001b176a0b7158d171ab8cea8e067c65174e926bb12e,d0f88c62e853af3c51c4001b176a0b7158d171ab8cea8e067c65174e926bb12e,RUNTIME_ONLY,False,True,REVIEW_REQUIRED
src/quant_platform/math_desk/m4_evidence.py,,8171def3fa8dda5e50cc3c427feb1c81e8eda548db0e5927abb8b069f1e5e199,8171def3fa8dda5e50cc3c427feb1c81e8eda548db0e5927abb8b069f1e5e199,RUNTIME_ONLY,False,True,REVIEW_REQUIRED
src/quant_platform/math_desk/m4_pack.py,,79038142a16ad04d8caebdfe2421825f9be7a65e8d0e87385f2bab68acb2ffbd,79038142a16ad04d8caebdfe2421825f9be7a65e8d0e87385f2bab68acb2ffbd,RUNTIME_ONLY,False,True,REVIEW_REQUIRED
src/quant_platform/math_desk/m5.py,,18a5b7ccea2822a55257d74ae66929ad0ddb0b1f1de7bf9c6b73bb0d84c239bf,18a5b7ccea2822a55257d74ae66929ad0ddb0b1f1de7bf9c6b73bb0d84c239bf,RUNTIME_ONLY,False,True,REVIEW_REQUIRED
src/quant_platform/math_desk/m5_exhaustive.py,,bc997bf729b748e6e5e0140ac05f6b6228b672149bb03bfdb49ec0a8ec1b8e7e,bc997bf729b748e6e5e0140ac05f6b6228b672149bb03bfdb49ec0a8ec1b8e7e,RUNTIME_ONLY,False,True,REVIEW_REQUIRED
src/quant_platform/math_desk/m5_visual.py,,09792d9fd73f26a7411ba0e547177d1efa8901a5a37cebf78ff7b68dda7c7729,09792d9fd73f26a7411ba0e547177d1efa8901a5a37cebf78ff7b68dda7c7729,RUNTIME_ONLY,False,True,REVIEW_REQUIRED
src/quant_platform/math_desk/m6.py,,eb4e046185a9f563f906cadd1dd6bf78202cf4546e77d10ad938b6a6bce01dbd,eb4e046185a9f563f906cadd1dd6bf78202cf4546e77d10ad938b6a6bce01dbd,RUNTIME_ONLY,False,True,REVIEW_REQUIRED
src/quant_platform/math_desk/m7.py,,bd7111ed31d15628860999ea21332df0978766c3d331e11095ca10ada3bd8893,bd7111ed31d15628860999ea21332df0978766c3d331e11095ca10ada3bd8893,RUNTIME_ONLY,False,True,REVIEW_REQUIRED
src/quant_platform/math_desk/m8.py,,ce81fb089e1723177c97dc98107a866e51ceda6017fe394a27e26d384a71ffc6,ce81fb089e1723177c97dc98107a866e51ceda6017fe394a27e26d384a71ffc6,RUNTIME_ONLY,False,True,REVIEW_REQUIRED
src/quant_platform/math_desk/registry.py,,54bac5c0449ebc3ae6eb5d9c9027a65a3bb5440626c1306aab37854ae58d1997,54bac5c0449ebc3ae6eb5d9c9027a65a3bb5440626c1306aab37854ae58d1997,RUNTIME_ONLY,False,True,REVIEW_REQUIRED
src/quant_platform/math_desk/risk_census.py,,d0cb8e0a7bc56696c81e7a624923794fedd08ad740d3ce8d956c11528db3efdc,d0cb8e0a7bc56696c81e7a624923794fedd08ad740d3ce8d956c11528db3efdc,RUNTIME_ONLY,False,True,REVIEW_REQUIRED
src/quant_platform/math_desk/scope_registry.py,,99d8421e2edae0c478da55d74c6e676dc4b578445bb0f0be7187452a9376c92c,99d8421e2edae0c478da55d74c6e676dc4b578445bb0f0be7187452a9376c92c,RUNTIME_ONLY,False,True,REVIEW_REQUIRED
src/quant_platform/math_desk/serialization.py,,78e170270ead323a9cc14709b27c5e0ec703c01db3b9cfaf1b0645f8f13f485e,78e170270ead323a9cc14709b27c5e0ec703c01db3b9cfaf1b0645f8f13f485e,RUNTIME_ONLY,False,True,REVIEW_REQUIRED
src/quant_platform/math_desk/source_math_oracles.py,,2aaf806b79236a1447e80959847c617deba07acd07d5368de04dfa1b4622cd68,2aaf806b79236a1447e80959847c617deba07acd07d5368de04dfa1b4622cd68,RUNTIME_ONLY,False,True,REVIEW_REQUIRED
src/quant_platform/math_desk/stage_artifacts.py,,3a86bbdf1d09977d05462c19d658adafca701c42a9331936ae683a6cdd6760fb,3a86bbdf1d09977d05462c19d658adafca701c42a9331936ae683a6cdd6760fb,RUNTIME_ONLY,False,True,REVIEW_REQUIRED
src/quant_platform/math_v2_acceptance.py,9e3c07290413ae40d50e8136d71901e8055704a058601f5833a530cdf8c9077a,a01ef2e6e2d81794ed6b37bd71b02b05378d38c983328f8a49929963c8c135f1,a01ef2e6e2d81794ed6b37bd71b02b05378d38c983328f8a49929963c8c135f1,CHANGED,False,True,REVIEW_REQUIRED
src/quant_platform/meta_learning.py,a6731a8f67f84487bdd3b26d4f8949e7609eaef64b1b25bb2d6b2ca64cfc53b9,1f29b9beb0d39901e45a7636cf499bcdd5a03de4e938d2a9c2c84dc3fecb99d9,1f29b9beb0d39901e45a7636cf499bcdd5a03de4e938d2a9c2c84dc3fecb99d9,CHANGED,False,True,REVIEW_REQUIRED
src/quant_platform/ml_filter.py,7df2adb5c9044d9cfaa7d0a0280ea4207272fd90f22115e3ec49833d5bda2fed,7df2adb5c9044d9cfaa7d0a0280ea4207272fd90f22115e3ec49833d5bda2fed,7df2adb5c9044d9cfaa7d0a0280ea4207272fd90f22115e3ec49833d5bda2fed,SAME,True,True,NO_PORT_NEEDED
src/quant_platform/orchestration/__init__.py,a63d875e03570c6339850860534debdedc774ffb21eacde381c384b0f23261d8,945f755dc65895b22dd3259a22fd9a84f2e9172c6beb31af1faf94aa09e68291,945f755dc65895b22dd3259a22fd9a84f2e9172c6beb31af1faf94aa09e68291,CHANGED,False,True,REVIEW_REQUIRED
src/quant_platform/orchestration/canonical_wizard_hyperliquid_contract.py,df391e828306809adb3f202a68a5be25a35df82bfd79e5eac9f711afbb7eb116,df391e828306809adb3f202a68a5be25a35df82bfd79e5eac9f711afbb7eb116,df391e828306809adb3f202a68a5be25a35df82bfd79e5eac9f711afbb7eb116,SAME,True,True,NO_PORT_NEEDED
src/quant_platform/orchestration/collection_admission_barrier.py,,656ae88de3c9f857e490f9ea4c7041cb956747212297665ed84c8ff6a4c460ec,656ae88de3c9f857e490f9ea4c7041cb956747212297665ed84c8ff6a4c460ec,RUNTIME_ONLY,False,True,REVIEW_REQUIRED
src/quant_platform/orchestration/collection_daily_entry.py,,b0760a00b3e361bffa11199251a86e9724b13f20b48d09dd1a019773c2455bdd,b0760a00b3e361bffa11199251a86e9724b13f20b48d09dd1a019773c2455bdd,RUNTIME_ONLY,False,True,REVIEW_REQUIRED
src/quant_platform/orchestration/collection_daily_finalization.py,,55365c998e3ac68620cb30d565e133346777779458a57860fb0970598aa70835,55365c998e3ac68620cb30d565e133346777779458a57860fb0970598aa70835,RUNTIME_ONLY,False,True,REVIEW_REQUIRED
src/quant_platform/orchestration/collection_discovery_stage.py,,6e4042474299c52f9afb7cfdec67945aac8dabddeb7b144a400ecd00dace50a8,6e4042474299c52f9afb7cfdec67945aac8dabddeb7b144a400ecd00dace50a8,RUNTIME_ONLY,False,True,REVIEW_REQUIRED
src/quant_platform/orchestration/collection_display_evidence.py,,28326a04c610697e1d5f2197e1db9764d0727bd4dfffeddd8015ed7011fa97b3,28326a04c610697e1d5f2197e1db9764d0727bd4dfffeddd8015ed7011fa97b3,RUNTIME_ONLY,False,True,REVIEW_REQUIRED
src/quant_platform/orchestration/collection_inventory_stage.py,,7fdb75f0a8545e3a0092b001c18a42f9d8e65a986b06bc0b80af13907e689082,7fdb75f0a8545e3a0092b001c18a42f9d8e65a986b06bc0b80af13907e689082,RUNTIME_ONLY,False,True,REVIEW_REQUIRED
src/quant_platform/orchestration/collection_observer_bridge.py,,6f6ed3b41ba79d9ea441e83484234ec70ce6c8f77528914ec2a7098076515d47,6f6ed3b41ba79d9ea441e83484234ec70ce6c8f77528914ec2a7098076515d47,RUNTIME_ONLY,False,True,REVIEW_REQUIRED
src/quant_platform/orchestration/collection_owner_admission.py,,f8f4f09b364ba501c8e0c774ac0511b633d22479c65e73f237808f6d56ffa820,f8f4f09b364ba501c8e0c774ac0511b633d22479c65e73f237808f6d56ffa820,RUNTIME_ONLY,False,True,REVIEW_REQUIRED
src/quant_platform/orchestration/collection_owner_binding.py,,ce06e10905e2d3d5908315deee400f69d052ed32f5574d656d5081dee1641428,ce06e10905e2d3d5908315deee400f69d052ed32f5574d656d5081dee1641428,RUNTIME_ONLY,False,True,REVIEW_REQUIRED
src/quant_platform/orchestration/collection_publication_sequence.py,,d04e1ec9d68503e00985e1b35f25a604041fd497645b46eb7d05676a7222130f,d04e1ec9d68503e00985e1b35f25a604041fd497645b46eb7d05676a7222130f,RUNTIME_ONLY,False,True,REVIEW_REQUIRED
src/quant_platform/orchestration/collection_release/__init__.py,,c947313acf3666a191e4a26b96925cc7ebe076b94e4c303094aa83a6b9726db0,c947313acf3666a191e4a26b96925cc7ebe076b94e4c303094aa83a6b9726db0,RUNTIME_ONLY,False,True,REVIEW_REQUIRED
src/quant_platform/orchestration/collection_release/artifact_binding.py,,ae3b91441cf7566aed9793f936de4dca88255cdb0407e84926f1b780dba6d155,ae3b91441cf7566aed9793f936de4dca88255cdb0407e84926f1b780dba6d155,RUNTIME_ONLY,False,True,REVIEW_REQUIRED
src/quant_platform/orchestration/collection_release/artifact_inventory.py,,91a712ad361751d2d729c72abfbf8af8f2127a2778334533323a54e5718c795e,91a712ad361751d2d729c72abfbf8af8f2127a2778334533323a54e5718c795e,RUNTIME_ONLY,False,True,REVIEW_REQUIRED
src/quant_platform/orchestration/collection_release/campaign_schedule.py,,e2cf9ad17c7e40872b5d8dd0da866d98b4ef2ebb33861f19824274886d1fd7c2,e2cf9ad17c7e40872b5d8dd0da866d98b4ef2ebb33861f19824274886d1fd7c2,RUNTIME_ONLY,False,True,REVIEW_REQUIRED
src/quant_platform/orchestration/collection_release/darwin_boot_identity.py,,729b04ab9b4ac5740919ae3b810dddee6ae96e6a401761b8133915026fb5027b,729b04ab9b4ac5740919ae3b810dddee6ae96e6a401761b8133915026fb5027b,RUNTIME_ONLY,False,True,REVIEW_REQUIRED
src/quant_platform/orchestration/collection_release/darwin_process_identity.py,,c00fe9599fff5529ce53daee5d1579bfd84d7619bb722e613428632f925edf0f,c00fe9599fff5529ce53daee5d1579bfd84d7619bb722e613428632f925edf0f,RUNTIME_ONLY,False,True,REVIEW_REQUIRED
src/quant_platform/orchestration/collection_release/maintenance_binding.py,,c36ee1f60f7ee428ddec2ce4bfe515ba62f85f498fbe2e77aae2ae958762584e,c36ee1f60f7ee428ddec2ce4bfe515ba62f85f498fbe2e77aae2ae958762584e,RUNTIME_ONLY,False,True,REVIEW_REQUIRED
src/quant_platform/orchestration/collection_release/owner_release_inputs.py,,d4c2d8f28c65ac9868b203004b89d98efdf80d35f7fdbfc9015d9547430a1183,d4c2d8f28c65ac9868b203004b89d98efdf80d35f7fdbfc9015d9547430a1183,RUNTIME_ONLY,False,True,REVIEW_REQUIRED
src/quant_platform/orchestration/collection_release/owner_release_reader.py,,abc82084a36a09a3b4857a4e1b10acb036a303bb4902099a9add11c99a7bac76,abc82084a36a09a3b4857a4e1b10acb036a303bb4902099a9add11c99a7bac76,RUNTIME_ONLY,False,True,REVIEW_REQUIRED
src/quant_platform/orchestration/collection_release/preowner_accounting.py,,34550636b389cc9068ca967a0da5019d135b800d7d55efb5e62e6642a61648c6,34550636b389cc9068ca967a0da5019d135b800d7d55efb5e62e6642a61648c6,RUNTIME_ONLY,False,True,REVIEW_REQUIRED
src/quant_platform/orchestration/collection_release/preowner_assessment.py,,6a2e2013aa1aef702c733c016b54c559e4e0e023e5def8e1c760e0049288a3e9,6a2e2013aa1aef702c733c016b54c559e4e0e023e5def8e1c760e0049288a3e9,RUNTIME_ONLY,False,True,REVIEW_REQUIRED
src/quant_platform/orchestration/collection_release/preowner_campaign.py,,773e3e08a0eba666261f4bed8227a98a496fd215dc9137e4b989016fe860176a,773e3e08a0eba666261f4bed8227a98a496fd215dc9137e4b989016fe860176a,RUNTIME_ONLY,False,True,REVIEW_REQUIRED
src/quant_platform/orchestration/collection_release/preowner_maintenance.py,,81df6bfdce65d2e0fb8f7401674ea3e8b99077f1be16acc7451a94cf0fcdbf17,81df6bfdce65d2e0fb8f7401674ea3e8b99077f1be16acc7451a94cf0fcdbf17,RUNTIME_ONLY,False,True,REVIEW_REQUIRED
src/quant_platform/orchestration/collection_release/project_release_reader.py,,8bb66fd58c839ea97ecc8d4218a92629ef410adbb8b53ba56ac154d67d0f7c3a,8bb66fd58c839ea97ecc8d4218a92629ef410adbb8b53ba56ac154d67d0f7c3a,RUNTIME_ONLY,False,True,REVIEW_REQUIRED
src/quant_platform/orchestration/collection_release/provider_binding.py,,66e3972c8807c723f6c2662efa63e1b6dde7f4f818522e8503e53eb701f7a254,66e3972c8807c723f6c2662efa63e1b6dde7f4f818522e8503e53eb701f7a254,RUNTIME_ONLY,False,True,REVIEW_REQUIRED
src/quant_platform/orchestration/collection_release/release_bundle.py,,4f5bac3a848c93f1d2fdd639046bd9b0233c1182b8a39471b643e0d3a50fd59a,4f5bac3a848c93f1d2fdd639046bd9b0233c1182b8a39471b643e0d3a50fd59a,RUNTIME_ONLY,False,True,REVIEW_REQUIRED
src/quant_platform/orchestration/collection_release/release_chain.py,,6047aed8d257a4d60d6a6718a206449d55088c4a325cdf61d24ba92618be664c,6047aed8d257a4d60d6a6718a206449d55088c4a325cdf61d24ba92618be664c,RUNTIME_ONLY,False,True,REVIEW_REQUIRED
src/quant_platform/orchestration/collection_release/release_evidence.py,,9afbe406c1f04530f31ee9f4d1a09e84f9e21d703b425fa45a8d149374226c6d,9afbe406c1f04530f31ee9f4d1a09e84f9e21d703b425fa45a8d149374226c6d,RUNTIME_ONLY,False,True,REVIEW_REQUIRED
src/quant_platform/orchestration/collection_release/release_integrity.py,,2ea55579dd3cf8e50f23a31f338be21d2041540f2d2ecb77185d11be14c22a95,2ea55579dd3cf8e50f23a31f338be21d2041540f2d2ecb77185d11be14c22a95,RUNTIME_ONLY,False,True,REVIEW_REQUIRED
src/quant_platform/orchestration/collection_release/release_observation_lock.py,,e826bc58932222b47bf9e73f1085747375a3951e38ad1f3a250c437ec8986e32,e826bc58932222b47bf9e73f1085747375a3951e38ad1f3a250c437ec8986e32,RUNTIME_ONLY,False,True,REVIEW_REQUIRED
src/quant_platform/orchestration/collection_release/release_record.py,,31ae07746aca8d178a59318baa8abec849ed7044aca1a25166db91a3f43171c8,31ae07746aca8d178a59318baa8abec849ed7044aca1a25166db91a3f43171c8,RUNTIME_ONLY,False,True,REVIEW_REQUIRED
src/quant_platform/orchestration/collection_release/release_store.py,,98e5ba5d183f47869f923d33c6cbd87f2b1cded5c17a7e32254d7a90bd56101c,98e5ba5d183f47869f923d33c6cbd87f2b1cded5c17a7e32254d7a90bd56101c,RUNTIME_ONLY,False,True,REVIEW_REQUIRED
src/quant_platform/orchestration/collection_release/runtime_binding.py,,dd0862ac95d30622200bb469eb397142025a5b98c99aac1d976188855c44aaa7,dd0862ac95d30622200bb469eb397142025a5b98c99aac1d976188855c44aaa7,RUNTIME_ONLY,False,True,REVIEW_REQUIRED
src/quant_platform/orchestration/collection_release/source_binding.py,,b69565ad15fee2ed0bed14b589ac9e78ade2089339790ca87d9964bab2d51f1f,b69565ad15fee2ed0bed14b589ac9e78ade2089339790ca87d9964bab2d51f1f,RUNTIME_ONLY,False,True,REVIEW_REQUIRED
src/quant_platform/orchestration/collection_release/terminal_binding.py,,589cecc181e34ea494355d4c4ef08ee69039d4a1aee76fdf944f969faa81ded4,589cecc181e34ea494355d4c4ef08ee69039d4a1aee76fdf944f969faa81ded4,RUNTIME_ONLY,False,True,REVIEW_REQUIRED
src/quant_platform/orchestration/collection_release/test_project_release_reader.py,,aff3125519a191d774c6cb6750c46ba72046f9491630ec97e031ff20077037bf,aff3125519a191d774c6cb6750c46ba72046f9491630ec97e031ff20077037bf,RUNTIME_ONLY,False,True,REVIEW_REQUIRED
src/quant_platform/orchestration/collection_release/test_release_bundle.py,,0569962692c534c0ccc13bf7d8e42b3d3f7a8d409edfb9ac11209ca5dcc2773f,0569962692c534c0ccc13bf7d8e42b3d3f7a8d409edfb9ac11209ca5dcc2773f,RUNTIME_ONLY,False,True,REVIEW_REQUIRED
src/quant_platform/orchestration/collection_release/test_release_chain.py,,2347304280fb9ec0b36a1f40f9fd62773077fce8ab40e15d5cf3c22291b8c694,2347304280fb9ec0b36a1f40f9fd62773077fce8ab40e15d5cf3c22291b8c694,RUNTIME_ONLY,False,True,REVIEW_REQUIRED
src/quant_platform/orchestration/collection_release/test_release_evidence.py,,22a659aab7e2d85a639e97d26fc0df2e132a6e3dd2d405042589368b26ab9771,22a659aab7e2d85a639e97d26fc0df2e132a6e3dd2d405042589368b26ab9771,RUNTIME_ONLY,False,True,REVIEW_REQUIRED
src/quant_platform/orchestration/collection_release/test_release_integrity.py,,de5f5c1d82acff945d1c2679e4d3a3c7d0518f5cb350123efa421e599ffe69bc,de5f5c1d82acff945d1c2679e4d3a3c7d0518f5cb350123efa421e599ffe69bc,RUNTIME_ONLY,False,True,REVIEW_REQUIRED
src/quant_platform/orchestration/collection_release/test_release_observation_lock.py,,7181e251273c4a9770adb323437a18c37580e7f20bc39fed9b63ae7c9697ca35,7181e251273c4a9770adb323437a18c37580e7f20bc39fed9b63ae7c9697ca35,RUNTIME_ONLY,False,True,REVIEW_REQUIRED
src/quant_platform/orchestration/collection_release/test_release_record.py,,129063db3ebd9381153e5341f2451df93044d0fe03d8127474e647cb12dd3e91,129063db3ebd9381153e5341f2451df93044d0fe03d8127474e647cb12dd3e91,RUNTIME_ONLY,False,True,REVIEW_REQUIRED
src/quant_platform/orchestration/collection_release/test_release_store.py,,b84055085fc7abbe9bec017ae5e525aa7005c04b235072f6f4918bcdb2c76ab1,b84055085fc7abbe9bec017ae5e525aa7005c04b235072f6f4918bcdb2c76ab1,RUNTIME_ONLY,False,True,REVIEW_REQUIRED
src/quant_platform/orchestration/collection_release/workload_contract.py,,b3cde7f1b32b6ab311091b581e92d3b96be1ff676e9e95f56de12bfd9643a378,b3cde7f1b32b6ab311091b581e92d3b96be1ff676e9e95f56de12bfd9643a378,RUNTIME_ONLY,False,True,REVIEW_REQUIRED
src/quant_platform/orchestration/collection_runtime_route.py,,db1da1136b1ebb60d632620c8dec6f57b770061d5ed8f563b88dc138f286eb2e,db1da1136b1ebb60d632620c8dec6f57b770061d5ed8f563b88dc138f286eb2e,RUNTIME_ONLY,False,True,REVIEW_REQUIRED
src/quant_platform/orchestration/collection_stage_evidence.py,,3096dd27480d5dbe3f347bd72a6088909c89c642f1248a5dd1de025f784730f1,3096dd27480d5dbe3f347bd72a6088909c89c642f1248a5dd1de025f784730f1,RUNTIME_ONLY,False,True,REVIEW_REQUIRED
src/quant_platform/orchestration/collection_startup_contract.py,,62ec8b2069e9422f325dd20791b78af7327ad8c13c0f8ddc45a888b4ad633001,62ec8b2069e9422f325dd20791b78af7327ad8c13c0f8ddc45a888b4ad633001,RUNTIME_ONLY,False,True,REVIEW_REQUIRED
src/quant_platform/orchestration/collection_startup_preflight.py,,666867fb1da8e0708b1d8fba71907bf24d25595b010c57afadfafa583bf1cdcb,666867fb1da8e0708b1d8fba71907bf24d25595b010c57afadfafa583bf1cdcb,RUNTIME_ONLY,False,True,REVIEW_REQUIRED
src/quant_platform/orchestration/collection_system_check_stage.py,,24870ebc9e568a330d6f20748d6b2033198678867146f854f15a4e91419bc7a1,24870ebc9e568a330d6f20748d6b2033198678867146f854f15a4e91419bc7a1,RUNTIME_ONLY,False,True,REVIEW_REQUIRED
src/quant_platform/orchestration/contracts.py,edb4b73942e012435bb7438fe1d48c1377088580336ac13b6c34169ca0e94478,edb4b73942e012435bb7438fe1d48c1377088580336ac13b6c34169ca0e94478,edb4b73942e012435bb7438fe1d48c1377088580336ac13b6c34169ca0e94478,SAME,True,True,NO_PORT_NEEDED
src/quant_platform/orchestration/copula_shadow_cell.py,f9441acf6b02a63443a55f606102896a43b66615b97ca41abf4100e1f271a56d,f9441acf6b02a63443a55f606102896a43b66615b97ca41abf4100e1f271a56d,f9441acf6b02a63443a55f606102896a43b66615b97ca41abf4100e1f271a56d,SAME,True,True,NO_PORT_NEEDED
src/quant_platform/orchestration/copula_shadow_comparison.py,7968f4b7c967c5d35d93422f722862401749ed7490eabfbb6f4af95fbdb0c006,7968f4b7c967c5d35d93422f722862401749ed7490eabfbb6f4af95fbdb0c006,7968f4b7c967c5d35d93422f722862401749ed7490eabfbb6f4af95fbdb0c006,SAME,True,True,NO_PORT_NEEDED
src/quant_platform/orchestration/corrective_acceptance_policy_validation.py,,e887549d64db2fdac8c8df5efc52ae8977929bd4789975ab9f581f2742df1497,e887549d64db2fdac8c8df5efc52ae8977929bd4789975ab9f581f2742df1497,RUNTIME_ONLY,False,True,REVIEW_REQUIRED
src/quant_platform/orchestration/corrective_active_artifact_envelopes.py,473b33ebebf601a8269a1ac4d670f85d71d091fe056d9e101413fb192042d61b,57f063082e9848bf125182d44ac3b2ad07e2c3f166a8b4a5d9fdab362b0e8ea7,57f063082e9848bf125182d44ac3b2ad07e2c3f166a8b4a5d9fdab362b0e8ea7,CHANGED,False,True,REVIEW_REQUIRED
src/quant_platform/orchestration/corrective_agent_governance.py,6cbad4256dc9ad39355607d00a0eabff812862d8dd59ec96fe57a4f3de4d1a79,6cbad4256dc9ad39355607d00a0eabff812862d8dd59ec96fe57a4f3de4d1a79,d9671bff7c1eff0f09b48977be410907a7a5b9e9273a060611c4c5e0c50f8802,CHANGED,True,False,REVIEW_REQUIRED
src/quant_platform/orchestration/corrective_artifact_retention.py,b98646b3244e8578b39b0ce13c6529ec6bdc96d57cfe38205026b0023a8e011d,b98646b3244e8578b39b0ce13c6529ec6bdc96d57cfe38205026b0023a8e011d,b98646b3244e8578b39b0ce13c6529ec6bdc96d57cfe38205026b0023a8e011d,SAME,True,True,NO_PORT_NEEDED
src/quant_platform/orchestration/corrective_canonical_status.py,cdced91836205239a7b679e09536615b930023ac20d7badd01129dd3fc0b9d2c,a47f66460dec0d1a75b0aaf280982a0878c0820a1ed6d17daf80875b5e231c9e,a47f66460dec0d1a75b0aaf280982a0878c0820a1ed6d17daf80875b5e231c9e,CHANGED,False,True,REVIEW_REQUIRED
src/quant_platform/orchestration/corrective_daily_scheduler.py,0fb0350d262290289a787dc2bf708f71e2d45d70c6e12288a9ddc8ab10a8f22a,66ac37befdcab8c988d4d712c50f8fd0c7adc28bd44970fcef481eaaf845706c,66ac37befdcab8c988d4d712c50f8fd0c7adc28bd44970fcef481eaaf845706c,CHANGED,False,True,REVIEW_REQUIRED
src/quant_platform/orchestration/corrective_data_evidence.py,77de431827997e15a97c074d06aacd49badc674857f34c9ff836d361e46f1610,1af658bd376d50f44f1440d0f991f2f02001a47715823a44bb48075e89bf928f,1af658bd376d50f44f1440d0f991f2f02001a47715823a44bb48075e89bf928f,CHANGED,False,True,REVIEW_REQUIRED
src/quant_platform/orchestration/corrective_effect_guard.py,7f8de2cacb8a25df125cf9b0aabd0fb8a5d0f7a8ecd47ad4b37ec63627b97889,e44e879a44bf86025d511d3096da1fe2ed1cebc65b64760af15bc5ab60f4d441,e44e879a44bf86025d511d3096da1fe2ed1cebc65b64760af15bc5ab60f4d441,CHANGED,False,True,REVIEW_REQUIRED
src/quant_platform/orchestration/corrective_effect_witness_inspection.py,,553b154cda611e723da5b7b562eb113bf95146d254635a380d83db96a2894bb4,553b154cda611e723da5b7b562eb113bf95146d254635a380d83db96a2894bb4,RUNTIME_ONLY,False,True,REVIEW_REQUIRED
src/quant_platform/orchestration/corrective_evidence_store.py,1bff50ca8f0fa5e8124e38cb4e108709cd1d47e1161c1c368195fb90d387b33f,1bff50ca8f0fa5e8124e38cb4e108709cd1d47e1161c1c368195fb90d387b33f,1bff50ca8f0fa5e8124e38cb4e108709cd1d47e1161c1c368195fb90d387b33f,SAME,True,True,NO_PORT_NEEDED
src/quant_platform/orchestration/corrective_expansion_interfaces.py,40642e726e1ed84b95b224d5611b0a1a888ca3ff449784c601229c553ff6db29,40642e726e1ed84b95b224d5611b0a1a888ca3ff449784c601229c553ff6db29,40642e726e1ed84b95b224d5611b0a1a888ca3ff449784c601229c553ff6db29,SAME,True,True,NO_PORT_NEEDED
src/quant_platform/orchestration/corrective_external_effect_policy.py,879765d41e46f3777ebf680f5dcf41c1fbe969c5c222f9b512c450d4f474d4fd,879765d41e46f3777ebf680f5dcf41c1fbe969c5c222f9b512c450d4f474d4fd,879765d41e46f3777ebf680f5dcf41c1fbe969c5c222f9b512c450d4f474d4fd,SAME,True,True,NO_PORT_NEEDED
src/quant_platform/orchestration/corrective_external_effects.py,2693c75ff434fcc49ed50276b268533d46f1fb91b37bb68a430492196865a225,cdc92c1c3e2e1323ae623c3468763df5c8f19f3e67b72d4f846b3ad2e1b090d5,cdc92c1c3e2e1323ae623c3468763df5c8f19f3e67b72d4f846b3ad2e1b090d5,CHANGED,False,True,REVIEW_REQUIRED
src/quant_platform/orchestration/corrective_financial_effect_registry.py,f2e37dbae5a50d4959342ad1430ea8fc16de80cf16dfb1335a5b2862dc16e6b9,4ed91af2170feeeb0455073fe1f14e10ec8527fbe1fbfbcea43d3554635501f3,4ed91af2170feeeb0455073fe1f14e10ec8527fbe1fbfbcea43d3554635501f3,CHANGED,False,True,REVIEW_REQUIRED
src/quant_platform/orchestration/corrective_gate1_cadence.py,,0bdf72f417590917ec04dae2bd175f99b13bec64b683cee5d3b04e72ec00ffda,b3fdb2f54c348fed4e315495a4e6a1174a9c674eddbb10e5c7762593742e2c4e,RUNTIME_ONLY,False,False,REVIEW_REQUIRED
src/quant_platform/orchestration/corrective_gate3_evidence.py,,9f2341a1146625f125c6f0997b6a56fe2a61b22ba26868f92586c8497d30de1f,9f2341a1146625f125c6f0997b6a56fe2a61b22ba26868f92586c8497d30de1f,RUNTIME_ONLY,False,True,REVIEW_REQUIRED
src/quant_platform/orchestration/corrective_gate3_historical_candidate.py,,3dfe65f1075b40f0a988afeb760b1e612cf282efaa4f5b142e610bf9f0c0e4a3,3dfe65f1075b40f0a988afeb760b1e612cf282efaa4f5b142e610bf9f0c0e4a3,RUNTIME_ONLY,False,True,REVIEW_REQUIRED
src/quant_platform/orchestration/corrective_gate3_historical_candidate_validation.py,,459751f57fb0d38bc0b91aae732779f6eaf5d52239c86b03f33e9b242edb0984,459751f57fb0d38bc0b91aae732779f6eaf5d52239c86b03f33e9b242edb0984,RUNTIME_ONLY,False,True,REVIEW_REQUIRED
src/quant_platform/orchestration/corrective_gate3_historical_validation_note.py,,a032c73ad3a46694c35bcc9b264903fdbb4573faa411435819e3111cd9689069,a032c73ad3a46694c35bcc9b264903fdbb4573faa411435819e3111cd9689069,RUNTIME_ONLY,False,True,REVIEW_REQUIRED
src/quant_platform/orchestration/corrective_gate_checkpoint_contract.py,,0aaeafd5c8df637a1df3fad2b4bd2664d37435ce95e36494014a60abbff5c591,0aaeafd5c8df637a1df3fad2b4bd2664d37435ce95e36494014a60abbff5c591,RUNTIME_ONLY,False,True,REVIEW_REQUIRED
src/quant_platform/orchestration/corrective_governance.py,6d292adf03c72518df10b0f319617babe71f25f37ed0f0358f19b2ac2281ecf3,6d292adf03c72518df10b0f319617babe71f25f37ed0f0358f19b2ac2281ecf3,6d292adf03c72518df10b0f319617babe71f25f37ed0f0358f19b2ac2281ecf3,SAME,True,True,NO_PORT_NEEDED
src/quant_platform/orchestration/corrective_history_disposition.py,,af9ce711a5e20509b4080acf441225a3b1fc00d089d2010efbf0771763b0ce2b,af9ce711a5e20509b4080acf441225a3b1fc00d089d2010efbf0771763b0ce2b,RUNTIME_ONLY,False,True,REVIEW_REQUIRED
src/quant_platform/orchestration/corrective_history_terminal.py,,96c8e929ac0091e0c2488b5d66f618dbbee735d6fd23f0b2f9f4f0209244f8dc,96c8e929ac0091e0c2488b5d66f618dbbee735d6fd23f0b2f9f4f0209244f8dc,RUNTIME_ONLY,False,True,REVIEW_REQUIRED
src/quant_platform/orchestration/corrective_hyperliquid_network.py,265cc4cfb5bd88e83a146eb70a3db4be8b88b65d50f7161151e3e5003f9d268d,361b5f270dfcbeed641bf28ed663b99e61358bc134f6e1dd0a4caa863177bc66,361b5f270dfcbeed641bf28ed663b99e61358bc134f6e1dd0a4caa863177bc66,CHANGED,False,True,REVIEW_REQUIRED
src/quant_platform/orchestration/corrective_l2_scheduler.py,5e0ecbf71cd32293231b58d2fd6c60b456d820befe15919be982016731de4e86,5982ba3555ace1a887a6ffdf145ca64bcda54161ff34171899c47e71d9ccc5fa,5982ba3555ace1a887a6ffdf145ca64bcda54161ff34171899c47e71d9ccc5fa,CHANGED,False,True,REVIEW_REQUIRED
src/quant_platform/orchestration/corrective_lineage.py,63b47b2ae3b9304d420d35ec9395b918c9c28b08942983b6c4acb8821035c55d,ba4bba126d044e2d2e34ef758ac3313eecedf0f87c5812fd31a9ed230f6ae47a,ba4bba126d044e2d2e34ef758ac3313eecedf0f87c5812fd31a9ed230f6ae47a,CHANGED,False,True,REVIEW_REQUIRED
src/quant_platform/orchestration/corrective_live_canary.py,7b4f8d05f93b1e54a3c0019fb427db1c8d88aa82036e667027feb1a8337d3879,7b4f8d05f93b1e54a3c0019fb427db1c8d88aa82036e667027feb1a8337d3879,7b4f8d05f93b1e54a3c0019fb427db1c8d88aa82036e667027feb1a8337d3879,SAME,True,True,NO_PORT_NEEDED
src/quant_platform/orchestration/corrective_live_canary_execution.py,72334851b6a3077139f23405760629d5c2558847c0033042a4b123bc19d5165f,7fb8f2780f236c657f53f91fb2b1854fab9e42d3000c06e7958b08eeee732c6c,7fb8f2780f236c657f53f91fb2b1854fab9e42d3000c06e7958b08eeee732c6c,CHANGED,False,True,REVIEW_REQUIRED
src/quant_platform/orchestration/corrective_live_canary_executor.py,16890a9d84cebcec6fc1b3fd6c3370cbac9950fbbb532f6446d8ac5d96059af6,00c0f1880e16dea56b19523b5112033db28ae070710f1eaad30fde1d369f840e,00c0f1880e16dea56b19523b5112033db28ae070710f1eaad30fde1d369f840e,CHANGED,False,True,REVIEW_REQUIRED
src/quant_platform/orchestration/corrective_live_canary_outcome.py,a83e152b82381c10969f19d8c86ac25ee010d84fde67876113cf92f86e014421,a83e152b82381c10969f19d8c86ac25ee010d84fde67876113cf92f86e014421,a83e152b82381c10969f19d8c86ac25ee010d84fde67876113cf92f86e014421,SAME,True,True,NO_PORT_NEEDED
src/quant_platform/orchestration/corrective_live_parity_capture.py,e58658a2d0895373c5d0b5182bb441aefdc3f86fadd81df5e7fa74a36398218c,3676d43db0c84c6eb2dba071951896c8e376f9a6f746a3258879d5e6de489500,3676d43db0c84c6eb2dba071951896c8e376f9a6f746a3258879d5e6de489500,CHANGED,False,True,REVIEW_REQUIRED
src/quant_platform/orchestration/corrective_order_authority.py,50b161310717df3fefd47e3606460ec2e816b72ddebdbd29cf95ddc454024b4b,f0a3d2dda229f1333ca1cbdd3ea82f239d7af456efcb978fd3fb011a6a93804d,f0a3d2dda229f1333ca1cbdd3ea82f239d7af456efcb978fd3fb011a6a93804d,CHANGED,False,True,REVIEW_REQUIRED
src/quant_platform/orchestration/corrective_phase00_checkpoint_validation.py,,f97777eda1f787d1faa729fc78ee6db126b0cc93350f30e203a52e018e195944,f97777eda1f787d1faa729fc78ee6db126b0cc93350f30e203a52e018e195944,RUNTIME_ONLY,False,True,REVIEW_REQUIRED
src/quant_platform/orchestration/corrective_phase00_closure.py,e00c6965a747d1d1cf4ec9261404e24ca7078d276c83ea03fb29ba39a8ce2835,eb6a2e23681b7d3f7678ce5d9ceb5a5b3bc2a6404a9fbb40294c834ac506de89,eb6a2e23681b7d3f7678ce5d9ceb5a5b3bc2a6404a9fbb40294c834ac506de89,CHANGED,False,True,REVIEW_REQUIRED
src/quant_platform/orchestration/corrective_phase00_control.py,257baa8fead6678960f1cda35a8bd9756c9b0e6c21977574266dfd0b79ab6c98,ec59700ef0be818aee97cc0f693e3288068c29dbc30c29ef6a79b087edbf345f,ec59700ef0be818aee97cc0f693e3288068c29dbc30c29ef6a79b087edbf345f,CHANGED,False,True,REVIEW_REQUIRED
src/quant_platform/orchestration/corrective_phase00_descendants.py,c86819067dc004d6fdf0b6f4713243dbd7284d465197a2f9e15ac08acd025001,3a4987c244e8496c0e498577e347707d85649cec004af2a35f78ff8f1ee40f10,3a4987c244e8496c0e498577e347707d85649cec004af2a35f78ff8f1ee40f10,CHANGED,False,True,REVIEW_REQUIRED
src/quant_platform/orchestration/corrective_phase00_diagnostics.py,18486fb5c800a8397c947271fc2fc92002689bb4d748c953b0b74c333adfb50c,f0cbb50d4e820570b70f3da9a3ffd91a97a9aec52876c51a8f34a89e9b6470ff,f0cbb50d4e820570b70f3da9a3ffd91a97a9aec52876c51a8f34a89e9b6470ff,CHANGED,False,True,REVIEW_REQUIRED
src/quant_platform/orchestration/corrective_program.py,83557e34e13e0486aec24b7f90f47f3f6ae7d0f73e6dbd2e1ce294daaa75f105,9bf6f8f3f6c216f5d930cfe34d765ac97fa0077ba3ff9d1a8c33c786b0785046,9bf6f8f3f6c216f5d930cfe34d765ac97fa0077ba3ff9d1a8c33c786b0785046,CHANGED,False,True,REVIEW_REQUIRED
src/quant_platform/orchestration/corrective_publication_registry.py,cfaa041821a1059f71239cadc84a759dbe2344f5318492bc9ade0cd789bb2d35,8999332417fb9846142c7e1c34c7e4eb16f9dcccb7a62ea720afe97716d7995e,8999332417fb9846142c7e1c34c7e4eb16f9dcccb7a62ea720afe97716d7995e,CHANGED,False,True,REVIEW_REQUIRED
src/quant_platform/orchestration/corrective_redaction.py,a58a01b38ebc49a3e088bfb3f907daf475a57271ab5c43f7cf0b813b4fb7b3e2,e308d464dc0ad909a0cffdab0556eb8b7a90d2dae7d2b39810616aeeea1368ef,e308d464dc0ad909a0cffdab0556eb8b7a90d2dae7d2b39810616aeeea1368ef,CHANGED,False,True,REVIEW_REQUIRED
src/quant_platform/orchestration/corrective_registered_learning.py,f1b1b1c9a488eca396131ee4ec68cee59d5f7b65c516efe9c299e708c448cd35,f1b1b1c9a488eca396131ee4ec68cee59d5f7b65c516efe9c299e708c448cd35,f1b1b1c9a488eca396131ee4ec68cee59d5f7b65c516efe9c299e708c448cd35,SAME,True,True,NO_PORT_NEEDED
src/quant_platform/orchestration/corrective_registered_learning_protocol.py,b7c94ac2176019135b7566f1baff6c9c5ece2ea62bd31140d0051e90aa852062,b7c94ac2176019135b7566f1baff6c9c5ece2ea62bd31140d0051e90aa852062,b7c94ac2176019135b7566f1baff6c9c5ece2ea62bd31140d0051e90aa852062,SAME,True,True,NO_PORT_NEEDED
src/quant_platform/orchestration/corrective_registered_rerun.py,e5baaa8edfe912acae2043417d590412b1b243b19fcb08c0939335c9e08b3f69,e5baaa8edfe912acae2043417d590412b1b243b19fcb08c0939335c9e08b3f69,e5baaa8edfe912acae2043417d590412b1b243b19fcb08c0939335c9e08b3f69,SAME,True,True,NO_PORT_NEEDED
src/quant_platform/orchestration/corrective_registered_rerun_executor.py,a20b38253f6d6e4a0e3735c1e4c95b7f9a66bc66fd83bbfcc93e78301ef37885,bc0d01a52db7aa847bfd6e38284fe10f5c0b92f882eb41fd3e893d03e587bc47,bc0d01a52db7aa847bfd6e38284fe10f5c0b92f882eb41fd3e893d03e587bc47,CHANGED,False,True,REVIEW_REQUIRED
src/quant_platform/orchestration/corrective_release_gates.py,429197618a9c5f646f8c19d1f837eedff2907e89f02aa6396dc1d850e2852219,7f0fa2ddc85b458e45070d8c58dfb261cf8233d10a929ccdd72da724e980c669,7f0fa2ddc85b458e45070d8c58dfb261cf8233d10a929ccdd72da724e980c669,CHANGED,False,True,REVIEW_REQUIRED
src/quant_platform/orchestration/corrective_runtime.py,6b1376de31b3cdf225eaee504eaad749c4b3e999a1edfc1a9576fcca62a042b9,494fcdb5b12029126382b6dfcd392b711565119a80daf3d34e2d80d2294f8936,494fcdb5b12029126382b6dfcd392b711565119a80daf3d34e2d80d2294f8936,CHANGED,False,True,REVIEW_REQUIRED
src/quant_platform/orchestration/corrective_scheduler_bootstrap.py,5c481135b93b07c875400ddbdc7e7941da19745768b0cac4c0b53a8f609ebda2,1ac19e701497b4b84f8df64676497ee8d466d784e4d319265c4db919dec51e0d,1ac19e701497b4b84f8df64676497ee8d466d784e4d319265c4db919dec51e0d,CHANGED,False,True,REVIEW_REQUIRED
src/quant_platform/orchestration/corrective_scheduler_lock.py,cbef6e90ea37170d6933b87c7f469aa1d9f7306ef7afc05934dd1cd6f597aedd,3ea56f7571c6b605b2ce1eacf29dd0164a768fb1063c0ef4673afdaa1c936ef5,3ea56f7571c6b605b2ce1eacf29dd0164a768fb1063c0ef4673afdaa1c936ef5,CHANGED,False,True,REVIEW_REQUIRED
src/quant_platform/orchestration/corrective_scheduler_runtime_readiness.py,328385d6443d1b5d5a2621f8681ddc25a09a62b23ebc3658505daa2a800e1e9b,a79b3977a828302216356e026fab41b3ea88834075a8e4b044479032f65cd2b8,a79b3977a828302216356e026fab41b3ea88834075a8e4b044479032f65cd2b8,CHANGED,False,True,REVIEW_REQUIRED
src/quant_platform/orchestration/corrective_scheduler_supervisor.py,f3bd9f22bf4a1858b7a2d737fd6d537a22ca0e1338bdfef4dceb343773a31cd4,625201d4c8b69d54b1c2e83351792bb21fb5dd757be5e57f879ef80cb866fa58,625201d4c8b69d54b1c2e83351792bb21fb5dd757be5e57f879ef80cb866fa58,CHANGED,False,True,REVIEW_REQUIRED
src/quant_platform/orchestration/corrective_scheduler_terminal.py,e20f69e3229e94c1615da9bdce6ca1078f289179f86b010008517a43e2b76403,34e313a53f87928f747bbe35e0126e9d3105b75273503d3a12dae682a916e2a4,34e313a53f87928f747bbe35e0126e9d3105b75273503d3a12dae682a916e2a4,CHANGED,False,True,REVIEW_REQUIRED
src/quant_platform/orchestration/corrective_stage4_handoff_readiness.py,f022837269cc40f56da43b85b823a911142ec47e8d02a8bb813cc168e635ad85,f022837269cc40f56da43b85b823a911142ec47e8d02a8bb813cc168e635ad85,f022837269cc40f56da43b85b823a911142ec47e8d02a8bb813cc168e635ad85,SAME,True,True,NO_PORT_NEEDED
src/quant_platform/orchestration/corrective_statistical_remediation.py,2b711707852adccb16bd26f43fb4e622a8d2628e7a72755ecab60d9e248a9e6e,2b711707852adccb16bd26f43fb4e622a8d2628e7a72755ecab60d9e248a9e6e,2b711707852adccb16bd26f43fb4e622a8d2628e7a72755ecab60d9e248a9e6e,SAME,True,True,NO_PORT_NEEDED
src/quant_platform/orchestration/corrective_testnet_cohort_readiness.py,2dacd3a9ba813d768a93385f140604e87c54593945196a9bab6c3e8bab9d12b5,2dacd3a9ba813d768a93385f140604e87c54593945196a9bab6c3e8bab9d12b5,2dacd3a9ba813d768a93385f140604e87c54593945196a9bab6c3e8bab9d12b5,SAME,True,True,NO_PORT_NEEDED
src/quant_platform/orchestration/corrective_testnet_collateral_transfer.py,75256ce7dd7e36930dd8fcc62a78eabc9436eb411e89ccfe6d8050acd510d7d9,75256ce7dd7e36930dd8fcc62a78eabc9436eb411e89ccfe6d8050acd510d7d9,75256ce7dd7e36930dd8fcc62a78eabc9436eb411e89ccfe6d8050acd510d7d9,SAME,True,True,NO_PORT_NEEDED
src/quant_platform/orchestration/corrective_testnet_pair_execution.py,13f1ab46b266d3bd7a1faff74e251712a06414f974ec5e7771fdad2fc32c760b,a658141366e164ae0fda2b5dec09a1e537b52eee53624b08f4dfd428fd773c6a,a658141366e164ae0fda2b5dec09a1e537b52eee53624b08f4dfd428fd773c6a,CHANGED,False,True,REVIEW_REQUIRED
src/quant_platform/orchestration/corrective_trusted_artifact.py,,a1c0a0ad757afb0112565d8a2bb1fc7990c5b9ccbe368bac97fc4573934a67ab,a1c0a0ad757afb0112565d8a2bb1fc7990c5b9ccbe368bac97fc4573934a67ab,RUNTIME_ONLY,False,True,REVIEW_REQUIRED
src/quant_platform/orchestration/corrective_wizard_api_credit_receipt.py,6113ffc1cdab7d3a7d6d023d4c36a02d65eb323f7af2293ae5ec57e85cf44172,6113ffc1cdab7d3a7d6d023d4c36a02d65eb323f7af2293ae5ec57e85cf44172,6113ffc1cdab7d3a7d6d023d4c36a02d65eb323f7af2293ae5ec57e85cf44172,SAME,True,True,NO_PORT_NEEDED
src/quant_platform/orchestration/corrective_wizard_browser_auth.py,f1a17d291181d675ab772c0b1acb4df1419172f93f2ef6f7b1404c8bdb8117aa,62733fadc7b5dc90492768cd574b025373fd99bf4d035a412c5d032131b5b468,62733fadc7b5dc90492768cd574b025373fd99bf4d035a412c5d032131b5b468,CHANGED,False,True,REVIEW_REQUIRED
src/quant_platform/orchestration/corrective_wizard_capture_manifest.py,ab096ff87ad3e0f170a4fc06b657cd2cff34aeb469224428d57281ece05608b5,ab096ff87ad3e0f170a4fc06b657cd2cff34aeb469224428d57281ece05608b5,ab096ff87ad3e0f170a4fc06b657cd2cff34aeb469224428d57281ece05608b5,SAME,True,True,NO_PORT_NEEDED
src/quant_platform/orchestration/corrective_wizard_capture_reconciliation.py,70947875ebc234db2c5c66dbd6243d384081328e47e58fc1685f55ec6ba55cdc,70947875ebc234db2c5c66dbd6243d384081328e47e58fc1685f55ec6ba55cdc,70947875ebc234db2c5c66dbd6243d384081328e47e58fc1685f55ec6ba55cdc,SAME,True,True,NO_PORT_NEEDED
src/quant_platform/orchestration/corrective_wizard_comparator_review_control.py,c55f9bfba01cbfc7b0cc8f2f2c8aaa4e84bf63a57f4e9ac2d2b0b97d64934faa,c55f9bfba01cbfc7b0cc8f2f2c8aaa4e84bf63a57f4e9ac2d2b0b97d64934faa,c55f9bfba01cbfc7b0cc8f2f2c8aaa4e84bf63a57f4e9ac2d2b0b97d64934faa,SAME,True,True,NO_PORT_NEEDED
src/quant_platform/orchestration/corrective_wizard_copula_behavioral.py,d808f4a106b1758a6698b42063b66e000790bf84e0d5bca6f32567aa760a3063,d808f4a106b1758a6698b42063b66e000790bf84e0d5bca6f32567aa760a3063,d808f4a106b1758a6698b42063b66e000790bf84e0d5bca6f32567aa760a3063,SAME,True,True,NO_PORT_NEEDED
src/quant_platform/orchestration/corrective_wizard_copula_supersession.py,,6e33edf658b1cc4cb45c3374cab7f9cec5bbf4c4331943f1210cddf31ee23b4d,6e33edf658b1cc4cb45c3374cab7f9cec5bbf4c4331943f1210cddf31ee23b4d,RUNTIME_ONLY,False,True,REVIEW_REQUIRED
src/quant_platform/orchestration/corrective_wizard_dynamic_holdout.py,fa3428e3e7b321fcdeb4bdfee6bc8f9af426ff36e1a7f3509a7c23971afeca6a,fa3428e3e7b321fcdeb4bdfee6bc8f9af426ff36e1a7f3509a7c23971afeca6a,fa3428e3e7b321fcdeb4bdfee6bc8f9af426ff36e1a7f3509a7c23971afeca6a,SAME,True,True,NO_PORT_NEEDED
src/quant_platform/orchestration/corrective_wizard_dynamic_supreme_review.py,1b150b79a973a85f734c4c2ee4cce73e1b86b6f258c4138a98d0ac1b0075b3bb,1b150b79a973a85f734c4c2ee4cce73e1b86b6f258c4138a98d0ac1b0075b3bb,1b150b79a973a85f734c4c2ee4cce73e1b86b6f258c4138a98d0ac1b0075b3bb,SAME,True,True,NO_PORT_NEEDED
src/quant_platform/orchestration/corrective_wizard_ou_holdout.py,56e5cde9d5f5759edce3a3a1e7fc7fd6aa6d83eea4ecc30feecba6fea13000d4,56e5cde9d5f5759edce3a3a1e7fc7fd6aa6d83eea4ecc30feecba6fea13000d4,56e5cde9d5f5759edce3a3a1e7fc7fd6aa6d83eea4ecc30feecba6fea13000d4,SAME,True,True,NO_PORT_NEEDED
src/quant_platform/orchestration/corrective_wizard_ou_v4_failure_attribution.py,258292adede80682b53319a1339a02e3a38e25bd587eb59d95cd4bd48512c3cd,258292adede80682b53319a1339a02e3a38e25bd587eb59d95cd4bd48512c3cd,258292adede80682b53319a1339a02e3a38e25bd587eb59d95cd4bd48512c3cd,SAME,True,True,NO_PORT_NEEDED
src/quant_platform/orchestration/corrective_wizard_ou_v4_holdout.py,b01f84623d5846cb1bea5436433d77143cb1558fd11dea4a8163e3b58b38face,b01f84623d5846cb1bea5436433d77143cb1558fd11dea4a8163e3b58b38face,b01f84623d5846cb1bea5436433d77143cb1558fd11dea4a8163e3b58b38face,SAME,True,True,NO_PORT_NEEDED
src/quant_platform/orchestration/corrective_wizard_ou_v4_supreme_review.py,740fdf902b66da9711bae0b254719d4785abc3cc054bd8d6d394b4c55b1777ca,740fdf902b66da9711bae0b254719d4785abc3cc054bd8d6d394b4c55b1777ca,740fdf902b66da9711bae0b254719d4785abc3cc054bd8d6d394b4c55b1777ca,SAME,True,True,NO_PORT_NEEDED
src/quant_platform/orchestration/corrective_wizard_ou_v5_failure_attribution.py,111b8af419fa8e65bd9145ed38709b69cd3c8bdb77c6d113a5b0f6e3fe60864e,111b8af419fa8e65bd9145ed38709b69cd3c8bdb77c6d113a5b0f6e3fe60864e,111b8af419fa8e65bd9145ed38709b69cd3c8bdb77c6d113a5b0f6e3fe60864e,SAME,True,True,NO_PORT_NEEDED
src/quant_platform/orchestration/corrective_wizard_ou_v5_holdout.py,079c9ee392a4b1bf9a2704e06b8d5ee81cd9a703f4c65aecd27508138579b80c,079c9ee392a4b1bf9a2704e06b8d5ee81cd9a703f4c65aecd27508138579b80c,079c9ee392a4b1bf9a2704e06b8d5ee81cd9a703f4c65aecd27508138579b80c,SAME,True,True,NO_PORT_NEEDED
src/quant_platform/orchestration/corrective_wizard_ou_v5_supreme_review.py,5b67e4c192b47d1e788c1ec5cb075f7fd07fa07d213fea40879d2ceb004c52bf,5b67e4c192b47d1e788c1ec5cb075f7fd07fa07d213fea40879d2ceb004c52bf,5b67e4c192b47d1e788c1ec5cb075f7fd07fa07d213fea40879d2ceb004c52bf,SAME,True,True,NO_PORT_NEEDED
src/quant_platform/orchestration/corrective_wizard_ou_v6_holdout.py,f7244745419fadb8320462e842b9420f5268e053285982e44b51c348ba4fe0f2,f7244745419fadb8320462e842b9420f5268e053285982e44b51c348ba4fe0f2,f7244745419fadb8320462e842b9420f5268e053285982e44b51c348ba4fe0f2,SAME,True,True,NO_PORT_NEEDED
src/quant_platform/orchestration/corrective_wizard_ou_v6_supreme_review.py,7cb3d867343a686a8efad67ea10c995576ec79a9393b276225cfd1978ee30cf1,7cb3d867343a686a8efad67ea10c995576ec79a9393b276225cfd1978ee30cf1,7cb3d867343a686a8efad67ea10c995576ec79a9393b276225cfd1978ee30cf1,SAME,True,True,NO_PORT_NEEDED
src/quant_platform/orchestration/corrective_wizard_ou_v6_terminal_accounting.py,,9564ffbe7a74218d9c96d686aeccfd5f371959d44de1a9a7979566c9e7875f88,9564ffbe7a74218d9c96d686aeccfd5f371959d44de1a9a7979566c9e7875f88,RUNTIME_ONLY,False,True,REVIEW_REQUIRED
src/quant_platform/orchestration/corrective_wizard_ou_v6_terminal_closure.py,ea6949799671fc28a9ab19a43e66605b54a3642a90fa852c99f911e06934bdf7,21f1377a0bb35862a2c691a00f4f30a5b0676af3ed4b8c9a9a7da17f9bc67269,21f1377a0bb35862a2c691a00f4f30a5b0676af3ed4b8c9a9a7da17f9bc67269,CHANGED,False,True,REVIEW_REQUIRED
src/quant_platform/orchestration/corrective_wizard_parity.py,30a39d62ffd1f5c9857e8eeaedcf478f749e6318a19d219bdfda773e25757b7f,30a39d62ffd1f5c9857e8eeaedcf478f749e6318a19d219bdfda773e25757b7f,30a39d62ffd1f5c9857e8eeaedcf478f749e6318a19d219bdfda773e25757b7f,SAME,True,True,NO_PORT_NEEDED
src/quant_platform/orchestration/corrective_wizard_proof_launcher.py,e9dfbf182f4561b42bf3725ef6316cf7ec09f87f8d1cb5afdd4985299ff8406a,e9dfbf182f4561b42bf3725ef6316cf7ec09f87f8d1cb5afdd4985299ff8406a,be2bdd808ad8d427dcb4681327244de76ccd14d76f70b32c896f8140389f1ce1,CHANGED,True,False,REVIEW_REQUIRED
src/quant_platform/orchestration/corrective_wizard_proof_scheduler.py,8caf2e49f662c40f38252506e1b039898cf5cf8807e71d3994b71bf01dba10eb,c1323cc4d66f7365ec469fdef2e9689ce88c472f360b5b527d337efafb67edbb,b9719636635a1289af3ac6ceae7d89423fa903bbd527208f0a3aff9fdce260e0,CHANGED,False,False,REVIEW_REQUIRED
src/quant_platform/orchestration/corrective_wizard_reset_readiness.py,82f8c24b6a354ef2a72b49a759a7f0c53b0b4c71681e753da182d4a313309efa,82f8c24b6a354ef2a72b49a759a7f0c53b0b4c71681e753da182d4a313309efa,82f8c24b6a354ef2a72b49a759a7f0c53b0b4c71681e753da182d4a313309efa,SAME,True,True,NO_PORT_NEEDED
src/quant_platform/orchestration/corrective_wizard_surface_inventory.py,be13dbcc8eecf64a9a28ac8dafe48a4ce3cd046b5d0a18e574ed576172b39723,26a0b9f0bfbbb96730d60d08524e01f4ef9d8e1a77751d64651e0800c1986c58,26a0b9f0bfbbb96730d60d08524e01f4ef9d8e1a77751d64651e0800c1986c58,CHANGED,False,True,REVIEW_REQUIRED
src/quant_platform/orchestration/corrective_wizard_unattended_preflight.py,922024391a19832623d86ec9107b8ba34c11aeec6856985973040cbd2f1df015,922024391a19832623d86ec9107b8ba34c11aeec6856985973040cbd2f1df015,922024391a19832623d86ec9107b8ba34c11aeec6856985973040cbd2f1df015,SAME,True,True,NO_PORT_NEEDED
src/quant_platform/orchestration/current_wizard_collection_display.py,,26e72c163f14577dbcd2b09ae57c91fd43adca17227677b0079acf800d066038,26e72c163f14577dbcd2b09ae57c91fd43adca17227677b0079acf800d066038,RUNTIME_ONLY,False,True,REVIEW_REQUIRED
src/quant_platform/orchestration/current_wizard_hyperliquid_archive.py,3a237cb5bf0d333bed82ec0afa283ada2f3e5d6882d0d404570ffe7561a0668a,3a237cb5bf0d333bed82ec0afa283ada2f3e5d6882d0d404570ffe7561a0668a,3a237cb5bf0d333bed82ec0afa283ada2f3e5d6882d0d404570ffe7561a0668a,SAME,True,True,NO_PORT_NEEDED
src/quant_platform/orchestration/current_wizard_hyperliquid_archive_release.py,5c344ac7c785606e444e64cdeb8a44b43d6a99bd2b9f8498267998b0582ddb79,5c344ac7c785606e444e64cdeb8a44b43d6a99bd2b9f8498267998b0582ddb79,5c344ac7c785606e444e64cdeb8a44b43d6a99bd2b9f8498267998b0582ddb79,SAME,True,True,NO_PORT_NEEDED
src/quant_platform/orchestration/current_wizard_hyperliquid_cadence.py,0a255f48be7f9472767a5fc235ffd8ac2340cb2bc23af743e0cfe7c10cb8ff04,074a0c18ff528974bdeb5784b26fc4e6329fe95101acc5961b0e7620b279ac80,074a0c18ff528974bdeb5784b26fc4e6329fe95101acc5961b0e7620b279ac80,CHANGED,False,True,REVIEW_REQUIRED
src/quant_platform/orchestration/current_wizard_hyperliquid_completion_audit.py,f88f6e52ffa887d527b033b42c126560197396daae287f42bc128e19c9b0e37d,f88f6e52ffa887d527b033b42c126560197396daae287f42bc128e19c9b0e37d,f88f6e52ffa887d527b033b42c126560197396daae287f42bc128e19c9b0e37d,SAME,True,True,NO_PORT_NEEDED
src/quant_platform/orchestration/current_wizard_hyperliquid_concentration.py,85fabe0d72826de1168fc7b1e8d0ca7e7921ccaef49aba391ed527d8ac102528,14e961837eac53fcbc4feddb3430274b8be50dc7718fc36081bcbeb0e58297cd,14e961837eac53fcbc4feddb3430274b8be50dc7718fc36081bcbeb0e58297cd,CHANGED,False,True,REVIEW_REQUIRED
src/quant_platform/orchestration/current_wizard_hyperliquid_costs.py,fec643b2eedf87b31bbd72771c553a9f271196e253ab56fd62052bea4725facd,e81e682dd626d1edef9210405b4e746afed9eb1555376990bcefe46773c805ec,e81e682dd626d1edef9210405b4e746afed9eb1555376990bcefe46773c805ec,CHANGED,False,True,REVIEW_REQUIRED
src/quant_platform/orchestration/current_wizard_hyperliquid_daily_runner.py,0b7f4a4dc4539c03d17210aa048230cd701bd8b5cd90879311703102e9957bfb,2939e1dfc1b2fce05510c67cbaf6a653d9b39f43715a53a1526405460fed1981,9918cdc6345a55aed91b19d31ce194c31120b7018f49221e77d325ed1f392e96,CHANGED,False,False,REVIEW_REQUIRED
src/quant_platform/orchestration/current_wizard_hyperliquid_evidence_command_center.py,5babf2daecb550809c9802b65b3aad13b856ff616da9ae64288a32c78e2e11c3,5babf2daecb550809c9802b65b3aad13b856ff616da9ae64288a32c78e2e11c3,5babf2daecb550809c9802b65b3aad13b856ff616da9ae64288a32c78e2e11c3,SAME,True,True,NO_PORT_NEEDED
src/quant_platform/orchestration/current_wizard_hyperliquid_failure_attribution.py,8731eab72e9489a01d0c0c1357359a53c973251d46f9dcb1ba444616309756c7,b2c27b1a03db035e59b22611a3240926ba700b2f66d6625742880b8b08820b21,b2c27b1a03db035e59b22611a3240926ba700b2f66d6625742880b8b08820b21,CHANGED,False,True,REVIEW_REQUIRED
src/quant_platform/orchestration/current_wizard_hyperliquid_handoff.py,4211e54df3b1711c139b207bd00ba3f6e226227667dd1e0a5ac9780df0902803,d11435266ec5238f978d0592c7b0ae041d92a471c63ed83d2d0d176c27662a4c,d11435266ec5238f978d0592c7b0ae041d92a471c63ed83d2d0d176c27662a4c,CHANGED,False,True,REVIEW_REQUIRED
src/quant_platform/orchestration/current_wizard_hyperliquid_learning.py,c29fca8d47ed09552bfcd50ccfc611ca90336a265f0784cf3a518b451f52244e,f729aae1b94e29dbbc8e1a97a98a3ad955acc1e25efb89e14569a32e3b18386c,f729aae1b94e29dbbc8e1a97a98a3ad955acc1e25efb89e14569a32e3b18386c,CHANGED,False,True,REVIEW_REQUIRED
src/quant_platform/orchestration/current_wizard_hyperliquid_leverage.py,2d249659415b58b12260175154c792e35c81a0019cdfe9a50593a892345cba21,9afce6017c3956568b3ae8d575024c1e8b4faa148f8a272459a356dc8563ffe6,9afce6017c3956568b3ae8d575024c1e8b4faa148f8a272459a356dc8563ffe6,CHANGED,False,True,REVIEW_REQUIRED
src/quant_platform/orchestration/current_wizard_hyperliquid_math_comparison.py,61fbf6f444d7c56018e48147e795f4a4a9c7250102ba33fd53941998ff2a2a59,61fbf6f444d7c56018e48147e795f4a4a9c7250102ba33fd53941998ff2a2a59,61fbf6f444d7c56018e48147e795f4a4a9c7250102ba33fd53941998ff2a2a59,SAME,True,True,NO_PORT_NEEDED
src/quant_platform/orchestration/current_wizard_hyperliquid_observed_replay.py,a2b5fc4272b74d6016a13ce5cdcbe028608fee8bda3a87831a762b1c7b79f7d2,09bc33013a63cc83f95daf5111230a399d60302c5557cec26d70dd00221144b4,09bc33013a63cc83f95daf5111230a399d60302c5557cec26d70dd00221144b4,CHANGED,False,True,REVIEW_REQUIRED
src/quant_platform/orchestration/current_wizard_hyperliquid_regimes.py,d0b2573e3e49e53c75aa1dad998c84671ff1da2c6b5300bd11bf686faf14e66f,89f050941b8a6a4f06c31a41fa0e974ae355c9a843fc8415bafbf74a612f9a2f,89f050941b8a6a4f06c31a41fa0e974ae355c9a843fc8415bafbf74a612f9a2f,CHANGED,False,True,REVIEW_REQUIRED
src/quant_platform/orchestration/current_wizard_hyperliquid_replay.py,a90af31eceafef9a02f46b07e93e1f4142556140cbdbdf56e3d168756486efb8,36473978e4aeb4b46ced4959721038e3d3dacbffd0e74eaaa655d60f83d7aad3,36473978e4aeb4b46ced4959721038e3d3dacbffd0e74eaaa655d60f83d7aad3,CHANGED,False,True,REVIEW_REQUIRED
src/quant_platform/orchestration/current_wizard_hyperliquid_robustness.py,063aab5994aa0ff81a919c87ccf0ed3e9f395b984d977efc01decffee1f857ff,5f487cccae70a62b7422f33b8a04b0ef5aa5f586f46e9c6c033e18e06e050554,5f487cccae70a62b7422f33b8a04b0ef5aa5f586f46e9c6c033e18e06e050554,CHANGED,False,True,REVIEW_REQUIRED
src/quant_platform/orchestration/current_wizard_hyperliquid_storage.py,8f2746e256178e038d64f6a289cc0d524a4f579751a525eb8f58201360977028,8f2746e256178e038d64f6a289cc0d524a4f579751a525eb8f58201360977028,8f2746e256178e038d64f6a289cc0d524a4f579751a525eb8f58201360977028,SAME,True,True,NO_PORT_NEEDED
src/quant_platform/orchestration/current_wizard_hyperliquid_testnet_protocol.py,b17439819440d93cdceb150817eb0a6b1c941ae5a7c943971d8eb87cd004c2fa,b17439819440d93cdceb150817eb0a6b1c941ae5a7c943971d8eb87cd004c2fa,b17439819440d93cdceb150817eb0a6b1c941ae5a7c943971d8eb87cd004c2fa,SAME,True,True,NO_PORT_NEEDED
src/quant_platform/orchestration/current_wizard_hyperliquid_validation.py,00c04bd67c86f437fd9499bca391c13d29c99e404d5c2d7417ded3d4598bdaa8,593445e745c82710665181b0ab109394b915937989eea54230d8f649c5447f62,593445e745c82710665181b0ab109394b915937989eea54230d8f649c5447f62,CHANGED,False,True,REVIEW_REQUIRED
src/quant_platform/orchestration/current_wizard_hyperliquid_walkforward.py,07fe0fe5ff96a827076c076966bf504ddb9198c0b8aedb2f6b3e4542a4f5d9d4,8ddb2dc98bec8a5fa46b3282b35e495540fda68bcebd1d516029a851852bad2c,8ddb2dc98bec8a5fa46b3282b35e495540fda68bcebd1d516029a851852bad2c,CHANGED,False,True,REVIEW_REQUIRED
src/quant_platform/orchestration/current_wizard_ou_optimal_overlay.py,96fd525b863e95aabbac646d5bec7154659f320071d46c72114eb99e90e2fb84,6692c8fd2fb78db887929aecd04a62e800250c94e8fe2ebf6506e69e079d36cd,6692c8fd2fb78db887929aecd04a62e800250c94e8fe2ebf6506e69e079d36cd,CHANGED,False,True,REVIEW_REQUIRED
src/quant_platform/orchestration/daily_snapshot_contracts.py,,42ef60aa02bfefec67c356ab6182c7f752d93bd45b893519e1f74763d2bd04a8,42ef60aa02bfefec67c356ab6182c7f752d93bd45b893519e1f74763d2bd04a8,RUNTIME_ONLY,False,True,REVIEW_REQUIRED
src/quant_platform/orchestration/daily_snapshot_contracts_inputs.py,,d85220e8fa2373b6254c9395f89a71477fabd4620c7dd2ef2e4f36d70f0f7d7e,d85220e8fa2373b6254c9395f89a71477fabd4620c7dd2ef2e4f36d70f0f7d7e,RUNTIME_ONLY,False,True,REVIEW_REQUIRED
src/quant_platform/orchestration/daily_snapshot_contracts_outcomes.py,,264c126b8a165c5a84f9afab0a7724c944bf61a2f18c65850b6a40608e32f69f,264c126b8a165c5a84f9afab0a7724c944bf61a2f18c65850b6a40608e32f69f,RUNTIME_ONLY,False,True,REVIEW_REQUIRED
src/quant_platform/orchestration/daily_workload_preflight.py,,24b4cc7090f27ddeb6282b7a45631b878d7340f7420fb0e229a420197f7a981b,24b4cc7090f27ddeb6282b7a45631b878d7340f7420fb0e229a420197f7a981b,RUNTIME_ONLY,False,True,REVIEW_REQUIRED
src/quant_platform/orchestration/discovery_accounting.py,,31116acf9ab1350ab191db553d1cd230b98135a0e6eb4633b7f029897ec67096,c6b7ecd8e0987a7d8e30cc0246859c1bdd16331f233007ca3db174f76fc32b0c,RUNTIME_ONLY,False,False,REVIEW_REQUIRED
src/quant_platform/orchestration/dynamic_arbiter.py,e16255d3923b3944075a865983578cbbfdb2f942eabd0756f6a2f5d4495a22b8,e16255d3923b3944075a865983578cbbfdb2f942eabd0756f6a2f5d4495a22b8,e16255d3923b3944075a865983578cbbfdb2f942eabd0756f6a2f5d4495a22b8,SAME,True,True,NO_PORT_NEEDED
src/quant_platform/orchestration/dynamic_cli.py,978f1dc6fea28f91de337b27a4e9fb36ff8994c31e8213e4eaf8be65fa4ebb8d,978f1dc6fea28f91de337b27a4e9fb36ff8994c31e8213e4eaf8be65fa4ebb8d,978f1dc6fea28f91de337b27a4e9fb36ff8994c31e8213e4eaf8be65fa4ebb8d,SAME,True,True,NO_PORT_NEEDED
src/quant_platform/orchestration/dynamic_ledger.py,adb2e1666172dddcbc0f1cf1f9884967a9181c6622d00d898d55e5cd520f54f8,adb2e1666172dddcbc0f1cf1f9884967a9181c6622d00d898d55e5cd520f54f8,adb2e1666172dddcbc0f1cf1f9884967a9181c6622d00d898d55e5cd520f54f8,SAME,True,True,NO_PORT_NEEDED
src/quant_platform/orchestration/dynamic_rollout.py,caf14e51731b45f90c4a694d556a1866e1e354433e1aff8ae54fd3b766457290,caf14e51731b45f90c4a694d556a1866e1e354433e1aff8ae54fd3b766457290,caf14e51731b45f90c4a694d556a1866e1e354433e1aff8ae54fd3b766457290,SAME,True,True,NO_PORT_NEEDED
src/quant_platform/orchestration/dynamic_router.py,28257715053041bcfc87a50dbc8d7599fd7f29410804efa110e5d8b0e8f57259,28257715053041bcfc87a50dbc8d7599fd7f29410804efa110e5d8b0e8f57259,28257715053041bcfc87a50dbc8d7599fd7f29410804efa110e5d8b0e8f57259,SAME,True,True,NO_PORT_NEEDED
src/quant_platform/orchestration/dynamic_stage_runner.py,10a9001274875a108089db0cb90d406d0cb3c3058cc6615df1ac1fcb9798df8f,10a9001274875a108089db0cb90d406d0cb3c3058cc6615df1ac1fcb9798df8f,10a9001274875a108089db0cb90d406d0cb3c3058cc6615df1ac1fcb9798df8f,SAME,True,True,NO_PORT_NEEDED
src/quant_platform/orchestration/dynamic_supreme_team.py,ee7e4bcb31e73289771c74df1194e4bb9cd064858ce34d9ef6fb71d65434c568,ee7e4bcb31e73289771c74df1194e4bb9cd064858ce34d9ef6fb71d65434c568,ee7e4bcb31e73289771c74df1194e4bb9cd064858ce34d9ef6fb71d65434c568,SAME,True,True,NO_PORT_NEEDED
src/quant_platform/orchestration/effect_authority.py,27075c73c226fac5035af96ae45c9005dcef8318e25c8e459281edf55f1cc584,0bedce3c97f9a788f391be25b72537b4fcfc42cd3782a6d98ab6402f74dec4f9,0bedce3c97f9a788f391be25b72537b4fcfc42cd3782a6d98ab6402f74dec4f9,CHANGED,False,True,REVIEW_REQUIRED
src/quant_platform/orchestration/effect_root_binding.py,,c764bf89eea07a684469ed2477bcbbc6e0aaecc84a4057c02b392386cc751272,c764bf89eea07a684469ed2477bcbbc6e0aaecc84a4057c02b392386cc751272,RUNTIME_ONLY,False,True,REVIEW_REQUIRED
src/quant_platform/orchestration/elapsed_capture_job.py,,,1d0005cdd62078314347930ec127ae041c62632bdede2fd29e69b4dfa024546f,RUNTIME_ONLY,False,False,REVIEW_REQUIRED
src/quant_platform/orchestration/elapsed_capture_store.py,,,0df5c69709e6ed3060c07d235f4f6ac0202695449f4280a80b5175a2e44accb3,RUNTIME_ONLY,False,False,REVIEW_REQUIRED
src/quant_platform/orchestration/elapsed_causal_capture.py,,,b5408a2e88f24fc17785a5bd0f0315ef736f7784264bd81a50d23b12884fde9e,RUNTIME_ONLY,False,False,REVIEW_REQUIRED
src/quant_platform/orchestration/errors.py,e07de1b616747b7e3922f0e8acbfadb96928238b5889508eab33710763599972,e07de1b616747b7e3922f0e8acbfadb96928238b5889508eab33710763599972,e07de1b616747b7e3922f0e8acbfadb96928238b5889508eab33710763599972,SAME,True,True,NO_PORT_NEEDED
src/quant_platform/orchestration/events.py,b4a45342fc79b045148d529cf9ab289444221b972d296b104f43d4daf87ade0b,b4a45342fc79b045148d529cf9ab289444221b972d296b104f43d4daf87ade0b,b4a45342fc79b045148d529cf9ab289444221b972d296b104f43d4daf87ade0b,SAME,True,True,NO_PORT_NEEDED
src/quant_platform/orchestration/evidence_integrity.py,56d031730c05473feb659997b3dd8ce515507dce028df85889ec9fd02ece5196,56d031730c05473feb659997b3dd8ce515507dce028df85889ec9fd02ece5196,56d031730c05473feb659997b3dd8ce515507dce028df85889ec9fd02ece5196,SAME,True,True,NO_PORT_NEEDED
src/quant_platform/orchestration/exhaustive_wizard_api_refresh.py,08e7db497504d27f80a0f6f0a83848021d98dea53e53640b48a761aebe2a5f1c,856fbfb1a1a616b43e169f9ae602d5aada2de00bb50fde5853f95f80a8e1994a,856fbfb1a1a616b43e169f9ae602d5aada2de00bb50fde5853f95f80a8e1994a,CHANGED,False,True,REVIEW_REQUIRED
src/quant_platform/orchestration/exhaustive_wizard_hyperliquid_canonical_replay.py,206dd4250504919b5249d965eeafa9b03ad832b7f53438092d87cde57527583c,206dd4250504919b5249d965eeafa9b03ad832b7f53438092d87cde57527583c,206dd4250504919b5249d965eeafa9b03ad832b7f53438092d87cde57527583c,SAME,True,True,NO_PORT_NEEDED
src/quant_platform/orchestration/exhaustive_wizard_hyperliquid_concentration.py,753015317df71aa3ed4d9652d858b4172e89b6e6ac1972b9d5bd0ed96f483a92,753015317df71aa3ed4d9652d858b4172e89b6e6ac1972b9d5bd0ed96f483a92,753015317df71aa3ed4d9652d858b4172e89b6e6ac1972b9d5bd0ed96f483a92,SAME,True,True,NO_PORT_NEEDED
src/quant_platform/orchestration/exhaustive_wizard_hyperliquid_cost_bridge.py,a119e29df04d56bcc2a1b329181632da51d3b34e9838f6c25b8c6054aee7524a,a119e29df04d56bcc2a1b329181632da51d3b34e9838f6c25b8c6054aee7524a,a119e29df04d56bcc2a1b329181632da51d3b34e9838f6c25b8c6054aee7524a,SAME,True,True,NO_PORT_NEEDED
src/quant_platform/orchestration/exhaustive_wizard_hyperliquid_cost_evidence.py,3a3b1efc4f5d4ed580d950f2841c348faeac5e71dde99c845b2816e738f61aa1,3a3b1efc4f5d4ed580d950f2841c348faeac5e71dde99c845b2816e738f61aa1,3a3b1efc4f5d4ed580d950f2841c348faeac5e71dde99c845b2816e738f61aa1,SAME,True,True,NO_PORT_NEEDED
src/quant_platform/orchestration/exhaustive_wizard_hyperliquid_learning.py,f128a4e5e7a65e5218cbdb2739d354e8f11d1ff8fe08244803debf969abc67b3,f128a4e5e7a65e5218cbdb2739d354e8f11d1ff8fe08244803debf969abc67b3,f128a4e5e7a65e5218cbdb2739d354e8f11d1ff8fe08244803debf969abc67b3,SAME,True,True,NO_PORT_NEEDED
src/quant_platform/orchestration/exhaustive_wizard_hyperliquid_leverage.py,f98c6e6feda78161242ebe367bd757accc69b56013facc8c834dc031c204cc50,f98c6e6feda78161242ebe367bd757accc69b56013facc8c834dc031c204cc50,f98c6e6feda78161242ebe367bd757accc69b56013facc8c834dc031c204cc50,SAME,True,True,NO_PORT_NEEDED
src/quant_platform/orchestration/exhaustive_wizard_hyperliquid_observed_cost_replay.py,b16c38c3011096fd410b94dbd14c0974ae8a10b40f74a1f5c9b898782dbaf6ce,b16c38c3011096fd410b94dbd14c0974ae8a10b40f74a1f5c9b898782dbaf6ce,b16c38c3011096fd410b94dbd14c0974ae8a10b40f74a1f5c9b898782dbaf6ce,SAME,True,True,NO_PORT_NEEDED
src/quant_platform/orchestration/exhaustive_wizard_hyperliquid_regimes.py,dfb5c1036f3fd85fa8a014956c5f383ac6155b28c6c069def16e24db0e40050d,dfb5c1036f3fd85fa8a014956c5f383ac6155b28c6c069def16e24db0e40050d,dfb5c1036f3fd85fa8a014956c5f383ac6155b28c6c069def16e24db0e40050d,SAME,True,True,NO_PORT_NEEDED
src/quant_platform/orchestration/exhaustive_wizard_hyperliquid_replay.py,45ac2ac271388071e26bc62ea131aa7f55bdeda1f38fa578d513322953620017,45ac2ac271388071e26bc62ea131aa7f55bdeda1f38fa578d513322953620017,45ac2ac271388071e26bc62ea131aa7f55bdeda1f38fa578d513322953620017,SAME,True,True,NO_PORT_NEEDED
src/quant_platform/orchestration/exhaustive_wizard_hyperliquid_robustness.py,c182995189ea1095de0da50fd6734f4852cb6c69b7a83aba24e7f32baab32e1d,c182995189ea1095de0da50fd6734f4852cb6c69b7a83aba24e7f32baab32e1d,c182995189ea1095de0da50fd6734f4852cb6c69b7a83aba24e7f32baab32e1d,SAME,True,True,NO_PORT_NEEDED
src/quant_platform/orchestration/exhaustive_wizard_hyperliquid_run.py,bb6c17c596b8cd42f11c6fa4d86aefde6e67722a7c3fed30d3165ef2d01a0faf,bb6c17c596b8cd42f11c6fa4d86aefde6e67722a7c3fed30d3165ef2d01a0faf,bb6c17c596b8cd42f11c6fa4d86aefde6e67722a7c3fed30d3165ef2d01a0faf,SAME,True,True,NO_PORT_NEEDED
src/quant_platform/orchestration/exhaustive_wizard_hyperliquid_validation.py,f8b3287aa0a48de3e469a8f3d2a53efcc893e20e6d8cd43879d3465bb2d80870,f8b3287aa0a48de3e469a8f3d2a53efcc893e20e6d8cd43879d3465bb2d80870,f8b3287aa0a48de3e469a8f3d2a53efcc893e20e6d8cd43879d3465bb2d80870,SAME,True,True,NO_PORT_NEEDED
src/quant_platform/orchestration/exhaustive_wizard_hyperliquid_walkforward.py,aa061b1ef764796c16280b1dd2ad878e47ac0fe9efdc11d448d16f13669b6727,aa061b1ef764796c16280b1dd2ad878e47ac0fe9efdc11d448d16f13669b6727,aa061b1ef764796c16280b1dd2ad878e47ac0fe9efdc11d448d16f13669b6727,SAME,True,True,NO_PORT_NEEDED
src/quant_platform/orchestration/funding_request_allocation.py,,376512103438320b7a4301aa12b643682e2787d743e733c6a86dea6e3f1f334e,376512103438320b7a4301aa12b643682e2787d743e733c6a86dea6e3f1f334e,RUNTIME_ONLY,False,True,REVIEW_REQUIRED
src/quant_platform/orchestration/guards.py,ff26a292b4d106ad813d7ffbcd7bc763888fbabb332d73306108685b194f6df6,ff26a292b4d106ad813d7ffbcd7bc763888fbabb332d73306108685b194f6df6,ff26a292b4d106ad813d7ffbcd7bc763888fbabb332d73306108685b194f6df6,SAME,True,True,NO_PORT_NEEDED
src/quant_platform/orchestration/human_evidence_dashboard.py,,7fba6fb262bc756f4742f09a2799078b25f20246f75b76e65db2d836218bd951,7fba6fb262bc756f4742f09a2799078b25f20246f75b76e65db2d836218bd951,RUNTIME_ONLY,False,True,REVIEW_REQUIRED
src/quant_platform/orchestration/human_evidence_research.py,,431e3313236ea38720a248e0a2c506aa547fd79f4fc27880ef55bd3b05023120,431e3313236ea38720a248e0a2c506aa547fd79f4fc27880ef55bd3b05023120,RUNTIME_ONLY,False,True,REVIEW_REQUIRED
src/quant_platform/orchestration/human_evidence_view.py,,94a61abdef3dd70c43bf6e2f535310dd7280c53f70fcbd341361cd0e89cd9435,94a61abdef3dd70c43bf6e2f535310dd7280c53f70fcbd341361cd0e89cd9435,RUNTIME_ONLY,False,True,REVIEW_REQUIRED
src/quant_platform/orchestration/hyperliquid_l2_calibration_intake.py,,,095c2de0294c7ebf9734d2ea8f27b8cec08c40a4aa15ca60e209ec1297d25487,RUNTIME_ONLY,False,False,REVIEW_REQUIRED
src/quant_platform/orchestration/hyperliquid_learning_and_risk.py,5c9237d3ee0d46b33169f993c062f5815b97598afef4840bef7a8ad36eb34191,5c9237d3ee0d46b33169f993c062f5815b97598afef4840bef7a8ad36eb34191,5c9237d3ee0d46b33169f993c062f5815b97598afef4840bef7a8ad36eb34191,SAME,True,True,NO_PORT_NEEDED
src/quant_platform/orchestration/hyperliquid_research_cycle.py,83af240de9f36e61421cf9a4f095b20110e8b4f0a270e53f15d0dbc66ce63aab,83af240de9f36e61421cf9a4f095b20110e8b4f0a270e53f15d0dbc66ce63aab,83af240de9f36e61421cf9a4f095b20110e8b4f0a270e53f15d0dbc66ce63aab,SAME,True,True,NO_PORT_NEEDED
src/quant_platform/orchestration/hyperliquid_research_validation.py,d4192688debe2e1d85978daeba47d5e62c0fcacc6544ca5e84295d4b43c9f4d0,d4192688debe2e1d85978daeba47d5e62c0fcacc6544ca5e84295d4b43c9f4d0,d4192688debe2e1d85978daeba47d5e62c0fcacc6544ca5e84295d4b43c9f4d0,SAME,True,True,NO_PORT_NEEDED
src/quant_platform/orchestration/hyperliquid_run_manifest.py,b4cb3dc7d88dc9a9e50166dc71eec14170e0003a7211f456caf59c2e9588d3e4,b4cb3dc7d88dc9a9e50166dc71eec14170e0003a7211f456caf59c2e9588d3e4,b4cb3dc7d88dc9a9e50166dc71eec14170e0003a7211f456caf59c2e9588d3e4,SAME,True,True,NO_PORT_NEEDED
src/quant_platform/orchestration/hyperliquid_testnet_lifecycle_evidence.py,ab2b604a575eeefd97012f95cefb2664fae41e72654467ecef029c757a8e7ef6,6c73e79122f3c06ed13cb85857344d056a069f76343c048eff6d0632640dc689,6c73e79122f3c06ed13cb85857344d056a069f76343c048eff6d0632640dc689,CHANGED,False,True,REVIEW_REQUIRED
src/quant_platform/orchestration/identity_ontology.py,4876342ad9bbc6141ef433fec007ba5f76fadee7d67bded8d617443f67f3c7f2,4876342ad9bbc6141ef433fec007ba5f76fadee7d67bded8d617443f67f3c7f2,4876342ad9bbc6141ef433fec007ba5f76fadee7d67bded8d617443f67f3c7f2,SAME,True,True,NO_PORT_NEEDED
src/quant_platform/orchestration/institutional_contracts.py,,08b98c33656399e4b0ece211f8d4e7f2fda158658b24c96b176e8e9a30a25f07,08b98c33656399e4b0ece211f8d4e7f2fda158658b24c96b176e8e9a30a25f07,RUNTIME_ONLY,False,True,REVIEW_REQUIRED
src/quant_platform/orchestration/institutional_fund_graph.py,,add50ecad0bf74457015e0856239b6f94e45b695a75c0969b9950b078f7d5633,add50ecad0bf74457015e0856239b6f94e45b695a75c0969b9950b078f7d5633,RUNTIME_ONLY,False,True,REVIEW_REQUIRED
src/quant_platform/orchestration/interactive_mixtape_graph.py,782ead0502e4a8d4b607ac3d61097f6c0d219c891cf891bb8871cbe1a354d30f,4a9a6cecf335419ec49fd1de0ce15f168a21a4f7bd4f815a2cb4c10faeb9038b,4a9a6cecf335419ec49fd1de0ce15f168a21a4f7bd4f815a2cb4c10faeb9038b,CHANGED,False,True,REVIEW_REQUIRED
src/quant_platform/orchestration/langgraph_workflow.py,a39a92f57aeffd0edcf3dcfa7229a48a58b68dbf826227f76d5943c77ceef85c,a39a92f57aeffd0edcf3dcfa7229a48a58b68dbf826227f76d5943c77ceef85c,a39a92f57aeffd0edcf3dcfa7229a48a58b68dbf826227f76d5943c77ceef85c,SAME,True,True,NO_PORT_NEEDED
src/quant_platform/orchestration/math_acceptance_currentness.py,,ae4f18066ac63f764ca7c662856396387708cd7c783760131011a533c992b37b,ae4f18066ac63f764ca7c662856396387708cd7c783760131011a533c992b37b,RUNTIME_ONLY,False,True,REVIEW_REQUIRED
src/quant_platform/orchestration/mini_agents.py,94a7325f4ed842f2fcf47567f9a79f7e1526ed3d3062fb3ea85e23b53758897c,94a7325f4ed842f2fcf47567f9a79f7e1526ed3d3062fb3ea85e23b53758897c,09b05dca77d91c41f2d78cce07f1c3c676bb2afb83093be8ad615650bcad1b3d,CHANGED,True,False,REVIEW_REQUIRED
src/quant_platform/orchestration/multi_asset_capture_job.py,e026a002855a7fb967dd17967cc693461c62d581107b9b8eda5e73193da55e83,,7db4e864b50126356c0c67fb70712fcf8b2f8549a6a9a6b5855a1dc8cd47bb10,CHANGED,False,False,REVIEW_REQUIRED
src/quant_platform/orchestration/multi_asset_capture_verify.py,412ff120dd8a6788779ec240e8bf29ebd528bf99894ca2e4aedbb974472f1365,,699e4d717b34796891219f66b4301d837cf6377a822dfac7d618e0237978b649,CHANGED,False,False,REVIEW_REQUIRED
src/quant_platform/orchestration/nodes.py,ce147c8c3aad5a21d27c0f93ba70c9ceb5da10a4e36ea06525bb9521e77e0ca5,ce147c8c3aad5a21d27c0f93ba70c9ceb5da10a4e36ea06525bb9521e77e0ca5,81f25d20cff59a6ada863362cd4907f5d93e9772e2f344da43bf8477aaffd4b7,CHANGED,True,False,REVIEW_REQUIRED
src/quant_platform/orchestration/operating_lane.py,,b5a306a4ed7d1428c90d8fdd8423a27eb523082f034cf936725d59c594240dd8,b5a306a4ed7d1428c90d8fdd8423a27eb523082f034cf936725d59c594240dd8,RUNTIME_ONLY,False,True,REVIEW_REQUIRED
src/quant_platform/orchestration/orchestrator.py,40e9be2d1b0b2dfc759338c47af87ad69b67b671a977428c3f580e36686cd8a2,40e9be2d1b0b2dfc759338c47af87ad69b67b671a977428c3f580e36686cd8a2,40e9be2d1b0b2dfc759338c47af87ad69b67b671a977428c3f580e36686cd8a2,SAME,True,True,NO_PORT_NEEDED
src/quant_platform/orchestration/orchestrator_assistant.py,61f0efabc4d2f3c625583161ef8342be20088548813d7bd1d3748c80765d737c,61f0efabc4d2f3c625583161ef8342be20088548813d7bd1d3748c80765d737c,61f0efabc4d2f3c625583161ef8342be20088548813d7bd1d3748c80765d737c,SAME,True,True,NO_PORT_NEEDED
src/quant_platform/orchestration/personal_trader_graph.py,,ab8f6b20a9e18b5b42cb3d103b3977565031c18f91197b5f46d83ebcc9fb1696,ab8f6b20a9e18b5b42cb3d103b3977565031c18f91197b5f46d83ebcc9fb1696,RUNTIME_ONLY,False,True,REVIEW_REQUIRED
src/quant_platform/orchestration/phase00_ccxt_evidence.py,e1cb13c0767bfeca60a922697f39007d784da5e83af196f2917a8c5f8d2da322,e1cb13c0767bfeca60a922697f39007d784da5e83af196f2917a8c5f8d2da322,e1cb13c0767bfeca60a922697f39007d784da5e83af196f2917a8c5f8d2da322,SAME,True,True,NO_PORT_NEEDED
src/quant_platform/orchestration/precollection_admission.py,,0d5790d754a4f30c5cf33fbdcfcff06fca257b3aa03669dcb427173e823c66ea,e34da8dc48824b5a9e4dc526c0fa22e03ac79628bad1521e5415cdbb528d0137,RUNTIME_ONLY,False,False,REVIEW_REQUIRED
src/quant_platform/orchestration/precollection_campaign_builder.py,,,8c45cb1971034673a91e2d64cc573a61af7fe913b1f76572a915ebf394225a4c,RUNTIME_ONLY,False,False,REVIEW_REQUIRED
src/quant_platform/orchestration/precollection_campaign_io.py,,a00e054df9b64a6ba0c7439f17e86c5397926617f1a031153a58d1a9d8a7477a,a00e054df9b64a6ba0c7439f17e86c5397926617f1a031153a58d1a9d8a7477a,RUNTIME_ONLY,False,True,REVIEW_REQUIRED
src/quant_platform/orchestration/precollection_cycle_owner.py,,e6f4747c10252e876e40b8fe4b27e86fb338cab3953df35018e4cb929341a7ac,e6f4747c10252e876e40b8fe4b27e86fb338cab3953df35018e4cb929341a7ac,RUNTIME_ONLY,False,True,REVIEW_REQUIRED
src/quant_platform/orchestration/precollection_cycle_worker.py,,3dbff3aa9e42e1efa26c75400e395c2a409abdf0eedbf77ce653f308b2ea34c0,3dbff3aa9e42e1efa26c75400e395c2a409abdf0eedbf77ce653f308b2ea34c0,RUNTIME_ONLY,False,True,REVIEW_REQUIRED
src/quant_platform/orchestration/precollection_launcher_monitor.py,,a5b1f312436ec48101448a34217954fc913b096fb0dbb407c82ecae7d8aaf14a,a5b1f312436ec48101448a34217954fc913b096fb0dbb407c82ecae7d8aaf14a,RUNTIME_ONLY,False,True,REVIEW_REQUIRED
src/quant_platform/orchestration/precollection_monitor.py,,fec83a791f698384e48c70541295657077077ac2a9c10fa814c877d3836684e1,fec83a791f698384e48c70541295657077077ac2a9c10fa814c877d3836684e1,RUNTIME_ONLY,False,True,REVIEW_REQUIRED
src/quant_platform/orchestration/precollection_monitor_schedule.py,,20268c32f0c5967036abca92ae9819c8d5fc743977a147b40d263b42e6d89db3,20268c32f0c5967036abca92ae9819c8d5fc743977a147b40d263b42e6d89db3,RUNTIME_ONLY,False,True,REVIEW_REQUIRED
src/quant_platform/orchestration/precollection_observer.py,,d8bfa75de8cd6f48364d6e08107da4ce26ffda11bb478fb38c8632b6bcc7ff13,d8bfa75de8cd6f48364d6e08107da4ce26ffda11bb478fb38c8632b6bcc7ff13,RUNTIME_ONLY,False,True,REVIEW_REQUIRED
src/quant_platform/orchestration/precollection_observer_child.py,,b7bfe4d8913a78cf5e875c9c92bdcf3d12ccd6ac6e970f20e13e1aec6c7cb667,18421f5e1ef34aecd9e79c4643014fdfdc6ed695b1e07ce6828440f363d80b21,RUNTIME_ONLY,False,False,REVIEW_REQUIRED
src/quant_platform/orchestration/precollection_observer_deployment.py,,f497571379bba96304cd149bee8dedf6d9b1487cd826f1d8ef3bef9214d5c609,f497571379bba96304cd149bee8dedf6d9b1487cd826f1d8ef3bef9214d5c609,RUNTIME_ONLY,False,True,REVIEW_REQUIRED
src/quant_platform/orchestration/precollection_observer_inbox.py,,f2e666baf8f970827aecd436ad523d64584de9764387c299c77b3811964b06de,f2e666baf8f970827aecd436ad523d64584de9764387c299c77b3811964b06de,RUNTIME_ONLY,False,True,REVIEW_REQUIRED
src/quant_platform/orchestration/precollection_observer_io.py,,38c859a49096e7bda9aef0898a3541077b843115e501c3bf8732a85a419f8293,38c859a49096e7bda9aef0898a3541077b843115e501c3bf8732a85a419f8293,RUNTIME_ONLY,False,True,REVIEW_REQUIRED
src/quant_platform/orchestration/precollection_observer_process.py,,c179688fdd6365e3b8497662d632d20ac9e257dfb2c9d827e9abfa8e19d0d96e,c179688fdd6365e3b8497662d632d20ac9e257dfb2c9d827e9abfa8e19d0d96e,RUNTIME_ONLY,False,True,REVIEW_REQUIRED
src/quant_platform/orchestration/precollection_poll_launcher.py,,fd98e50fda61bbcf310c828b7840d9b4db7b1f41a7bfc1551ec65e2042717b14,fd98e50fda61bbcf310c828b7840d9b4db7b1f41a7bfc1551ec65e2042717b14,RUNTIME_ONLY,False,True,REVIEW_REQUIRED
src/quant_platform/orchestration/precollection_poll_store.py,,e0d06b1157b1f5e0d663bdb5bff126c5ead3d4818893e7c112d73dc29847c87e,e0d06b1157b1f5e0d663bdb5bff126c5ead3d4818893e7c112d73dc29847c87e,RUNTIME_ONLY,False,True,REVIEW_REQUIRED
src/quant_platform/orchestration/precollection_poll_watchdog.py,,02dd2d844e8e2758adcf0ceaeffe9c7d17f92d8804a777f2fffdf7bf2ab52295,02dd2d844e8e2758adcf0ceaeffe9c7d17f92d8804a777f2fffdf7bf2ab52295,RUNTIME_ONLY,False,True,REVIEW_REQUIRED
src/quant_platform/orchestration/publication_target_inventory.py,,b317b2ea80d5bc7f2271d565f9b7fb1da932bf47bf5b3c2459dc64abdc6568ae,b317b2ea80d5bc7f2271d565f9b7fb1da932bf47bf5b3c2459dc64abdc6568ae,RUNTIME_ONLY,False,True,REVIEW_REQUIRED
src/quant_platform/orchestration/reporting.py,752c7fe8cf6d45486991a8267ea04adff468da53294cab37e40e8ed0ff4a658e,752c7fe8cf6d45486991a8267ea04adff468da53294cab37e40e8ed0ff4a658e,752c7fe8cf6d45486991a8267ea04adff468da53294cab37e40e8ed0ff4a658e,SAME,True,True,NO_PORT_NEEDED
src/quant_platform/orchestration/scheduler_terminal_paths.py,,9f82e6c0b6c1340dfde12d443813420e3490134e4999a1b627c6b652d41de63d,9f82e6c0b6c1340dfde12d443813420e3490134e4999a1b627c6b652d41de63d,RUNTIME_ONLY,False,True,REVIEW_REQUIRED
src/quant_platform/orchestration/snapshot_lineage.py,4f97577a1e3464ba769ae4da329909b34d0817aa4d304e82f522427f30c62078,4f97577a1e3464ba769ae4da329909b34d0817aa4d304e82f522427f30c62078,4f97577a1e3464ba769ae4da329909b34d0817aa4d304e82f522427f30c62078,SAME,True,True,NO_PORT_NEEDED
src/quant_platform/orchestration/specialist_scoreboard.py,429cf657b430c7a0589cb26beaa95c4e62d75b545183970768386b85215660f2,429cf657b430c7a0589cb26beaa95c4e62d75b545183970768386b85215660f2,429cf657b430c7a0589cb26beaa95c4e62d75b545183970768386b85215660f2,SAME,True,True,NO_PORT_NEEDED
src/quant_platform/orchestration/state.py,cc35706678c509686966a455d0cff7a470cb1b7c50f603f8f0fa1d1bacab486c,cc35706678c509686966a455d0cff7a470cb1b7c50f603f8f0fa1d1bacab486c,cc35706678c509686966a455d0cff7a470cb1b7c50f603f8f0fa1d1bacab486c,SAME,True,True,NO_PORT_NEEDED
src/quant_platform/orchestration/student_readiness.py,b33d25dab5156275c026ec59934cfc369cce023b22cf34aa8c4655e9cfa333e9,7544803621ca3371ec5db8f8fb766d0dfe8d84d4631d3df5b31ea0acd618f965,7544803621ca3371ec5db8f8fb766d0dfe8d84d4631d3df5b31ea0acd618f965,CHANGED,False,True,REVIEW_REQUIRED
src/quant_platform/orchestration/teacher_adapters.py,93a876e64ea988cb363d1cd7a176c6353083306c2515c831ae76c45bef9fe28b,2155c3a7e956148da1a487e406519a34dfaca47369f79f3fa25dc70a3a425a2d,2155c3a7e956148da1a487e406519a34dfaca47369f79f3fa25dc70a3a425a2d,CHANGED,False,True,REVIEW_REQUIRED
src/quant_platform/orchestration/teacher_contracts.py,595cf2afea0da56d63dff3e64383b463419b0184dc9d4b7e51429177a0e781c3,2d492ba7480bca3d3281da3429775b7a84277e5f35b51068fddc0040b4f5b2d6,2d492ba7480bca3d3281da3429775b7a84277e5f35b51068fddc0040b4f5b2d6,CHANGED,False,True,REVIEW_REQUIRED
src/quant_platform/orchestration/teacher_control_plane.py,f1e2778596b2f8df64081584aad8f2aa13784bd4c2039cf0a6d5c782de25a1a1,ab8a5682d5cdb0290a05479d66f61e8cb46ec89112980a1cf5717e6fde59ca42,ab8a5682d5cdb0290a05479d66f61e8cb46ec89112980a1cf5717e6fde59ca42,CHANGED,False,True,REVIEW_REQUIRED
src/quant_platform/orchestration/teacher_council.py,57a76d07b46860e143c4a865c315577246c41bf7247c999d1da61a3b17fded83,6083b211042f6dc6694d3b017b5fbcf04d90b61cef97d90bc741a5598544c624,6083b211042f6dc6694d3b017b5fbcf04d90b61cef97d90bc741a5598544c624,CHANGED,False,True,REVIEW_REQUIRED
src/quant_platform/orchestration/teacher_evidence_materializer.py,742c7c52a9bf450c36d950f6be98313a956013368169d1de2734a9ec990b5816,4ea664abe060d908d15252f42315d67b736471f5896d11d5f8ee89f6011d2771,4ea664abe060d908d15252f42315d67b736471f5896d11d5f8ee89f6011d2771,CHANGED,False,True,REVIEW_REQUIRED
src/quant_platform/orchestration/venue_capabilities.py,82b229343a1c9a7d38303984a9285aa6a1bf5e1814600ce9319a15489b8d54b8,82b229343a1c9a7d38303984a9285aa6a1bf5e1814600ce9319a15489b8d54b8,82b229343a1c9a7d38303984a9285aa6a1bf5e1814600ce9319a15489b8d54b8,SAME,True,True,NO_PORT_NEEDED
src/quant_platform/orchestration/venue_gate.py,3f477a30f2b428354a231eb73babbc0761512c7cc9fd764e0b0f9d2d15090ae8,3f477a30f2b428354a231eb73babbc0761512c7cc9fd764e0b0f9d2d15090ae8,3f477a30f2b428354a231eb73babbc0761512c7cc9fd764e0b0f9d2d15090ae8,SAME,True,True,NO_PORT_NEEDED
src/quant_platform/orchestration/venue_policy_registry.py,daad4c54d4c0b140b415037509e6c24d539d84eb21ea1237e7c53873751bf981,daad4c54d4c0b140b415037509e6c24d539d84eb21ea1237e7c53873751bf981,daad4c54d4c0b140b415037509e6c24d539d84eb21ea1237e7c53873751bf981,SAME,True,True,NO_PORT_NEEDED
src/quant_platform/orchestration/versioned_learning_comparison.py,77e98ae9811c2f375e463ebfbf80f3ceb2f4ad7a6a9128ab735a2020bc87c11e,77e98ae9811c2f375e463ebfbf80f3ceb2f4ad7a6a9128ab735a2020bc87c11e,77e98ae9811c2f375e463ebfbf80f3ceb2f4ad7a6a9128ab735a2020bc87c11e,SAME,True,True,NO_PORT_NEEDED
src/quant_platform/orchestration/wizard_frozen_source_qualification.py,,,4814908884f63d6203f254c480a2e7f96f00a4f41ef7e34b3819c27846a6396d,RUNTIME_ONLY,False,False,REVIEW_REQUIRED
src/quant_platform/orchestration/wizard_hyperliquid_frozen_adapter.py,,,0c3c7137f9b4595cca363743c8639d4d5ebb0c5c0c31e0f8e7d1af4890f9009d,RUNTIME_ONLY,False,False,REVIEW_REQUIRED
src/quant_platform/orchestration/wizard_hyperliquid_l2_calibration_runner.py,,,3b9cb2ded1fbfc7e45316959cafe5486262b3366957c314a93e00e9cfd76a07f,RUNTIME_ONLY,False,False,REVIEW_REQUIRED
src/quant_platform/orchestration/wizard_keychain.py,,,e9c381eeb6b766c51260d1b2e5e2656ee0971bec222c725b7ad084e63d0bbf24,RUNTIME_ONLY,False,False,REVIEW_REQUIRED
src/quant_platform/orchestration/wizard_pair_detail_api_pilot.py,08278660c779c5a6c69887cd6b149870658d54827c91b006d0b59f546bbccf0e,08278660c779c5a6c69887cd6b149870658d54827c91b006d0b59f546bbccf0e,08278660c779c5a6c69887cd6b149870658d54827c91b006d0b59f546bbccf0e,SAME,True,True,NO_PORT_NEEDED
src/quant_platform/orchestration/wizard_research_validation_spine.py,,,30b77827d00884e770a982911f4c570cb8a74bf0ea96c75724a6310e9ee42eb4,RUNTIME_ONLY,False,False,REVIEW_REQUIRED
src/quant_platform/orchestration/wizard_source_route_config.py,,,610b036874c63281913c0969ad37bf627f1e11ce6caf349fcf8e2e112ea87dc1,RUNTIME_ONLY,False,False,REVIEW_REQUIRED
src/quant_platform/package_build.py,,cc9c5e3a6d1840f308d673b475ae4cbc8d8b6effb94b14d5c793e22006cc5789,cc9c5e3a6d1840f308d673b475ae4cbc8d8b6effb94b14d5c793e22006cc5789,RUNTIME_ONLY,False,True,REVIEW_REQUIRED
src/quant_platform/pair_detail_ingestion.py,f2d8637851dd8b8533cb86458f85ccd78a390eca59a808f07e560a09f88c2e04,f2d8637851dd8b8533cb86458f85ccd78a390eca59a808f07e560a09f88c2e04,f2d8637851dd8b8533cb86458f85ccd78a390eca59a808f07e560a09f88c2e04,SAME,True,True,NO_PORT_NEEDED
src/quant_platform/pair_market_utils.py,edcff64ffad36e27a19dfb7e9b4d88292eaad51e473c6be99ff51f8106e32966,edcff64ffad36e27a19dfb7e9b4d88292eaad51e473c6be99ff51f8106e32966,edcff64ffad36e27a19dfb7e9b4d88292eaad51e473c6be99ff51f8106e32966,SAME,True,True,NO_PORT_NEEDED
src/quant_platform/performance_math.py,59d7107be24495da625e92224cafc331ef88d5c8b8832ddda270d8bdffffb68f,85437a9e757192d7ef3284e50d90d88c79348ddac430c9b0e1880201f901fae7,85437a9e757192d7ef3284e50d90d88c79348ddac430c9b0e1880201f901fae7,CHANGED,False,True,REVIEW_REQUIRED
src/quant_platform/point_in_time_data.py,,adc61b1dd773736cdf228efd8fce7c4869207f86f98255dec9625696ad6a109e,adc61b1dd773736cdf228efd8fce7c4869207f86f98255dec9625696ad6a109e,RUNTIME_ONLY,False,True,REVIEW_REQUIRED
src/quant_platform/portfolio.py,5ff4aeee5819b92c3129baf5756069d4e8d9d93471beba3ff204a03bb6427d61,5ff4aeee5819b92c3129baf5756069d4e8d9d93471beba3ff204a03bb6427d61,5ff4aeee5819b92c3129baf5756069d4e8d9d93471beba3ff204a03bb6427d61,SAME,True,True,NO_PORT_NEEDED
src/quant_platform/protective_exits.py,,cc2df3487e7aab01faba18aeffb3119301751cdc2432a7e78522665466fb5e77,cc2df3487e7aab01faba18aeffb3119301751cdc2432a7e78522665466fb5e77,RUNTIME_ONLY,False,True,REVIEW_REQUIRED
src/quant_platform/regimes.py,3932d3e3ca5482579c24b8abf342ffa7f37741a5306d09e21033ac9d6b75df98,3932d3e3ca5482579c24b8abf342ffa7f37741a5306d09e21033ac9d6b75df98,3932d3e3ca5482579c24b8abf342ffa7f37741a5306d09e21033ac9d6b75df98,SAME,True,True,NO_PORT_NEEDED
src/quant_platform/research_assertions.py,,1c98b712029114fe1e740d0d76cf9222b1da1e455e35230ef8556a04ea290d58,1c98b712029114fe1e740d0d76cf9222b1da1e455e35230ef8556a04ea290d58,RUNTIME_ONLY,False,True,REVIEW_REQUIRED
src/quant_platform/research_extract_ccxt.py,17b8a44a47cc621633a6ee05068559330199f93ab69afebe6cec5ff0da7075a2,17b8a44a47cc621633a6ee05068559330199f93ab69afebe6cec5ff0da7075a2,17b8a44a47cc621633a6ee05068559330199f93ab69afebe6cec5ff0da7075a2,SAME,True,True,NO_PORT_NEEDED
src/quant_platform/research_extract_udemy.py,1f35afd9fffa5de8907bf93b1c499a25c70dbc20f90f11eee36c18d3b4c30969,1f35afd9fffa5de8907bf93b1c499a25c70dbc20f90f11eee36c18d3b4c30969,1f35afd9fffa5de8907bf93b1c499a25c70dbc20f90f11eee36c18d3b4c30969,SAME,True,True,NO_PORT_NEEDED
src/quant_platform/research_extract_youtube.py,6017f678ee31160e314830f006a58091212227113652f85242a68f3b526624a5,6017f678ee31160e314830f006a58091212227113652f85242a68f3b526624a5,6017f678ee31160e314830f006a58091212227113652f85242a68f3b526624a5,SAME,True,True,NO_PORT_NEEDED
src/quant_platform/research_extraction.py,1977916ecb059a07db776c0dfd2992a985891151634049823c937c32646873da,1977916ecb059a07db776c0dfd2992a985891151634049823c937c32646873da,1977916ecb059a07db776c0dfd2992a985891151634049823c937c32646873da,SAME,True,True,NO_PORT_NEEDED
src/quant_platform/research_ingestion.py,398a9509e5655c1cc7fd81a9f55d35415545648aaaedfbf90cb7d92b19520340,398a9509e5655c1cc7fd81a9f55d35415545648aaaedfbf90cb7d92b19520340,398a9509e5655c1cc7fd81a9f55d35415545648aaaedfbf90cb7d92b19520340,SAME,True,True,NO_PORT_NEEDED
src/quant_platform/research_knowledge_store.py,754087b1b5f18f21873fbbb2d062b1570bbdd76cd854e7d5356e6fd22aee9db5,35a16180b218d68c62f07db3f313115d873f865136badea641c746e16133416d,35a16180b218d68c62f07db3f313115d873f865136badea641c746e16133416d,CHANGED,False,True,REVIEW_REQUIRED
src/quant_platform/research_paper_math_audit.py,d36d2849aea7cdf0a96d89c1235f9218e6179f4c2837e8ef1fee39ef2be81f49,d36d2849aea7cdf0a96d89c1235f9218e6179f4c2837e8ef1fee39ef2be81f49,d36d2849aea7cdf0a96d89c1235f9218e6179f4c2837e8ef1fee39ef2be81f49,SAME,True,True,NO_PORT_NEEDED
src/quant_platform/research_paper_reproduction.py,067d095e3a6f69f805a9b2e4ad0d4b7930d61d3f0b7decfa12fe3a2d087d357a,1f1d7bd7a6856cf8c88f63f0c1dc5fa66924dfbb55c5366e4123aed813953655,1f1d7bd7a6856cf8c88f63f0c1dc5fa66924dfbb55c5366e4123aed813953655,CHANGED,False,True,REVIEW_REQUIRED
src/quant_platform/research_paper_reviews.py,a4de48be60d00b138387844a0811e9e8dc0e43b73f8bae056133bc13d0a31077,a4de48be60d00b138387844a0811e9e8dc0e43b73f8bae056133bc13d0a31077,a4de48be60d00b138387844a0811e9e8dc0e43b73f8bae056133bc13d0a31077,SAME,True,True,NO_PORT_NEEDED
src/quant_platform/research_papers.py,aa3e280256620fc32acb55ffbc1c1486c8a720a312a1d19ddf5270750fbbd9ec,aa3e280256620fc32acb55ffbc1c1486c8a720a312a1d19ddf5270750fbbd9ec,aa3e280256620fc32acb55ffbc1c1486c8a720a312a1d19ddf5270750fbbd9ec,SAME,True,True,NO_PORT_NEEDED
src/quant_platform/research_quantization.py,f28b405b984d72edc9a2a041d6587568e584a8e422c32a1db32ed61d36a13092,f28b405b984d72edc9a2a041d6587568e584a8e422c32a1db32ed61d36a13092,f28b405b984d72edc9a2a041d6587568e584a8e422c32a1db32ed61d36a13092,SAME,True,True,NO_PORT_NEEDED
src/quant_platform/research_rag/__init__.py,,6a9f2ae8c050856f358ee41207e226cf1abb0852e5841fb7f9adbcf9b5d562dd,6a9f2ae8c050856f358ee41207e226cf1abb0852e5841fb7f9adbcf9b5d562dd,RUNTIME_ONLY,False,True,REVIEW_REQUIRED
src/quant_platform/research_rag/__main__.py,,c351098fbb4abf7c2761f9ef63b853df517aaabf4e46d78303369cd5521702db,c351098fbb4abf7c2761f9ef63b853df517aaabf4e46d78303369cd5521702db,RUNTIME_ONLY,False,True,REVIEW_REQUIRED
src/quant_platform/research_rag/answers.py,,7fae807abbda159ce49b2f1f7492347d04e3ab54f54f2930eac13b810d9c3846,7fae807abbda159ce49b2f1f7492347d04e3ab54f54f2930eac13b810d9c3846,RUNTIME_ONLY,False,True,REVIEW_REQUIRED
src/quant_platform/research_rag/client.py,,3385eb44b083fc020f5343f940fc51215a192af442d9b9d44f666d66684210ca,3385eb44b083fc020f5343f940fc51215a192af442d9b9d44f666d66684210ca,RUNTIME_ONLY,False,True,REVIEW_REQUIRED
src/quant_platform/research_rag/corpus.py,,6ff92aed56146a32231a66e7f9437f6ff10075cf161d3ac14ac6e752d2265a8b,6ff92aed56146a32231a66e7f9437f6ff10075cf161d3ac14ac6e752d2265a8b,RUNTIME_ONLY,False,True,REVIEW_REQUIRED
src/quant_platform/research_rag/evaluation.py,,7e36003879c5d9e0cb5ebdfb59fa850658034039ee12aea016d0f513cb3d40cd,7e36003879c5d9e0cb5ebdfb59fa850658034039ee12aea016d0f513cb3d40cd,RUNTIME_ONLY,False,True,REVIEW_REQUIRED
src/quant_platform/research_rag/index.py,,f46946d8451e56e2f1a24acbb3100692a1fd7ec4762078abfca943b45423856e,f46946d8451e56e2f1a24acbb3100692a1fd7ec4762078abfca943b45423856e,RUNTIME_ONLY,False,True,REVIEW_REQUIRED
src/quant_platform/research_trial_registry.py,,7202dde342f23e9818886b3237f8baf811bc92cbdbde49ddedb67358a078dee2,7202dde342f23e9818886b3237f8baf811bc92cbdbde49ddedb67358a078dee2,RUNTIME_ONLY,False,True,REVIEW_REQUIRED
src/quant_platform/risk_metrics.py,,d72141f4af748a649c9cb52563ffc65fe3814e2a5d70787b5001906796fc8968,d72141f4af748a649c9cb52563ffc65fe3814e2a5d70787b5001906796fc8968,RUNTIME_ONLY,False,True,REVIEW_REQUIRED
src/quant_platform/rl/__init__.py,dd6cf737b5945a9294ef60ed8e015f93c140afeb8fa6cd25e5eabf4abe66c0d9,dd6cf737b5945a9294ef60ed8e015f93c140afeb8fa6cd25e5eabf4abe66c0d9,dd6cf737b5945a9294ef60ed8e015f93c140afeb8fa6cd25e5eabf4abe66c0d9,SAME,True,True,NO_PORT_NEEDED
src/quant_platform/rl/actions.py,63912a69ee70aacdbaaae724410e3ed52dc23b718677029855dd7efd1aa61e2b,63912a69ee70aacdbaaae724410e3ed52dc23b718677029855dd7efd1aa61e2b,63912a69ee70aacdbaaae724410e3ed52dc23b718677029855dd7efd1aa61e2b,SAME,True,True,NO_PORT_NEEDED
src/quant_platform/rl/base_rl_lane.py,dc81d34dbbf2978cce8aa63b1e0b13045ace9cf08d82cc448d3f78524bb39dbb,dc81d34dbbf2978cce8aa63b1e0b13045ace9cf08d82cc448d3f78524bb39dbb,dc81d34dbbf2978cce8aa63b1e0b13045ace9cf08d82cc448d3f78524bb39dbb,SAME,True,True,NO_PORT_NEEDED
src/quant_platform/rl/brain_contract.py,de963b7624cea1b3557776bfdacc4e534e8b7904fdda1c20703f91cf5f13cdd2,de963b7624cea1b3557776bfdacc4e534e8b7904fdda1c20703f91cf5f13cdd2,de963b7624cea1b3557776bfdacc4e534e8b7904fdda1c20703f91cf5f13cdd2,SAME,True,True,NO_PORT_NEEDED
src/quant_platform/rl/brain_cycle.py,dc598b15796331cf3360e09b63a5658a128b90f0bfb3e56f19b74419498ba6d6,dc598b15796331cf3360e09b63a5658a128b90f0bfb3e56f19b74419498ba6d6,dc598b15796331cf3360e09b63a5658a128b90f0bfb3e56f19b74419498ba6d6,SAME,True,True,NO_PORT_NEEDED
src/quant_platform/rl/evaluate_policy.py,1657821f8b1100905b8e727dd0295d76d5916c189a2b8625dbfecc3786369569,1657821f8b1100905b8e727dd0295d76d5916c189a2b8625dbfecc3786369569,1657821f8b1100905b8e727dd0295d76d5916c189a2b8625dbfecc3786369569,SAME,True,True,NO_PORT_NEEDED
src/quant_platform/rl/features.py,ef3e39f0776589546aa3d5766a726e158e7831f08803e353198212d3d11caa7f,ef3e39f0776589546aa3d5766a726e158e7831f08803e353198212d3d11caa7f,ef3e39f0776589546aa3d5766a726e158e7831f08803e353198212d3d11caa7f,SAME,True,True,NO_PORT_NEEDED
src/quant_platform/rl/pair_trading_env.py,832a1227d8b9c52929c05ff8cd2d0e545806d267f084bf659621941bcdfd89e9,832a1227d8b9c52929c05ff8cd2d0e545806d267f084bf659621941bcdfd89e9,832a1227d8b9c52929c05ff8cd2d0e545806d267f084bf659621941bcdfd89e9,SAME,True,True,NO_PORT_NEEDED
src/quant_platform/rl/quantization.py,5ff913c787dc2b9f4400c40250617ab799e0d5ed0ce75f2aa44a15e40f5e5f9d,5ff913c787dc2b9f4400c40250617ab799e0d5ed0ce75f2aa44a15e40f5e5f9d,5ff913c787dc2b9f4400c40250617ab799e0d5ed0ce75f2aa44a15e40f5e5f9d,SAME,True,True,NO_PORT_NEEDED
src/quant_platform/rl/rewards.py,3426f10d18793ea02fdb5017549732b0a303c6b6cea5f22614ea965b0916f1b5,3426f10d18793ea02fdb5017549732b0a303c6b6cea5f22614ea965b0916f1b5,3426f10d18793ea02fdb5017549732b0a303c6b6cea5f22614ea965b0916f1b5,SAME,True,True,NO_PORT_NEEDED
src/quant_platform/rl/rl_acceptance.py,3fdd1b8f26486d6cc38f7a0b4fd96ba9f99c35dad1da6dd8341874dbe4dc17b1,27eeb01e320429ca47c3dac63e535a33b4f628e1d3febc54723b1d01aa420131,27eeb01e320429ca47c3dac63e535a33b4f628e1d3febc54723b1d01aa420131,CHANGED,False,True,REVIEW_REQUIRED
src/quant_platform/rl/rl_backtest.py,6d9e8414df8aeb0ee639f67f12c4f0891c0038bfbef618d6270608dd05a1206f,b6ef1ad5303c61294817243bc8320f9428071e1f9304a8c01538b8f913b33877,b6ef1ad5303c61294817243bc8320f9428071e1f9304a8c01538b8f913b33877,CHANGED,False,True,REVIEW_REQUIRED
src/quant_platform/rl/rl_execution_manager.py,a3b7c991ab258fcfe707e196e86cea161ad8844f90017afb137778ffabea473f,a3b7c991ab258fcfe707e196e86cea161ad8844f90017afb137778ffabea473f,a3b7c991ab258fcfe707e196e86cea161ad8844f90017afb137778ffabea473f,SAME,True,True,NO_PORT_NEEDED
src/quant_platform/rl/rl_idea_engine.py,d9a29a466560368b29cb0b5276dcf42ba470d058ca4a976b1e1d2a55a523f589,d9a29a466560368b29cb0b5276dcf42ba470d058ca4a976b1e1d2a55a523f589,d9a29a466560368b29cb0b5276dcf42ba470d058ca4a976b1e1d2a55a523f589,SAME,True,True,NO_PORT_NEEDED
src/quant_platform/rl/rl_learning_agent.py,2220c6984d0eb4b3d0497733f54ddb44f86d38b310e70f5adca7bc9b36cc8c89,82c7939a968f28b047149ddff7ea6748a29ad00b07efda88b6d3b4580d057cf0,82c7939a968f28b047149ddff7ea6748a29ad00b07efda88b6d3b4580d057cf0,CHANGED,False,True,REVIEW_REQUIRED
src/quant_platform/rl/rl_position_sizer.py,3c6ae5f8370effb8fda8bbd0057f90b7c3a0b717567f29cdbc68a147fbe522fe,3c6ae5f8370effb8fda8bbd0057f90b7c3a0b717567f29cdbc68a147fbe522fe,3c6ae5f8370effb8fda8bbd0057f90b7c3a0b717567f29cdbc68a147fbe522fe,SAME,True,True,NO_PORT_NEEDED
src/quant_platform/rl/rl_strategy_selector.py,849778666ac4ecaaccd8801e3e37718590aef971bc9e7b58642a1cd9386f1a68,849778666ac4ecaaccd8801e3e37718590aef971bc9e7b58642a1cd9386f1a68,849778666ac4ecaaccd8801e3e37718590aef971bc9e7b58642a1cd9386f1a68,SAME,True,True,NO_PORT_NEEDED
src/quant_platform/rl/trading_env.py,254e33c7ccd13786fd615b2ef06f703a6dab0ac8b179fdf5ae033593f2bb2f2a,254e33c7ccd13786fd615b2ef06f703a6dab0ac8b179fdf5ae033593f2bb2f2a,254e33c7ccd13786fd615b2ef06f703a6dab0ac8b179fdf5ae033593f2bb2f2a,SAME,True,True,NO_PORT_NEEDED
src/quant_platform/rl/train_ppo.py,141db3a2fb677940987e09afb19972eed65837a702ca90104203eca1bcc97cf3,141db3a2fb677940987e09afb19972eed65837a702ca90104203eca1bcc97cf3,141db3a2fb677940987e09afb19972eed65837a702ca90104203eca1bcc97cf3,SAME,True,True,NO_PORT_NEEDED
src/quant_platform/runtime_types.py,d7010ec22958b3f1a6aea94c45b34839a1a8a9365969cc167181754b9e9fbf5d,d7010ec22958b3f1a6aea94c45b34839a1a8a9365969cc167181754b9e9fbf5d,d7010ec22958b3f1a6aea94c45b34839a1a8a9365969cc167181754b9e9fbf5d,SAME,True,True,NO_PORT_NEEDED
src/quant_platform/static_desk/__init__.py,,2ab3bc126cec458bfd45729e5760acb683cccdafcbb97189372a9b39b8f5b7b2,2ab3bc126cec458bfd45729e5760acb683cccdafcbb97189372a9b39b8f5b7b2,RUNTIME_ONLY,False,True,REVIEW_REQUIRED
src/quant_platform/static_desk/accounting.py,,55d27f42ccb2048d1a213a5e3280b8d658b3b5c61eee46d6c11d6000f457d13d,55d27f42ccb2048d1a213a5e3280b8d658b3b5c61eee46d6c11d6000f457d13d,RUNTIME_ONLY,False,True,REVIEW_REQUIRED
src/quant_platform/static_desk/controls.py,,dbfba1e9592cda0beca03ff78fa3bb5cf53f96e0ecd337e3e0bc6eb18371fd99,dbfba1e9592cda0beca03ff78fa3bb5cf53f96e0ecd337e3e0bc6eb18371fd99,RUNTIME_ONLY,False,True,REVIEW_REQUIRED
src/quant_platform/static_desk/profile.py,,9e6c4616e3f21f63270938ab4c9561fda7b695a62a5bca811b892c4db2bf058e,9e6c4616e3f21f63270938ab4c9561fda7b695a62a5bca811b892c4db2bf058e,RUNTIME_ONLY,False,True,REVIEW_REQUIRED
src/quant_platform/static_desk/profile_data.py,,301e826b34aa93358ef97e83fc0f85d1006453eec1dc68a734874478788f8c47,301e826b34aa93358ef97e83fc0f85d1006453eec1dc68a734874478788f8c47,RUNTIME_ONLY,False,True,REVIEW_REQUIRED
src/quant_platform/static_desk/risk_link.py,,a1f89a747f617cd67051c342edee3f43e6fdd69475b2e882294de5ed4855137c,a1f89a747f617cd67051c342edee3f43e6fdd69475b2e882294de5ed4855137c,RUNTIME_ONLY,False,True,REVIEW_REQUIRED
src/quant_platform/static_desk/runtime.py,,32f216dae847e0a3c7d08c26c47e11ec0281ac70c25d82ccafd277d365f1b1dc,32f216dae847e0a3c7d08c26c47e11ec0281ac70c25d82ccafd277d365f1b1dc,RUNTIME_ONLY,False,True,REVIEW_REQUIRED
src/quant_platform/static_desk/signal_path.py,,f17d9ff4445d85ca327b08e0f7554fb821c5809ea4ebc190484f2c7d2b7f51b6,f17d9ff4445d85ca327b08e0f7554fb821c5809ea4ebc190484f2c7d2b7f51b6,RUNTIME_ONLY,False,True,REVIEW_REQUIRED
src/quant_platform/statistical_validation.py,cfa4742eeb3883e547795ab4b58def7f227625f14af54ef683c5938a73be10a9,cfa4742eeb3883e547795ab4b58def7f227625f14af54ef683c5938a73be10a9,cfa4742eeb3883e547795ab4b58def7f227625f14af54ef683c5938a73be10a9,SAME,True,True,NO_PORT_NEEDED
src/quant_platform/statistics/__init__.py,a930ecad09aa7ac410cf9e8a7344f6264e619812672b4f6c5da9e0ea895c81b1,a930ecad09aa7ac410cf9e8a7344f6264e619812672b4f6c5da9e0ea895c81b1,a930ecad09aa7ac410cf9e8a7344f6264e619812672b4f6c5da9e0ea895c81b1,SAME,True,True,NO_PORT_NEEDED
src/quant_platform/statistics/math_v2.py,140a36a04812959002b5865562d3ef44c422449a1ff5312d8a998c604930e187,f40fbd88078e96c9793242bb1b73cd8ce9853942707899d3c0c87e6c897257cb,f40fbd88078e96c9793242bb1b73cd8ce9853942707899d3c0c87e6c897257cb,CHANGED,False,True,REVIEW_REQUIRED
src/quant_platform/strategies.py,414575071f0562785c4be498a6ac7f491a666e52fad84a22726df79c49e1f75c,1888367c93c75f558d042d464868a8132cee935ab71ac290d93d559a0b39b2d7,1888367c93c75f558d042d464868a8132cee935ab71ac290d93d559a0b39b2d7,CHANGED,False,True,REVIEW_REQUIRED
src/quant_platform/three_brain_system.py,52e84d769918a230f46472a62db4b63e4ff5833b6c691c43420f6537c071bcfc,6fd803fa4d6e2d53a574ce68c453cdebcda48bc074ba6c0ef66e09b3172def77,6fd803fa4d6e2d53a574ce68c453cdebcda48bc074ba6c0ef66e09b3172def77,CHANGED,False,True,REVIEW_REQUIRED
src/quant_platform/tooling/__init__.py,,4c47a37ef5a08be2f762648d058673700c87abb6f7fbee7fc56ab6bfe77bb256,4c47a37ef5a08be2f762648d058673700c87abb6f7fbee7fc56ab6bfe77bb256,RUNTIME_ONLY,False,True,REVIEW_REQUIRED
src/quant_platform/tooling/__main__.py,,6ea5651ba6ad8d1a873e3adac713fc47ea9446763a137dd8d5915a7592c27ffd,6ea5651ba6ad8d1a873e3adac713fc47ea9446763a137dd8d5915a7592c27ffd,RUNTIME_ONLY,False,True,REVIEW_REQUIRED
src/quant_platform/tooling/cli.py,,56e5fb597b337f623befdb1c2742be6dc1de4e1d058d20584a2822d7989bb748,56e5fb597b337f623befdb1c2742be6dc1de4e1d058d20584a2822d7989bb748,RUNTIME_ONLY,False,True,REVIEW_REQUIRED
src/quant_platform/tooling/data_validation.py,,f7ff05eab2c8b102bdb172b3f8c02351b83e5745b2b78e0aeb0e586e79a72a24,f7ff05eab2c8b102bdb172b3f8c02351b83e5745b2b78e0aeb0e586e79a72a24,RUNTIME_ONLY,False,True,REVIEW_REQUIRED
src/quant_platform/tooling/gym_adapter.py,,cb24e803e74cb17a7d5c7ee4c7c005b108a69eae2db07cd4c4368afe5c61d977,cb24e803e74cb17a7d5c7ee4c7c005b108a69eae2db07cd4c4368afe5c61d977,RUNTIME_ONLY,False,True,REVIEW_REQUIRED
src/quant_platform/tooling/math_validation.py,,e3b01e514c2dab6da119ca7f16ed5e32b5a9387584a7a86ffbffbd87678fc706,e3b01e514c2dab6da119ca7f16ed5e32b5a9387584a7a86ffbffbd87678fc706,RUNTIME_ONLY,False,True,REVIEW_REQUIRED
src/quant_platform/tooling/rl_training.py,,1f33368bb33d14bec792f9d67d03364de17d933ec97e01cf654d09d01f35f369,1f33368bb33d14bec792f9d67d03364de17d933ec97e01cf654d09d01f35f369,RUNTIME_ONLY,False,True,REVIEW_REQUIRED
src/quant_platform/tooling/runtime.py,,a63702895d490349be4057819f63222e424290d25f3d95d2c749d939112f2325,a63702895d490349be4057819f63222e424290d25f3d95d2c749d939112f2325,RUNTIME_ONLY,False,True,REVIEW_REQUIRED
src/quant_platform/tooling/trial_tracking.py,,2ab739c67b8fd13fa7497ca2e05a5ddf5c7dd2e7dda003708f20bc5d4c3c4428,2ab739c67b8fd13fa7497ca2e05a5ddf5c7dd2e7dda003708f20bc5d4c3c4428,RUNTIME_ONLY,False,True,REVIEW_REQUIRED
src/quant_platform/tooling/worker.py,,6b1d34a7fb155b14d6293a72cbea82c78ba73e22cf0b49629cb6396da6b4dc1b,6b1d34a7fb155b14d6293a72cbea82c78ba73e22cf0b49629cb6396da6b4dc1b,RUNTIME_ONLY,False,True,REVIEW_REQUIRED
src/quant_platform/trade_ledger.py,2999c8b1c9bff950722f24fb43e64c46bb73e0eaebb2d4c8c4be401d5ed85621,3c247c1170ffb7710007298f3bb8a4e792ee932ebec56ddb4262c4c7d6f8e5eb,3c247c1170ffb7710007298f3bb8a4e792ee932ebec56ddb4262c4c7d6f8e5eb,CHANGED,False,True,REVIEW_REQUIRED
src/quant_platform/trade_timing.py,c009cbd33783e2b2089e46cd061ea233dbbe75e191a55bfb6982f40b8353fee4,c009cbd33783e2b2089e46cd061ea233dbbe75e191a55bfb6982f40b8353fee4,c009cbd33783e2b2089e46cd061ea233dbbe75e191a55bfb6982f40b8353fee4,SAME,True,True,NO_PORT_NEEDED
src/quant_platform/udemy_math_reconciliation.py,34b1c64d79f02895cecad45d2a6350298c35ce155aaa0bfdcfc23767558a2d39,34b1c64d79f02895cecad45d2a6350298c35ce155aaa0bfdcfc23767558a2d39,34b1c64d79f02895cecad45d2a6350298c35ce155aaa0bfdcfc23767558a2d39,SAME,True,True,NO_PORT_NEEDED
src/quant_platform/udemy_transcript_vault.py,ff012e64d578a4205aafd200c85bac1c2ceada32ce1ec0c57151b2f666546629,ff012e64d578a4205aafd200c85bac1c2ceada32ce1ec0c57151b2f666546629,ff012e64d578a4205aafd200c85bac1c2ceada32ce1ec0c57151b2f666546629,SAME,True,True,NO_PORT_NEEDED
src/quant_platform/v2_math_diagnostic.py,496df9fc0b1142b66a58fdf4c0994e5827ebbd691fc241a6917ad93f6479d3fb,496df9fc0b1142b66a58fdf4c0994e5827ebbd691fc241a6917ad93f6479d3fb,496df9fc0b1142b66a58fdf4c0994e5827ebbd691fc241a6917ad93f6479d3fb,SAME,True,True,NO_PORT_NEEDED
src/quant_platform/v2_run.py,0a0aac9f22db0671e25ac888162d5ae19ec03582d351eb7ed5702673c7ab9547,0a0aac9f22db0671e25ac888162d5ae19ec03582d351eb7ed5702673c7ab9547,0a0aac9f22db0671e25ac888162d5ae19ec03582d351eb7ed5702673c7ab9547,SAME,True,True,NO_PORT_NEEDED
src/quant_platform/video_review_sidecars.py,,038d4b396fd8d8955324eca70b17a0692159fea5983e50b4bf07a8c7eebb477d,038d4b396fd8d8955324eca70b17a0692159fea5983e50b4bf07a8c7eebb477d,RUNTIME_ONLY,False,True,REVIEW_REQUIRED
src/quant_platform/wizard_candidate_set.py,c2ee9df7d544e5413a309e62ba6e29f047440deb5df11f514fa5e4a6cde40d37,c2ee9df7d544e5413a309e62ba6e29f047440deb5df11f514fa5e4a6cde40d37,c2ee9df7d544e5413a309e62ba6e29f047440deb5df11f514fa5e4a6cde40d37,SAME,True,True,NO_PORT_NEEDED
src/quant_platform/wizard_control_plane.py,c6386cbc80d1356ad67d3a9c866fff3df1771042db6b8845579f92ffdf30e676,c6386cbc80d1356ad67d3a9c866fff3df1771042db6b8845579f92ffdf30e676,c6386cbc80d1356ad67d3a9c866fff3df1771042db6b8845579f92ffdf30e676,SAME,True,True,NO_PORT_NEEDED
src/quant_platform/wizard_credit_budget.py,ecc54b83f761cb1f80d439ea9aa561d7d117ee2c16b235b3cfce2c2d98e792e7,ecc54b83f761cb1f80d439ea9aa561d7d117ee2c16b235b3cfce2c2d98e792e7,ecc54b83f761cb1f80d439ea9aa561d7d117ee2c16b235b3cfce2c2d98e792e7,SAME,True,True,NO_PORT_NEEDED
src/quant_platform/wizard_credit_ledger.py,d1309095ea6f092270ad02d78429d8e1e3f063488443f963cbd551d8704e0b5b,88c22602a731f0d370f83dbc312db20590fdbf3c37789daf1195df62ac620256,88c22602a731f0d370f83dbc312db20590fdbf3c37789daf1195df62ac620256,CHANGED,False,True,REVIEW_REQUIRED
src/quant_platform/wizard_dynamic_comparator_activation.py,305c5fc12baee34c79b5d7862e017bae83b56d9340557f492c73d3abbb93f04e,305c5fc12baee34c79b5d7862e017bae83b56d9340557f492c73d3abbb93f04e,305c5fc12baee34c79b5d7862e017bae83b56d9340557f492c73d3abbb93f04e,SAME,True,True,NO_PORT_NEEDED
src/quant_platform/wizard_evidence.py,d9118a8c11ae186cb5b608febe1bcd5f1f959ab472e11795352891d9d95c62fe,1f3aab9af2849bbff20988734222bc8e1811fdeef6c93812ce36ebcb7273324e,1f3aab9af2849bbff20988734222bc8e1811fdeef6c93812ce36ebcb7273324e,CHANGED,False,True,REVIEW_REQUIRED
src/quant_platform/wizard_hourly_database.py,1eba599cde9ab0f541ba6975ca2957ae0464792fc169c9f415f5c0f4cdbdbf40,1eba599cde9ab0f541ba6975ca2957ae0464792fc169c9f415f5c0f4cdbdbf40,1eba599cde9ab0f541ba6975ca2957ae0464792fc169c9f415f5c0f4cdbdbf40,SAME,True,True,NO_PORT_NEEDED
src/quant_platform/wizard_hyperliquid_bridge.py,341dc88a6906b7f42fe17fa4b01cbc8540e51665eb62064609bc048ea8666778,341dc88a6906b7f42fe17fa4b01cbc8540e51665eb62064609bc048ea8666778,341dc88a6906b7f42fe17fa4b01cbc8540e51665eb62064609bc048ea8666778,SAME,True,True,NO_PORT_NEEDED
src/quant_platform/wizard_hyperliquid_mode_proof.py,ee80d6fab23433843c64af686998238806b3fb74772a31a8f3c8b57cc4b329c8,ee80d6fab23433843c64af686998238806b3fb74772a31a8f3c8b57cc4b329c8,ee80d6fab23433843c64af686998238806b3fb74772a31a8f3c8b57cc4b329c8,SAME,True,True,NO_PORT_NEEDED
src/quant_platform/wizard_local_verification.py,cdfa47373e90c3063e734ce3b1f32498a1db8b3cfcdea27e3566ea8ecaae6b9c,cdfa47373e90c3063e734ce3b1f32498a1db8b3cfcdea27e3566ea8ecaae6b9c,cdfa47373e90c3063e734ce3b1f32498a1db8b3cfcdea27e3566ea8ecaae6b9c,SAME,True,True,NO_PORT_NEEDED
src/quant_platform/wizard_mode_comparison.py,33a3e0da134308925a42b0e6b6763a4aead6acb6a9c2bb0746a0f5803cdcd91b,33a3e0da134308925a42b0e6b6763a4aead6acb6a9c2bb0746a0f5803cdcd91b,33a3e0da134308925a42b0e6b6763a4aead6acb6a9c2bb0746a0f5803cdcd91b,SAME,True,True,NO_PORT_NEEDED
src/quant_platform/wizard_mode_replay.py,775e0a59735974984a9a4fecef6ca5afa97396e58ffe3e5d78fb4beb9887aec7,83e1501e18cc00fb87a601da7d06b6558cdf8d69e8ef7e4b787cf2e32d37e99b,f1947c8c61777104ca1f0531cd459dd1ac397a1c21cb58c50cb883855ac29ac7,CHANGED,False,False,REVIEW_REQUIRED
src/quant_platform/wizard_ou_comparator_activation.py,98a21f341332516cf67f835dcabbe828ee83a7f174f5d9107786ec16fd60e055,98a21f341332516cf67f835dcabbe828ee83a7f174f5d9107786ec16fd60e055,98a21f341332516cf67f835dcabbe828ee83a7f174f5d9107786ec16fd60e055,SAME,True,True,NO_PORT_NEEDED
src/quant_platform/wizard_ou_v4_comparator_activation.py,826453af5535270e0dd970a50e6aded300fd9f30d91d952aba32ec62b58e0bb6,826453af5535270e0dd970a50e6aded300fd9f30d91d952aba32ec62b58e0bb6,826453af5535270e0dd970a50e6aded300fd9f30d91d952aba32ec62b58e0bb6,SAME,True,True,NO_PORT_NEEDED
src/quant_platform/wizard_ou_v5_comparator_activation.py,34596e31d19d7c72f7dbfb86b0b6ffd741958f6d18908a71a0641293c9aea091,34596e31d19d7c72f7dbfb86b0b6ffd741958f6d18908a71a0641293c9aea091,34596e31d19d7c72f7dbfb86b0b6ffd741958f6d18908a71a0641293c9aea091,SAME,True,True,NO_PORT_NEEDED
src/quant_platform/wizard_ou_v6_comparator_activation.py,7c6377488e64babf459237a097e012171165880ce4b674865c3d622bf885f6e2,7c6377488e64babf459237a097e012171165880ce4b674865c3d622bf885f6e2,7c6377488e64babf459237a097e012171165880ce4b674865c3d622bf885f6e2,SAME,True,True,NO_PORT_NEEDED
src/quant_platform/wizard_pair_detail_ui_bundle.py,dce7181ef8f07eff0c65aafc1a07c46d73808b48e20750bf22b88102ac281899,dce7181ef8f07eff0c65aafc1a07c46d73808b48e20750bf22b88102ac281899,dce7181ef8f07eff0c65aafc1a07c46d73808b48e20750bf22b88102ac281899,SAME,True,True,NO_PORT_NEEDED
src/quant_platform/wizard_pair_matrix.py,8a29ff43d1578e25a39e18bf55a743a3cf7641cba6915f666ea2c0645234c26a,8a29ff43d1578e25a39e18bf55a743a3cf7641cba6915f666ea2c0645234c26a,8a29ff43d1578e25a39e18bf55a743a3cf7641cba6915f666ea2c0645234c26a,SAME,True,True,NO_PORT_NEEDED
src/quant_platform/wizard_policy.py,10977f91a47349b4492bc1cc28cb7770b8ffd0d5004379542567e6a2cba70d1d,10977f91a47349b4492bc1cc28cb7770b8ffd0d5004379542567e6a2cba70d1d,10977f91a47349b4492bc1cc28cb7770b8ffd0d5004379542567e6a2cba70d1d,SAME,True,True,NO_PORT_NEEDED
src/quant_platform/wizard_research_journal.py,47e2a0fd119fb0bec555ac2a66f672a16fd573448e7e4cd4337d0d0ff8d57e3f,58117628715a5d4ab394b830db07e3aead2e63b2ac2b717cbc88fff3c233c46f,58117628715a5d4ab394b830db07e3aead2e63b2ac2b717cbc88fff3c233c46f,CHANGED,False,True,REVIEW_REQUIRED
src/quant_platform/wizard_run_config.py,da5d0c959f6aa38bacee6fdbb92c42a77d5600fe8553bafd76c8ede29ca6ec7d,723769ff422c7f6f42c6ea381d58903815434c6313ca2b14f0702f07878a6ced,723769ff422c7f6f42c6ea381d58903815434c6313ca2b14f0702f07878a6ced,CHANGED,False,True,REVIEW_REQUIRED
src/quant_platform/wizard_symbols.py,1b611061d402093c26a66e4a99b0a0007ced1dd872c2716690b22824e3722f6a,1b611061d402093c26a66e4a99b0a0007ced1dd872c2716690b22824e3722f6a,1b611061d402093c26a66e4a99b0a0007ced1dd872c2716690b22824e3722f6a,SAME,True,True,NO_PORT_NEEDED
src/quant_platform/yahoo_crypto.py,99caa2f05cd9d5a15f428a1d2ff3b0dee876e52ad701eacc5ddaea830e0f6b1f,99caa2f05cd9d5a15f428a1d2ff3b0dee876e52ad701eacc5ddaea830e0f6b1f,99caa2f05cd9d5a15f428a1d2ff3b0dee876e52ad701eacc5ddaea830e0f6b1f,SAME,True,True,NO_PORT_NEEDED
src/quant_platform/youtube_brain.py,e4fabd1ff966fcbb30a7607d659a3e007b989cc36e6879e1506b42e20228b98a,e4fabd1ff966fcbb30a7607d659a3e007b989cc36e6879e1506b42e20228b98a,e4fabd1ff966fcbb30a7607d659a3e007b989cc36e6879e1506b42e20228b98a,SAME,True,True,NO_PORT_NEEDED
src/quant_platform/youtube_caption_insights.py,c0a96601f7f339efdf14a57d598e4d9524f8a35924b62bbce9c0d26418c75513,c0a96601f7f339efdf14a57d598e4d9524f8a35924b62bbce9c0d26418c75513,c0a96601f7f339efdf14a57d598e4d9524f8a35924b62bbce9c0d26418c75513,SAME,True,True,NO_PORT_NEEDED
src/quant_platform/youtube_channel_research.py,61562db7d70d16a4ad7492839d468d71650eea15d5ca000205698677454cd0d9,61562db7d70d16a4ad7492839d468d71650eea15d5ca000205698677454cd0d9,61562db7d70d16a4ad7492839d468d71650eea15d5ca000205698677454cd0d9,SAME,True,True,NO_PORT_NEEDED
src/quant_platform/youtube_hypothesis_validation.py,0927593cec965fe053c55d808808d9e92ce283ce4e24d621120083bcd51c6b2a,0927593cec965fe053c55d808808d9e92ce283ce4e24d621120083bcd51c6b2a,0927593cec965fe053c55d808808d9e92ce283ce4e24d621120083bcd51c6b2a,SAME,True,True,NO_PORT_NEEDED
src/quant_platform/zscore_utils.py,5389a17a06da83ed63620adf77b098f9d28e2080479f212cffadb506b14d443a,df614baae604efd056e3b3d6c12e249238e61daf9a5658bab708b22b7f2b72ab,df614baae604efd056e3b3d6c12e249238e61daf9a5658bab708b22b7f2b72ab,CHANGED,False,True,REVIEW_REQUIRED
src/quantized_stat_arb_platform.egg-info/PKG-INFO,d0fb982aa259782fb69ad861ad6a5a208ab0dac1b753cbb33da33f7abf6858c7,697b4abda800aecb2643270dd3b60446f5e6d93f63b446e334cc6b8aa2c40115,697b4abda800aecb2643270dd3b60446f5e6d93f63b446e334cc6b8aa2c40115,CHANGED,False,True,REVIEW_REQUIRED
src/quantized_stat_arb_platform.egg-info/SOURCES.txt,2b807f538372eab0667615b4159963b474ba769f493488195a4ca42a9c499ebe,ed00799de2121174375d879fe1d71ea25ab27430f025af2dac7f8e0b99571e8c,c0d4d24cf128825a6a3087d7c667b395eacc69686b91940ddddd6d204b3ba457,CHANGED,False,False,REVIEW_REQUIRED
src/quantized_stat_arb_platform.egg-info/dependency_links.txt,01ba4719c80b6fe911b091a7c05124b64eeece964e09c058ef8f9805daca546b,01ba4719c80b6fe911b091a7c05124b64eeece964e09c058ef8f9805daca546b,01ba4719c80b6fe911b091a7c05124b64eeece964e09c058ef8f9805daca546b,SAME,True,True,NO_PORT_NEEDED
src/quantized_stat_arb_platform.egg-info/requires.txt,0074e121ca43eba1012969b278ec3a8314eda167b63dfe0abf87bc2d19e8cf57,b458591e734762a4e9f0e62069accf83710309e480682a181798fef197080696,b458591e734762a4e9f0e62069accf83710309e480682a181798fef197080696,CHANGED,False,True,REVIEW_REQUIRED
src/quantized_stat_arb_platform.egg-info/top_level.txt,f96e8150c9b5fd97668139a43a809cf06576de5d7a97a6240e486352c89807f3,f96e8150c9b5fd97668139a43a809cf06576de5d7a97a6240e486352c89807f3,f96e8150c9b5fd97668139a43a809cf06576de5d7a97a6240e486352c89807f3,SAME,True,True,NO_PORT_NEEDED
tests/__init__.py,cefccdaa5565aa89c418e586bf305272c09fddc683e2ff06ff71d8baf773d56c,cefccdaa5565aa89c418e586bf305272c09fddc683e2ff06ff71d8baf773d56c,cefccdaa5565aa89c418e586bf305272c09fddc683e2ff06ff71d8baf773d56c,SAME,True,True,NO_PORT_NEEDED
tests/browser_auth_support.py,69e0f088ebe81f152ac41b6a26390dc38c2b196a6f790f2a64e7186fa484f0de,69e0f088ebe81f152ac41b6a26390dc38c2b196a6f790f2a64e7186fa484f0de,69e0f088ebe81f152ac41b6a26390dc38c2b196a6f790f2a64e7186fa484f0de,SAME,True,True,NO_PORT_NEEDED
tests/candidate_queue_support.py,50fcfd02714bd54fec08195539b85f50b5ffc12b229545bd4773392decaa599a,4eb38e5b26b47a16bbf8d140a3f4a82005f06ab2f745ec890fd4c078287642c3,4eb38e5b26b47a16bbf8d140a3f4a82005f06ab2f745ec890fd4c078287642c3,CHANGED,False,True,REVIEW_REQUIRED
tests/capture_reconciliation_support.py,9333ba9b80b2077c6d347c0f8509d9a3c40686bacf9c0e91fd5818fc82794811,9333ba9b80b2077c6d347c0f8509d9a3c40686bacf9c0e91fd5818fc82794811,9333ba9b80b2077c6d347c0f8509d9a3c40686bacf9c0e91fd5818fc82794811,SAME,True,True,NO_PORT_NEEDED
tests/check_late_bootstrap700.py,,7455c65135c0e4c0bc8aa9086075df3bbd188d3e74a64190bdc557fe47d77d61,7455c65135c0e4c0bc8aa9086075df3bbd188d3e74a64190bdc557fe47d77d61,RUNTIME_ONLY,False,True,REVIEW_REQUIRED
tests/collection_daily_fixture_support.py,,b62b6688bbc3b33aba2ae75c997e29dbc47b4b35a4d0bdce4263bbb52503f9b4,b62b6688bbc3b33aba2ae75c997e29dbc47b4b35a4d0bdce4263bbb52503f9b4,RUNTIME_ONLY,False,True,REVIEW_REQUIRED
tests/collection_launcher_native_support.py,,caa11db510ffc053b681af3f52c6fb0c59afbcb57e411ebabf7f60ee3dd738c7,caa11db510ffc053b681af3f52c6fb0c59afbcb57e411ebabf7f60ee3dd738c7,RUNTIME_ONLY,False,True,REVIEW_REQUIRED
tests/collection_observer_negative_support.py,,6802fa078e6016b087502826fc4b0efe5f447a7813d2e99da6b3fd68813e1c44,6802fa078e6016b087502826fc4b0efe5f447a7813d2e99da6b3fd68813e1c44,RUNTIME_ONLY,False,True,REVIEW_REQUIRED
tests/collection_overlay_fixture_support.py,,e805b9a25c0f889cf0163c3b071fcf3b76a1102e66c0cc07696b5bfeed7776fd,e805b9a25c0f889cf0163c3b071fcf3b76a1102e66c0cc07696b5bfeed7776fd,RUNTIME_ONLY,False,True,REVIEW_REQUIRED
tests/collection_profile715.py,,1e76ccc5788078399ee88c43f2266e6a58cd8ca54f093ff4af33da5750ff591a,1e76ccc5788078399ee88c43f2266e6a58cd8ca54f093ff4af33da5750ff591a,RUNTIME_ONLY,False,True,REVIEW_REQUIRED
tests/collection_publication_profile724.py,,a7616541706cf5279560ad09b77486d2f9bde9f837c4f8d9bcb344aae585dcee,a7616541706cf5279560ad09b77486d2f9bde9f837c4f8d9bcb344aae585dcee,RUNTIME_ONLY,False,True,REVIEW_REQUIRED
tests/collection_watchdog_native_support.py,,de6340a91c2209dcd551ae913a78d81aaa9fa4ef01f630cedd3fd332f7765428,de6340a91c2209dcd551ae913a78d81aaa9fa4ef01f630cedd3fd332f7765428,RUNTIME_ONLY,False,True,REVIEW_REQUIRED
tests/conftest.py,8380be1ed3fd331d6b0700c95d9f180b118899a74ad986d6e47257702fa60c06,f1b7a27a065773fad5183d387ddc0cb5de34ce7630f5053b2867219487893e0b,f1b7a27a065773fad5183d387ddc0cb5de34ce7630f5053b2867219487893e0b,CHANGED,False,True,REVIEW_REQUIRED
tests/fixtures/pair_detail_view_item_sample.json,666d365e600d9025621980d5cde1a55d2aeba86fb4e17611ca95eab831ff1d71,666d365e600d9025621980d5cde1a55d2aeba86fb4e17611ca95eab831ff1d71,666d365e600d9025621980d5cde1a55d2aeba86fb4e17611ca95eab831ff1d71,SAME,True,True,NO_PORT_NEEDED
tests/native_handoff_fixture_support.py,,3b78a7da3f630cc244bd0bb376f0f559cf99cb8c97677240633cc3b53fc018ea,3b78a7da3f630cc244bd0bb376f0f559cf99cb8c97677240633cc3b53fc018ea,RUNTIME_ONLY,False,True,REVIEW_REQUIRED
tests/native_inventory_fixture_support.py,,e8e250ea581860bff7cfda4d96e72fc4e9bc46f37d67a8012e85c43ae9ec43cf,e8e250ea581860bff7cfda4d96e72fc4e9bc46f37d67a8012e85c43ae9ec43cf,RUNTIME_ONLY,False,True,REVIEW_REQUIRED
tests/pair_cost_bundle_support.py,ac96420a1841f82f14091a1a05ecfc7681d55963e9caf1881d5af895e34e0ac1,23e66c76413910b6f64c7d51c345baa2ad90d505fb42ae22cbd3c56b6b6438a4,23e66c76413910b6f64c7d51c345baa2ad90d505fb42ae22cbd3c56b6b6438a4,CHANGED,False,True,REVIEW_REQUIRED
tests/postseal_materialized_artifact_currentness.py,,6fa8f957dc920b2196377e52df2cfd837178bc763842960ec1a0b764403f580c,6fa8f957dc920b2196377e52df2cfd837178bc763842960ec1a0b764403f580c,RUNTIME_ONLY,False,True,REVIEW_REQUIRED
tests/precollection_fixture_support.py,,ad47811cfe8b1caf89244e44529e0e0e18670fa034283344434959a0d13293a3,ad47811cfe8b1caf89244e44529e0e0e18670fa034283344434959a0d13293a3,RUNTIME_ONLY,False,True,REVIEW_REQUIRED
tests/runtime_separation_fixture_support.py,,899540cc3624d4d142e838b7c9da78d05d9d2bf74829fba89292ccfbcc92330e,899540cc3624d4d142e838b7c9da78d05d9d2bf74829fba89292ccfbcc92330e,RUNTIME_ONLY,False,True,REVIEW_REQUIRED
tests/subprocess_environment_support.py,,f3d893eff5aba8a4b1faca136747ffedcbedc6e0990da5cb02c1784fd1346d34,f3d893eff5aba8a4b1faca136747ffedcbedc6e0990da5cb02c1784fd1346d34,RUNTIME_ONLY,False,True,REVIEW_REQUIRED
tests/test_ablations.py,b4e7c1272a48266204bbe939d44f3cd6898ef24f80a0a33d3fb069659d13c17c,b4e7c1272a48266204bbe939d44f3cd6898ef24f80a0a33d3fb069659d13c17c,b4e7c1272a48266204bbe939d44f3cd6898ef24f80a0a33d3fb069659d13c17c,SAME,True,True,NO_PORT_NEEDED
tests/test_accounting_repairs.py,,0771b03b34eda3291976781eeeebb3bc50b73cfe427da53a4a263a31045823d4,0771b03b34eda3291976781eeeebb3bc50b73cfe427da53a4a263a31045823d4,RUNTIME_ONLY,False,True,REVIEW_REQUIRED
tests/test_active_pipeline.py,5ff039ce58ff7b1a08e40df3ca90f84ed42c0a0469f46bfbf23a93280c424442,ccc8f1705c214b0bde2dd913df20a69c09176ad4b21eef4ebb231ce843f610ba,ccc8f1705c214b0bde2dd913df20a69c09176ad4b21eef4ebb231ce843f610ba,CHANGED,False,True,REVIEW_REQUIRED
tests/test_api_extraction.py,1c09cda0e41b276f5823dca1fe022cf3100d28737f8646cca5353cc689eb67e8,1c09cda0e41b276f5823dca1fe022cf3100d28737f8646cca5353cc689eb67e8,1c09cda0e41b276f5823dca1fe022cf3100d28737f8646cca5353cc689eb67e8,SAME,True,True,NO_PORT_NEEDED
tests/test_apify_sources.py,3812994627b533ff53ebc2abf63dd13085cac1da9323c508c608b02790eff3df,4c801a614883662a3d1591a7b2fd8519a2399cd0fd1d1a57761aa446dcce98c9,4c801a614883662a3d1591a7b2fd8519a2399cd0fd1d1a57761aa446dcce98c9,CHANGED,False,True,REVIEW_REQUIRED
tests/test_authoritative_lineage_closure.py,,9c017be88c749250b64b898eba6b332295581d88dc28564d9d2fe6ad9d64d4b5,9c017be88c749250b64b898eba6b332295581d88dc28564d9d2fe6ad9d64d4b5,RUNTIME_ONLY,False,True,REVIEW_REQUIRED
tests/test_backtest.py,689490c8491e8c1cc0110d0d35503d66a8ec180c9efc5614fc627eeb38a52ee0,91d660b2c6c6edbf100eacded3769855ed7584f1657eb45952219b8e3bbf18f8,91d660b2c6c6edbf100eacded3769855ed7584f1657eb45952219b8e3bbf18f8,CHANGED,False,True,REVIEW_REQUIRED
tests/test_base_rl_lane.py,1cfdea13947d5c7b6d758e41e74f2a69b93771e706d55575b4b1dfb0cd625a45,1cfdea13947d5c7b6d758e41e74f2a69b93771e706d55575b4b1dfb0cd625a45,1cfdea13947d5c7b6d758e41e74f2a69b93771e706d55575b4b1dfb0cd625a45,SAME,True,True,NO_PORT_NEEDED
tests/test_binance_spot.py,532a8eb9dce202eee1686a5b2010cf67bbe2489f544d3902569433a63cafa78b,532a8eb9dce202eee1686a5b2010cf67bbe2489f544d3902569433a63cafa78b,532a8eb9dce202eee1686a5b2010cf67bbe2489f544d3902569433a63cafa78b,SAME,True,True,NO_PORT_NEEDED
tests/test_binance_testnet.py,e75b6eaefb206562b862999c380e79378aab82ff2f3c7daca51387137189964f,1c0d58827f51f086adfcd0e2e780863bf67e89a0f6a11098a47030caea523d78,1c0d58827f51f086adfcd0e2e780863bf67e89a0f6a11098a47030caea523d78,CHANGED,False,True,REVIEW_REQUIRED
tests/test_boot701.py,,09ff4cbdf4a81b703e9da1bde330254d843365dc1f90ba31fa5fba0b5796049c,09ff4cbdf4a81b703e9da1bde330254d843365dc1f90ba31fa5fba0b5796049c,RUNTIME_ONLY,False,True,REVIEW_REQUIRED
tests/test_campaign_schedule674.py,,e5d9c905d5e8bf7fc394f1de648323384c2fc48cc8886c0d84f3e6781443cb26,e5d9c905d5e8bf7fc394f1de648323384c2fc48cc8886c0d84f3e6781443cb26,RUNTIME_ONLY,False,True,REVIEW_REQUIRED
tests/test_canonical_wizard_hyperliquid_contract.py,462dd94a9515d452aeebddd48ed4a5d6b296563c4e83d87eeedcd816a9144492,462dd94a9515d452aeebddd48ed4a5d6b296563c4e83d87eeedcd816a9144492,462dd94a9515d452aeebddd48ed4a5d6b296563c4e83d87eeedcd816a9144492,SAME,True,True,NO_PORT_NEEDED
tests/test_capture_input_minimization.cjs,,1269dd8267a5d66966f734710ad0260da0596060b5abd1f49c243da0416c0cdc,1269dd8267a5d66966f734710ad0260da0596060b5abd1f49c243da0416c0cdc,RUNTIME_ONLY,False,True,REVIEW_REQUIRED
tests/test_capture_script.py,65187d0109b5b9294099de86085ec3af0a138ab83a9f9675be7877220b4c0034,65187d0109b5b9294099de86085ec3af0a138ab83a9f9675be7877220b4c0034,65187d0109b5b9294099de86085ec3af0a138ab83a9f9675be7877220b4c0034,SAME,True,True,NO_PORT_NEEDED
tests/test_charge_retry660.py,,3e67a03fb21508e1e46f7ff06c915f2b032d52179122e7558e6000646e03b78f,3e67a03fb21508e1e46f7ff06c915f2b032d52179122e7558e6000646e03b78f,RUNTIME_ONLY,False,True,REVIEW_REQUIRED
tests/test_cli.py,9f0b80e555a896dfbfac2983417eaabe17333828eab908ae26560dbf25948eb3,6fe641c4ee96cf74aaed3b53683902b1e6a9c2ca865717f4d096b74b88591fb9,6fe641c4ee96cf74aaed3b53683902b1e6a9c2ca865717f4d096b74b88591fb9,CHANGED,False,True,REVIEW_REQUIRED
tests/test_closure_predecessor_currentness.py,,ecd94cfc5714beacec4d51ee156cbc45d2f5a5f87b1d4355c8c5bf4d86495269,ecd94cfc5714beacec4d51ee156cbc45d2f5a5f87b1d4355c8c5bf4d86495269,RUNTIME_ONLY,False,True,REVIEW_REQUIRED
tests/test_collection_barrier664.py,,4a502c808e6215ddf88e30fbef59b8bc413bc185e37e1142d8fe6ec9d6408c06,4a502c808e6215ddf88e30fbef59b8bc413bc185e37e1142d8fe6ec9d6408c06,RUNTIME_ONLY,False,True,REVIEW_REQUIRED
tests/test_collection_campaign_identity.py,,509a71a6c0fbbb7cc1c2c46ff411c2c371b04a2207d4ea5a59306b34e442d1c3,509a71a6c0fbbb7cc1c2c46ff411c2c371b04a2207d4ea5a59306b34e442d1c3,RUNTIME_ONLY,False,True,REVIEW_REQUIRED
tests/test_collection_candle_paths.py,,b13c0d3986ab83a3d3267c1e92334df220626a66580c393a5ccdfe023f49baa4,b13c0d3986ab83a3d3267c1e92334df220626a66580c393a5ccdfe023f49baa4,RUNTIME_ONLY,False,True,REVIEW_REQUIRED
tests/test_collection_chain_completion.py,,73f9a027378aca7af67e93eb94e6609847a07938679e552c4a73ff04b5a4d22e,73f9a027378aca7af67e93eb94e6609847a07938679e552c4a73ff04b5a4d22e,RUNTIME_ONLY,False,True,REVIEW_REQUIRED
tests/test_collection_chain_preparation.py,,23d96ed77740d9f9d1ec2d5f9b6529b6d653512a76c801340c5480566d1f3c17,23d96ed77740d9f9d1ec2d5f9b6529b6d653512a76c801340c5480566d1f3c17,RUNTIME_ONLY,False,True,REVIEW_REQUIRED
tests/test_collection_chain_semantics.py,,8aaedee0041e3d7c8dabf163dde2ec0109f309fa389a17bae03b95031df31bb9,8aaedee0041e3d7c8dabf163dde2ec0109f309fa389a17bae03b95031df31bb9,RUNTIME_ONLY,False,True,REVIEW_REQUIRED
tests/test_collection_completed_refresh.py,,87cf1364d8239d48d8d3dab238bc7f486f8f12b284696c24f722caf3faa4b64d,87cf1364d8239d48d8d3dab238bc7f486f8f12b284696c24f722caf3faa4b64d,RUNTIME_ONLY,False,True,REVIEW_REQUIRED
tests/test_collection_concentration_preparation.py,,66df24496816d4379331f09c321aaa2a0aa6e12b821a84e02a1e1ef4866388ff,66df24496816d4379331f09c321aaa2a0aa6e12b821a84e02a1e1ef4866388ff,RUNTIME_ONLY,False,True,REVIEW_REQUIRED
tests/test_collection_cost_preparation.py,,a69914545d7b9487aeef1fda435d6a53b3aec1e39bfa74ddd67db720c5f55ebc,a69914545d7b9487aeef1fda435d6a53b3aec1e39bfa74ddd67db720c5f55ebc,RUNTIME_ONLY,False,True,REVIEW_REQUIRED
tests/test_collection_credit_reader.py,,c9de889ee18abd5d7b7f51811e621696d68a02c935321e5f07cc98f3c2990db0,c9de889ee18abd5d7b7f51811e621696d68a02c935321e5f07cc98f3c2990db0,RUNTIME_ONLY,False,True,REVIEW_REQUIRED
tests/test_collection_daily_entry.py,,1dba0fe43d5a6e6db6ae8be6e3996ac8e7b164c7c6e80ce8f93a62fce67007fe,1dba0fe43d5a6e6db6ae8be6e3996ac8e7b164c7c6e80ce8f93a62fce67007fe,RUNTIME_ONLY,False,True,REVIEW_REQUIRED
tests/test_collection_daily_finalization.py,,3d883f7afbac4cabda2c8d78e40720b741a75748f119ca15cff0b7d0eabd6845,3d883f7afbac4cabda2c8d78e40720b741a75748f119ca15cff0b7d0eabd6845,RUNTIME_ONLY,False,True,REVIEW_REQUIRED
tests/test_collection_daily_route.py,,3c17909791ce3b94214ffeea51f29ff28d8401d7001c3ee2004dceb7947bdcc8,3c17909791ce3b94214ffeea51f29ff28d8401d7001c3ee2004dceb7947bdcc8,RUNTIME_ONLY,False,True,REVIEW_REQUIRED
tests/test_collection_daily_runner_paths.py,,aff098f155fa7a77c58c7e20b50498e50fc2cf91791437c26cd86cbd8bb292c2,aff098f155fa7a77c58c7e20b50498e50fc2cf91791437c26cd86cbd8bb292c2,RUNTIME_ONLY,False,True,REVIEW_REQUIRED
tests/test_collection_discovery_paths.py,,95599d7ae123207b1ca024b2909cdf96736a2b9fc598d3487ea7e705fe7adc3a,95599d7ae123207b1ca024b2909cdf96736a2b9fc598d3487ea7e705fe7adc3a,RUNTIME_ONLY,False,True,REVIEW_REQUIRED
tests/test_collection_discovery_stage.py,,bf7d0bae245b86530933fc256e878d340b8a09d96cc2251320874b6054fa202a,bf7d0bae245b86530933fc256e878d340b8a09d96cc2251320874b6054fa202a,RUNTIME_ONLY,False,True,REVIEW_REQUIRED
tests/test_collection_display_evidence.py,,6f01960a387a7f86e1b164a7264a3a92f4c151f0813b36a8413e0b50731c4410,6f01960a387a7f86e1b164a7264a3a92f4c151f0813b36a8413e0b50731c4410,RUNTIME_ONLY,False,True,REVIEW_REQUIRED
tests/test_collection_display_preparation.py,,8eab2c4684a19f988cb76479026e364535ed82062649fa52d5952ff2eeb56d06,8eab2c4684a19f988cb76479026e364535ed82062649fa52d5952ff2eeb56d06,RUNTIME_ONLY,False,True,REVIEW_REQUIRED
tests/test_collection_failure_preparation.py,,8bd3fdee3c52190f0fe2eb4e78b117e1daec1609c4217cf085df21e28cde08de,8bd3fdee3c52190f0fe2eb4e78b117e1daec1609c4217cf085df21e28cde08de,RUNTIME_ONLY,False,True,REVIEW_REQUIRED
tests/test_collection_funding_paths.py,,734841c52bfc6a2b46e0d0982c9005bddd5cd11a8506dabe73a1e262e8a94014,734841c52bfc6a2b46e0d0982c9005bddd5cd11a8506dabe73a1e262e8a94014,RUNTIME_ONLY,False,True,REVIEW_REQUIRED
tests/test_collection_handoff_preparation.py,,34eafefe134a9de784f6d4512bf90fa0d331f44d2d09dc45cb97c218a95bee96,34eafefe134a9de784f6d4512bf90fa0d331f44d2d09dc45cb97c218a95bee96,RUNTIME_ONLY,False,True,REVIEW_REQUIRED
tests/test_collection_handoff_semantics.py,,8d9dfcf4d67cb5547a860e79d92b011161acb21f3d9599f8713b90310d7eb505,8d9dfcf4d67cb5547a860e79d92b011161acb21f3d9599f8713b90310d7eb505,RUNTIME_ONLY,False,True,REVIEW_REQUIRED
tests/test_collection_history_preparation.py,,ff32f63a2faaf65d96dcdd6e90b915116056586801220b90701c6d646b452e9d,ff32f63a2faaf65d96dcdd6e90b915116056586801220b90701c6d646b452e9d,RUNTIME_ONLY,False,True,REVIEW_REQUIRED
tests/test_collection_inventory_dependency.py,,be161fcf16e55d39333770daba4dc183fce2b396785f8f6f00b8f03bc526b48a,be161fcf16e55d39333770daba4dc183fce2b396785f8f6f00b8f03bc526b48a,RUNTIME_ONLY,False,True,REVIEW_REQUIRED
tests/test_collection_inventory_paths.py,,a38b50a7f269056061c00337c8ee859132fbff8e4603c1823eb8737471d953a6,a38b50a7f269056061c00337c8ee859132fbff8e4603c1823eb8737471d953a6,RUNTIME_ONLY,False,True,REVIEW_REQUIRED
tests/test_collection_inventory_stage.py,,04b71adb9e8071b84f815e4b81735a9c2e140acb61114d188ee439dbd0f0d63e,04b71adb9e8071b84f815e4b81735a9c2e140acb61114d188ee439dbd0f0d63e,RUNTIME_ONLY,False,True,REVIEW_REQUIRED
tests/test_collection_learning_completion.py,,68fde0cd7cc9af746be858cbeeca38f06d75183db3671ab272d60e78f7d1c26d,68fde0cd7cc9af746be858cbeeca38f06d75183db3671ab272d60e78f7d1c26d,RUNTIME_ONLY,False,True,REVIEW_REQUIRED
tests/test_collection_learning_preparation.py,,06b3741847c45454762b06ba41e3c629437823c4fd5240a3598f3aaca82e8f3f,06b3741847c45454762b06ba41e3c629437823c4fd5240a3598f3aaca82e8f3f,RUNTIME_ONLY,False,True,REVIEW_REQUIRED
tests/test_collection_ledger_paths.py,,41bd29fb48d8469b20f44f3f5928cf7e9c99fe50100b831e0089ceedd5d21736,41bd29fb48d8469b20f44f3f5928cf7e9c99fe50100b831e0089ceedd5d21736,RUNTIME_ONLY,False,True,REVIEW_REQUIRED
tests/test_collection_leverage_completion.py,,7ac7dc51ac0118acd1fc19282c561ff8e4f59a72ec88bed8ea8287f4bb777771,7ac7dc51ac0118acd1fc19282c561ff8e4f59a72ec88bed8ea8287f4bb777771,RUNTIME_ONLY,False,True,REVIEW_REQUIRED
tests/test_collection_leverage_preparation.py,,7510e89afd177b4463c092f47f3270f146af0f477e051ffff77d5c563aba0172,7510e89afd177b4463c092f47f3270f146af0f477e051ffff77d5c563aba0172,RUNTIME_ONLY,False,True,REVIEW_REQUIRED
tests/test_collection_observed_preparation.py,,8e5ab62331c9a7699ed96eded60c984dbeacc32564faf3d942e495e49bb8346c,8e5ab62331c9a7699ed96eded60c984dbeacc32564faf3d942e495e49bb8346c,RUNTIME_ONLY,False,True,REVIEW_REQUIRED
tests/test_collection_observer_process.py,,86c66cb0f7a16776dc1dfede9f23003cc42ec6ed3dc3789d626632c33db1516f,86c66cb0f7a16776dc1dfede9f23003cc42ec6ed3dc3789d626632c33db1516f,RUNTIME_ONLY,False,True,REVIEW_REQUIRED
tests/test_collection_observer_route.py,,f54c42504ff81209a44ae2ebeadd93e8b022da2974c8d9bb07c7705c4c736aab,f54c42504ff81209a44ae2ebeadd93e8b022da2974c8d9bb07c7705c4c736aab,RUNTIME_ONLY,False,True,REVIEW_REQUIRED
tests/test_collection_overlay_preparation.py,,bfb6eb4236d18628aa713e85aa577adb7496206e513f0246733cda0d1a98a542,bfb6eb4236d18628aa713e85aa577adb7496206e513f0246733cda0d1a98a542,RUNTIME_ONLY,False,True,REVIEW_REQUIRED
tests/test_collection_owner665.py,,bdf335c8529933a638be41ebbc8f817ffd8df341c19e935d0af4759a19316031,bdf335c8529933a638be41ebbc8f817ffd8df341c19e935d0af4759a19316031,RUNTIME_ONLY,False,True,REVIEW_REQUIRED
tests/test_collection_producer_paths.py,,dd619e127a09a438b928912de2cf8c461cee30aac04cf6876fe126a6303f5ac1,dd619e127a09a438b928912de2cf8c461cee30aac04cf6876fe126a6303f5ac1,RUNTIME_ONLY,False,True,REVIEW_REQUIRED
tests/test_collection_profile715.py,,9bcfceecdf09e5cc003414194a2ff4160b56e5f9e7cf91891862a8b452fcaada,9bcfceecdf09e5cc003414194a2ff4160b56e5f9e7cf91891862a8b452fcaada,RUNTIME_ONLY,False,True,REVIEW_REQUIRED
tests/test_collection_publication_sequence.py,,7e492759065eb773af44fc442fbab0ab7dee2a7701a4aeaebd4a65b0075ee8b5,7e492759065eb773af44fc442fbab0ab7dee2a7701a4aeaebd4a65b0075ee8b5,RUNTIME_ONLY,False,True,REVIEW_REQUIRED
tests/test_collection_refresh_preparation.py,,91ec4b8488d9848fd0ddd371bcce81826d99d9eb5a5be0349839249532b09ae7,91ec4b8488d9848fd0ddd371bcce81826d99d9eb5a5be0349839249532b09ae7,RUNTIME_ONLY,False,True,REVIEW_REQUIRED
tests/test_collection_regime_preparation.py,,bc76af3a1431d322780395e0ee6b56fbb66a8283b1b29a63134022a6f59c3458,bc76af3a1431d322780395e0ee6b56fbb66a8283b1b29a63134022a6f59c3458,RUNTIME_ONLY,False,True,REVIEW_REQUIRED
tests/test_collection_replay_preparation.py,,ba8812ce76d37f873f7f00896bd89dabc457c77f3acacf0b850c62c0314d2045,ba8812ce76d37f873f7f00896bd89dabc457c77f3acacf0b850c62c0314d2045,RUNTIME_ONLY,False,True,REVIEW_REQUIRED
tests/test_collection_robustness_identity.py,,a3faf0f9cbd98261c8af47b49c1ef84e0070cee9f7d247167476c311bc6f579a,a3faf0f9cbd98261c8af47b49c1ef84e0070cee9f7d247167476c311bc6f579a,RUNTIME_ONLY,False,True,REVIEW_REQUIRED
tests/test_collection_robustness_preparation.py,,0e7baad64f94f56d3926d1c060a4628347d0150aae5c5030f671bcb2e1869c51,0e7baad64f94f56d3926d1c060a4628347d0150aae5c5030f671bcb2e1869c51,RUNTIME_ONLY,False,True,REVIEW_REQUIRED
tests/test_collection_robustness_semantics.py,,d4791519bfaba8b81a5cbd2d375c914438a2568a7ed97cdd09ab778b1a1feaa1,d4791519bfaba8b81a5cbd2d375c914438a2568a7ed97cdd09ab778b1a1feaa1,RUNTIME_ONLY,False,True,REVIEW_REQUIRED
tests/test_collection_runtime_route.py,,a9d79637cd5be399b9e3939051c837b4d15203446d3e594b5cdb75aa6e72aa8d,a9d79637cd5be399b9e3939051c837b4d15203446d3e594b5cdb75aa6e72aa8d,RUNTIME_ONLY,False,True,REVIEW_REQUIRED
tests/test_collection_scope_paths718.py,,2801956d6cbebb179391fd35053188e7c68cad95a174314149e9c505a16d2566,2801956d6cbebb179391fd35053188e7c68cad95a174314149e9c505a16d2566,RUNTIME_ONLY,False,True,REVIEW_REQUIRED
tests/test_collection_sequence_supervisor.py,,4d492314a164185169809b682736902d3fced3ff79a0be2edb4453f651606cdf,96f43f487632c31a8e71ea74022e2661328fa8feb243443a091198da43984b9c,RUNTIME_ONLY,False,False,REVIEW_REQUIRED
tests/test_collection_snapshot_reader.py,,f10944e1cbc167a76964c860063c49a27790d85c539d74b8938a9e34ec790e85,f10944e1cbc167a76964c860063c49a27790d85c539d74b8938a9e34ec790e85,RUNTIME_ONLY,False,True,REVIEW_REQUIRED
tests/test_collection_stage_evidence.py,,8608733fcc058faa7b2f254ab919d6cd9feb4027c3d14a317b007b1a62c86b60,8608733fcc058faa7b2f254ab919d6cd9feb4027c3d14a317b007b1a62c86b60,RUNTIME_ONLY,False,True,REVIEW_REQUIRED
tests/test_collection_startup_contract.py,,563db209bdb40a77d91f1d7f00f3f4a0a8a5772ae10491cf2d5600e332c025a7,563db209bdb40a77d91f1d7f00f3f4a0a8a5772ae10491cf2d5600e332c025a7,RUNTIME_ONLY,False,True,REVIEW_REQUIRED
tests/test_collection_startup_preflight.py,,113522efa9e15c1ffea2d481f041f7ce8f6a603690e1c758fc71d751e37fdd5e,113522efa9e15c1ffea2d481f041f7ce8f6a603690e1c758fc71d751e37fdd5e,RUNTIME_ONLY,False,True,REVIEW_REQUIRED
tests/test_collection_startup_verify.py,,33023519ff01c83148038dfeeb2f4851e05ab779cabeb09fac248fbf8d77f511,33023519ff01c83148038dfeeb2f4851e05ab779cabeb09fac248fbf8d77f511,RUNTIME_ONLY,False,True,REVIEW_REQUIRED
tests/test_collection_subtests720.py,,01b30262a7d09f2d7f63bf90eb273744ef3ae05658eb71d188594b40a9b52c5c,01b30262a7d09f2d7f63bf90eb273744ef3ae05658eb71d188594b40a9b52c5c,RUNTIME_ONLY,False,True,REVIEW_REQUIRED
tests/test_collection_system_check_stage.py,,abc5b17179e4b91805c18baf74b0278e62656ce61ad0f70a6f61590be295660d,abc5b17179e4b91805c18baf74b0278e62656ce61ad0f70a6f61590be295660d,RUNTIME_ONLY,False,True,REVIEW_REQUIRED
tests/test_collection_terminal_targets708.py,,62f12d807f4e0778a0e4ea29a54442752a9761fdfe78b7babe2d035a1e2fea1e,62f12d807f4e0778a0e4ea29a54442752a9761fdfe78b7babe2d035a1e2fea1e,RUNTIME_ONLY,False,True,REVIEW_REQUIRED
tests/test_collection_walkforward_preparation.py,,2b3be3db1cbb59d194212eef0484295e7c04e2a452e7afbaf1e1f283a683875c,2b3be3db1cbb59d194212eef0484295e7c04e2a452e7afbaf1e1f283a683875c,RUNTIME_ONLY,False,True,REVIEW_REQUIRED
tests/test_contract_boundaries.py,,d763540c5a23e6e574805d21fd1b859146f2f7fa04d4e71b0eaba3f86c0e652a,d763540c5a23e6e574805d21fd1b859146f2f7fa04d4e71b0eaba3f86c0e652a,RUNTIME_ONLY,False,True,REVIEW_REQUIRED
tests/test_copula_shadow_comparison.py,d197efbc550c87a581b5a4e2f959667a4767f550d55c6e6cb73f9194fb0c58c9,d197efbc550c87a581b5a4e2f959667a4767f550d55c6e6cb73f9194fb0c58c9,d197efbc550c87a581b5a4e2f959667a4767f550d55c6e6cb73f9194fb0c58c9,SAME,True,True,NO_PORT_NEEDED
tests/test_corrective_acceptance_policy_validation.py,,84c18c0f46988b893e4017584fb3cd7a8a219e39edc9c6a9ae2ae74a43e68ee7,84c18c0f46988b893e4017584fb3cd7a8a219e39edc9c6a9ae2ae74a43e68ee7,RUNTIME_ONLY,False,True,REVIEW_REQUIRED
tests/test_corrective_agent_governance.py,6c8618d029648611af7d1cf11964274e0655d81c961e45bc7ccb2dd5b2d461e2,6c8618d029648611af7d1cf11964274e0655d81c961e45bc7ccb2dd5b2d461e2,7e46f6e330c6fc9a91f17ffabfae09fe8e434f88733f460aeacdab24f025c048,CHANGED,True,False,REVIEW_REQUIRED
tests/test_corrective_artifact_retention.py,a1468821afa333513668a70c7089ae9e5c631dbb2703c59da6c359fd319f5821,a1468821afa333513668a70c7089ae9e5c631dbb2703c59da6c359fd319f5821,a1468821afa333513668a70c7089ae9e5c631dbb2703c59da6c359fd319f5821,SAME,True,True,NO_PORT_NEEDED
tests/test_corrective_canonical_status.py,696406095546efb0254746dd367b35c183a7ce8a400cf22035220d25407fd0a3,7c1725ceb084fb48e681e981573044fcf364e004de089b02c1ad39ac54e03d49,7c1725ceb084fb48e681e981573044fcf364e004de089b02c1ad39ac54e03d49,CHANGED,False,True,REVIEW_REQUIRED
tests/test_corrective_daily_scheduler.py,0093447a1705059b1ce420904f6c75815a75aec210f10c4b55d66e623dd4479b,bcc0b325e861251ed6c2f93427bbf09d7c5406a7ee38308d1232f74664ead2af,078bc40af3ce0a9f7889131bd4a1942f0caec97c9409bf087379effd6f5823c2,CHANGED,False,False,REVIEW_REQUIRED
tests/test_corrective_data_evidence.py,21b7ac5e2952edf168219cb9c9f2b8274dd7eb5763bfd8b54629ac461c744ae1,d4af0529fbcc84e5f3e78567fbc579d6c363a51b55443419c8aaeadb44a2b8ec,d4af0529fbcc84e5f3e78567fbc579d6c363a51b55443419c8aaeadb44a2b8ec,CHANGED,False,True,REVIEW_REQUIRED
tests/test_corrective_effect_witness_inspection.py,,c8f55d73a5ccfbe267c2c1f28cd7a4eb13002867802be549ff77913467b6bb69,c8f55d73a5ccfbe267c2c1f28cd7a4eb13002867802be549ff77913467b6bb69,RUNTIME_ONLY,False,True,REVIEW_REQUIRED
tests/test_corrective_financial_effect_registry.py,1b17aff0d86835ea549e48498f34c4c3bda413352dba44dc21a73270d41d141c,570636fe420148b89858d54e88c406c930ff280b69e58980b83a26003669024d,570636fe420148b89858d54e88c406c930ff280b69e58980b83a26003669024d,CHANGED,False,True,REVIEW_REQUIRED
tests/test_corrective_gate1_cadence.py,,300d4496fdc9f7dcfde689f6a73a9cdb7b4beea148dd74366bd695709d918787,300d4496fdc9f7dcfde689f6a73a9cdb7b4beea148dd74366bd695709d918787,RUNTIME_ONLY,False,True,REVIEW_REQUIRED
tests/test_corrective_gate3_evidence.py,,f56eea70643fda56c5e771629090c754b01a22548d3c6c374b31f93fae141122,f56eea70643fda56c5e771629090c754b01a22548d3c6c374b31f93fae141122,RUNTIME_ONLY,False,True,REVIEW_REQUIRED
tests/test_corrective_gate3_historical_candidate.py,,b86b6e2e114de9f6d0974e43ff41b6d6d82bee2ddae7b6f483a2c37956fd4b77,b86b6e2e114de9f6d0974e43ff41b6d6d82bee2ddae7b6f483a2c37956fd4b77,RUNTIME_ONLY,False,True,REVIEW_REQUIRED
tests/test_corrective_gate3_historical_candidate_validation.py,,0e7774785590399d70831d39bb41cec2b33d6c9e11d1131626ec1336b0db1dd1,0e7774785590399d70831d39bb41cec2b33d6c9e11d1131626ec1336b0db1dd1,RUNTIME_ONLY,False,True,REVIEW_REQUIRED
tests/test_corrective_gate3_historical_validation_note.py,,de1c026773f48877f7656b2e21d5e72cc6d64525d02d1e4a64fcb0b4a5048a8c,de1c026773f48877f7656b2e21d5e72cc6d64525d02d1e4a64fcb0b4a5048a8c,RUNTIME_ONLY,False,True,REVIEW_REQUIRED
tests/test_corrective_governance.py,0ac7162ca9f4b6e771c6bce2d20f6f3af3c2a16ccfdd398fe80e8c4123277095,0ac7162ca9f4b6e771c6bce2d20f6f3af3c2a16ccfdd398fe80e8c4123277095,0ac7162ca9f4b6e771c6bce2d20f6f3af3c2a16ccfdd398fe80e8c4123277095,SAME,True,True,NO_PORT_NEEDED
tests/test_corrective_history_disposition.py,,6b9efbf75d66ad956bc04409ee11ae71fcd645c3254ca2b26cc89f04b48e0c9a,6b9efbf75d66ad956bc04409ee11ae71fcd645c3254ca2b26cc89f04b48e0c9a,RUNTIME_ONLY,False,True,REVIEW_REQUIRED
tests/test_corrective_l2_scheduler.py,ed906d7bd62348371208266e26248c67af146cd6d2ad386f0ea65e6b787a1699,daeea9687126e0197646ef20d59a3584642f1ed43fd31b987bb66b5f63e092d3,daeea9687126e0197646ef20d59a3584642f1ed43fd31b987bb66b5f63e092d3,CHANGED,False,True,REVIEW_REQUIRED
tests/test_corrective_lineage.py,8eddd653538c8ba35cc07cce28cd110f7c77c08a64b8bcbf011b825a97fcbe27,3c4ad3acd3f5fe1429925d4052f14abd9c8daf2f298848d25067d38863375caa,3c4ad3acd3f5fe1429925d4052f14abd9c8daf2f298848d25067d38863375caa,CHANGED,False,True,REVIEW_REQUIRED
tests/test_corrective_live_canary.py,c63ee233214aadc2d36ee0f3c0eda859a5df57efda7c8a05aad8a693578f9b82,c63ee233214aadc2d36ee0f3c0eda859a5df57efda7c8a05aad8a693578f9b82,c63ee233214aadc2d36ee0f3c0eda859a5df57efda7c8a05aad8a693578f9b82,SAME,True,True,NO_PORT_NEEDED
tests/test_corrective_live_canary_execution.py,af8f157d161f57d2c560a1bfdefc121c4cc5b847089c791a848b33d93764378e,e94566f9fd81e57ba993c3189a8ff54aa7c62f04b0ac9e9fe70d89b732432056,e94566f9fd81e57ba993c3189a8ff54aa7c62f04b0ac9e9fe70d89b732432056,CHANGED,False,True,REVIEW_REQUIRED
tests/test_corrective_live_canary_executor.py,2b003ba2d6a6f219cb21f5b938659c3112861590897065548f8a9aa6c506016e,2b003ba2d6a6f219cb21f5b938659c3112861590897065548f8a9aa6c506016e,2b003ba2d6a6f219cb21f5b938659c3112861590897065548f8a9aa6c506016e,SAME,True,True,NO_PORT_NEEDED
tests/test_corrective_live_parity_capture.py,6c336a2bb347f7ab5aa0e3d29f1073e54ae30f45f7f4a85855056ca38782008f,6c336a2bb347f7ab5aa0e3d29f1073e54ae30f45f7f4a85855056ca38782008f,6c336a2bb347f7ab5aa0e3d29f1073e54ae30f45f7f4a85855056ca38782008f,SAME,True,True,NO_PORT_NEEDED
tests/test_corrective_phase00_checkpoint_validation.py,,975fb9831d824a73faeaa0271126ed7e29c2481dad62c2d7e385275fb529f2bd,975fb9831d824a73faeaa0271126ed7e29c2481dad62c2d7e385275fb529f2bd,RUNTIME_ONLY,False,True,REVIEW_REQUIRED
tests/test_corrective_phase00_closure.py,5db82ce4ca93288b1c348bd43f7f57b248eff7200abf1f8c0f249c09130d1d28,15a3f9b760abc0a2ec901e095765d3c1070006a33bf0cddfef561603a307150c,15a3f9b760abc0a2ec901e095765d3c1070006a33bf0cddfef561603a307150c,CHANGED,False,True,REVIEW_REQUIRED
tests/test_corrective_phase00_control.py,22faf7eddd9888a4c082248f50652007f7579e5dd5c9913dde6414855f4ffbf6,1cda1d4d46f9435dcad5daf22237b0f01b4acc07ca6b91afef04008eaba556c7,1cda1d4d46f9435dcad5daf22237b0f01b4acc07ca6b91afef04008eaba556c7,CHANGED,False,True,REVIEW_REQUIRED
tests/test_corrective_phase00_descendants.py,479443975528fdb4e4bee91912a78a6a7e055906d65d9c717b7558dad845c4e2,d8c1bd9d5404cab8263e963222c3a39a0c90e9517bdb33e1fd24699d06f740a1,d8c1bd9d5404cab8263e963222c3a39a0c90e9517bdb33e1fd24699d06f740a1,CHANGED,False,True,REVIEW_REQUIRED
tests/test_corrective_program.py,61328d29cfd7f04018b32dcd685c83b73d51a9b7d0c8b1a9115590b4b3e4c0db,badef89088549fbaf34cd921eb2dccc9a11c1b758fe052539dcd673411fc637d,badef89088549fbaf34cd921eb2dccc9a11c1b758fe052539dcd673411fc637d,CHANGED,False,True,REVIEW_REQUIRED
tests/test_corrective_publication_registry.py,50544888ffa192f0350c5f4f96c39e2a19ec4ff81798173d00adf46bda729685,415d9dc3a91f65e7b0d27670745077e7359d68f485b8495bc292fae59309d7ac,415d9dc3a91f65e7b0d27670745077e7359d68f485b8495bc292fae59309d7ac,CHANGED,False,True,REVIEW_REQUIRED
tests/test_corrective_registered_learning.py,cb82137857303347d89bfdf0b40caeecea57019b576de13968551d8d422220a6,cb82137857303347d89bfdf0b40caeecea57019b576de13968551d8d422220a6,cb82137857303347d89bfdf0b40caeecea57019b576de13968551d8d422220a6,SAME,True,True,NO_PORT_NEEDED
tests/test_corrective_registered_rerun.py,a26fa7646b94906cb82587aa5d454db18365d56c19e4cf58c84f848c3af0adcb,a26fa7646b94906cb82587aa5d454db18365d56c19e4cf58c84f848c3af0adcb,a26fa7646b94906cb82587aa5d454db18365d56c19e4cf58c84f848c3af0adcb,SAME,True,True,NO_PORT_NEEDED
tests/test_corrective_registered_rerun_executor.py,00173e210f76e622fade57678d08df456fd8621c002b448d7c91a0e68fb2a556,00173e210f76e622fade57678d08df456fd8621c002b448d7c91a0e68fb2a556,00173e210f76e622fade57678d08df456fd8621c002b448d7c91a0e68fb2a556,SAME,True,True,NO_PORT_NEEDED
tests/test_corrective_release_gates.py,5b790d1aba812e5614bbf1f14179f0a6454a808a89aaaefcf4165662cbbec29a,6657cb8f175eaf33665bac4ce866e1cd00e4680e8f4652234893abfd5fda26cf,6657cb8f175eaf33665bac4ce866e1cd00e4680e8f4652234893abfd5fda26cf,CHANGED,False,True,REVIEW_REQUIRED
tests/test_corrective_runtime.py,c39341d12639f6496b345cc61db29ef12fedfc998677272e551870630884545e,c62b6fb1f90e1d4d702947d2d5a1ac111eef67c3dcb5d6f9f18e8373d2d649ae,c62b6fb1f90e1d4d702947d2d5a1ac111eef67c3dcb5d6f9f18e8373d2d649ae,CHANGED,False,True,REVIEW_REQUIRED
tests/test_corrective_scheduler_lock.py,5d4a29549e1665cd744745acc877105c42494dcb37967fabdbe592d04a475a64,2fc1baee9ee8c29afd958c7d8be483bba99e2eff92deb4d512e80fadddc4d20f,2fc1baee9ee8c29afd958c7d8be483bba99e2eff92deb4d512e80fadddc4d20f,CHANGED,False,True,REVIEW_REQUIRED
tests/test_corrective_scheduler_runtime_readiness.py,9aab2fea346c140174d5974eef6f7374542cc43b2020255eec46242074b9c858,9aab2fea346c140174d5974eef6f7374542cc43b2020255eec46242074b9c858,9aab2fea346c140174d5974eef6f7374542cc43b2020255eec46242074b9c858,SAME,True,True,NO_PORT_NEEDED
tests/test_corrective_scheduler_terminal.py,b3d94ff20d015f60541da5a1e33576f8f1e0d340dd1bc9bcb99dfcabc14c290b,aee43473b5be89a65d44b39c8d00b21ee6faa58ff73332ad8c776aab7016fb26,aee43473b5be89a65d44b39c8d00b21ee6faa58ff73332ad8c776aab7016fb26,CHANGED,False,True,REVIEW_REQUIRED
tests/test_corrective_stage4_handoff_readiness.py,b0efae8ccf3d29a43cb7b76830be1c772da3d2c0e45876adc8f82ec6ee70a8ee,b0efae8ccf3d29a43cb7b76830be1c772da3d2c0e45876adc8f82ec6ee70a8ee,b0efae8ccf3d29a43cb7b76830be1c772da3d2c0e45876adc8f82ec6ee70a8ee,SAME,True,True,NO_PORT_NEEDED
tests/test_corrective_statistical_remediation.py,8ef0339897ca35df49594816b620755b2c577c2a6b8e0737c70060799d7637bc,8ef0339897ca35df49594816b620755b2c577c2a6b8e0737c70060799d7637bc,8ef0339897ca35df49594816b620755b2c577c2a6b8e0737c70060799d7637bc,SAME,True,True,NO_PORT_NEEDED
tests/test_corrective_testnet_cohort_readiness.py,14a34a488d5972f41cccf087c85bdc3bc3683915e2c4a4570e1f7be8e28c71d0,14a34a488d5972f41cccf087c85bdc3bc3683915e2c4a4570e1f7be8e28c71d0,14a34a488d5972f41cccf087c85bdc3bc3683915e2c4a4570e1f7be8e28c71d0,SAME,True,True,NO_PORT_NEEDED
tests/test_corrective_testnet_collateral_transfer.py,ff44e9ed362de38bac44f73e9e3f2841a41010378d60f5b2fdc47c9335a5395e,2dbd28d7905724fab5996fefb3794a6893ce7d6b458e00a4712906b635ba291d,2dbd28d7905724fab5996fefb3794a6893ce7d6b458e00a4712906b635ba291d,CHANGED,False,True,REVIEW_REQUIRED
tests/test_corrective_testnet_pair_execution.py,f059ff6e7023ab05945e8a354ce98aef77bb05734a7e6fbd65bdecd2636ea573,f30044e0598fbf7bd99dec188410ed864370f81a5ae729c61cd5232c7704025c,f30044e0598fbf7bd99dec188410ed864370f81a5ae729c61cd5232c7704025c,CHANGED,False,True,REVIEW_REQUIRED
tests/test_corrective_trusted_artifact.py,,a2f64b18fe2f53d339f1dae6553d0be9488ed308a2f4c760cba7add7480e790e,a2f64b18fe2f53d339f1dae6553d0be9488ed308a2f4c760cba7add7480e790e,RUNTIME_ONLY,False,True,REVIEW_REQUIRED
tests/test_corrective_wizard_api_credit_receipt.py,98c039f7d17c7a9803956007de31e195f94f663d67c1a9cbaec42448fc248403,98c039f7d17c7a9803956007de31e195f94f663d67c1a9cbaec42448fc248403,98c039f7d17c7a9803956007de31e195f94f663d67c1a9cbaec42448fc248403,SAME,True,True,NO_PORT_NEEDED
tests/test_corrective_wizard_browser_auth.py,0e0f4f418f8787b08420e1ee7e1a907e5fcb1470f02fa531b33c4f926bf21362,0e0f4f418f8787b08420e1ee7e1a907e5fcb1470f02fa531b33c4f926bf21362,0e0f4f418f8787b08420e1ee7e1a907e5fcb1470f02fa531b33c4f926bf21362,SAME,True,True,NO_PORT_NEEDED
tests/test_corrective_wizard_capture_manifest.py,54e4e2fecedee846be81d7c3ab241bd776d9c5bcfbf0eaa68e5be5364f36e1d0,54e4e2fecedee846be81d7c3ab241bd776d9c5bcfbf0eaa68e5be5364f36e1d0,54e4e2fecedee846be81d7c3ab241bd776d9c5bcfbf0eaa68e5be5364f36e1d0,SAME,True,True,NO_PORT_NEEDED
tests/test_corrective_wizard_capture_reconciliation.py,e5a4e3a2320c170d2fdc93a2e69d7f8f69b2d89c057b619a707e61c439568c6b,e5a4e3a2320c170d2fdc93a2e69d7f8f69b2d89c057b619a707e61c439568c6b,e5a4e3a2320c170d2fdc93a2e69d7f8f69b2d89c057b619a707e61c439568c6b,SAME,True,True,NO_PORT_NEEDED
tests/test_corrective_wizard_comparator_review_control.py,0ae28045714cd36e69268f85961cc2fe2ac71202a79ea3137b670673e7c695ed,0ae28045714cd36e69268f85961cc2fe2ac71202a79ea3137b670673e7c695ed,0ae28045714cd36e69268f85961cc2fe2ac71202a79ea3137b670673e7c695ed,SAME,True,True,NO_PORT_NEEDED
tests/test_corrective_wizard_copula_behavioral.py,6afc75a6a0c304552c8f8f04da2fb17c518c3be57658fe30a91f192394b78e2b,effd7cc070b2ec6710ce7b7aef422d0816f916ef40aa4b044944d2c01b9d8cd2,effd7cc070b2ec6710ce7b7aef422d0816f916ef40aa4b044944d2c01b9d8cd2,CHANGED,False,True,REVIEW_REQUIRED
tests/test_corrective_wizard_copula_supersession.py,,a936f4735145b57e587f8549ccd911478467f47e4490f5d5c9e4db0f988856fc,a936f4735145b57e587f8549ccd911478467f47e4490f5d5c9e4db0f988856fc,RUNTIME_ONLY,False,True,REVIEW_REQUIRED
tests/test_corrective_wizard_dynamic_holdout.py,2d3b4829314fe4e948e4cf5f4b65eba88aac2661300615ce5d7288cfc03f00b3,2d3b4829314fe4e948e4cf5f4b65eba88aac2661300615ce5d7288cfc03f00b3,2d3b4829314fe4e948e4cf5f4b65eba88aac2661300615ce5d7288cfc03f00b3,SAME,True,True,NO_PORT_NEEDED
tests/test_corrective_wizard_dynamic_supreme_review.py,851c0de0e9a5f5c878a74ccf2dd7e38b8854ae59986e52435f6d6903d3ea620a,851c0de0e9a5f5c878a74ccf2dd7e38b8854ae59986e52435f6d6903d3ea620a,851c0de0e9a5f5c878a74ccf2dd7e38b8854ae59986e52435f6d6903d3ea620a,SAME,True,True,NO_PORT_NEEDED
tests/test_corrective_wizard_ou_holdout.py,58fb89cdd450ecb33f85f97c86d327ab4f25871a63b2af9771df7e8edadc1ab0,58fb89cdd450ecb33f85f97c86d327ab4f25871a63b2af9771df7e8edadc1ab0,58fb89cdd450ecb33f85f97c86d327ab4f25871a63b2af9771df7e8edadc1ab0,SAME,True,True,NO_PORT_NEEDED
tests/test_corrective_wizard_ou_v4_failure_attribution.py,486ef9be67ca747395dac5c2ff5c818f92ce76973a9689bb0d10d2094ae27dbd,486ef9be67ca747395dac5c2ff5c818f92ce76973a9689bb0d10d2094ae27dbd,486ef9be67ca747395dac5c2ff5c818f92ce76973a9689bb0d10d2094ae27dbd,SAME,True,True,NO_PORT_NEEDED
tests/test_corrective_wizard_ou_v4_holdout.py,48b47be00571a143d327adb7339103be4040814dca09371e8ab1efd37f270071,48b47be00571a143d327adb7339103be4040814dca09371e8ab1efd37f270071,48b47be00571a143d327adb7339103be4040814dca09371e8ab1efd37f270071,SAME,True,True,NO_PORT_NEEDED
tests/test_corrective_wizard_ou_v5_failure_attribution.py,5a2fcbb5c39be23fa3773d14352d9370ac25a7cba85d7e90892ed2a54a8f788f,5a2fcbb5c39be23fa3773d14352d9370ac25a7cba85d7e90892ed2a54a8f788f,5a2fcbb5c39be23fa3773d14352d9370ac25a7cba85d7e90892ed2a54a8f788f,SAME,True,True,NO_PORT_NEEDED
tests/test_corrective_wizard_ou_v5_holdout.py,5265826b5d4f1451b952461a4e252ed1e34420a11268ac14d7b2ffca654a2039,5265826b5d4f1451b952461a4e252ed1e34420a11268ac14d7b2ffca654a2039,5265826b5d4f1451b952461a4e252ed1e34420a11268ac14d7b2ffca654a2039,SAME,True,True,NO_PORT_NEEDED
tests/test_corrective_wizard_ou_v6_holdout.py,7e6a111f326e99fbc20eb1db2fed58ee67470e7183f8828073a25fff19fcc83e,8260cc4b20e429b1a1165857b0cdfb88af7d4388f84e5d68936bbc53d4557cc0,8260cc4b20e429b1a1165857b0cdfb88af7d4388f84e5d68936bbc53d4557cc0,CHANGED,False,True,REVIEW_REQUIRED
tests/test_corrective_wizard_ou_v6_terminal_accounting.py,,5f368d62c12585f4208812cbb17f80ff32a83ad0dc7478ca898f3ec7ed353e99,5f368d62c12585f4208812cbb17f80ff32a83ad0dc7478ca898f3ec7ed353e99,RUNTIME_ONLY,False,True,REVIEW_REQUIRED
tests/test_corrective_wizard_parity.py,04835c5141a068bb6ef595498777c60d0bed95cf19d6f9af11316c1131c172fe,04835c5141a068bb6ef595498777c60d0bed95cf19d6f9af11316c1131c172fe,04835c5141a068bb6ef595498777c60d0bed95cf19d6f9af11316c1131c172fe,SAME,True,True,NO_PORT_NEEDED
tests/test_corrective_wizard_proof_launcher.py,e491ec5f78c885ac1931450abcd56282d6625e0577a323a3775d37b06dcd76d0,7fa56e92e299c6d9f5ec1d4001dc588fcff4a7c70fae0ac304839687e07650b4,7fa56e92e299c6d9f5ec1d4001dc588fcff4a7c70fae0ac304839687e07650b4,CHANGED,False,True,REVIEW_REQUIRED
tests/test_corrective_wizard_proof_scheduler.py,d7174ba3d0770eacdd04dd377bc99dae4a9c9becfe21cf743b883daa835d96bf,2c7ebe3e048d63fc8becd05baa129d146b5e8fa100f36d416be3db1ca3882c49,2c7ebe3e048d63fc8becd05baa129d146b5e8fa100f36d416be3db1ca3882c49,CHANGED,False,True,REVIEW_REQUIRED
tests/test_corrective_wizard_reset_readiness.py,61e784e7aa9ce9f514d93732fa78e30ae6e83a4aaf9199252f4994ee3396883d,61e784e7aa9ce9f514d93732fa78e30ae6e83a4aaf9199252f4994ee3396883d,61e784e7aa9ce9f514d93732fa78e30ae6e83a4aaf9199252f4994ee3396883d,SAME,True,True,NO_PORT_NEEDED
tests/test_corrective_wizard_surface_inventory.py,3078fc0faaea2835ff008878e18392054d5cf79b766f7b9994be8c8807277a09,63ed2f308f40d113d2256221e9aaf09f3118fc75d351c3575d4eac62c273f2fb,63ed2f308f40d113d2256221e9aaf09f3118fc75d351c3575d4eac62c273f2fb,CHANGED,False,True,REVIEW_REQUIRED
tests/test_corrective_wizard_unattended_preflight.py,90a6d18938838b64616e2e4cf43fdf62261aae362f768bb6f984ea21e016067b,90a6d18938838b64616e2e4cf43fdf62261aae362f768bb6f984ea21e016067b,90a6d18938838b64616e2e4cf43fdf62261aae362f768bb6f984ea21e016067b,SAME,True,True,NO_PORT_NEEDED
tests/test_crypto_wizards_catalog.py,3a209af21f1fb1462472966c00b3793f1a0a261843d4766dbd987397590b95c7,3a209af21f1fb1462472966c00b3793f1a0a261843d4766dbd987397590b95c7,3a209af21f1fb1462472966c00b3793f1a0a261843d4766dbd987397590b95c7,SAME,True,True,NO_PORT_NEEDED
tests/test_crypto_wizards_dashboard_capture.py,097a03bb94128089764069f995cf1a007b4d2f7d0e9ac33f37264686af58fdfe,097a03bb94128089764069f995cf1a007b4d2f7d0e9ac33f37264686af58fdfe,097a03bb94128089764069f995cf1a007b4d2f7d0e9ac33f37264686af58fdfe,SAME,True,True,NO_PORT_NEEDED
tests/test_crypto_wizards_history.py,66f35706ef9a2a865c61eb6f8d38ee1897d57c763c2c538c3838ccb4e84f110b,3085134bcc4d7a1a564f8683265730745e56db094afafd278f446bcbf0ca7f83,3085134bcc4d7a1a564f8683265730745e56db094afafd278f446bcbf0ca7f83,CHANGED,False,True,REVIEW_REQUIRED
tests/test_crypto_wizards_scanner.py,7e36ec4f244996d66145978ab684ea26792defd52c2c245aec83bdd06963cc87,7ee3f16ef33797c300a0e7fa0e41fbee1e2462ccea4456121b081b565275252a,7ee3f16ef33797c300a0e7fa0e41fbee1e2462ccea4456121b081b565275252a,CHANGED,False,True,REVIEW_REQUIRED
tests/test_crypto_wizards_sweep.py,b50aaf478aa7d8f379bc90a54e1c173b7ea27721d689942e5a41e4230e77336d,0fd4784bbdebc9f6a65c793736359109c9aecc1b795f320bb1466ee7bf31b834,0fd4784bbdebc9f6a65c793736359109c9aecc1b795f320bb1466ee7bf31b834,CHANGED,False,True,REVIEW_REQUIRED
tests/test_current_lineage_action_census.py,,00bb32bb08a67b9de4748de57052118c82b50b83f27f057c8c4b070494b9b403,00bb32bb08a67b9de4748de57052118c82b50b83f27f057c8c4b070494b9b403,RUNTIME_ONLY,False,True,REVIEW_REQUIRED
tests/test_current_lineage_selector_consistency.py,,3153d769c0f74cf3e82bde40c6748adf660a1c4a37db6f6afd1c29b3155efbae,3153d769c0f74cf3e82bde40c6748adf660a1c4a37db6f6afd1c29b3155efbae,RUNTIME_ONLY,False,True,REVIEW_REQUIRED
tests/test_current_test_bundle_consumers.py,,db8660bab7d11c35217b3a9dbcb1de5fcabc3c797038ba86e69310aa90dc294f,db8660bab7d11c35217b3a9dbcb1de5fcabc3c797038ba86e69310aa90dc294f,RUNTIME_ONLY,False,True,REVIEW_REQUIRED
tests/test_current_wizard_hyperliquid_archive.py,62361d6a087762c2365c7eb5a0b7635bef59da4aaeda0487e2c639f6ea7933e0,62361d6a087762c2365c7eb5a0b7635bef59da4aaeda0487e2c639f6ea7933e0,62361d6a087762c2365c7eb5a0b7635bef59da4aaeda0487e2c639f6ea7933e0,SAME,True,True,NO_PORT_NEEDED
tests/test_current_wizard_hyperliquid_completion_audit.py,ace571591f36c17ff951035ffbf1d01911dd6d850a1116c0a1fcf967b57f89bd,ace571591f36c17ff951035ffbf1d01911dd6d850a1116c0a1fcf967b57f89bd,ace571591f36c17ff951035ffbf1d01911dd6d850a1116c0a1fcf967b57f89bd,SAME,True,True,NO_PORT_NEEDED
tests/test_current_wizard_hyperliquid_daily_runner.py,2e62201280336c042d8eb1e46901a428d19dcb3e1bce323c222902d43202e0ed,914b5eb6c198c6f18163c354e4fb1787ad312e3bc072f5f6d4bedc442c730ee5,0f5e0db7853ec1d2efb151f52322f757b9c430808036c7694b78ed3dd2d88ea1,CHANGED,False,False,REVIEW_REQUIRED
tests/test_current_wizard_hyperliquid_evidence_command_center.py,5b7dc89514a44e2d49c2dc25e99fb421a4169acbcf16616264a29899d7c7cc88,5b7dc89514a44e2d49c2dc25e99fb421a4169acbcf16616264a29899d7c7cc88,5b7dc89514a44e2d49c2dc25e99fb421a4169acbcf16616264a29899d7c7cc88,SAME,True,True,NO_PORT_NEEDED
tests/test_current_wizard_hyperliquid_handoff.py,72e7598b1dd1ce8840ecdeddc8d8c8c6e55ec8aa76038081bc4052c81ba8d2b7,29f8bc76870555f7d4904ad41c7e0e262b366b31447bc11d33bdf9a70af75353,29f8bc76870555f7d4904ad41c7e0e262b366b31447bc11d33bdf9a70af75353,CHANGED,False,True,REVIEW_REQUIRED
tests/test_current_wizard_hyperliquid_math_comparison.py,6e5c3b773124226da2ca16dda83c1b4a5d723b80acd1b96c087e850e83c65349,6e5c3b773124226da2ca16dda83c1b4a5d723b80acd1b96c087e850e83c65349,6e5c3b773124226da2ca16dda83c1b4a5d723b80acd1b96c087e850e83c65349,SAME,True,True,NO_PORT_NEEDED
tests/test_current_wizard_hyperliquid_testnet_protocol.py,4b20df4bb1fd2090998d55eec3b1d7cb7ae9c2d326adf54ee830a44dd9d7bb0b,4b20df4bb1fd2090998d55eec3b1d7cb7ae9c2d326adf54ee830a44dd9d7bb0b,4b20df4bb1fd2090998d55eec3b1d7cb7ae9c2d326adf54ee830a44dd9d7bb0b,SAME,True,True,NO_PORT_NEEDED
tests/test_current_wizard_ou_optimal_overlay.py,eeadcd9579a8c7b510cd1414ec55170942b016e8318b5ad7805d6fe5fe3c2c9e,eeadcd9579a8c7b510cd1414ec55170942b016e8318b5ad7805d6fe5fe3c2c9e,eeadcd9579a8c7b510cd1414ec55170942b016e8318b5ad7805d6fe5fe3c2c9e,SAME,True,True,NO_PORT_NEEDED
tests/test_daily_stage_deadline.py,,49c3d17e25e9961ebf9a3d381a5135d901336b5a8e3e565df01f735dfecced0e,49c3d17e25e9961ebf9a3d381a5135d901336b5a8e3e565df01f735dfecced0e,RUNTIME_ONLY,False,True,REVIEW_REQUIRED
tests/test_daily_stage_effect_accounting.py,,258df19276a86630a2514cc5d34e947977f0de0b73bc3d360c462c8b2db95182,258df19276a86630a2514cc5d34e947977f0de0b73bc3d360c462c8b2db95182,RUNTIME_ONLY,False,True,REVIEW_REQUIRED
tests/test_decide_color_team_admission.py,,3a2b6ef098026c75c12dc35fdc01621747b9bfecaa2b04db00c91536fa7232af,3a2b6ef098026c75c12dc35fdc01621747b9bfecaa2b04db00c91536fa7232af,RUNTIME_ONLY,False,True,REVIEW_REQUIRED
tests/test_decide_color_team_architecture.py,,a5b4d67830bb1b63475085de6869d6fd30eb7034bc88003a1cd44a49a6d795c4,a5b4d67830bb1b63475085de6869d6fd30eb7034bc88003a1cd44a49a6d795c4,RUNTIME_ONLY,False,True,REVIEW_REQUIRED
tests/test_decide_color_team_integrity_regressions.py,,d9d12f707b9ae21871eaabe5709a834502b86e08b3d4dfa6dadaddf492fd2c75,d9d12f707b9ae21871eaabe5709a834502b86e08b3d4dfa6dadaddf492fd2c75,RUNTIME_ONLY,False,True,REVIEW_REQUIRED
tests/test_decide_color_team_isolation.py,,e323146101f6e96734ae3115eb0c33b2477057b73121be859010ad73fe399115,e323146101f6e96734ae3115eb0c33b2477057b73121be859010ad73fe399115,RUNTIME_ONLY,False,True,REVIEW_REQUIRED
tests/test_decide_color_team_trials.py,,496857e69754cb84e3088f337c71819bf3ff013a312d6fc104c9aa4ea20c938a,496857e69754cb84e3088f337c71819bf3ff013a312d6fc104c9aa4ea20c938a,RUNTIME_ONLY,False,True,REVIEW_REQUIRED
tests/test_decide_contracts.py,,09e6b6aa360a206f20ec0532e161d883882da8a655e891647995b5885de7bf0a,09e6b6aa360a206f20ec0532e161d883882da8a655e891647995b5885de7bf0a,RUNTIME_ONLY,False,True,REVIEW_REQUIRED
tests/test_decide_deep_challenge.py,,3da64a5ec9783ce311fe9acecb67b90723761b8b66bac0f775125c831470627b,3da64a5ec9783ce311fe9acecb67b90723761b8b66bac0f775125c831470627b,RUNTIME_ONLY,False,True,REVIEW_REQUIRED
tests/test_decide_fast_challenge.py,,f86cb5c445fd8322e560ec30af936b627569cfa5cb132788450c7f781c0fa1e3,f86cb5c445fd8322e560ec30af936b627569cfa5cb132788450c7f781c0fa1e3,RUNTIME_ONLY,False,True,REVIEW_REQUIRED
tests/test_decide_pipeline.py,,862fd6ade04c1ce41ea4648680ef303d12f4a934fca04d05f475bbafd89507d4,862fd6ade04c1ce41ea4648680ef303d12f4a934fca04d05f475bbafd89507d4,RUNTIME_ONLY,False,True,REVIEW_REQUIRED
tests/test_decide_proof_admission.py,,18c47404a6057b9130bf29125bb883e055dd9c69bc84d59bc0162e40665e899c,18c47404a6057b9130bf29125bb883e055dd9c69bc84d59bc0162e40665e899c,RUNTIME_ONLY,False,True,REVIEW_REQUIRED
tests/test_decide_shadow_handoff.py,,1ca88ec74429af2218ade99db8c944df28d9c2bb6bd092b4979efee13554f90f,1ca88ec74429af2218ade99db8c944df28d9c2bb6bd092b4979efee13554f90f,RUNTIME_ONLY,False,True,REVIEW_REQUIRED
tests/test_derived_features.py,715c19afc4d82efcd5ac7b08a49383011fa0144e82f5657bbc0818dd7c3a9c58,715c19afc4d82efcd5ac7b08a49383011fa0144e82f5657bbc0818dd7c3a9c58,715c19afc4d82efcd5ac7b08a49383011fa0144e82f5657bbc0818dd7c3a9c58,SAME,True,True,NO_PORT_NEEDED
tests/test_dydx_candles.py,20c01247f05ff559f1ed9ce26f62ff5745814d8e84c0f6fd69eb76d5d149efe7,2f894a1df45fb3317d7fb930cdb05af939001bbdb15f1ddd7bd1a2f642365cfc,2f894a1df45fb3317d7fb930cdb05af939001bbdb15f1ddd7bd1a2f642365cfc,CHANGED,False,True,REVIEW_REQUIRED
tests/test_dydx_public_mainnet.py,,be554f221def28de8e7a2efb1d1de41636ffae0202e7fc02b52abd631cb12c76,be554f221def28de8e7a2efb1d1de41636ffae0202e7fc02b52abd631cb12c76,RUNTIME_ONLY,False,True,REVIEW_REQUIRED
tests/test_dynamic_agent_arbiter.py,31b83bd936fd40ac3d9eedb50a53c3ed5c258cbbe793cca1d11152d073644b20,31b83bd936fd40ac3d9eedb50a53c3ed5c258cbbe793cca1d11152d073644b20,31b83bd936fd40ac3d9eedb50a53c3ed5c258cbbe793cca1d11152d073644b20,SAME,True,True,NO_PORT_NEEDED
tests/test_dynamic_agent_contracts.py,5c60ebcfd9599183297ca6f1c629656a5017a0d4239b1f022a94c7b00e8f13ea,5c60ebcfd9599183297ca6f1c629656a5017a0d4239b1f022a94c7b00e8f13ea,5c60ebcfd9599183297ca6f1c629656a5017a0d4239b1f022a94c7b00e8f13ea,SAME,True,True,NO_PORT_NEEDED
tests/test_dynamic_agent_ledger.py,0f4d16f7f0afc5a4f9d620025d617fa56392531d5db1c620c2e04f30db4b3cb5,5e546add30d0635f047da893537818ab5ccc65e2d3770cc3f3bdf01d03548457,5e546add30d0635f047da893537818ab5ccc65e2d3770cc3f3bdf01d03548457,CHANGED,False,True,REVIEW_REQUIRED
tests/test_dynamic_agent_router.py,55c6e3d5f6841040078b6ceb0e26e875e06a2717cb77f99e26d25b82b9de959d,55c6e3d5f6841040078b6ceb0e26e875e06a2717cb77f99e26d25b82b9de959d,55c6e3d5f6841040078b6ceb0e26e875e06a2717cb77f99e26d25b82b9de959d,SAME,True,True,NO_PORT_NEEDED
tests/test_dynamic_agent_venue_gate.py,4e45dc051db86ae0c722c7d5ea3d794431bdd0c9a2e26eacfdf6edcddc33060b,4e45dc051db86ae0c722c7d5ea3d794431bdd0c9a2e26eacfdf6edcddc33060b,4e45dc051db86ae0c722c7d5ea3d794431bdd0c9a2e26eacfdf6edcddc33060b,SAME,True,True,NO_PORT_NEEDED
tests/test_dynamic_rollout.py,32bad0f2093df70468ecd939174e54a4ab3b73442a73483c434d36410daa797d,32bad0f2093df70468ecd939174e54a4ab3b73442a73483c434d36410daa797d,32bad0f2093df70468ecd939174e54a4ab3b73442a73483c434d36410daa797d,SAME,True,True,NO_PORT_NEEDED
tests/test_dynamic_stage_runner.py,a4de308dfffd9f993ccdb0384248753cc568535daf7a7567c71452f0da84fc50,a4de308dfffd9f993ccdb0384248753cc568535daf7a7567c71452f0da84fc50,a4de308dfffd9f993ccdb0384248753cc568535daf7a7567c71452f0da84fc50,SAME,True,True,NO_PORT_NEEDED
tests/test_dynamic_supreme_team.py,dba04f22af217ef9c2dab18a8361e29cafb9b48c40b02fb75d8e0850d5a34124,dba04f22af217ef9c2dab18a8361e29cafb9b48c40b02fb75d8e0850d5a34124,dba04f22af217ef9c2dab18a8361e29cafb9b48c40b02fb75d8e0850d5a34124,SAME,True,True,NO_PORT_NEEDED
tests/test_economic_contract.py,c432e1f54b807f80925d9674c9a06cddce3e1e85ffdbdd36662f3eb1cd48970e,c432e1f54b807f80925d9674c9a06cddce3e1e85ffdbdd36662f3eb1cd48970e,c432e1f54b807f80925d9674c9a06cddce3e1e85ffdbdd36662f3eb1cd48970e,SAME,True,True,NO_PORT_NEEDED
tests/test_elapsed_capture_job.py,,,5c3f3ad1fe623a09bd8f80bba2fabd6b749495f48529f09ecfee57f1b596a821,RUNTIME_ONLY,False,False,REVIEW_REQUIRED
tests/test_elapsed_capture_store.py,,,64c69ba9bdd9ef6a50e50fae7340266430dc0def8e29f3399d55fefd24af8afc,RUNTIME_ONLY,False,False,REVIEW_REQUIRED
tests/test_elapsed_causal_capture.py,,,08cd9a0cf9c807791979971c9d07931fe8276543e67ba06ccef6010b3dd077f0,RUNTIME_ONLY,False,False,REVIEW_REQUIRED
tests/test_entry_exit_contracts.py,,a3415f070f8dc6f5e055772e6659c9f56775bc4ea650d4fd31b93e9534171032,a3415f070f8dc6f5e055772e6659c9f56775bc4ea650d4fd31b93e9534171032,RUNTIME_ONLY,False,True,REVIEW_REQUIRED
tests/test_env.py,27f38b9df1085f349fb5c87a02bf06965f0f60fd9da6421cf6ca77b2829fb6e8,27f38b9df1085f349fb5c87a02bf06965f0f60fd9da6421cf6ca77b2829fb6e8,27f38b9df1085f349fb5c87a02bf06965f0f60fd9da6421cf6ca77b2829fb6e8,SAME,True,True,NO_PORT_NEEDED
tests/test_estimator_consumer_repairs.py,,872f44b3b1ea3a5be31729e8fbc4010aaad7d1090addcffcede3e54312544600,872f44b3b1ea3a5be31729e8fbc4010aaad7d1090addcffcede3e54312544600,RUNTIME_ONLY,False,True,REVIEW_REQUIRED
tests/test_estimator_repairs.py,,f777e64eee7b78e3b7fb511fc2d6419fa28f309f83d2ff6922e0f478781a61a0,f777e64eee7b78e3b7fb511fc2d6419fa28f309f83d2ff6922e0f478781a61a0,RUNTIME_ONLY,False,True,REVIEW_REQUIRED
tests/test_evidence_registry.py,c86124e6243fc3c1d0f638fe2d55ecddd97a5229e4c512c02de752dfdd53cd84,c86124e6243fc3c1d0f638fe2d55ecddd97a5229e4c512c02de752dfdd53cd84,c86124e6243fc3c1d0f638fe2d55ecddd97a5229e4c512c02de752dfdd53cd84,SAME,True,True,NO_PORT_NEEDED
tests/test_exact_directory_inventory.py,,956f30a3c58ab7980e5fcd982cf4a83636ecb92c117d6e72f71d9cc602c6856e,956f30a3c58ab7980e5fcd982cf4a83636ecb92c117d6e72f71d9cc602c6856e,RUNTIME_ONLY,False,True,REVIEW_REQUIRED
tests/test_exact_http_transport_authority.py,,8f1f354136993d09dc6e5a2234f6259b5da05036dfe9df409007050d035a9085,8f1f354136993d09dc6e5a2234f6259b5da05036dfe9df409007050d035a9085,RUNTIME_ONLY,False,True,REVIEW_REQUIRED
tests/test_exact_publication_targets.py,,55c2536ff9def950766b83bbd650a9ddf905cb514df484b9b1f45ef287a412aa,55c2536ff9def950766b83bbd650a9ddf905cb514df484b9b1f45ef287a412aa,RUNTIME_ONLY,False,True,REVIEW_REQUIRED
tests/test_execution.py,9471785c124f8b48ab66fd43c994c5c947acdb9264efce438f4c1f63c0fd145f,d0bb4fe00090ce10c4f3b8f74e35ac2914a548d15db953f8d6dc53c28f4f678a,d0bb4fe00090ce10c4f3b8f74e35ac2914a548d15db953f8d6dc53c28f4f678a,CHANGED,False,True,REVIEW_REQUIRED
tests/test_exhaustive_wizard_api_refresh.py,9e1149a1b18eacf28fa6d5252e38dfc105b2592b87f121330b1e03ac6ed71827,9e1149a1b18eacf28fa6d5252e38dfc105b2592b87f121330b1e03ac6ed71827,9e1149a1b18eacf28fa6d5252e38dfc105b2592b87f121330b1e03ac6ed71827,SAME,True,True,NO_PORT_NEEDED
tests/test_exhaustive_wizard_hyperliquid_learning.py,2d48de51b4eec2b152feeb4af192587890026381c5333cfb47372f9dd85e5a96,2d48de51b4eec2b152feeb4af192587890026381c5333cfb47372f9dd85e5a96,2d48de51b4eec2b152feeb4af192587890026381c5333cfb47372f9dd85e5a96,SAME,True,True,NO_PORT_NEEDED
tests/test_exhaustive_wizard_hyperliquid_leverage.py,64120fe586e9f7d6aec9716d5e7a0c70492b2bbda8d8be8e298497b64399aba9,64120fe586e9f7d6aec9716d5e7a0c70492b2bbda8d8be8e298497b64399aba9,64120fe586e9f7d6aec9716d5e7a0c70492b2bbda8d8be8e298497b64399aba9,SAME,True,True,NO_PORT_NEEDED
tests/test_exhaustive_wizard_hyperliquid_replay.py,19c2c7f983e9f37ef86200601537b902bbab305040452e83f158de75bf2d4675,19c2c7f983e9f37ef86200601537b902bbab305040452e83f158de75bf2d4675,19c2c7f983e9f37ef86200601537b902bbab305040452e83f158de75bf2d4675,SAME,True,True,NO_PORT_NEEDED
tests/test_exhaustive_wizard_hyperliquid_run.py,1c35599b3096f53d17056057cb77d664e91dfcc9a7ce2c19538f83ed7b0f1846,1c35599b3096f53d17056057cb77d664e91dfcc9a7ce2c19538f83ed7b0f1846,1c35599b3096f53d17056057cb77d664e91dfcc9a7ce2c19538f83ed7b0f1846,SAME,True,True,NO_PORT_NEEDED
tests/test_experiment_regime_clock.py,,37ded80035d31e4c72e1c21b8c8a220cefd67ca86e86684d91d9833f17d56ab3,37ded80035d31e4c72e1c21b8c8a220cefd67ca86e86684d91d9833f17d56ab3,RUNTIME_ONLY,False,True,REVIEW_REQUIRED
tests/test_experiments.py,db00cfeba696cb24bf1cfa3b313265dd5a3ca4ae5cfa91b9abbe80e22095ef38,db00cfeba696cb24bf1cfa3b313265dd5a3ca4ae5cfa91b9abbe80e22095ef38,db00cfeba696cb24bf1cfa3b313265dd5a3ca4ae5cfa91b9abbe80e22095ef38,SAME,True,True,NO_PORT_NEEDED
tests/test_external_effect_worker_hardening.py,,e0bf6a5ced6ba99315c849aefd208dfcd720a672bebc206e2b0ea4a1064d3f0f,e0bf6a5ced6ba99315c849aefd208dfcd720a672bebc206e2b0ea4a1064d3f0f,RUNTIME_ONLY,False,True,REVIEW_REQUIRED
tests/test_family_matrix.py,a0812dcfe998ed78aede63b63119fbe0bf61cbb5f7ac8c0f3e399fb9cb578bc1,a0812dcfe998ed78aede63b63119fbe0bf61cbb5f7ac8c0f3e399fb9cb578bc1,a0812dcfe998ed78aede63b63119fbe0bf61cbb5f7ac8c0f3e399fb9cb578bc1,SAME,True,True,NO_PORT_NEEDED
tests/test_feature_engine.py,49347383d5974ac6950cb823a75f65180cf69c4b05185472f358f2e12da8d7ce,10727c989ff7998612478439c14f54ad9d1c5066c1ba45cb14c16ce7c4ac8e56,10727c989ff7998612478439c14f54ad9d1c5066c1ba45cb14c16ce7c4ac8e56,CHANGED,False,True,REVIEW_REQUIRED
tests/test_finalize_full_project_test_receipt.py,,ea69e57cae34730d4086594f052b19cc412c03b0213f7f1680aaed35dae3bf5b,ea69e57cae34730d4086594f052b19cc412c03b0213f7f1680aaed35dae3bf5b,RUNTIME_ONLY,False,True,REVIEW_REQUIRED
tests/test_finalize_relevant_test_receipt.py,,81acd908236c800799f86d3fdc45c13fd17d25de913bf2a22e7865d1d8f40b6a,81acd908236c800799f86d3fdc45c13fd17d25de913bf2a22e7865d1d8f40b6a,RUNTIME_ONLY,False,True,REVIEW_REQUIRED
tests/test_fixture_ingestion.py,b35afd8227f4fea731bf3b5a2e87ea55734b83361d0a57c33794f199429f738b,b35afd8227f4fea731bf3b5a2e87ea55734b83361d0a57c33794f199429f738b,b35afd8227f4fea731bf3b5a2e87ea55734b83361d0a57c33794f199429f738b,SAME,True,True,NO_PORT_NEEDED
tests/test_forensic_project_audit.py,,94d8e5826123c08bee1d2525420e250c99e01f207fdde69b3db03070dfea1712,94d8e5826123c08bee1d2525420e250c99e01f207fdde69b3db03070dfea1712,RUNTIME_ONLY,False,True,REVIEW_REQUIRED
tests/test_formula_registry.py,6b5bbb3f7fc2e603a6239d6224fad879b13262f9b3a5e8490225c51e24d35751,6b5bbb3f7fc2e603a6239d6224fad879b13262f9b3a5e8490225c51e24d35751,6b5bbb3f7fc2e603a6239d6224fad879b13262f9b3a5e8490225c51e24d35751,SAME,True,True,NO_PORT_NEEDED
tests/test_forward_walk_classification_repairs.py,,0d874997986017c103cfa2c8dd752da9baba3923799681c6d7ea02c36d59a278,0d874997986017c103cfa2c8dd752da9baba3923799681c6d7ea02c36d59a278,RUNTIME_ONLY,False,True,REVIEW_REQUIRED
tests/test_funding.py,d935393378173152e5f1baef656536a60dfe6e5f97e6b3df3c82cf870475cc4e,d935393378173152e5f1baef656536a60dfe6e5f97e6b3df3c82cf870475cc4e,d935393378173152e5f1baef656536a60dfe6e5f97e6b3df3c82cf870475cc4e,SAME,True,True,NO_PORT_NEEDED
tests/test_funding_allocation_candidate.py,,cc9617efe0f74151758d532eeccbfafa9a4414c754f771218d936c35b67ed9e9,cc9617efe0f74151758d532eeccbfafa9a4414c754f771218d936c35b67ed9e9,RUNTIME_ONLY,False,True,REVIEW_REQUIRED
tests/test_gate00g_order_authority.py,ed55b13d356b4f7e1306349bde85acf0b685e197bdc7232806b650230cf3f5b2,3017033ae5bf0c555e919c72b831ef920aa6ac8395a037967ea3621d65375784,3017033ae5bf0c555e919c72b831ef920aa6ac8395a037967ea3621d65375784,CHANGED,False,True,REVIEW_REQUIRED
tests/test_human_evidence_dashboard.py,,958921fb8fa7b81cd7be298b67497eaad8536007d9e7aaf23241d2d289352772,958921fb8fa7b81cd7be298b67497eaad8536007d9e7aaf23241d2d289352772,RUNTIME_ONLY,False,True,REVIEW_REQUIRED
tests/test_human_evidence_presentation_isolated.py,,197bec8ddce987769e5dcb798fa85746f6374cb26b76ae18559a9aa19b9a0b2b,197bec8ddce987769e5dcb798fa85746f6374cb26b76ae18559a9aa19b9a0b2b,RUNTIME_ONLY,False,True,REVIEW_REQUIRED
tests/test_human_view_repairs.py,,d74bbeeea7248617149b2b58f059dd4efadad3048a82a0d3f35e94583ae91c81,d74bbeeea7248617149b2b58f059dd4efadad3048a82a0d3f35e94583ae91c81,RUNTIME_ONLY,False,True,REVIEW_REQUIRED
tests/test_hyperliquid.py,20566317f90aafd44810459524a664d12a11b810096a7d258b583a9933645881,8cf9955b1c155f848ba3f89e885096bbca954d4c241605690a0dbeae6b8417f4,8cf9955b1c155f848ba3f89e885096bbca954d4c241605690a0dbeae6b8417f4,CHANGED,False,True,REVIEW_REQUIRED
tests/test_hyperliquid_l2_calibration_intake.py,,,857dd80393295ab88893d0f658921fd742fe48835e800a455ba1397d1b207247,RUNTIME_ONLY,False,False,REVIEW_REQUIRED
tests/test_hyperliquid_learning_and_risk.py,f2a505ed5cdead049a6a8a595683fcc0a966922475619e5bf27cdff4677cfdad,f2a505ed5cdead049a6a8a595683fcc0a966922475619e5bf27cdff4677cfdad,f2a505ed5cdead049a6a8a595683fcc0a966922475619e5bf27cdff4677cfdad,SAME,True,True,NO_PORT_NEEDED
tests/test_hyperliquid_preflight_authority.py,209bc39902f70ed7e8ac76db89df5b5f01c3d53db4415d8284df5dea0b778b81,209bc39902f70ed7e8ac76db89df5b5f01c3d53db4415d8284df5dea0b778b81,209bc39902f70ed7e8ac76db89df5b5f01c3d53db4415d8284df5dea0b778b81,SAME,True,True,NO_PORT_NEEDED
tests/test_hyperliquid_testnet.py,5d8457b67ddf1b1d7eaaae2157f17125856c901b75fa56eec0db71c2fa2daba7,d5a66d6d07e7e032e93d3d05f863b280280083fa301fe868245ac3fffcd3dcde,d5a66d6d07e7e032e93d3d05f863b280280083fa301fe868245ac3fffcd3dcde,CHANGED,False,True,REVIEW_REQUIRED
tests/test_hyperliquid_testnet_lifecycle_evidence.py,157f9d7e23e07f689cd330908abf35575930f6d5f8a6597e85a09a7e3032ac44,157f9d7e23e07f689cd330908abf35575930f6d5f8a6597e85a09a7e3032ac44,157f9d7e23e07f689cd330908abf35575930f6d5f8a6597e85a09a7e3032ac44,SAME,True,True,NO_PORT_NEEDED
tests/test_institutional_fund_graph.py,,140857ecffaef54c37f2faad6d2d249f261de1ed30ae509e3a7c5290af7ad5dc,140857ecffaef54c37f2faad6d2d249f261de1ed30ae509e3a7c5290af7ad5dc,RUNTIME_ONLY,False,True,REVIEW_REQUIRED
tests/test_institutional_metric_integrity.py,,2fe171ca89d41c698e18b47ba7335661f371cb3351e38bc708416590d918d4d8,2fe171ca89d41c698e18b47ba7335661f371cb3351e38bc708416590d918d4d8,RUNTIME_ONLY,False,True,REVIEW_REQUIRED
tests/test_institutional_portfolio_risk.py,,ece0adddb0dff12de83232c0b2daa46d9edefdae9dad74eaed37a0c0defc4b6e,ece0adddb0dff12de83232c0b2daa46d9edefdae9dad74eaed37a0c0defc4b6e,RUNTIME_ONLY,False,True,REVIEW_REQUIRED
tests/test_interactive_mixtape_graph.py,6e54f57f7d434f6c2012fe02b3d2887d6b62b57305cfcf6583a2df5fb773e702,6e54f57f7d434f6c2012fe02b3d2887d6b62b57305cfcf6583a2df5fb773e702,6e54f57f7d434f6c2012fe02b3d2887d6b62b57305cfcf6583a2df5fb773e702,SAME,True,True,NO_PORT_NEEDED
tests/test_ledger_clock_consumer.py,,d83f9ee6754344324e2ca0026d1f3f60f0223148deec0f371534a9f1a1ea30a0,d83f9ee6754344324e2ca0026d1f3f60f0223148deec0f371534a9f1a1ea30a0,RUNTIME_ONLY,False,True,REVIEW_REQUIRED
tests/test_legacy_evidence_pipeline_math.py,48341847e17128376028f68d026557fcfb7a7328ee3f66e62ef6efc9314f8349,48341847e17128376028f68d026557fcfb7a7328ee3f66e62ef6efc9314f8349,48341847e17128376028f68d026557fcfb7a7328ee3f66e62ef6efc9314f8349,SAME,True,True,NO_PORT_NEEDED
tests/test_legacy_pipeline_quarantine.py,,352d7594ff6c80b56161fe7b15d18b1bc02bd16a0ff3f7a674d93ffead391656,352d7594ff6c80b56161fe7b15d18b1bc02bd16a0ff3f7a674d93ffead391656,RUNTIME_ONLY,False,True,REVIEW_REQUIRED
tests/test_lineage_video_routing.py,,5e2bb7caeac9eae2a57edf6fe39a422626e6bd115036e22b43a77153f2e39493,5e2bb7caeac9eae2a57edf6fe39a422626e6bd115036e22b43a77153f2e39493,RUNTIME_ONLY,False,True,REVIEW_REQUIRED
tests/test_maintenance_binding684.py,,60ffbda97410ac6139ac1c25db2fd309674891a17b54d5df287a9f9033b60af1,60ffbda97410ac6139ac1c25db2fd309674891a17b54d5df287a9f9033b60af1,RUNTIME_ONLY,False,True,REVIEW_REQUIRED
tests/test_math_desk_census.py,,f3bbdc9bbd4127791ee7cda8e2d460717af213f4d9fa9ab51189e6866d8ec31c,f3bbdc9bbd4127791ee7cda8e2d460717af213f4d9fa9ab51189e6866d8ec31c,RUNTIME_ONLY,False,True,REVIEW_REQUIRED
tests/test_math_desk_contracts.py,,a0e0fe85fb9989965b070d4832ad90885f4539aad4d5ff6fa2d4f31aa3b8900f,a0e0fe85fb9989965b070d4832ad90885f4539aad4d5ff6fa2d4f31aa3b8900f,RUNTIME_ONLY,False,True,REVIEW_REQUIRED
tests/test_math_desk_m3_core.py,,c58fe03d3102b51e55138274ac885918dff7ed70630d32b0b7fd82f488be8f0b,c58fe03d3102b51e55138274ac885918dff7ed70630d32b0b7fd82f488be8f0b,RUNTIME_ONLY,False,True,REVIEW_REQUIRED
tests/test_math_desk_m4_wizard_parity.py,,6a0de7143bd10b4dada1498bd3977d11883ddcf292d997669ae84c66844b892f,6a0de7143bd10b4dada1498bd3977d11883ddcf292d997669ae84c66844b892f,RUNTIME_ONLY,False,True,REVIEW_REQUIRED
tests/test_math_desk_m5_exhaustive.py,,64ec19627b588b17791cca4c0c14e042b594427f0decadd1939adbc3d2293146,64ec19627b588b17791cca4c0c14e042b594427f0decadd1939adbc3d2293146,RUNTIME_ONLY,False,True,REVIEW_REQUIRED
tests/test_math_desk_m5_source_evidence.py,,81733f126d1a8bbcbd16ec1cc0f51d5bdfec3567527b4fee472d645c3a6795d6,81733f126d1a8bbcbd16ec1cc0f51d5bdfec3567527b4fee472d645c3a6795d6,RUNTIME_ONLY,False,True,REVIEW_REQUIRED
tests/test_math_desk_m5_visual.py,,d9feae11f4dcfabbf5fab67a119703c74230750269759f9b44922b5279a423e3,d9feae11f4dcfabbf5fab67a119703c74230750269759f9b44922b5279a423e3,RUNTIME_ONLY,False,True,REVIEW_REQUIRED
tests/test_math_desk_m6_backlog_resolution.py,,3e3451edae58c88115caaf958b7fdb0e07be4af6052c4d0dc0961582f2e5d85d,3e3451edae58c88115caaf958b7fdb0e07be4af6052c4d0dc0961582f2e5d85d,RUNTIME_ONLY,False,True,REVIEW_REQUIRED
tests/test_math_desk_m6_m8.py,,cd1ffd03ec34c5f415558bc4058fc9d9efccbb57e4ee1cd26c053e8011fa48f7,cd1ffd03ec34c5f415558bc4058fc9d9efccbb57e4ee1cd26c053e8011fa48f7,RUNTIME_ONLY,False,True,REVIEW_REQUIRED
tests/test_math_desk_risk_census.py,,20952500c605519f5ea2a6af9ce95adde46da8aabf3013fa63b597037dfd1100,20952500c605519f5ea2a6af9ce95adde46da8aabf3013fa63b597037dfd1100,RUNTIME_ONLY,False,True,REVIEW_REQUIRED
tests/test_math_desk_scope_registry.py,,087b0c334fd8a07934f5d4248ed2c687b5e25ee5a1ac3bfc2d14cd38a3a259ec,087b0c334fd8a07934f5d4248ed2c687b5e25ee5a1ac3bfc2d14cd38a3a259ec,RUNTIME_ONLY,False,True,REVIEW_REQUIRED
tests/test_math_v2_acceptance.py,9599313e1ede12b2aae4a670b10c112987d65d1782e5c39a26ec5b268b11ef1e,9599313e1ede12b2aae4a670b10c112987d65d1782e5c39a26ec5b268b11ef1e,1bd29afbeff2a82c56947146201ecaf505cb12187c2cf32a878ba2efb1a5ba9a,CHANGED,True,False,REVIEW_REQUIRED
tests/test_meta_learning.py,182beacc6539f98063db05c6613b777fb14eebe4b46021c5034810c22658acc9,53988a888558e88da9e65445d474eba06b59ed362c3e8729200451340c962bb9,53988a888558e88da9e65445d474eba06b59ed362c3e8729200451340c962bb9,CHANGED,False,True,REVIEW_REQUIRED
tests/test_meta_learning_repairs.py,,95fdcb5087cd858342dc12fb4fa5344f8eecc798cf9951c1cecd9e5c4c9e024d,95fdcb5087cd858342dc12fb4fa5344f8eecc798cf9951c1cecd9e5c4c9e024d,RUNTIME_ONLY,False,True,REVIEW_REQUIRED
tests/test_mixed_version_metadata_repairs.py,,88638fcded8ea4dac1adb4787a659725d98083d5ae5bb644657aa3c42015c7fb,88638fcded8ea4dac1adb4787a659725d98083d5ae5bb644657aa3c42015c7fb,RUNTIME_ONLY,False,True,REVIEW_REQUIRED
tests/test_ml_filter.py,018b984961fcc084ca256de41afa630555b6e26a174d44a39656a2cf16af8a74,018b984961fcc084ca256de41afa630555b6e26a174d44a39656a2cf16af8a74,018b984961fcc084ca256de41afa630555b6e26a174d44a39656a2cf16af8a74,SAME,True,True,NO_PORT_NEEDED
tests/test_multi_asset_capture_job.py,6fbd8a81e3093902739f8849a918d205d1d59a8022e8a691affa1122a90c9d63,,852d5e26528fbb90f2df3ebba1d91c012e77d1391de92bb719b38d9510e4891e,CHANGED,False,False,REVIEW_REQUIRED
tests/test_native_stage34_rehearsal.py,,317e39b3ead2bf92e3e16d8db1b3ce0e038393f17ff3f6635d7f2d9eebea2c6e,317e39b3ead2bf92e3e16d8db1b3ce0e038393f17ff3f6635d7f2d9eebea2c6e,RUNTIME_ONLY,False,True,REVIEW_REQUIRED
tests/test_node_contract_repairs.py,,6274397a604c44f9a35c4d8068512cf757af1450207f890770b220d145204a08,6274397a604c44f9a35c4d8068512cf757af1450207f890770b220d145204a08,RUNTIME_ONLY,False,True,REVIEW_REQUIRED
tests/test_observation_handoff670.py,,7151ca7398c596e511b06a9760ce2d5c9338197a63208dcc9ce2e2762975ea85,7151ca7398c596e511b06a9760ce2d5c9338197a63208dcc9ce2e2762975ea85,RUNTIME_ONLY,False,True,REVIEW_REQUIRED
tests/test_observer_credited711.py,,761b5a844136f4a9d5882c3379d21c53c996ec75893d37142aff361ae32e7ab6,761b5a844136f4a9d5882c3379d21c53c996ec75893d37142aff361ae32e7ab6,RUNTIME_ONLY,False,True,REVIEW_REQUIRED
tests/test_orchestration_rl.py,8a63d69fb5279b6a5f63aeb4e034b4906d834d4bca7146aa33291430dd78d501,8a63d69fb5279b6a5f63aeb4e034b4906d834d4bca7146aa33291430dd78d501,40ff6bf8b4c40be21b4a13e01a294eb2152ab152726f46336671c953ffe608cd,CHANGED,True,False,REVIEW_REQUIRED
tests/test_orientation_remediation_closure.py,,dd4a91596c1da91f2dbbee2c25c216189547a633cc50a182b6f39fd2eacf7c4a,dd4a91596c1da91f2dbbee2c25c216189547a633cc50a182b6f39fd2eacf7c4a,RUNTIME_ONLY,False,True,REVIEW_REQUIRED
tests/test_owner_admission666.py,,daeabf4b4a0c37a2d8701a14cb7abc8866a8c640f71c73e17a05c13023e8d17f,daeabf4b4a0c37a2d8701a14cb7abc8866a8c640f71c73e17a05c13023e8d17f,RUNTIME_ONLY,False,True,REVIEW_REQUIRED
tests/test_owner_release668.py,,330c0943f4bb79421c100a9e633970056d67a5d8b55236e2b3c1e53b461064ab,330c0943f4bb79421c100a9e633970056d67a5d8b55236e2b3c1e53b461064ab,RUNTIME_ONLY,False,True,REVIEW_REQUIRED
tests/test_owner_release_inputs669.py,,9bae8353be5b391e96bc47f04b1a0eac25cb684dc84a3e10997ebaa89a9a6a8a,9bae8353be5b391e96bc47f04b1a0eac25cb684dc84a3e10997ebaa89a9a6a8a,RUNTIME_ONLY,False,True,REVIEW_REQUIRED
tests/test_owner_workload680.py,,b24cecd14e6a17c7b3fbdfbf42549ed197cc375620acb08e6f9b6254a02cab83,b24cecd14e6a17c7b3fbdfbf42549ed197cc375620acb08e6f9b6254a02cab83,RUNTIME_ONLY,False,True,REVIEW_REQUIRED
tests/test_package_build.py,,41e6ce70511f9f146ab0c62faa1e9691968859e636df5239107bb517c6aff1e6,41e6ce70511f9f146ab0c62faa1e9691968859e636df5239107bb517c6aff1e6,RUNTIME_ONLY,False,True,REVIEW_REQUIRED
tests/test_pair_detail_ingestion.py,3a82e865a6babf46ba9effd6fd32627208ea3585dbaa4882fb3e68b0aa625d59,3a82e865a6babf46ba9effd6fd32627208ea3585dbaa4882fb3e68b0aa625d59,3a82e865a6babf46ba9effd6fd32627208ea3585dbaa4882fb3e68b0aa625d59,SAME,True,True,NO_PORT_NEEDED
tests/test_pair_market_utils.py,dd05cbb1db4dde4806e427d628e384b7e956f3240b0a0a246d998b8b4a310397,dd05cbb1db4dde4806e427d628e384b7e956f3240b0a0a246d998b8b4a310397,dd05cbb1db4dde4806e427d628e384b7e956f3240b0a0a246d998b8b4a310397,SAME,True,True,NO_PORT_NEEDED
tests/test_partial_cleanup662.py,,94cb6968a837d92db3d6ca47b6582094c3a976c42bf023b1c3cc8f8f2daaabb3,94cb6968a837d92db3d6ca47b6582094c3a976c42bf023b1c3cc8f8f2daaabb3,RUNTIME_ONLY,False,True,REVIEW_REQUIRED
tests/test_performance_input_repairs.py,,e1121b3fe0e1fc5cdaf8cc5b2baf2eab0433680c610cab9527b351a3aa1adb7a,e1121b3fe0e1fc5cdaf8cc5b2baf2eab0433680c610cab9527b351a3aa1adb7a,RUNTIME_ONLY,False,True,REVIEW_REQUIRED
tests/test_performance_math_v2.py,1e9337be0a4916c8c4d71d65bb1a8ad05b954ead1ab112abb6efda83864ca2dd,1e9337be0a4916c8c4d71d65bb1a8ad05b954ead1ab112abb6efda83864ca2dd,1e9337be0a4916c8c4d71d65bb1a8ad05b954ead1ab112abb6efda83864ca2dd,SAME,True,True,NO_PORT_NEEDED
tests/test_personal_trader_graph.py,,2e54e61aa5ba2bd03809b3d48bfe7357b22a669986a83b097c19b32431595548,2e54e61aa5ba2bd03809b3d48bfe7357b22a669986a83b097c19b32431595548,RUNTIME_ONLY,False,True,REVIEW_REQUIRED
tests/test_phase00_active_artifact_envelopes.py,fea65d4d4ffeded62634b7d88bb6b2659c88cd647c37d4bc97282a1047263d83,c53ea6bf4d4f161b8b3419b85fd79242275ebc5c76bc6aec888c98c2505d654f,c53ea6bf4d4f161b8b3419b85fd79242275ebc5c76bc6aec888c98c2505d654f,CHANGED,False,True,REVIEW_REQUIRED
tests/test_phase00_ccxt_evidence.py,938e393fd5f80c2b94bdd77106980adde4a22e41069905180be9d4a65f881a17,938e393fd5f80c2b94bdd77106980adde4a22e41069905180be9d4a65f881a17,938e393fd5f80c2b94bdd77106980adde4a22e41069905180be9d4a65f881a17,SAME,True,True,NO_PORT_NEEDED
tests/test_phase00_closure_launcher.py,,29278a4de5bd2cf36fed36abb96409d78c65bd9c9d98c8ffdbb3170221f40091,29278a4de5bd2cf36fed36abb96409d78c65bd9c9d98c8ffdbb3170221f40091,RUNTIME_ONLY,False,True,REVIEW_REQUIRED
tests/test_phase00_effect_authority.py,d81d5fb698893d4dece3e42e99ff63f3e717a69fd69ff6f19555a0d21c76dce2,67c1d117368881d2853a603b6821d9a60e852dbcadc508b8735624cfd0c277ed,67c1d117368881d2853a603b6821d9a60e852dbcadc508b8735624cfd0c277ed,CHANGED,False,True,REVIEW_REQUIRED
tests/test_phase00_effect_guard.py,740025242a0a732140a9be16c0f9a81e208b372f85411168721acf1f07c3f614,740025242a0a732140a9be16c0f9a81e208b372f85411168721acf1f07c3f614,740025242a0a732140a9be16c0f9a81e208b372f85411168721acf1f07c3f614,SAME,True,True,NO_PORT_NEEDED
tests/test_phase00_expansion_interfaces.py,5004a2ead9a737f2ba00fe09ba0557bd7b52fd96d40e2c5a5c7ecfd1478ffa87,1eebece63b3d7d57c0b37679bb8bf1b58beb0608e17f77ad921482c211187a77,1eebece63b3d7d57c0b37679bb8bf1b58beb0608e17f77ad921482c211187a77,CHANGED,False,True,REVIEW_REQUIRED
tests/test_phase00_external_effect_policy.py,c721bf706f980f9657156486f94841bfd297a8f7efeef975bdc83a6543718832,c721bf706f980f9657156486f94841bfd297a8f7efeef975bdc83a6543718832,c721bf706f980f9657156486f94841bfd297a8f7efeef975bdc83a6543718832,SAME,True,True,NO_PORT_NEEDED
tests/test_phase00_external_effects.py,fe9507490a903abe82d4c04e2dbfc8765ff1f65eed3ddda2ccda950f6b88600e,54cbbd3aedb0c9f30d51b2a654868cf142631790f70bd09f2cbfb5cc46903db5,361ce5976f60bcc06ecb6993fd4ecb452c3d950a346903b8e38ec2e3176a4057,CHANGED,False,False,REVIEW_REQUIRED
tests/test_phase00_gate_checkpoint_consistency.py,,ce9ea7e9ae15d52c7fbc669f411f515556322f64445de4410f09f388ea94ea1c,ce9ea7e9ae15d52c7fbc669f411f515556322f64445de4410f09f388ea94ea1c,RUNTIME_ONLY,False,True,REVIEW_REQUIRED
tests/test_phase00_hyperliquid_network_authority.py,aa9116ce17e9ed853e45ce678500f609da91d5e559ec67f93b618c05c1f56fe9,d5e2461aa602aa8ba68efe65f0c30d3b1caca725ebbfadcf567ad161210ddcf4,d5e2461aa602aa8ba68efe65f0c30d3b1caca725ebbfadcf567ad161210ddcf4,CHANGED,False,True,REVIEW_REQUIRED
tests/test_phase00_identity_ontology.py,5c0c4be0ca0faad718bd50be95698705d51580ee777fd44a8e95f728875fafdd,5c0c4be0ca0faad718bd50be95698705d51580ee777fd44a8e95f728875fafdd,5c0c4be0ca0faad718bd50be95698705d51580ee777fd44a8e95f728875fafdd,SAME,True,True,NO_PORT_NEEDED
tests/test_phase00_lineage_dag.py,966ddf846edc93b22e21fffa71a2e07e9b700a7fc8027d1fed64093a23c95067,23cfcd7c2dc54975f33b97691249110d66de30df84424580e5197e3de4299f70,23cfcd7c2dc54975f33b97691249110d66de30df84424580e5197e3de4299f70,CHANGED,False,True,REVIEW_REQUIRED
tests/test_phase00_redaction.py,4a82dd8ed44323cabe3dd4059eadc57a2e15da91e55c3340e252a31022058bda,b25f1865a081e31bf73c8a401156d2db01744650a551ee9d7e344d1a1282e63b,b25f1865a081e31bf73c8a401156d2db01744650a551ee9d7e344d1a1282e63b,CHANGED,False,True,REVIEW_REQUIRED
tests/test_phase00_scheduler_contention.py,cde182a6820cfe9b53142952b0436292811f6acc45c0d5490b4aab7f93a3999d,cde182a6820cfe9b53142952b0436292811f6acc45c0d5490b4aab7f93a3999d,cde182a6820cfe9b53142952b0436292811f6acc45c0d5490b4aab7f93a3999d,SAME,True,True,NO_PORT_NEEDED
tests/test_phase00_scheduler_supervisor.py,85409715ec2033b4831c4f801baa58c9fb5672decf2b0156a4707ab0a10be363,d3e42007013155f4afb3bf64d985fe9934a8ca09b146628442081b58d69f98dc,d3e42007013155f4afb3bf64d985fe9934a8ca09b146628442081b58d69f98dc,CHANGED,False,True,REVIEW_REQUIRED
tests/test_phase00_supreme_diagnostics.py,a260ebb16ca1c42f2a4c9b12e6b3b53429433184dad5fa9bc116d45cd3ce56bd,fbb1f5eb583f0dba33daa8e77f88e6288eb097366e295ee2c0f6121058814cbf,fbb1f5eb583f0dba33daa8e77f88e6288eb097366e295ee2c0f6121058814cbf,CHANGED,False,True,REVIEW_REQUIRED
tests/test_phase00_test_containment.py,84867a073edead2487c81d879c3e990de06adf1fa745912be4db26f6af866880,84867a073edead2487c81d879c3e990de06adf1fa745912be4db26f6af866880,84867a073edead2487c81d879c3e990de06adf1fa745912be4db26f6af866880,SAME,True,True,NO_PORT_NEEDED
tests/test_phase00_venue_policy_registry.py,884e127fef06f7cad53256a82d5285a3d141ec22598de43681ba1561f096371c,884e127fef06f7cad53256a82d5285a3d141ec22598de43681ba1561f096371c,884e127fef06f7cad53256a82d5285a3d141ec22598de43681ba1561f096371c,SAME,True,True,NO_PORT_NEEDED
tests/test_planned_audit_downstream.py,,4d91ffebcd12f28aa146370404dd2e67283cc669564a0221beacdf561c8cc78a,4d91ffebcd12f28aa146370404dd2e67283cc669564a0221beacdf561c8cc78a,RUNTIME_ONLY,False,True,REVIEW_REQUIRED
tests/test_planned_control_source_contract.py,,72ac90d84719a91998e55042092d7199b4b13afda3cd4409f23e34100a7b4285,72ac90d84719a91998e55042092d7199b4b13afda3cd4409f23e34100a7b4285,RUNTIME_ONLY,False,True,REVIEW_REQUIRED
tests/test_planned_registry_integration.py,,f18dc4c4a0dd83a3e8beea122f9d83f0bfdaea42cc7599c85f45afb0bfbe9f53,f18dc4c4a0dd83a3e8beea122f9d83f0bfdaea42cc7599c85f45afb0bfbe9f53,RUNTIME_ONLY,False,True,REVIEW_REQUIRED
tests/test_point_in_time_data.py,,91682e24291b99d9e4ad5671b8c6c122ba43d54ae16e16ae594af786b1ce4ccb,91682e24291b99d9e4ad5671b8c6c122ba43d54ae16e16ae594af786b1ce4ccb,RUNTIME_ONLY,False,True,REVIEW_REQUIRED
tests/test_postseal_currentness_path_safety.py,,12892614bf9c32e252cc1bcb273df2dbc889a83906410dbd1dc61e31be13f787,12892614bf9c32e252cc1bcb273df2dbc889a83906410dbd1dc61e31be13f787,RUNTIME_ONLY,False,True,REVIEW_REQUIRED
tests/test_precollection_campaign_builder.py,,,a9910a3344ceae30db9af94e6fadf8b72b0cf6e0d52a7f36d20581c62d83bb0c,RUNTIME_ONLY,False,False,REVIEW_REQUIRED
tests/test_precollection_cycle_owner.py,,a6ad6e6ef77f2a75c8f3e1cdfd02efd76a878d21445da14ebaf8594b9ab6f5de,a6ad6e6ef77f2a75c8f3e1cdfd02efd76a878d21445da14ebaf8594b9ab6f5de,RUNTIME_ONLY,False,True,REVIEW_REQUIRED
tests/test_precollection_cycle_validation.py,,58ce17f9da7f7ed97d626ea3705603b8cd51ad62b40bfb103f2d927684304720,58ce17f9da7f7ed97d626ea3705603b8cd51ad62b40bfb103f2d927684304720,RUNTIME_ONLY,False,True,REVIEW_REQUIRED
tests/test_precollection_cycle_worker.py,,d435244d9aac3cb5642a4edbf0822411a851cb1450c1b8965b6a7ee5fc20f538,d435244d9aac3cb5642a4edbf0822411a851cb1450c1b8965b6a7ee5fc20f538,RUNTIME_ONLY,False,True,REVIEW_REQUIRED
tests/test_precollection_launcher_monitor.py,,12a3ba95aaa89624bd113eb71a00b874f6effb534a94d6a3d70220e7583c26c5,12a3ba95aaa89624bd113eb71a00b874f6effb534a94d6a3d70220e7583c26c5,RUNTIME_ONLY,False,True,REVIEW_REQUIRED
tests/test_precollection_monitor_review.py,,cb14f26e2f4e4063aa1851ed3427d8a9c0389ef20d024b19a222aadd4daf21a1,cb14f26e2f4e4063aa1851ed3427d8a9c0389ef20d024b19a222aadd4daf21a1,RUNTIME_ONLY,False,True,REVIEW_REQUIRED
tests/test_precollection_monitor_schedule.py,,3acf57db5f4a4929d58a54228651d106d7c60a7c5ca1dc50cdfcd18356cf59f5,3acf57db5f4a4929d58a54228651d106d7c60a7c5ca1dc50cdfcd18356cf59f5,RUNTIME_ONLY,False,True,REVIEW_REQUIRED
tests/test_precollection_observer_child.py,,58da5381eecff7be8f058bf26db49a04d66f76b2679583b8175c8a77abcb5571,6cc635cb90a5cd9c00f39b0fa799f0b6db9066be5eac91641259d3da449eb429,RUNTIME_ONLY,False,False,REVIEW_REQUIRED
tests/test_precollection_owned_schedule.py,,1e3fb9e60a2b14b936198302c9dda918544ae83115d5b7d4d7b75496bb42815f,1e3fb9e60a2b14b936198302c9dda918544ae83115d5b7d4d7b75496bb42815f,RUNTIME_ONLY,False,True,REVIEW_REQUIRED
tests/test_precollection_poll_launcher.py,,e32d507360f0312d05bbf61633426613a421d14c7edccc40edb5cde7e6482c84,e32d507360f0312d05bbf61633426613a421d14c7edccc40edb5cde7e6482c84,RUNTIME_ONLY,False,True,REVIEW_REQUIRED
tests/test_precollection_poll_launcher_contract.py,,267469ec47cd1e46dd53c83069d7eeb743623925d29405a1556ee351adc218f3,267469ec47cd1e46dd53c83069d7eeb743623925d29405a1556ee351adc218f3,RUNTIME_ONLY,False,True,REVIEW_REQUIRED
tests/test_precollection_poll_store.py,,24c48d88502383f27141d3273e58f8230039d693559cea600cdfd88b92e6a039,24c48d88502383f27141d3273e58f8230039d693559cea600cdfd88b92e6a039,RUNTIME_ONLY,False,True,REVIEW_REQUIRED
tests/test_precollection_poll_watchdog.py,,667ab6f6730c09d7aa4dc02864dfcde41016c1227501aa5aebf184786652ca26,667ab6f6730c09d7aa4dc02864dfcde41016c1227501aa5aebf184786652ca26,RUNTIME_ONLY,False,True,REVIEW_REQUIRED
tests/test_precollection_schedule_protocol.py,,1965d2ac2445dd76b4418b36c83ad2dd60d655d90985e903dcdb3e6f03132cac,1965d2ac2445dd76b4418b36c83ad2dd60d655d90985e903dcdb3e6f03132cac,RUNTIME_ONLY,False,True,REVIEW_REQUIRED
tests/test_preowner_accounting677.py,,e2f6abe193242116c2b31e29c63ea14afb82a276a83d00c0a8d0336cf1d99969,e2f6abe193242116c2b31e29c63ea14afb82a276a83d00c0a8d0336cf1d99969,RUNTIME_ONLY,False,True,REVIEW_REQUIRED
tests/test_preowner_assessment686.py,,7acd85f86a1e829c9465edc3353ce2ed0664dbc538e8ee28215a56069ce1bd94,7acd85f86a1e829c9465edc3353ce2ed0664dbc538e8ee28215a56069ce1bd94,RUNTIME_ONLY,False,True,REVIEW_REQUIRED
tests/test_preowner_campaign675.py,,6a42664cdfd3f56ad1520b13a1f451af05a095f1dfa4daa7061d49bca805593e,6a42664cdfd3f56ad1520b13a1f451af05a095f1dfa4daa7061d49bca805593e,RUNTIME_ONLY,False,True,REVIEW_REQUIRED
tests/test_preowner_inputs673.py,,f322c214238dd9cf2caf37fb68afe029a7ab3e7aa42e96f7b5fb1a47022f45f9,f322c214238dd9cf2caf37fb68afe029a7ab3e7aa42e96f7b5fb1a47022f45f9,RUNTIME_ONLY,False,True,REVIEW_REQUIRED
tests/test_preowner_maintenance685.py,,51cf8f79d40eec343ab0fb39fafdaa98e2992b68e2263841cd86d2db3b57cf6d,51cf8f79d40eec343ab0fb39fafdaa98e2992b68e2263841cd86d2db3b57cf6d,RUNTIME_ONLY,False,True,REVIEW_REQUIRED
tests/test_prestart_census676.py,,2507eafec613509e64f3d74c0e5630cc0adf9a9fc696920403cb6dd6fc6c23b9,2507eafec613509e64f3d74c0e5630cc0adf9a9fc696920403cb6dd6fc6c23b9,RUNTIME_ONLY,False,True,REVIEW_REQUIRED
tests/test_process_identity699.py,,f3835313544c5221ad21f81879d800e769f5392750830a1add136fa0f76eff5b,f3835313544c5221ad21f81879d800e769f5392750830a1add136fa0f76eff5b,RUNTIME_ONLY,False,True,REVIEW_REQUIRED
tests/test_process_integration700.py,,7f376edced5ff946dac2f9c4cef87fcb968f4899aa399f85ff4ddc8665f1afd9,7f376edced5ff946dac2f9c4cef87fcb968f4899aa399f85ff4ddc8665f1afd9,RUNTIME_ONLY,False,True,REVIEW_REQUIRED
tests/test_protective_exits.py,,9710694521f8c5657f45502fe51c8909832d227f72361b51bc2187e21a87e5ef,9710694521f8c5657f45502fe51c8909832d227f72361b51bc2187e21a87e5ef,RUNTIME_ONLY,False,True,REVIEW_REQUIRED
tests/test_protective_numeric_domain.py,,caaec33742a0cc9284e9dbe7e9ded285deecc0f673c88e9528a4b287a9f2ab17,caaec33742a0cc9284e9dbe7e9ded285deecc0f673c88e9528a4b287a9f2ab17,RUNTIME_ONLY,False,True,REVIEW_REQUIRED
tests/test_provider_binding707.py,,760c02a7a9e4e5ef3ce5a8328c41dce3c1708de41992d576d632ef5318b4fe30,760c02a7a9e4e5ef3ce5a8328c41dce3c1708de41992d576d632ef5318b4fe30,RUNTIME_ONLY,False,True,REVIEW_REQUIRED
tests/test_publication_profile724.py,,942ac164b73328ec7b364204a4f7e6a3a770a3e85eaed223b771aa8dc1cf6588,942ac164b73328ec7b364204a4f7e6a3a770a3e85eaed223b771aa8dc1cf6588,RUNTIME_ONLY,False,True,REVIEW_REQUIRED
tests/test_publication_worker_lifecycle_regressions.py,,ed82f1a041847b61c52ee137f8665304ca2842bcc0ccc699d1d9b5069362fdbf,ed82f1a041847b61c52ee137f8665304ca2842bcc0ccc699d1d9b5069362fdbf,RUNTIME_ONLY,False,True,REVIEW_REQUIRED
tests/test_pytest_execution_contract.py,,3f03e2097629e2d79970efb473a14ef862a20bfbaeb6d7b352338b33323d3b4a,3f03e2097629e2d79970efb473a14ef862a20bfbaeb6d7b352338b33323d3b4a,RUNTIME_ONLY,False,True,REVIEW_REQUIRED
tests/test_reconcile_reader661.py,,9347593832a97deb9d79718f4a719b3ca253d77dee9653e3900fbbd188a14495,9347593832a97deb9d79718f4a719b3ca253d77dee9653e3900fbbd188a14495,RUNTIME_ONLY,False,True,REVIEW_REQUIRED
tests/test_regimes.py,57b50152676bb4c3e3aa962e966471bf636f72023458215c91a35e6654909cef,57b50152676bb4c3e3aa962e966471bf636f72023458215c91a35e6654909cef,57b50152676bb4c3e3aa962e966471bf636f72023458215c91a35e6654909cef,SAME,True,True,NO_PORT_NEEDED
tests/test_released_admission681.py,,9b4ce63266eba0298f20efd98be8cf201e0a330e9599c8cc55e33febd71a8d98,9b4ce63266eba0298f20efd98be8cf201e0a330e9599c8cc55e33febd71a8d98,RUNTIME_ONLY,False,True,REVIEW_REQUIRED
tests/test_released_workload679.py,,3bb4bff2ab4bb556bde22b74f884f84c66c3422cd8dbc7e7e80aa463a7bbcc98,3bb4bff2ab4bb556bde22b74f884f84c66c3422cd8dbc7e7e80aa463a7bbcc98,RUNTIME_ONLY,False,True,REVIEW_REQUIRED
tests/test_research_assertion_contracts.py,,116fba82b42a7b6071579bb70c370e7c4e1b6d20282d9cc83c47eba2a5a20043,116fba82b42a7b6071579bb70c370e7c4e1b6d20282d9cc83c47eba2a5a20043,RUNTIME_ONLY,False,True,REVIEW_REQUIRED
tests/test_research_assertion_isolation.py,,99e5627fb4c2dd7d7d3d206b4bb0d78eb6ae8d97d72b1bb2077562ce3d2e589d,99e5627fb4c2dd7d7d3d206b4bb0d78eb6ae8d97d72b1bb2077562ce3d2e589d,RUNTIME_ONLY,False,True,REVIEW_REQUIRED
tests/test_research_ingestion.py,b7775733acdc2d62d5c3157e1ea82c742c7b98d2a5b84b1d7e33b6c129571358,b7775733acdc2d62d5c3157e1ea82c742c7b98d2a5b84b1d7e33b6c129571358,b7775733acdc2d62d5c3157e1ea82c742c7b98d2a5b84b1d7e33b6c129571358,SAME,True,True,NO_PORT_NEEDED
tests/test_research_paper_reproduction.py,778b7ca3e81ec8bc026e7aa2f3a481b33da8ba862943def4a300036b6c1c690c,1adc864f9b4488447fdd3aadc1ab02032a46c3621e5364c84289f033488e408c,1adc864f9b4488447fdd3aadc1ab02032a46c3621e5364c84289f033488e408c,CHANGED,False,True,REVIEW_REQUIRED
tests/test_research_paper_reviews.py,a89805a0fd199f586e4d5431f91de6c2ae3a81a3445d48fe3e2b848bdd1f7ab6,a89805a0fd199f586e4d5431f91de6c2ae3a81a3445d48fe3e2b848bdd1f7ab6,a89805a0fd199f586e4d5431f91de6c2ae3a81a3445d48fe3e2b848bdd1f7ab6,SAME,True,True,NO_PORT_NEEDED
tests/test_research_papers.py,b2a6366b2bee81c4499d5be6607faa828ae3c48055b6018f65172b4a68f166b4,b2a6366b2bee81c4499d5be6607faa828ae3c48055b6018f65172b4a68f166b4,b2a6366b2bee81c4499d5be6607faa828ae3c48055b6018f65172b4a68f166b4,SAME,True,True,NO_PORT_NEEDED
tests/test_research_producer_publication_safety.py,,dcbc8cb01d5127f30e187f9b9f0af56fdabebe5504be0f6221f7c5e1ad7c7477,dcbc8cb01d5127f30e187f9b9f0af56fdabebe5504be0f6221f7c5e1ad7c7477,RUNTIME_ONLY,False,True,REVIEW_REQUIRED
tests/test_research_quantization.py,922517ca01644d1f382d1e93cc90a7566eea9fd2080fa7cc8b62195af69fe7ea,922517ca01644d1f382d1e93cc90a7566eea9fd2080fa7cc8b62195af69fe7ea,922517ca01644d1f382d1e93cc90a7566eea9fd2080fa7cc8b62195af69fe7ea,SAME,True,True,NO_PORT_NEEDED
tests/test_research_trial_registry.py,,9baf7ebf1173fee2e3446e65090057347a7c3c0a6f9079883ed3c11758b06663,9baf7ebf1173fee2e3446e65090057347a7c3c0a6f9079883ed3c11758b06663,RUNTIME_ONLY,False,True,REVIEW_REQUIRED
tests/test_risk_metrics.py,,6b8a3755eb0e93b6c620213f6194f5e29a26810ff23ed4d07c95debf8d62fab5,6b8a3755eb0e93b6c620213f6194f5e29a26810ff23ed4d07c95debf8d62fab5,RUNTIME_ONLY,False,True,REVIEW_REQUIRED
tests/test_rl_brain_contract.py,ae0b733e652aa56fdc4cad808e89c4fae52aed62239a14fcffc5f36124227bdd,ae0b733e652aa56fdc4cad808e89c4fae52aed62239a14fcffc5f36124227bdd,ae0b733e652aa56fdc4cad808e89c4fae52aed62239a14fcffc5f36124227bdd,SAME,True,True,NO_PORT_NEEDED
tests/test_rl_copula_dashboard_features.py,7c1709c0d0d71c6386ae162c3693e7fcc2eaee3024f7ebc292d1bc2470142170,7c1709c0d0d71c6386ae162c3693e7fcc2eaee3024f7ebc292d1bc2470142170,7c1709c0d0d71c6386ae162c3693e7fcc2eaee3024f7ebc292d1bc2470142170,SAME,True,True,NO_PORT_NEEDED
tests/test_runtime_binding687.py,,92c52eebaa8f549726f5438a77189235f249f126d760f83556c8244248f9d7a1,92c52eebaa8f549726f5438a77189235f249f126d760f83556c8244248f9d7a1,RUNTIME_ONLY,False,True,REVIEW_REQUIRED
tests/test_runtime_types.py,,f5df0eb65d2fba7bfdbc0f1e87a199713a8576d04a4357412e29e1c79d77a463,f5df0eb65d2fba7bfdbc0f1e87a199713a8576d04a4357412e29e1c79d77a463,RUNTIME_ONLY,False,True,REVIEW_REQUIRED
tests/test_settings_identity_repairs.py,,801ba0c4a58b6709287622440799b6d595a5f00e61444cf633e92f3cb0ea51d6,801ba0c4a58b6709287622440799b6d595a5f00e61444cf633e92f3cb0ea51d6,RUNTIME_ONLY,False,True,REVIEW_REQUIRED
tests/test_static_desk_ecm_repairs.py,,efba8cf0be0c34d4e404c712a6fdd9f3557c3e80d24d5efacd3e5ebb97d70550,efba8cf0be0c34d4e404c712a6fdd9f3557c3e80d24d5efacd3e5ebb97d70550,RUNTIME_ONLY,False,True,REVIEW_REQUIRED
tests/test_static_desk_learning_consumer.py,,ad30b6cfd356222f8f0d3d3acfb3e817e525db77ebf0cb4e8ad8583c7423dac1,ad30b6cfd356222f8f0d3d3acfb3e817e525db77ebf0cb4e8ad8583c7423dac1,RUNTIME_ONLY,False,True,REVIEW_REQUIRED
tests/test_static_desk_learning_repairs.py,,ba9deef828a99f1e4d13b7316b586c56c12a5fd9922b56ce9d2893b4e1f8be01,ba9deef828a99f1e4d13b7316b586c56c12a5fd9922b56ce9d2893b4e1f8be01,RUNTIME_ONLY,False,True,REVIEW_REQUIRED
tests/test_static_desk_math_adapter.py,,c04d54d9f6ed5542668138b9862557dcab0cb50e35d1740aa5dedf6659ff1b74,c04d54d9f6ed5542668138b9862557dcab0cb50e35d1740aa5dedf6659ff1b74,RUNTIME_ONLY,False,True,REVIEW_REQUIRED
tests/test_static_desk_rl_consumer_repairs.py,,f3e8d14d1cc6fa2ea8aa24f3824d0cb4d1ed2e721f137c6c6d7ea37979ea1b04,f3e8d14d1cc6fa2ea8aa24f3824d0cb4d1ed2e721f137c6c6d7ea37979ea1b04,RUNTIME_ONLY,False,True,REVIEW_REQUIRED
tests/test_static_desk_signal_repairs.py,,7d3e7e527e445898a3b5fdd91e25cc07579b2bee53e6047d85bf94c3268d838c,7d3e7e527e445898a3b5fdd91e25cc07579b2bee53e6047d85bf94c3268d838c,RUNTIME_ONLY,False,True,REVIEW_REQUIRED
tests/test_statistical_validation.py,7eca5f224f3811689e056d84fe51f39440de3deb2a31434f58f5cd66a9558c95,7eca5f224f3811689e056d84fe51f39440de3deb2a31434f58f5cd66a9558c95,7eca5f224f3811689e056d84fe51f39440de3deb2a31434f58f5cd66a9558c95,SAME,True,True,NO_PORT_NEEDED
tests/test_statistics_math_v2.py,a1b8231d30f2f68faa82b82ca60a2821e1c94837a7227204ebc36acffd309061,e7ef9be795b1fc48e583eb7a74f317b6df68d26f70b1eb3ae4da3fd0f9b8a92d,e7ef9be795b1fc48e583eb7a74f317b6df68d26f70b1eb3ae4da3fd0f9b8a92d,CHANGED,False,True,REVIEW_REQUIRED
tests/test_strategy_family_sweep.py,9adf700dd40084baa6de0c463065271604a6c560b8a5c96c5f02d3cf65388db2,9adf700dd40084baa6de0c463065271604a6c560b8a5c96c5f02d3cf65388db2,9adf700dd40084baa6de0c463065271604a6c560b8a5c96c5f02d3cf65388db2,SAME,True,True,NO_PORT_NEEDED
tests/test_strategy_registry.py,cbedd98c035062c213056955063cf24afa1b50c7a75053a9b7bddcea7801d781,d0e9adb29e8f22dadf013e9ab91d27117f3dc742a05bbd012dfc239e7e133c0f,d0e9adb29e8f22dadf013e9ab91d27117f3dc742a05bbd012dfc239e7e133c0f,CHANGED,False,True,REVIEW_REQUIRED
tests/test_student_readiness.py,12a135ab20637e1d372eebdcae81efe659f7d6a3a387c2d7b0e32a6428f6f937,f4849fa06f8690b43c0470c1d9f3436ca0b34d4d5999aaf0ba10d42b39e6af29,f4849fa06f8690b43c0470c1d9f3436ca0b34d4d5999aaf0ba10d42b39e6af29,CHANGED,False,True,REVIEW_REQUIRED
tests/test_surface_external_input_validator.py,,522a97be07f4ade6de269847ea5cea55650ceb8984911536337d21510a5a8bd5,522a97be07f4ade6de269847ea5cea55650ceb8984911536337d21510a5a8bd5,RUNTIME_ONLY,False,True,REVIEW_REQUIRED
tests/test_system_check_phase00_env.py,,9efabaa4610ee495970fa31186f55235e700d7315f3a6936b97e5355f62cf797,9efabaa4610ee495970fa31186f55235e700d7315f3a6936b97e5355f62cf797,RUNTIME_ONLY,False,True,REVIEW_REQUIRED
tests/test_teacher_adapters.py,851e5059f232e92aec94349f99b29952bd9ceaa12ec3f0e26660add49d8871d4,851e5059f232e92aec94349f99b29952bd9ceaa12ec3f0e26660add49d8871d4,8640c3d3b72db7b79a965520410f4374381538b0b37d2493f1958c8b87785c69,CHANGED,True,False,REVIEW_REQUIRED
tests/test_teacher_control_plane.py,0a31f36c5142a2891ec8235adf4636fb972a96ffa57a42dc521e80f68426dd73,0a31f36c5142a2891ec8235adf4636fb972a96ffa57a42dc521e80f68426dd73,1cf55a7c3ab9e834db9433091c0f81f35f9521b4bc67b4c934e043d61094814b,CHANGED,True,False,REVIEW_REQUIRED
tests/test_teacher_council.py,5f56e6556bf6a6c8c19d416a7a126bce96644f4495be4ade3f6055445d803f30,50e4603195ce593423ea991f1c81bfe1f52128eb1f2b76665fa616c87d222158,50e4603195ce593423ea991f1c81bfe1f52128eb1f2b76665fa616c87d222158,CHANGED,False,True,REVIEW_REQUIRED
tests/test_teacher_evidence_materializer.py,a37bbf14009cd3ba553c91d45cce75ae39a27fb02338eca835301f1d8f241ceb,cea9cae309008f8f44b92143d1664d163405fec3dcd2d89d0cc3c3a1da2bd596,75937bd4d7b311743f4361cb967f7ed099b4675d47e2af2b343fcb2abe922ed7,CHANGED,False,False,REVIEW_REQUIRED
tests/test_teacher_numeric_repairs.py,,b0bc4ffc58391b417ba24ad74708f2de5c55a0ae1762d794df798b778a0b1560,b0bc4ffc58391b417ba24ad74708f2de5c55a0ae1762d794df798b778a0b1560,RUNTIME_ONLY,False,True,REVIEW_REQUIRED
tests/test_terminal_binding709.py,,90bb199db4adeb0b31424c151d74869c2afac6ce35072462752766b0611b811c,90bb199db4adeb0b31424c151d74869c2afac6ce35072462752766b0611b811c,RUNTIME_ONLY,False,True,REVIEW_REQUIRED
tests/test_terminal_consumers710.py,,a8fd0c1deadf300fe6a1f9187ed5c3e0c97173e537b2fd53aa87389b6bdaffbd,a8fd0c1deadf300fe6a1f9187ed5c3e0c97173e537b2fd53aa87389b6bdaffbd,RUNTIME_ONLY,False,True,REVIEW_REQUIRED
tests/test_test_bundle_bootstrap.py,,e52b830e45694fec9894cc2a6a00aa536a260a3046b55a449c87c5ae9cc254b6,e52b830e45694fec9894cc2a6a00aa536a260a3046b55a449c87c5ae9cc254b6,RUNTIME_ONLY,False,True,REVIEW_REQUIRED
tests/test_test_receipt_attempt_custody.py,,4b591e5bdde3b31587cdfaa5594629f3608a5ea6377ac3bc893ddcd7c8eee044,4b591e5bdde3b31587cdfaa5594629f3608a5ea6377ac3bc893ddcd7c8eee044,RUNTIME_ONLY,False,True,REVIEW_REQUIRED
tests/test_three_brain_system.py,a43369eb914b811f47f5883a56014ba5a95cd677c3ae5e284e15d143441a3816,a7f2d9ab827ce031bb4d45843368d0cd3fb57c6f76dbc08f41c29ddeb6083fbb,a7f2d9ab827ce031bb4d45843368d0cd3fb57c6f76dbc08f41c29ddeb6083fbb,CHANGED,False,True,REVIEW_REQUIRED
tests/test_timing_zscore_repairs.py,,0d9389ca9f769dcf0609163bece7f5fede3c12ec3e0e63f87f9a0e029e75b318,0d9389ca9f769dcf0609163bece7f5fede3c12ec3e0e63f87f9a0e029e75b318,RUNTIME_ONLY,False,True,REVIEW_REQUIRED
tests/test_trade_timing.py,2780ea05cfb67c72a3287cac14706d9d0f1157a8ac3e3c3ed380f87e3a8d273d,2780ea05cfb67c72a3287cac14706d9d0f1157a8ac3e3c3ed380f87e3a8d273d,2780ea05cfb67c72a3287cac14706d9d0f1157a8ac3e3c3ed380f87e3a8d273d,SAME,True,True,NO_PORT_NEEDED
tests/test_udemy_math_reconciliation.py,fb68e6893021f0cb7937210510d420af0a134deb4b47660c4d50e6ceb4a0e5b9,fb68e6893021f0cb7937210510d420af0a134deb4b47660c4d50e6ceb4a0e5b9,fb68e6893021f0cb7937210510d420af0a134deb4b47660c4d50e6ceb4a0e5b9,SAME,True,True,NO_PORT_NEEDED
tests/test_udemy_research.py,cfd9418e056b683ea312aed70d5db1389cacfbb45bbe54cda242eac685270078,cfd9418e056b683ea312aed70d5db1389cacfbb45bbe54cda242eac685270078,cfd9418e056b683ea312aed70d5db1389cacfbb45bbe54cda242eac685270078,SAME,True,True,NO_PORT_NEEDED
tests/test_udemy_transcript_vault.py,132ee802f972083810222607a7d4ca30671c562cc6c93269449108475b2e181d,132ee802f972083810222607a7d4ca30671c562cc6c93269449108475b2e181d,132ee802f972083810222607a7d4ca30671c562cc6c93269449108475b2e181d,SAME,True,True,NO_PORT_NEEDED
tests/test_uncertain_charge661.py,,cc2730dc7b36ff4b55401704d6d7d7e749367c74bca7ec773b58c330a053a427,cc2730dc7b36ff4b55401704d6d7d7e749367c74bca7ec773b58c330a053a427,RUNTIME_ONLY,False,True,REVIEW_REQUIRED
tests/test_unified_gap_snapshot_safety.py,,ce779983620a3c14c20d880faf0c3a1bd531575e41e2377d09da4f90a6e953f4,ce779983620a3c14c20d880faf0c3a1bd531575e41e2377d09da4f90a6e953f4,RUNTIME_ONLY,False,True,REVIEW_REQUIRED
tests/test_v2_math_diagnostic.py,87d0b23ec1cb91567dff28b8b0459c5af688faf39bfc445a52da1b032722f458,87d0b23ec1cb91567dff28b8b0459c5af688faf39bfc445a52da1b032722f458,87d0b23ec1cb91567dff28b8b0459c5af688faf39bfc445a52da1b032722f458,SAME,True,True,NO_PORT_NEEDED
tests/test_v2_run.py,d5a02b287fc4a5814e417bfabc590e8552ef4a02a5c3bf159aec42492a137631,d5a02b287fc4a5814e417bfabc590e8552ef4a02a5c3bf159aec42492a137631,d5a02b287fc4a5814e417bfabc590e8552ef4a02a5c3bf159aec42492a137631,SAME,True,True,NO_PORT_NEEDED
tests/test_validator_check_contract.py,,dd7979a43a4e8ebfa65295091a7168908961ba16152fe7b6ac95d301770a4210,dd7979a43a4e8ebfa65295091a7168908961ba16152fe7b6ac95d301770a4210,RUNTIME_ONLY,False,True,REVIEW_REQUIRED
tests/test_venue_capabilities.py,d04ebf9c146acdf148ef2fcc40168f91b4d5e385a55e5f0714eeb43cbba80ecc,d04ebf9c146acdf148ef2fcc40168f91b4d5e385a55e5f0714eeb43cbba80ecc,d04ebf9c146acdf148ef2fcc40168f91b4d5e385a55e5f0714eeb43cbba80ecc,SAME,True,True,NO_PORT_NEEDED
tests/test_versioned_learning_comparison.py,bcf88e51fe2532489b71bdb7151ca35d86a7cc895a14042beda9b40f8125c5eb,bcf88e51fe2532489b71bdb7151ca35d86a7cc895a14042beda9b40f8125c5eb,bcf88e51fe2532489b71bdb7151ca35d86a7cc895a14042beda9b40f8125c5eb,SAME,True,True,NO_PORT_NEEDED
tests/test_video_review_sidecars.py,,091601c665f14d6d14374adea43d4f975c85eef720b2bdaba67e48e6ef98f30f,091601c665f14d6d14374adea43d4f975c85eef720b2bdaba67e48e6ef98f30f,RUNTIME_ONLY,False,True,REVIEW_REQUIRED
tests/test_wizard_candidate_set.py,ef510cbfb7428f48316a2b21275156daaa9c3f6ae3032ca4412d2bd063b02d88,ef510cbfb7428f48316a2b21275156daaa9c3f6ae3032ca4412d2bd063b02d88,ef510cbfb7428f48316a2b21275156daaa9c3f6ae3032ca4412d2bd063b02d88,SAME,True,True,NO_PORT_NEEDED
tests/test_wizard_control_plane.py,5f13301d26385175e0a6f8b3eaf7d5905ad8c00c7ad5a8dba213fd660d3f2310,6476c3318f0fae7f413ae71cd8e8f8826fab5e63bb7650281074198bf1c78f59,6476c3318f0fae7f413ae71cd8e8f8826fab5e63bb7650281074198bf1c78f59,CHANGED,False,True,REVIEW_REQUIRED
tests/test_wizard_credit_budget.py,e668b9c85fbd24e733f66fbbef63ff0f0d08a97fb442134087881c497de733ba,e668b9c85fbd24e733f66fbbef63ff0f0d08a97fb442134087881c497de733ba,e668b9c85fbd24e733f66fbbef63ff0f0d08a97fb442134087881c497de733ba,SAME,True,True,NO_PORT_NEEDED
tests/test_wizard_credit_ledger.py,ea8d7d16b5e83fe29578d04893d2b3798463b9737388d16d319bd9e58dd1dc54,d3a2a164b7e0385f87bfe314b26ff53f4f015fd7aa91726bae8172da55195107,d3a2a164b7e0385f87bfe314b26ff53f4f015fd7aa91726bae8172da55195107,CHANGED,False,True,REVIEW_REQUIRED
tests/test_wizard_evidence.py,7d9238a18f594afcb1deec410e0995d686c0d3d664d4f1241f45bbc4648c9937,b66733d86a2dafeb4c7a6a204f48bcb69fa3ce6eeffdeb4cbfa6376a2474e604,b66733d86a2dafeb4c7a6a204f48bcb69fa3ce6eeffdeb4cbfa6376a2474e604,CHANGED,False,True,REVIEW_REQUIRED
tests/test_wizard_frozen_source_qualification.py,,,14958574e349651888de3cc9daae5e0a6676f8dedc0220e502e1d59a277d3091,RUNTIME_ONLY,False,False,REVIEW_REQUIRED
tests/test_wizard_hourly_database.py,4d71de9be4f4190c160675fba56ef06f66ad3e84a17d95a4691626c78924a11f,4d71de9be4f4190c160675fba56ef06f66ad3e84a17d95a4691626c78924a11f,4d71de9be4f4190c160675fba56ef06f66ad3e84a17d95a4691626c78924a11f,SAME,True,True,NO_PORT_NEEDED
tests/test_wizard_hyperliquid_bridge.py,7798a205e479b10f8c408cce459a9d5d5dcf75f35a19fce649b4aed2ed80e120,7798a205e479b10f8c408cce459a9d5d5dcf75f35a19fce649b4aed2ed80e120,7798a205e479b10f8c408cce459a9d5d5dcf75f35a19fce649b4aed2ed80e120,SAME,True,True,NO_PORT_NEEDED
tests/test_wizard_hyperliquid_frozen_adapter.py,,,e4199ee25ecec1b85faabadcd022d76e7f0eb36c7ade906ed380508d8f9fce9b,RUNTIME_ONLY,False,False,REVIEW_REQUIRED
tests/test_wizard_hyperliquid_l2_calibration_runner.py,,,ba998a237df827108c6e4f629bbf5a3320121f69ed5e26ef340f453d8fb4c1a8,RUNTIME_ONLY,False,False,REVIEW_REQUIRED
tests/test_wizard_hyperliquid_mode_proof.py,83679c0b564d49ceca01f68b30fe501512bb43c6566de7b8a6caa44aea61ed91,83679c0b564d49ceca01f68b30fe501512bb43c6566de7b8a6caa44aea61ed91,83679c0b564d49ceca01f68b30fe501512bb43c6566de7b8a6caa44aea61ed91,SAME,True,True,NO_PORT_NEEDED
tests/test_wizard_keychain.py,,,9fe17bfd70860ba75d46078e854dcfadf834e20cabecf55694c828fbd05cf5cd,RUNTIME_ONLY,False,False,REVIEW_REQUIRED
tests/test_wizard_local_verification.py,ce93cc7426346ae3e1aa837ca81faa8f24a50e87f80383d16d19167d4dd5a54e,ce93cc7426346ae3e1aa837ca81faa8f24a50e87f80383d16d19167d4dd5a54e,ce93cc7426346ae3e1aa837ca81faa8f24a50e87f80383d16d19167d4dd5a54e,SAME,True,True,NO_PORT_NEEDED
tests/test_wizard_mode_comparison.py,a2856cf65d5efdb2a120d8ceea8d7dab810cf2086ed2f712521686e3e54e7b96,a2856cf65d5efdb2a120d8ceea8d7dab810cf2086ed2f712521686e3e54e7b96,a2856cf65d5efdb2a120d8ceea8d7dab810cf2086ed2f712521686e3e54e7b96,SAME,True,True,NO_PORT_NEEDED
tests/test_wizard_mode_replay.py,96ee5f0bbea469cda5ba9ccd2a62efde993bd7b3af8b6d57ad0858197f13550f,f80759057e4bbd20baa2344f9b4f6d12bcd559edd6cf6635ed2ea82f62ae8e61,3dffcd85ba236e20df4ab7c334c5a7a2913f98db4525809ba9a4d134cefe0aa0,CHANGED,False,False,REVIEW_REQUIRED
tests/test_wizard_pair_detail_api_pilot.py,76e08aeabd6d3339a42b9e8c8f68b9e8b4b6a9c902de09acd34a71b534902f6d,76e08aeabd6d3339a42b9e8c8f68b9e8b4b6a9c902de09acd34a71b534902f6d,76e08aeabd6d3339a42b9e8c8f68b9e8b4b6a9c902de09acd34a71b534902f6d,SAME,True,True,NO_PORT_NEEDED
tests/test_wizard_pair_detail_ui_bundle.py,a82dba9530dddbd03b191f45dca1062a66650c58f9b7b71a3c6d759864d183ee,a82dba9530dddbd03b191f45dca1062a66650c58f9b7b71a3c6d759864d183ee,a82dba9530dddbd03b191f45dca1062a66650c58f9b7b71a3c6d759864d183ee,SAME,True,True,NO_PORT_NEEDED
tests/test_wizard_pair_matrix.py,61b90ab3e0bd41c380f9fb8a8ecb8dad8e4411c679b375609f4d3d0c1fb87535,61b90ab3e0bd41c380f9fb8a8ecb8dad8e4411c679b375609f4d3d0c1fb87535,61b90ab3e0bd41c380f9fb8a8ecb8dad8e4411c679b375609f4d3d0c1fb87535,SAME,True,True,NO_PORT_NEEDED
tests/test_wizard_papers_reproduction_controls.py,,b5d2616db2a77fffd35a17b7f408d36beae846005adbcc387da9e6c641fda28a,b5d2616db2a77fffd35a17b7f408d36beae846005adbcc387da9e6c641fda28a,RUNTIME_ONLY,False,True,REVIEW_REQUIRED
tests/test_wizard_policy.py,03b2377192090cf3684ee73c252720e44bcdcc2c16c23236815d7ce342d57ce5,03b2377192090cf3684ee73c252720e44bcdcc2c16c23236815d7ce342d57ce5,03b2377192090cf3684ee73c252720e44bcdcc2c16c23236815d7ce342d57ce5,SAME,True,True,NO_PORT_NEEDED
tests/test_wizard_research_journal.py,c05a0397779d5787bd8782048e15538cae2a7a5b4dfb912c490efd34b1a8beaf,5b8a100aa8631426ac9bdc626f2a743795f707f9606cf9c824f1ef4b1f2d6a0e,5b8a100aa8631426ac9bdc626f2a743795f707f9606cf9c824f1ef4b1f2d6a0e,CHANGED,False,True,REVIEW_REQUIRED
tests/test_wizard_research_validation_spine.py,,,c634dec029981c4971719742b97b208ea60c4ca35eab087d0c722285648a6b06,RUNTIME_ONLY,False,False,REVIEW_REQUIRED
tests/test_wizard_source_route_config.py,,,df3fe1331fbebd637c31e426ff8d84e474381cf6b4db417c23d23a14d46784cd,RUNTIME_ONLY,False,False,REVIEW_REQUIRED
tests/test_workload_and_capture_v2.py,,ccbee9b1f9d02710e0a43561d568f2496123aa9abc6a6d871ffd95750e10b184,ccbee9b1f9d02710e0a43561d568f2496123aa9abc6a6d871ffd95750e10b184,RUNTIME_ONLY,False,True,REVIEW_REQUIRED
tests/test_workload_contract678.py,,aabdb30f148b9c708877ee1c3b38fe972bb0e44acad5177d75c29dde5895de43,0ed9c4e1f8a400b1e6e6e3b72e11c24bd2e7be6aec020e9bc9ae3600f692e0a6,RUNTIME_ONLY,False,False,REVIEW_REQUIRED
tests/test_yahoo_crypto.py,33f5fe85d161f2bcb970b5aaccfc2aa025cd5355156dd6a7f08f4fa5a5ebba05,33f5fe85d161f2bcb970b5aaccfc2aa025cd5355156dd6a7f08f4fa5a5ebba05,33f5fe85d161f2bcb970b5aaccfc2aa025cd5355156dd6a7f08f4fa5a5ebba05,SAME,True,True,NO_PORT_NEEDED
tests/test_youtube_brain.py,eec5e2e28400246f877e629a90945eb772812a8a28588d6c535541af57150e04,eec5e2e28400246f877e629a90945eb772812a8a28588d6c535541af57150e04,eec5e2e28400246f877e629a90945eb772812a8a28588d6c535541af57150e04,SAME,True,True,NO_PORT_NEEDED
tests/test_youtube_caption_insights.py,25534f5d7984827adbbc96140fe54dfe8ab526e753200886c5c52ba7f26acee1,25534f5d7984827adbbc96140fe54dfe8ab526e753200886c5c52ba7f26acee1,25534f5d7984827adbbc96140fe54dfe8ab526e753200886c5c52ba7f26acee1,SAME,True,True,NO_PORT_NEEDED
tests/test_youtube_channel_research.py,652a6626289559399c444647e6fe58714eb10637c851f7ebb094d73126b553f6,652a6626289559399c444647e6fe58714eb10637c851f7ebb094d73126b553f6,652a6626289559399c444647e6fe58714eb10637c851f7ebb094d73126b553f6,SAME,True,True,NO_PORT_NEEDED
tests/test_youtube_hypothesis_validation.py,e0b64bc8fb41954293f018e978d7099e7bf0829dffd51b4f1baf1b8c998ffdbd,e0b64bc8fb41954293f018e978d7099e7bf0829dffd51b4f1baf1b8c998ffdbd,e0b64bc8fb41954293f018e978d7099e7bf0829dffd51b4f1baf1b8c998ffdbd,SAME,True,True,NO_PORT_NEEDED
tests/test_zscore_utils.py,,ad70b72a05b74ee5fd418a908bbf16a809ba5a8e4147197dd4e17212fc326df3,ad70b72a05b74ee5fd418a908bbf16a809ba5a8e4147197dd4e17212fc326df3,RUNTIME_ONLY,False,True,REVIEW_REQUIRED
