strategy_id,strategy_name,family,runs,eligible_runs,median_profit_factor,median_sharpe,median_max_drawdown,median_gross_return,median_total_return,median_cost_drag,total_fees,total_slippage,total_funding,total_execution_risk,total_partial_fill_cost,median_avg_gross_exposure,total_trades,two_leg_runs,spread_runs
12,Hurst Filter,mean_reversion,14,0,inf,0.0,0.0,0.0,0.0,0.0,0.03875,0.0372,0.37440000000000007,0.0186,0.0006200000000000001,0.0,34,14,0
13,Hurst + Half-Life,mean_reversion,14,0,inf,0.0,0.0,0.0,0.0,0.0,0.03875,0.0372,0.37440000000000007,0.0186,0.0006200000000000001,0.0,34,14,0
14,OU Optimal,mean_reversion,14,0,0.3286884409897622,-1.998622732789995,0.07685069097973754,-0.019403430751951833,-0.03235602235028523,0.017544242712411395,0.19625,0.1884,0.4032669098950911,0.0942,0.00314,0.9795918367346939,164,14,0
11,Half-Life Optimized,mean_reversion,14,0,0.2618992898954751,-2.1449765727069536,0.06249738045799598,-0.023951526692009395,-0.041553574954891925,0.012067856863080373,0.17125,0.1644,0.40242844920139426,0.0822,0.0027400000000000002,0.974,144,14,0
